game_date,gender,winner_sid,loser_sid,boxscore_href,boxscore_url
11/3/25,women,south-carolina,grand-canyon,/cbb/boxscores/2025-11-03-19-south-carolina_w.html,https://www.sports-reference.com/cbb/boxscores/2025-11-03-19-south-carolina_w.html
11/3/25,women,ucla,san-diego-state,/cbb/boxscores/2025-11-03-22-san-diego-state_w.html,https://www.sports-reference.com/cbb/boxscores/2025-11-03-22-san-diego-state_w.html
11/3/25,women,texas,incarnate-word,/cbb/boxscores/2025-11-03-20-texas_w.html,https://www.sports-reference.com/cbb/boxscores/2025-11-03-20-texas_w.html
11/3/25,women,oklahoma,belmont,/cbb/boxscores/2025-11-03-01-oklahoma_w.html,https://www.sports-reference.com/cbb/boxscores/2025-11-03-01-oklahoma_w.html
11/3/25,women,baylor,duke,/cbb/boxscores/2025-11-03-12-baylor_w.html,https://www.sports-reference.com/cbb/boxscores/2025-11-03-12-baylor_w.html
11/3/25,women,maryland,loyola-md,/cbb/boxscores/2025-11-03-00-maryland_w.html,https://www.sports-reference.com/cbb/boxscores/2025-11-03-00-maryland_w.html
11/3/25,women,north-carolina,north-carolina-central,/cbb/boxscores/2025-11-03-11-north-carolina_w.html,https://www.sports-reference.com/cbb/boxscores/2025-11-03-11-north-carolina_w.html
11/3/25,women,mississippi,norfolk-state,/cbb/boxscores/2025-11-03-12-mississippi_w.html,https://www.sports-reference.com/cbb/boxscores/2025-11-03-12-mississippi_w.html
11/3/25,women,iowa-state,st-thomas-mn,/cbb/boxscores/2025-11-03-12-iowa-state_w.html,https://www.sports-reference.com/cbb/boxscores/2025-11-03-12-iowa-state_w.html
11/3/25,women,vanderbilt,california,/cbb/boxscores/2025-11-03-14-vanderbilt_w.html,https://www.sports-reference.com/cbb/boxscores/2025-11-03-14-vanderbilt_w.html
11/3/25,women,iowa,southern,/cbb/boxscores/2025-11-03-19-iowa_w.html,https://www.sports-reference.com/cbb/boxscores/2025-11-03-19-iowa_w.html
11/3/25,women,oklahoma-state,new-orleans,/cbb/boxscores/2025-11-03-01-oklahoma-state_w.html,https://www.sports-reference.com/cbb/boxscores/2025-11-03-01-oklahoma-state_w.html
11/3/25,women,kentucky,morehead-state,/cbb/boxscores/2025-11-03-06-kentucky_w.html,https://www.sports-reference.com/cbb/boxscores/2025-11-03-06-kentucky_w.html
11/3/25,women,college-of-charleston,,/cbb/boxscores/2025-11-03-00-college-of-charleston_w.html,https://www.sports-reference.com/cbb/boxscores/2025-11-03-00-college-of-charleston_w.html
11/3/25,women,delaware,,/cbb/boxscores/2025-11-03-00-delaware_w.html,https://www.sports-reference.com/cbb/boxscores/2025-11-03-00-delaware_w.html
11/3/25,women,florida-state,florida-am,/cbb/boxscores/2025-11-03-00-florida-state_w.html,https://www.sports-reference.com/cbb/boxscores/2025-11-03-00-florida-state_w.html
11/3/25,women,florida,north-florida,/cbb/boxscores/2025-11-03-00-florida_w.html,https://www.sports-reference.com/cbb/boxscores/2025-11-03-00-florida_w.html
11/3/25,women,iupui,indiana-state,/cbb/boxscores/2025-11-03-00-iupui_w.html,https://www.sports-reference.com/cbb/boxscores/2025-11-03-00-iupui_w.html
11/3/25,women,marshall,buffalo,/cbb/boxscores/2025-11-03-00-marshall_w.html,https://www.sports-reference.com/cbb/boxscores/2025-11-03-00-marshall_w.html
11/3/25,women,penn-state,bucknell,/cbb/boxscores/2025-11-03-00-penn-state_w.html,https://www.sports-reference.com/cbb/boxscores/2025-11-03-00-penn-state_w.html
11/3/25,women,presbyterian,,/cbb/boxscores/2025-11-03-00-presbyterian_w.html,https://www.sports-reference.com/cbb/boxscores/2025-11-03-00-presbyterian_w.html
11/3/25,women,purdue,fairleigh-dickinson,/cbb/boxscores/2025-11-03-00-purdue_w.html,https://www.sports-reference.com/cbb/boxscores/2025-11-03-00-purdue_w.html
11/3/25,women,temple,george-mason,/cbb/boxscores/2025-11-03-00-temple_w.html,https://www.sports-reference.com/cbb/boxscores/2025-11-03-00-temple_w.html
11/3/25,women,wake-forest,radford,/cbb/boxscores/2025-11-03-00-wake-forest_w.html,https://www.sports-reference.com/cbb/boxscores/2025-11-03-00-wake-forest_w.html
11/3/25,women,robert-morris,illinois-chicago,/cbb/boxscores/2025-11-03-01-illinois-chicago_w.html,https://www.sports-reference.com/cbb/boxscores/2025-11-03-01-illinois-chicago_w.html
11/3/25,women,illinois-state,dayton,/cbb/boxscores/2025-11-03-01-illinois-state_w.html,https://www.sports-reference.com/cbb/boxscores/2025-11-03-01-illinois-state_w.html
11/3/25,women,loyola-il,milwaukee,/cbb/boxscores/2025-11-03-01-milwaukee_w.html,https://www.sports-reference.com/cbb/boxscores/2025-11-03-01-milwaukee_w.html
11/3/25,women,mississippi-state,davidson,/cbb/boxscores/2025-11-03-01-mississippi-state_w.html,https://www.sports-reference.com/cbb/boxscores/2025-11-03-01-mississippi-state_w.html
11/3/25,women,missouri-state,saint-louis,/cbb/boxscores/2025-11-03-01-missouri-state_w.html,https://www.sports-reference.com/cbb/boxscores/2025-11-03-01-missouri-state_w.html
11/3/25,women,missouri,central-arkansas,/cbb/boxscores/2025-11-03-01-missouri_w.html,https://www.sports-reference.com/cbb/boxscores/2025-11-03-01-missouri_w.html
11/3/25,women,southern-illinois-edwardsville,,/cbb/boxscores/2025-11-03-01-southern-illinois-edwardsville_w.html,https://www.sports-reference.com/cbb/boxscores/2025-11-03-01-southern-illinois-edwardsville_w.html
11/3/25,women,troy,toledo,/cbb/boxscores/2025-11-03-01-troy_w.html,https://www.sports-reference.com/cbb/boxscores/2025-11-03-01-troy_w.html
11/3/25,women,arizona-state,coppin-state,/cbb/boxscores/2025-11-03-02-arizona-state_w.html,https://www.sports-reference.com/cbb/boxscores/2025-11-03-02-arizona-state_w.html
11/3/25,women,utah,,/cbb/boxscores/2025-11-03-02-utah_w.html,https://www.sports-reference.com/cbb/boxscores/2025-11-03-02-utah_w.html
11/3/25,women,eastern-washington,,/cbb/boxscores/2025-11-03-03-eastern-washington_w.html,https://www.sports-reference.com/cbb/boxscores/2025-11-03-03-eastern-washington_w.html
11/3/25,women,nevada,,/cbb/boxscores/2025-11-03-03-nevada_w.html,https://www.sports-reference.com/cbb/boxscores/2025-11-03-03-nevada_w.html
11/3/25,women,oregon,west-georgia,/cbb/boxscores/2025-11-03-03-oregon_w.html,https://www.sports-reference.com/cbb/boxscores/2025-11-03-03-oregon_w.html
11/3/25,women,stanford,north-carolina-greensboro,/cbb/boxscores/2025-11-03-03-stanford_w.html,https://www.sports-reference.com/cbb/boxscores/2025-11-03-03-stanford_w.html
11/3/25,women,idaho,washington-state,/cbb/boxscores/2025-11-03-03-washington-state_w.html,https://www.sports-reference.com/cbb/boxscores/2025-11-03-03-washington-state_w.html
11/3/25,women,washington,seattle,/cbb/boxscores/2025-11-03-03-washington_w.html,https://www.sports-reference.com/cbb/boxscores/2025-11-03-03-washington_w.html
11/3/25,women,butler,wright-state,/cbb/boxscores/2025-11-03-11-butler_w.html,https://www.sports-reference.com/cbb/boxscores/2025-11-03-11-butler_w.html
11/3/25,women,clemson,south-carolina-upstate,/cbb/boxscores/2025-11-03-11-clemson_w.html,https://www.sports-reference.com/cbb/boxscores/2025-11-03-11-clemson_w.html
11/3/25,women,iona,,/cbb/boxscores/2025-11-03-11-iona_w.html,https://www.sports-reference.com/cbb/boxscores/2025-11-03-11-iona_w.html
11/3/25,women,middle-tennessee,tennessee-state,/cbb/boxscores/2025-11-03-11-middle-tennessee_w.html,https://www.sports-reference.com/cbb/boxscores/2025-11-03-11-middle-tennessee_w.html
11/3/25,women,oakland,,/cbb/boxscores/2025-11-03-11-oakland_w.html,https://www.sports-reference.com/cbb/boxscores/2025-11-03-11-oakland_w.html
11/3/25,women,youngstown-state,,/cbb/boxscores/2025-11-03-11-youngstown-state_w.html,https://www.sports-reference.com/cbb/boxscores/2025-11-03-11-youngstown-state_w.html
11/3/25,women,chattanooga,,/cbb/boxscores/2025-11-03-12-chattanooga_w.html,https://www.sports-reference.com/cbb/boxscores/2025-11-03-12-chattanooga_w.html
11/3/25,women,jacksonville-state,,/cbb/boxscores/2025-11-03-12-jacksonville-state_w.html,https://www.sports-reference.com/cbb/boxscores/2025-11-03-12-jacksonville-state_w.html
11/3/25,women,marquette,winthrop,/cbb/boxscores/2025-11-03-12-marquette_w.html,https://www.sports-reference.com/cbb/boxscores/2025-11-03-12-marquette_w.html
11/3/25,women,mcneese-state,,/cbb/boxscores/2025-11-03-12-mcneese-state_w.html,https://www.sports-reference.com/cbb/boxscores/2025-11-03-12-mcneese-state_w.html
11/3/25,women,arkansas-pine-bluff,memphis,/cbb/boxscores/2025-11-03-12-memphis_w.html,https://www.sports-reference.com/cbb/boxscores/2025-11-03-12-memphis_w.html
11/3/25,women,oral-roberts,,/cbb/boxscores/2025-11-03-12-oral-roberts_w.html,https://www.sports-reference.com/cbb/boxscores/2025-11-03-12-oral-roberts_w.html
11/3/25,women,samford,,/cbb/boxscores/2025-11-03-12-samford_w.html,https://www.sports-reference.com/cbb/boxscores/2025-11-03-12-samford_w.html
11/3/25,women,stephen-f-austin,,/cbb/boxscores/2025-11-03-12-stephen-f-austin_w.html,https://www.sports-reference.com/cbb/boxscores/2025-11-03-12-stephen-f-austin_w.html
11/3/25,women,,alabama-birmingham,/cbb/boxscores/2025-11-03-13-alabama-birmingham_w.html,https://www.sports-reference.com/cbb/boxscores/2025-11-03-13-alabama-birmingham_w.html
11/3/25,women,drake,eastern-illinois,/cbb/boxscores/2025-11-03-13-eastern-illinois_w.html,https://www.sports-reference.com/cbb/boxscores/2025-11-03-13-eastern-illinois_w.html
11/3/25,women,nebraska,northwestern-state,/cbb/boxscores/2025-11-03-13-nebraska_w.html,https://www.sports-reference.com/cbb/boxscores/2025-11-03-13-nebraska_w.html
11/3/25,women,boise-state,,/cbb/boxscores/2025-11-03-14-boise-state_w.html,https://www.sports-reference.com/cbb/boxscores/2025-11-03-14-boise-state_w.html
11/3/25,women,duquesne,saint-francis-pa,/cbb/boxscores/2025-11-03-14-duquesne_w.html,https://www.sports-reference.com/cbb/boxscores/2025-11-03-14-duquesne_w.html
11/3/25,women,st-johns-ny,le-moyne,/cbb/boxscores/2025-11-03-14-st-johns-ny_w.html,https://www.sports-reference.com/cbb/boxscores/2025-11-03-14-st-johns-ny_w.html
11/3/25,women,texas-am-commerce,,/cbb/boxscores/2025-11-03-15-texas-am-commerce_w.html,https://www.sports-reference.com/cbb/boxscores/2025-11-03-15-texas-am-commerce_w.html
11/3/25,women,texas-el-paso,prairie-view,/cbb/boxscores/2025-11-03-15-texas-el-paso_w.html,https://www.sports-reference.com/cbb/boxscores/2025-11-03-15-texas-el-paso_w.html
11/3/25,women,massachusetts-lowell,,/cbb/boxscores/2025-11-03-16-massachusetts-lowell_w.html,https://www.sports-reference.com/cbb/boxscores/2025-11-03-16-massachusetts-lowell_w.html
11/3/25,women,long-island-university,northeastern,/cbb/boxscores/2025-11-03-16-northeastern_w.html,https://www.sports-reference.com/cbb/boxscores/2025-11-03-16-northeastern_w.html
11/3/25,women,alabama,stetson,/cbb/boxscores/2025-11-03-17-alabama_w.html,https://www.sports-reference.com/cbb/boxscores/2025-11-03-17-alabama_w.html
11/3/25,women,army,,/cbb/boxscores/2025-11-03-17-army_w.html,https://www.sports-reference.com/cbb/boxscores/2025-11-03-17-army_w.html
11/3/25,women,binghamton,,/cbb/boxscores/2025-11-03-17-binghamton_w.html,https://www.sports-reference.com/cbb/boxscores/2025-11-03-17-binghamton_w.html
11/3/25,women,auburn,charlotte,/cbb/boxscores/2025-11-03-17-charlotte_w.html,https://www.sports-reference.com/cbb/boxscores/2025-11-03-17-charlotte_w.html
11/3/25,women,george-washington,,/cbb/boxscores/2025-11-03-17-george-washington_w.html,https://www.sports-reference.com/cbb/boxscores/2025-11-03-17-george-washington_w.html
11/3/25,women,georgia,alabama-state,/cbb/boxscores/2025-11-03-17-georgia_w.html,https://www.sports-reference.com/cbb/boxscores/2025-11-03-17-georgia_w.html
11/3/25,women,miami-fl,hofstra,/cbb/boxscores/2025-11-03-17-miami-fl_w.html,https://www.sports-reference.com/cbb/boxscores/2025-11-03-17-miami-fl_w.html
11/3/25,women,tulane,campbell,/cbb/boxscores/2025-11-03-17-tulane_w.html,https://www.sports-reference.com/cbb/boxscores/2025-11-03-17-tulane_w.html
11/3/25,women,appalachian-state,western-michigan,/cbb/boxscores/2025-11-03-18-appalachian-state_w.html,https://www.sports-reference.com/cbb/boxscores/2025-11-03-18-appalachian-state_w.html
11/3/25,women,austin-peay,,/cbb/boxscores/2025-11-03-18-austin-peay_w.html,https://www.sports-reference.com/cbb/boxscores/2025-11-03-18-austin-peay_w.html
11/3/25,women,bellarmine,,/cbb/boxscores/2025-11-03-18-bellarmine_w.html,https://www.sports-reference.com/cbb/boxscores/2025-11-03-18-bellarmine_w.html
11/3/25,women,holy-cross,boston-college,/cbb/boxscores/2025-11-03-18-boston-college_w.html,https://www.sports-reference.com/cbb/boxscores/2025-11-03-18-boston-college_w.html
11/3/25,women,quinnipiac,boston-university,/cbb/boxscores/2025-11-03-18-boston-university_w.html,https://www.sports-reference.com/cbb/boxscores/2025-11-03-18-boston-university_w.html
11/3/25,women,bryant,central-connecticut-state,/cbb/boxscores/2025-11-03-18-bryant_w.html,https://www.sports-reference.com/cbb/boxscores/2025-11-03-18-bryant_w.html
11/3/25,women,central-florida,bethune-cookman,/cbb/boxscores/2025-11-03-18-central-florida_w.html,https://www.sports-reference.com/cbb/boxscores/2025-11-03-18-central-florida_w.html
11/3/25,women,miami-oh,coastal-carolina,/cbb/boxscores/2025-11-03-18-coastal-carolina_w.html,https://www.sports-reference.com/cbb/boxscores/2025-11-03-18-coastal-carolina_w.html
11/3/25,women,east-carolina,north-carolina-wilmington,/cbb/boxscores/2025-11-03-18-east-carolina_w.html,https://www.sports-reference.com/cbb/boxscores/2025-11-03-18-east-carolina_w.html
11/3/25,women,fordham,,/cbb/boxscores/2025-11-03-18-fordham_w.html,https://www.sports-reference.com/cbb/boxscores/2025-11-03-18-fordham_w.html
11/3/25,women,georgia-southern,central-michigan,/cbb/boxscores/2025-11-03-18-georgia-southern_w.html,https://www.sports-reference.com/cbb/boxscores/2025-11-03-18-georgia-southern_w.html
11/3/25,women,georgia-state,,/cbb/boxscores/2025-11-03-18-georgia-state_w.html,https://www.sports-reference.com/cbb/boxscores/2025-11-03-18-georgia-state_w.html
11/3/25,women,jacksonville,charleston-southern,/cbb/boxscores/2025-11-03-18-jacksonville_w.html,https://www.sports-reference.com/cbb/boxscores/2025-11-03-18-jacksonville_w.html
11/3/25,women,james-madison,kent-state,/cbb/boxscores/2025-11-03-18-james-madison_w.html,https://www.sports-reference.com/cbb/boxscores/2025-11-03-18-james-madison_w.html
11/3/25,women,maryland-baltimore-county,,/cbb/boxscores/2025-11-03-18-maryland-baltimore-county_w.html,https://www.sports-reference.com/cbb/boxscores/2025-11-03-18-maryland-baltimore-county_w.html
11/3/25,women,new-hampshire,,/cbb/boxscores/2025-11-03-18-new-hampshire_w.html,https://www.sports-reference.com/cbb/boxscores/2025-11-03-18-new-hampshire_w.html
11/3/25,women,mercer,north-carolina-asheville,/cbb/boxscores/2025-11-03-18-north-carolina-asheville_w.html,https://www.sports-reference.com/cbb/boxscores/2025-11-03-18-north-carolina-asheville_w.html
11/3/25,women,north-texas,,/cbb/boxscores/2025-11-03-18-north-texas_w.html,https://www.sports-reference.com/cbb/boxscores/2025-11-03-18-north-texas_w.html
11/3/25,women,massachusetts,old-dominion,/cbb/boxscores/2025-11-03-18-old-dominion_w.html,https://www.sports-reference.com/cbb/boxscores/2025-11-03-18-old-dominion_w.html
11/3/25,women,south-dakota,,/cbb/boxscores/2025-11-03-18-south-dakota_w.html,https://www.sports-reference.com/cbb/boxscores/2025-11-03-18-south-dakota_w.html
11/3/25,women,south-florida,florida-international,/cbb/boxscores/2025-11-03-18-south-florida_w.html,https://www.sports-reference.com/cbb/boxscores/2025-11-03-18-south-florida_w.html
11/3/25,women,st-bonaventure,,/cbb/boxscores/2025-11-03-18-st-bonaventure_w.html,https://www.sports-reference.com/cbb/boxscores/2025-11-03-18-st-bonaventure_w.html
11/3/25,women,texas-am-corpus-christi,,/cbb/boxscores/2025-11-03-18-texas-am-corpus-christi_w.html,https://www.sports-reference.com/cbb/boxscores/2025-11-03-18-texas-am-corpus-christi_w.html
11/3/25,women,abilene-christian,,/cbb/boxscores/2025-11-03-19-abilene-christian_w.html,https://www.sports-reference.com/cbb/boxscores/2025-11-03-19-abilene-christian_w.html
11/3/25,women,cleveland-state,chicago-state,/cbb/boxscores/2025-11-03-19-cleveland-state_w.html,https://www.sports-reference.com/cbb/boxscores/2025-11-03-19-cleveland-state_w.html
11/3/25,women,south-dakota-state,creighton,/cbb/boxscores/2025-11-03-19-creighton_w.html,https://www.sports-reference.com/cbb/boxscores/2025-11-03-19-creighton_w.html
11/3/25,women,elon,east-tennessee-state,/cbb/boxscores/2025-11-03-19-east-tennessee-state_w.html,https://www.sports-reference.com/cbb/boxscores/2025-11-03-19-east-tennessee-state_w.html
11/3/25,women,eastern-kentucky,,/cbb/boxscores/2025-11-03-19-eastern-kentucky_w.html,https://www.sports-reference.com/cbb/boxscores/2025-11-03-19-eastern-kentucky_w.html
11/3/25,women,furman,,/cbb/boxscores/2025-11-03-19-furman_w.html,https://www.sports-reference.com/cbb/boxscores/2025-11-03-19-furman_w.html
11/3/25,women,green-bay,,/cbb/boxscores/2025-11-03-19-green-bay_w.html,https://www.sports-reference.com/cbb/boxscores/2025-11-03-19-green-bay_w.html
11/3/25,women,high-point,,/cbb/boxscores/2025-11-03-19-high-point_w.html,https://www.sports-reference.com/cbb/boxscores/2025-11-03-19-high-point_w.html
11/3/25,women,jackson-state,,/cbb/boxscores/2025-11-03-19-jackson-state_w.html,https://www.sports-reference.com/cbb/boxscores/2025-11-03-19-jackson-state_w.html
11/3/25,women,kansas-state,nebraska-omaha,/cbb/boxscores/2025-11-03-19-kansas-state_w.html,https://www.sports-reference.com/cbb/boxscores/2025-11-03-19-kansas-state_w.html
11/3/25,women,bowling-green-state,louisiana-lafayette,/cbb/boxscores/2025-11-03-19-louisiana-lafayette_w.html,https://www.sports-reference.com/cbb/boxscores/2025-11-03-19-louisiana-lafayette_w.html
11/3/25,women,louisiana-monroe,eastern-michigan,/cbb/boxscores/2025-11-03-19-louisiana-monroe_w.html,https://www.sports-reference.com/cbb/boxscores/2025-11-03-19-louisiana-monroe_w.html
11/3/25,women,rhode-island,manhattan,/cbb/boxscores/2025-11-03-19-manhattan_w.html,https://www.sports-reference.com/cbb/boxscores/2025-11-03-19-manhattan_w.html
11/3/25,women,monmouth,,/cbb/boxscores/2025-11-03-19-monmouth_w.html,https://www.sports-reference.com/cbb/boxscores/2025-11-03-19-monmouth_w.html
11/3/25,women,nicholls-state,alcorn-state,/cbb/boxscores/2025-11-03-19-nicholls-state_w.html,https://www.sports-reference.com/cbb/boxscores/2025-11-03-19-nicholls-state_w.html
11/3/25,women,north-alabama,tennessee-martin,/cbb/boxscores/2025-11-03-19-north-alabama_w.html,https://www.sports-reference.com/cbb/boxscores/2025-11-03-19-north-alabama_w.html
11/3/25,women,north-dakota-state,northern-iowa,/cbb/boxscores/2025-11-03-19-northern-iowa_w.html,https://www.sports-reference.com/cbb/boxscores/2025-11-03-19-northern-iowa_w.html
11/3/25,women,queens-nc,gardner-webb,/cbb/boxscores/2025-11-03-19-queens-nc_w.html,https://www.sports-reference.com/cbb/boxscores/2025-11-03-19-queens-nc_w.html
11/3/25,women,rutgers,wagner,/cbb/boxscores/2025-11-03-19-rutgers_w.html,https://www.sports-reference.com/cbb/boxscores/2025-11-03-19-rutgers_w.html
11/3/25,women,njit,sacred-heart,/cbb/boxscores/2025-11-03-19-sacred-heart_w.html,https://www.sports-reference.com/cbb/boxscores/2025-11-03-19-sacred-heart_w.html
11/3/25,women,sam-houston-state,,/cbb/boxscores/2025-11-03-19-sam-houston-state_w.html,https://www.sports-reference.com/cbb/boxscores/2025-11-03-19-sam-houston-state_w.html
11/3/25,women,southeastern-louisiana,,/cbb/boxscores/2025-11-03-19-southeastern-louisiana_w.html,https://www.sports-reference.com/cbb/boxscores/2025-11-03-19-southeastern-louisiana_w.html
11/3/25,women,southern-indiana,,/cbb/boxscores/2025-11-03-19-southern-indiana_w.html,https://www.sports-reference.com/cbb/boxscores/2025-11-03-19-southern-indiana_w.html
11/3/25,women,southern-mississippi,northern-illinois,/cbb/boxscores/2025-11-03-19-southern-mississippi_w.html,https://www.sports-reference.com/cbb/boxscores/2025-11-03-19-southern-mississippi_w.html
11/3/25,women,stonehill,,/cbb/boxscores/2025-11-03-19-stonehill_w.html,https://www.sports-reference.com/cbb/boxscores/2025-11-03-19-stonehill_w.html
11/3/25,women,tennessee-tech,,/cbb/boxscores/2025-11-03-19-tennessee-tech_w.html,https://www.sports-reference.com/cbb/boxscores/2025-11-03-19-tennessee-tech_w.html
11/3/25,women,texas-pan-american,,/cbb/boxscores/2025-11-03-19-texas-pan-american_w.html,https://www.sports-reference.com/cbb/boxscores/2025-11-03-19-texas-pan-american_w.html
11/3/25,women,texas-tech,north-carolina-at,/cbb/boxscores/2025-11-03-19-texas-tech_w.html,https://www.sports-reference.com/cbb/boxscores/2025-11-03-19-texas-tech_w.html
11/3/25,women,villanova,lafayette,/cbb/boxscores/2025-11-03-19-villanova_w.html,https://www.sports-reference.com/cbb/boxscores/2025-11-03-19-villanova_w.html
11/3/25,women,west-virginia,ipfw,/cbb/boxscores/2025-11-03-19-west-virginia_w.html,https://www.sports-reference.com/cbb/boxscores/2025-11-03-19-west-virginia_w.html
11/3/25,women,wichita-state,,/cbb/boxscores/2025-11-03-19-wichita-state_w.html,https://www.sports-reference.com/cbb/boxscores/2025-11-03-19-wichita-state_w.html
11/3/25,women,wofford,,/cbb/boxscores/2025-11-03-19-wofford_w.html,https://www.sports-reference.com/cbb/boxscores/2025-11-03-19-wofford_w.html
11/3/25,women,arkansas-little-rock,,/cbb/boxscores/2025-11-03-20-arkansas-little-rock_w.html,https://www.sports-reference.com/cbb/boxscores/2025-11-03-20-arkansas-little-rock_w.html
11/3/25,women,ball-state,arkansas-state,/cbb/boxscores/2025-11-03-20-arkansas-state_w.html,https://www.sports-reference.com/cbb/boxscores/2025-11-03-20-arkansas-state_w.html
11/3/25,women,california-baptist,california-riverside,/cbb/boxscores/2025-11-03-20-california-baptist_w.html,https://www.sports-reference.com/cbb/boxscores/2025-11-03-20-california-baptist_w.html
11/3/25,women,air-force,denver,/cbb/boxscores/2025-11-03-20-denver_w.html,https://www.sports-reference.com/cbb/boxscores/2025-11-03-20-denver_w.html
11/3/25,women,fresno-state,,/cbb/boxscores/2025-11-03-20-fresno-state_w.html,https://www.sports-reference.com/cbb/boxscores/2025-11-03-20-fresno-state_w.html
11/3/25,women,south-alabama,akron,/cbb/boxscores/2025-11-03-20-south-alabama_w.html,https://www.sports-reference.com/cbb/boxscores/2025-11-03-20-south-alabama_w.html
11/3/25,women,southern-utah,,/cbb/boxscores/2025-11-03-20-southern-utah_w.html,https://www.sports-reference.com/cbb/boxscores/2025-11-03-20-southern-utah_w.html
11/3/25,women,tarleton-state,,/cbb/boxscores/2025-11-03-20-tarleton-state_w.html,https://www.sports-reference.com/cbb/boxscores/2025-11-03-20-tarleton-state_w.html
11/3/25,women,ohio,texas-state,/cbb/boxscores/2025-11-03-20-texas-state_w.html,https://www.sports-reference.com/cbb/boxscores/2025-11-03-20-texas-state_w.html
11/3/25,women,cal-poly,,/cbb/boxscores/2025-11-03-21-cal-poly_w.html,https://www.sports-reference.com/cbb/boxscores/2025-11-03-21-cal-poly_w.html
11/3/25,women,utah-valley,cal-state-bakersfield,/cbb/boxscores/2025-11-03-21-cal-state-bakersfield_w.html,https://www.sports-reference.com/cbb/boxscores/2025-11-03-21-cal-state-bakersfield_w.html
11/3/25,women,california-santa-barbara,,/cbb/boxscores/2025-11-03-21-california-santa-barbara_w.html,https://www.sports-reference.com/cbb/boxscores/2025-11-03-21-california-santa-barbara_w.html
11/3/25,women,new-mexico,northern-arizona,/cbb/boxscores/2025-11-03-21-new-mexico_w.html,https://www.sports-reference.com/cbb/boxscores/2025-11-03-21-new-mexico_w.html
11/3/25,women,pacific,california-san-diego,/cbb/boxscores/2025-11-03-21-pacific_w.html,https://www.sports-reference.com/cbb/boxscores/2025-11-03-21-pacific_w.html
11/3/25,women,sacramento-state,,/cbb/boxscores/2025-11-03-21-sacramento-state_w.html,https://www.sports-reference.com/cbb/boxscores/2025-11-03-21-sacramento-state_w.html
11/3/25,women,san-diego,,/cbb/boxscores/2025-11-03-21-san-diego_w.html,https://www.sports-reference.com/cbb/boxscores/2025-11-03-21-san-diego_w.html
11/3/25,women,california-davis,,/cbb/boxscores/2025-11-03-22-california-davis_w.html,https://www.sports-reference.com/cbb/boxscores/2025-11-03-22-california-davis_w.html
11/3/25,women,santa-clara,,/cbb/boxscores/2025-11-03-22-santa-clara_w.html,https://www.sports-reference.com/cbb/boxscores/2025-11-03-22-santa-clara_w.html
11/4/25,women,connecticut,louisville,/cbb/boxscores/2025-11-04-17-louisville_w.html,https://www.sports-reference.com/cbb/boxscores/2025-11-04-17-louisville_w.html
11/4/25,women,louisiana-state,houston-baptist,/cbb/boxscores/2025-11-04-20-louisiana-state_w.html,https://www.sports-reference.com/cbb/boxscores/2025-11-04-20-louisiana-state_w.html
11/4/25,women,north-carolina-state,tennessee,/cbb/boxscores/2025-11-04-16-north-carolina-state_w.html,https://www.sports-reference.com/cbb/boxscores/2025-11-04-16-north-carolina-state_w.html
11/4/25,women,michigan,canisius,/cbb/boxscores/2025-11-04-00-michigan_w.html,https://www.sports-reference.com/cbb/boxscores/2025-11-04-00-michigan_w.html
11/4/25,women,southern-california,new-mexico-state,/cbb/boxscores/2025-11-04-21-southern-california_w.html,https://www.sports-reference.com/cbb/boxscores/2025-11-04-21-southern-california_w.html
11/4/25,women,michigan-state,mercyhurst,/cbb/boxscores/2025-11-04-18-michigan-state_w.html,https://www.sports-reference.com/cbb/boxscores/2025-11-04-18-michigan-state_w.html
11/4/25,women,richmond,mount-st-marys,/cbb/boxscores/2025-11-04-18-richmond_w.html,https://www.sports-reference.com/cbb/boxscores/2025-11-04-18-richmond_w.html
11/4/25,women,albany-ny,marist,/cbb/boxscores/2025-11-04-00-albany-ny_w.html,https://www.sports-reference.com/cbb/boxscores/2025-11-04-00-albany-ny_w.html
11/4/25,women,indiana,lipscomb,/cbb/boxscores/2025-11-04-00-indiana_w.html,https://www.sports-reference.com/cbb/boxscores/2025-11-04-00-indiana_w.html
11/4/25,women,kennesaw-state,,/cbb/boxscores/2025-11-04-00-kennesaw-state_w.html,https://www.sports-reference.com/cbb/boxscores/2025-11-04-00-kennesaw-state_w.html
11/4/25,women,arkansas,louisiana-tech,/cbb/boxscores/2025-11-04-01-arkansas_w.html,https://www.sports-reference.com/cbb/boxscores/2025-11-04-01-arkansas_w.html
11/4/25,women,illinois,southeast-missouri-state,/cbb/boxscores/2025-11-04-01-illinois_w.html,https://www.sports-reference.com/cbb/boxscores/2025-11-04-01-illinois_w.html
11/4/25,women,southern-illinois,,/cbb/boxscores/2025-11-04-12-southern-illinois_w.html,https://www.sports-reference.com/cbb/boxscores/2025-11-04-12-southern-illinois_w.html
11/4/25,women,southern-methodist,grambling,/cbb/boxscores/2025-11-04-12-southern-methodist_w.html,https://www.sports-reference.com/cbb/boxscores/2025-11-04-12-southern-methodist_w.html
11/4/25,women,lehigh,cincinnati,/cbb/boxscores/2025-11-04-18-cincinnati_w.html,https://www.sports-reference.com/cbb/boxscores/2025-11-04-18-cincinnati_w.html
11/4/25,women,drexel,pittsburgh,/cbb/boxscores/2025-11-04-18-pittsburgh_w.html,https://www.sports-reference.com/cbb/boxscores/2025-11-04-18-pittsburgh_w.html
11/4/25,women,colgate,siena,/cbb/boxscores/2025-11-04-18-siena_w.html,https://www.sports-reference.com/cbb/boxscores/2025-11-04-18-siena_w.html
11/4/25,women,vermont,,/cbb/boxscores/2025-11-04-18-vermont_w.html,https://www.sports-reference.com/cbb/boxscores/2025-11-04-18-vermont_w.html
11/4/25,women,virginia-tech,towson,/cbb/boxscores/2025-11-04-18-virginia-tech_w.html,https://www.sports-reference.com/cbb/boxscores/2025-11-04-18-virginia-tech_w.html
11/4/25,women,xavier,new-haven,/cbb/boxscores/2025-11-04-18-xavier_w.html,https://www.sports-reference.com/cbb/boxscores/2025-11-04-18-xavier_w.html
11/4/25,women,bradley,,/cbb/boxscores/2025-11-04-19-bradley_w.html,https://www.sports-reference.com/cbb/boxscores/2025-11-04-19-bradley_w.html
11/4/25,women,depaul,valparaiso,/cbb/boxscores/2025-11-04-19-depaul_w.html,https://www.sports-reference.com/cbb/boxscores/2025-11-04-19-depaul_w.html
11/4/25,women,florida-atlantic,,/cbb/boxscores/2025-11-04-19-florida-atlantic_w.html,https://www.sports-reference.com/cbb/boxscores/2025-11-04-19-florida-atlantic_w.html
11/4/25,women,houston,texas-arlington,/cbb/boxscores/2025-11-04-19-houston_w.html,https://www.sports-reference.com/cbb/boxscores/2025-11-04-19-houston_w.html
11/4/25,women,idaho-state,,/cbb/boxscores/2025-11-04-19-idaho-state_w.html,https://www.sports-reference.com/cbb/boxscores/2025-11-04-19-idaho-state_w.html
11/4/25,women,liberty,,/cbb/boxscores/2025-11-04-19-liberty_w.html,https://www.sports-reference.com/cbb/boxscores/2025-11-04-19-liberty_w.html
11/4/25,women,merrimack,,/cbb/boxscores/2025-11-04-19-merrimack_w.html,https://www.sports-reference.com/cbb/boxscores/2025-11-04-19-merrimack_w.html
11/4/25,women,howard,providence,/cbb/boxscores/2025-11-04-19-providence_w.html,https://www.sports-reference.com/cbb/boxscores/2025-11-04-19-providence_w.html
11/4/25,women,saint-josephs,,/cbb/boxscores/2025-11-04-19-saint-josephs_w.html,https://www.sports-reference.com/cbb/boxscores/2025-11-04-19-saint-josephs_w.html
11/4/25,women,seton-hall,saint-peters,/cbb/boxscores/2025-11-04-19-seton-hall_w.html,https://www.sports-reference.com/cbb/boxscores/2025-11-04-19-seton-hall_w.html
11/4/25,women,syracuse,stony-brook,/cbb/boxscores/2025-11-04-19-syracuse_w.html,https://www.sports-reference.com/cbb/boxscores/2025-11-04-19-syracuse_w.html
11/4/25,women,virginia,morgan-state,/cbb/boxscores/2025-11-04-19-virginia_w.html,https://www.sports-reference.com/cbb/boxscores/2025-11-04-19-virginia_w.html
11/4/25,women,colorado-state,weber-state,/cbb/boxscores/2025-11-04-20-colorado-state_w.html,https://www.sports-reference.com/cbb/boxscores/2025-11-04-20-colorado-state_w.html
11/4/25,women,minnesota,north-dakota,/cbb/boxscores/2025-11-04-20-minnesota_w.html,https://www.sports-reference.com/cbb/boxscores/2025-11-04-20-minnesota_w.html
11/4/25,women,northern-colorado,,/cbb/boxscores/2025-11-04-20-northern-colorado_w.html,https://www.sports-reference.com/cbb/boxscores/2025-11-04-20-northern-colorado_w.html
11/4/25,women,western-illinois,,/cbb/boxscores/2025-11-04-20-western-illinois_w.html,https://www.sports-reference.com/cbb/boxscores/2025-11-04-20-western-illinois_w.html
11/4/25,women,saint-marys-ca,wyoming,/cbb/boxscores/2025-11-04-20-wyoming_w.html,https://www.sports-reference.com/cbb/boxscores/2025-11-04-20-wyoming_w.html
11/4/25,women,cal-state-northridge,,/cbb/boxscores/2025-11-04-21-cal-state-northridge_w.html,https://www.sports-reference.com/cbb/boxscores/2025-11-04-21-cal-state-northridge_w.html
11/4/25,women,montana-state,,/cbb/boxscores/2025-11-04-21-montana-state_w.html,https://www.sports-reference.com/cbb/boxscores/2025-11-04-21-montana-state_w.html
11/4/25,women,montana,,/cbb/boxscores/2025-11-04-21-montana_w.html,https://www.sports-reference.com/cbb/boxscores/2025-11-04-21-montana_w.html
11/4/25,women,portland,,/cbb/boxscores/2025-11-04-21-portland_w.html,https://www.sports-reference.com/cbb/boxscores/2025-11-04-21-portland_w.html
11/4/25,women,pepperdine,cal-state-fullerton,/cbb/boxscores/2025-11-04-22-cal-state-fullerton_w.html,https://www.sports-reference.com/cbb/boxscores/2025-11-04-22-cal-state-fullerton_w.html
11/5/25,women,iowa-state,southern,/cbb/boxscores/2025-11-05-19-iowa-state_w.html,https://www.sports-reference.com/cbb/boxscores/2025-11-05-19-iowa-state_w.html
11/5/25,women,notre-dame,fairleigh-dickinson,/cbb/boxscores/2025-11-05-19-notre-dame_w.html,https://www.sports-reference.com/cbb/boxscores/2025-11-05-19-notre-dame_w.html
11/5/25,women,oklahoma-state,texas-am-commerce,/cbb/boxscores/2025-11-05-01-oklahoma-state_w.html,https://www.sports-reference.com/cbb/boxscores/2025-11-05-01-oklahoma-state_w.html
11/5/25,women,hampton,,/cbb/boxscores/2025-11-05-00-hampton_w.html,https://www.sports-reference.com/cbb/boxscores/2025-11-05-00-hampton_w.html
11/5/25,women,hawaii,portland-state,/cbb/boxscores/2025-11-05-00-hawaii_w.html,https://www.sports-reference.com/cbb/boxscores/2025-11-05-00-hawaii_w.html
11/5/25,women,alabama-am,,/cbb/boxscores/2025-11-05-01-alabama-am_w.html,https://www.sports-reference.com/cbb/boxscores/2025-11-05-01-alabama-am_w.html
11/5/25,women,western-kentucky,,/cbb/boxscores/2025-11-05-01-western-kentucky_w.html,https://www.sports-reference.com/cbb/boxscores/2025-11-05-01-western-kentucky_w.html
11/5/25,women,san-francisco,north-carolina-greensboro,/cbb/boxscores/2025-11-05-03-san-francisco_w.html,https://www.sports-reference.com/cbb/boxscores/2025-11-05-03-san-francisco_w.html
11/5/25,women,seattle,,/cbb/boxscores/2025-11-05-03-seattle_w.html,https://www.sports-reference.com/cbb/boxscores/2025-11-05-03-seattle_w.html
11/5/25,women,wisconsin,oakland,/cbb/boxscores/2025-11-05-07-wisconsin_w.html,https://www.sports-reference.com/cbb/boxscores/2025-11-05-07-wisconsin_w.html
11/5/25,women,north-florida,,/cbb/boxscores/2025-11-05-11-north-florida_w.html,https://www.sports-reference.com/cbb/boxscores/2025-11-05-11-north-florida_w.html
11/5/25,women,chicago-state,winthrop,/cbb/boxscores/2025-11-05-12-chicago-state_w.html,https://www.sports-reference.com/cbb/boxscores/2025-11-05-12-chicago-state_w.html
11/5/25,women,lindenwood,,/cbb/boxscores/2025-11-05-12-lindenwood_w.html,https://www.sports-reference.com/cbb/boxscores/2025-11-05-12-lindenwood_w.html
11/5/25,women,california-irvine,san-diego,/cbb/boxscores/2025-11-05-14-california-irvine_w.html,https://www.sports-reference.com/cbb/boxscores/2025-11-05-14-california-irvine_w.html
11/5/25,women,delaware-state,,/cbb/boxscores/2025-11-05-17-delaware-state_w.html,https://www.sports-reference.com/cbb/boxscores/2025-11-05-17-delaware-state_w.html
11/5/25,women,virginia-commonwealth,maryland-eastern-shore,/cbb/boxscores/2025-11-05-18-virginia-commonwealth_w.html,https://www.sports-reference.com/cbb/boxscores/2025-11-05-18-virginia-commonwealth_w.html
11/5/25,women,alcorn-state,,/cbb/boxscores/2025-11-05-19-alcorn-state_w.html,https://www.sports-reference.com/cbb/boxscores/2025-11-05-19-alcorn-state_w.html
11/5/25,women,kansas,missouri-kansas-city,/cbb/boxscores/2025-11-05-19-kansas_w.html,https://www.sports-reference.com/cbb/boxscores/2025-11-05-19-kansas_w.html
11/5/25,women,longwood,,/cbb/boxscores/2025-11-05-19-longwood_w.html,https://www.sports-reference.com/cbb/boxscores/2025-11-05-19-longwood_w.html
11/5/25,women,south-carolina-state,,/cbb/boxscores/2025-11-05-19-south-carolina-state_w.html,https://www.sports-reference.com/cbb/boxscores/2025-11-05-19-south-carolina-state_w.html
11/5/25,women,tulsa,new-orleans,/cbb/boxscores/2025-11-05-19-tulsa_w.html,https://www.sports-reference.com/cbb/boxscores/2025-11-05-19-tulsa_w.html
11/5/25,women,fairfield,villanova,/cbb/boxscores/2025-11-05-19-villanova_w.html,https://www.sports-reference.com/cbb/boxscores/2025-11-05-19-villanova_w.html
11/5/25,women,wagner,,/cbb/boxscores/2025-11-05-19-wagner_w.html,https://www.sports-reference.com/cbb/boxscores/2025-11-05-19-wagner_w.html
11/5/25,women,utah-valley,loyola-marymount,/cbb/boxscores/2025-11-05-20-loyola-marymount_w.html,https://www.sports-reference.com/cbb/boxscores/2025-11-05-20-loyola-marymount_w.html
11/5/25,women,northwestern,iupui,/cbb/boxscores/2025-11-05-20-northwestern_w.html,https://www.sports-reference.com/cbb/boxscores/2025-11-05-20-northwestern_w.html
11/5/25,women,texas-am,texas-am-corpus-christi,/cbb/boxscores/2025-11-05-20-texas-am_w.html,https://www.sports-reference.com/cbb/boxscores/2025-11-05-20-texas-am_w.html
11/5/25,women,brigham-young,coastal-carolina,/cbb/boxscores/2025-11-05-21-brigham-young_w.html,https://www.sports-reference.com/cbb/boxscores/2025-11-05-21-brigham-young_w.html
11/5/25,women,nevada-las-vegas,washington-state,/cbb/boxscores/2025-11-05-21-nevada-las-vegas_w.html,https://www.sports-reference.com/cbb/boxscores/2025-11-05-21-nevada-las-vegas_w.html
11/6/25,women,ucla,california-santa-barbara,/cbb/boxscores/2025-11-06-14-ucla_w.html,https://www.sports-reference.com/cbb/boxscores/2025-11-06-14-ucla_w.html
11/6/25,women,louisiana-state,southeastern-louisiana,/cbb/boxscores/2025-11-06-20-louisiana-state_w.html,https://www.sports-reference.com/cbb/boxscores/2025-11-06-20-louisiana-state_w.html
11/6/25,women,maryland,maryland-baltimore-county,/cbb/boxscores/2025-11-06-00-maryland_w.html,https://www.sports-reference.com/cbb/boxscores/2025-11-06-00-maryland_w.html
11/6/25,women,north-carolina,elon,/cbb/boxscores/2025-11-06-00-north-carolina_w.html,https://www.sports-reference.com/cbb/boxscores/2025-11-06-00-north-carolina_w.html
11/6/25,women,texas-christian,north-carolina-at,/cbb/boxscores/2025-11-06-21-texas-christian_w.html,https://www.sports-reference.com/cbb/boxscores/2025-11-06-21-texas-christian_w.html
11/6/25,women,oklahoma-state,,/cbb/boxscores/2025-11-06-01-oklahoma-state_w.html,https://www.sports-reference.com/cbb/boxscores/2025-11-06-01-oklahoma-state_w.html
11/6/25,women,kentucky,monmouth,/cbb/boxscores/2025-11-06-18-kentucky_w.html,https://www.sports-reference.com/cbb/boxscores/2025-11-06-18-kentucky_w.html
11/6/25,women,florida,chattanooga,/cbb/boxscores/2025-11-06-00-florida_w.html,https://www.sports-reference.com/cbb/boxscores/2025-11-06-00-florida_w.html
11/6/25,women,georgia-tech,radford,/cbb/boxscores/2025-11-06-00-georgia-tech_w.html,https://www.sports-reference.com/cbb/boxscores/2025-11-06-00-georgia-tech_w.html
11/6/25,women,marshall,northern-kentucky,/cbb/boxscores/2025-11-06-00-marshall_w.html,https://www.sports-reference.com/cbb/boxscores/2025-11-06-00-marshall_w.html
11/6/25,women,clemson,mercer,/cbb/boxscores/2025-11-06-00-mercer_w.html,https://www.sports-reference.com/cbb/boxscores/2025-11-06-00-mercer_w.html
11/6/25,women,miami-fl,bethune-cookman,/cbb/boxscores/2025-11-06-00-miami-fl_w.html,https://www.sports-reference.com/cbb/boxscores/2025-11-06-00-miami-fl_w.html
11/6/25,women,purdue,eastern-illinois,/cbb/boxscores/2025-11-06-00-purdue_w.html,https://www.sports-reference.com/cbb/boxscores/2025-11-06-00-purdue_w.html
11/6/25,women,wake-forest,presbyterian,/cbb/boxscores/2025-11-06-00-wake-forest_w.html,https://www.sports-reference.com/cbb/boxscores/2025-11-06-00-wake-forest_w.html
11/6/25,women,middle-tennessee,saint-louis,/cbb/boxscores/2025-11-06-01-saint-louis_w.html,https://www.sports-reference.com/cbb/boxscores/2025-11-06-01-saint-louis_w.html
11/6/25,women,southeast-missouri-state,evansville,/cbb/boxscores/2025-11-06-01-southeast-missouri-state_w.html,https://www.sports-reference.com/cbb/boxscores/2025-11-06-01-southeast-missouri-state_w.html
11/6/25,women,arizona,california-riverside,/cbb/boxscores/2025-11-06-02-arizona_w.html,https://www.sports-reference.com/cbb/boxscores/2025-11-06-02-arizona_w.html
11/6/25,women,stanford,santa-clara,/cbb/boxscores/2025-11-06-03-stanford_w.html,https://www.sports-reference.com/cbb/boxscores/2025-11-06-03-stanford_w.html
11/6/25,women,coppin-state,,/cbb/boxscores/2025-11-06-11-coppin-state_w.html,https://www.sports-reference.com/cbb/boxscores/2025-11-06-11-coppin-state_w.html
11/6/25,women,north-alabama,,/cbb/boxscores/2025-11-06-12-north-alabama_w.html,https://www.sports-reference.com/cbb/boxscores/2025-11-06-12-north-alabama_w.html
11/6/25,women,texas-southern,,/cbb/boxscores/2025-11-06-12-texas-southern_w.html,https://www.sports-reference.com/cbb/boxscores/2025-11-06-12-texas-southern_w.html
11/6/25,women,troy,mississippi-valley-state,/cbb/boxscores/2025-11-06-13-troy_w.html,https://www.sports-reference.com/cbb/boxscores/2025-11-06-13-troy_w.html
11/6/25,women,sacramento-state,nevada,/cbb/boxscores/2025-11-06-14-sacramento-state_w.html,https://www.sports-reference.com/cbb/boxscores/2025-11-06-14-sacramento-state_w.html
11/6/25,women,lipscomb,,/cbb/boxscores/2025-11-06-15-lipscomb_w.html,https://www.sports-reference.com/cbb/boxscores/2025-11-06-15-lipscomb_w.html
11/6/25,women,boston-college,new-hampshire,/cbb/boxscores/2025-11-06-17-boston-college_w.html,https://www.sports-reference.com/cbb/boxscores/2025-11-06-17-boston-college_w.html
11/6/25,women,jacksonville,,/cbb/boxscores/2025-11-06-17-jacksonville_w.html,https://www.sports-reference.com/cbb/boxscores/2025-11-06-17-jacksonville_w.html
11/6/25,women,charlotte,campbell,/cbb/boxscores/2025-11-06-18-charlotte_w.html,https://www.sports-reference.com/cbb/boxscores/2025-11-06-18-charlotte_w.html
11/6/25,women,duquesne,,/cbb/boxscores/2025-11-06-18-duquesne_w.html,https://www.sports-reference.com/cbb/boxscores/2025-11-06-18-duquesne_w.html
11/6/25,women,florida-state,georgia-southern,/cbb/boxscores/2025-11-06-18-florida-state_w.html,https://www.sports-reference.com/cbb/boxscores/2025-11-06-18-florida-state_w.html
11/6/25,women,georgia,furman,/cbb/boxscores/2025-11-06-18-georgia_w.html,https://www.sports-reference.com/cbb/boxscores/2025-11-06-18-georgia_w.html
11/6/25,women,george-mason,james-madison,/cbb/boxscores/2025-11-06-18-james-madison_w.html,https://www.sports-reference.com/cbb/boxscores/2025-11-06-18-james-madison_w.html
11/6/25,women,green-bay,loyola-il,/cbb/boxscores/2025-11-06-18-loyola-il_w.html,https://www.sports-reference.com/cbb/boxscores/2025-11-06-18-loyola-il_w.html
11/6/25,women,north-carolina-asheville,,/cbb/boxscores/2025-11-06-18-north-carolina-asheville_w.html,https://www.sports-reference.com/cbb/boxscores/2025-11-06-18-north-carolina-asheville_w.html
11/6/25,women,rider,lafayette,/cbb/boxscores/2025-11-06-18-rider_w.html,https://www.sports-reference.com/cbb/boxscores/2025-11-06-18-rider_w.html
11/6/25,women,stetson,,/cbb/boxscores/2025-11-06-18-stetson_w.html,https://www.sports-reference.com/cbb/boxscores/2025-11-06-18-stetson_w.html
11/6/25,women,western-carolina,,/cbb/boxscores/2025-11-06-18-western-carolina_w.html,https://www.sports-reference.com/cbb/boxscores/2025-11-06-18-western-carolina_w.html
11/6/25,women,alabama,mcneese-state,/cbb/boxscores/2025-11-06-19-alabama_w.html,https://www.sports-reference.com/cbb/boxscores/2025-11-06-19-alabama_w.html
11/6/25,women,binghamton,,/cbb/boxscores/2025-11-06-19-binghamton_w.html,https://www.sports-reference.com/cbb/boxscores/2025-11-06-19-binghamton_w.html
11/6/25,women,davidson,william-mary,/cbb/boxscores/2025-11-06-19-davidson_w.html,https://www.sports-reference.com/cbb/boxscores/2025-11-06-19-davidson_w.html
11/6/25,women,dayton,mercyhurst,/cbb/boxscores/2025-11-06-19-dayton_w.html,https://www.sports-reference.com/cbb/boxscores/2025-11-06-19-dayton_w.html
11/6/25,women,georgetown,stonehill,/cbb/boxscores/2025-11-06-19-georgetown_w.html,https://www.sports-reference.com/cbb/boxscores/2025-11-06-19-georgetown_w.html
11/6/25,women,la-salle,loyola-md,/cbb/boxscores/2025-11-06-19-loyola-md_w.html,https://www.sports-reference.com/cbb/boxscores/2025-11-06-19-loyola-md_w.html
11/6/25,women,nebraska-omaha,,/cbb/boxscores/2025-11-06-19-nebraska-omaha_w.html,https://www.sports-reference.com/cbb/boxscores/2025-11-06-19-nebraska-omaha_w.html
11/6/25,women,norfolk-state,,/cbb/boxscores/2025-11-06-19-norfolk-state_w.html,https://www.sports-reference.com/cbb/boxscores/2025-11-06-19-norfolk-state_w.html
11/6/25,women,queens-nc,,/cbb/boxscores/2025-11-06-19-queens-nc_w.html,https://www.sports-reference.com/cbb/boxscores/2025-11-06-19-queens-nc_w.html
11/6/25,women,rutgers,quinnipiac,/cbb/boxscores/2025-11-06-19-rutgers_w.html,https://www.sports-reference.com/cbb/boxscores/2025-11-06-19-rutgers_w.html
11/6/25,women,south-carolina-upstate,,/cbb/boxscores/2025-11-06-19-south-carolina-upstate_w.html,https://www.sports-reference.com/cbb/boxscores/2025-11-06-19-south-carolina-upstate_w.html
11/6/25,women,texas-tech,texas-san-antonio,/cbb/boxscores/2025-11-06-19-texas-tech_w.html,https://www.sports-reference.com/cbb/boxscores/2025-11-06-19-texas-tech_w.html
11/6/25,women,missouri,tulane,/cbb/boxscores/2025-11-06-19-tulane_w.html,https://www.sports-reference.com/cbb/boxscores/2025-11-06-19-tulane_w.html
11/6/25,women,northwestern-state,wichita-state,/cbb/boxscores/2025-11-06-19-wichita-state_w.html,https://www.sports-reference.com/cbb/boxscores/2025-11-06-19-wichita-state_w.html
11/6/25,women,colorado,new-mexico,/cbb/boxscores/2025-11-06-20-colorado_w.html,https://www.sports-reference.com/cbb/boxscores/2025-11-06-20-colorado_w.html
11/6/25,women,oral-roberts,,/cbb/boxscores/2025-11-06-20-oral-roberts_w.html,https://www.sports-reference.com/cbb/boxscores/2025-11-06-20-oral-roberts_w.html
11/7/25,women,south-carolina,bowling-green-state,/cbb/boxscores/2025-11-07-19-south-carolina_w.html,https://www.sports-reference.com/cbb/boxscores/2025-11-07-19-south-carolina_w.html
11/7/25,women,texas,richmond,/cbb/boxscores/2025-11-07-19-texas_w.html,https://www.sports-reference.com/cbb/boxscores/2025-11-07-19-texas_w.html
11/7/25,women,tennessee,east-tennessee-state,/cbb/boxscores/2025-11-07-18-tennessee_w.html,https://www.sports-reference.com/cbb/boxscores/2025-11-07-18-tennessee_w.html
11/7/25,women,mississippi,alabama-am,/cbb/boxscores/2025-11-07-20-alabama-am_w.html,https://www.sports-reference.com/cbb/boxscores/2025-11-07-20-alabama-am_w.html
11/7/25,women,navy,delaware,/cbb/boxscores/2025-11-07-00-delaware_w.html,https://www.sports-reference.com/cbb/boxscores/2025-11-07-00-delaware_w.html
11/7/25,women,indiana,illinois-chicago,/cbb/boxscores/2025-11-07-00-indiana_w.html,https://www.sports-reference.com/cbb/boxscores/2025-11-07-00-indiana_w.html
11/7/25,women,miami-oh,,/cbb/boxscores/2025-11-07-00-miami-oh_w.html,https://www.sports-reference.com/cbb/boxscores/2025-11-07-00-miami-oh_w.html
11/7/25,women,penn-state,cincinnati,/cbb/boxscores/2025-11-07-00-penn-state_w.html,https://www.sports-reference.com/cbb/boxscores/2025-11-07-00-penn-state_w.html
11/7/25,women,robert-morris,akron,/cbb/boxscores/2025-11-07-00-robert-morris_w.html,https://www.sports-reference.com/cbb/boxscores/2025-11-07-00-robert-morris_w.html
11/7/25,women,stony-brook,,/cbb/boxscores/2025-11-07-00-stony-brook_w.html,https://www.sports-reference.com/cbb/boxscores/2025-11-07-00-stony-brook_w.html
11/7/25,women,temple,george-washington,/cbb/boxscores/2025-11-07-00-temple_w.html,https://www.sports-reference.com/cbb/boxscores/2025-11-07-00-temple_w.html
11/7/25,women,towson,,/cbb/boxscores/2025-11-07-00-towson_w.html,https://www.sports-reference.com/cbb/boxscores/2025-11-07-00-towson_w.html
11/7/25,women,arkansas,arkansas-pine-bluff,/cbb/boxscores/2025-11-07-01-arkansas_w.html,https://www.sports-reference.com/cbb/boxscores/2025-11-07-01-arkansas_w.html
11/7/25,women,tennessee-tech,jackson-state,/cbb/boxscores/2025-11-07-01-jackson-state_w.html,https://www.sports-reference.com/cbb/boxscores/2025-11-07-01-jackson-state_w.html
11/7/25,women,mississippi-state,georgia-state,/cbb/boxscores/2025-11-07-01-mississippi-state_w.html,https://www.sports-reference.com/cbb/boxscores/2025-11-07-01-mississippi-state_w.html
11/7/25,women,youngstown-state,north-dakota,/cbb/boxscores/2025-11-07-01-north-dakota_w.html,https://www.sports-reference.com/cbb/boxscores/2025-11-07-01-north-dakota_w.html
11/7/25,women,milwaukee,northern-illinois,/cbb/boxscores/2025-11-07-01-northern-illinois_w.html,https://www.sports-reference.com/cbb/boxscores/2025-11-07-01-northern-illinois_w.html
11/7/25,women,wright-state,tennessee-state,/cbb/boxscores/2025-11-07-01-tennessee-state_w.html,https://www.sports-reference.com/cbb/boxscores/2025-11-07-01-tennessee-state_w.html
11/7/25,women,missouri-state,texas-arlington,/cbb/boxscores/2025-11-07-01-texas-arlington_w.html,https://www.sports-reference.com/cbb/boxscores/2025-11-07-01-texas-arlington_w.html
11/7/25,women,utah,utah-state,/cbb/boxscores/2025-11-07-02-utah-state_w.html,https://www.sports-reference.com/cbb/boxscores/2025-11-07-02-utah-state_w.html
11/7/25,women,oregon-state,,/cbb/boxscores/2025-11-07-03-oregon-state_w.html,https://www.sports-reference.com/cbb/boxscores/2025-11-07-03-oregon-state_w.html
11/7/25,women,saint-marys-ca,,/cbb/boxscores/2025-11-07-03-saint-marys-ca_w.html,https://www.sports-reference.com/cbb/boxscores/2025-11-07-03-saint-marys-ca_w.html
11/7/25,women,college-of-charleston,charleston-southern,/cbb/boxscores/2025-11-07-11-college-of-charleston_w.html,https://www.sports-reference.com/cbb/boxscores/2025-11-07-11-college-of-charleston_w.html
11/7/25,women,southern-illinois-edwardsville,eastern-kentucky,/cbb/boxscores/2025-11-07-12-eastern-kentucky_w.html,https://www.sports-reference.com/cbb/boxscores/2025-11-07-12-eastern-kentucky_w.html
11/7/25,women,south-dakota,air-force,/cbb/boxscores/2025-11-07-12-south-dakota_w.html,https://www.sports-reference.com/cbb/boxscores/2025-11-07-12-south-dakota_w.html
11/7/25,women,southern-mississippi,,/cbb/boxscores/2025-11-07-12-southern-mississippi_w.html,https://www.sports-reference.com/cbb/boxscores/2025-11-07-12-southern-mississippi_w.html
11/7/25,women,arkansas-state,tarleton-state,/cbb/boxscores/2025-11-07-12-tarleton-state_w.html,https://www.sports-reference.com/cbb/boxscores/2025-11-07-12-tarleton-state_w.html
11/7/25,women,california-davis,idaho,/cbb/boxscores/2025-11-07-14-california-davis_w.html,https://www.sports-reference.com/cbb/boxscores/2025-11-07-14-california-davis_w.html
11/7/25,women,liberty,east-carolina,/cbb/boxscores/2025-11-07-14-liberty_w.html,https://www.sports-reference.com/cbb/boxscores/2025-11-07-14-liberty_w.html
11/7/25,women,njit,fordham,/cbb/boxscores/2025-11-07-17-fordham_w.html,https://www.sports-reference.com/cbb/boxscores/2025-11-07-17-fordham_w.html
11/7/25,women,pennsylvania,,/cbb/boxscores/2025-11-07-17-pennsylvania_w.html,https://www.sports-reference.com/cbb/boxscores/2025-11-07-17-pennsylvania_w.html
11/7/25,women,appalachian-state,,/cbb/boxscores/2025-11-07-18-appalachian-state_w.html,https://www.sports-reference.com/cbb/boxscores/2025-11-07-18-appalachian-state_w.html
11/7/25,women,morehead-state,bellarmine,/cbb/boxscores/2025-11-07-18-bellarmine_w.html,https://www.sports-reference.com/cbb/boxscores/2025-11-07-18-bellarmine_w.html
11/7/25,women,dartmouth,boston-university,/cbb/boxscores/2025-11-07-18-boston-university_w.html,https://www.sports-reference.com/cbb/boxscores/2025-11-07-18-boston-university_w.html
11/7/25,women,bryant,cornell,/cbb/boxscores/2025-11-07-18-bryant_w.html,https://www.sports-reference.com/cbb/boxscores/2025-11-07-18-bryant_w.html
11/7/25,women,columbia,butler,/cbb/boxscores/2025-11-07-18-butler_w.html,https://www.sports-reference.com/cbb/boxscores/2025-11-07-18-butler_w.html
11/7/25,women,eastern-michigan,canisius,/cbb/boxscores/2025-11-07-18-canisius_w.html,https://www.sports-reference.com/cbb/boxscores/2025-11-07-18-canisius_w.html
11/7/25,women,,louisiana-lafayette,/cbb/boxscores/2025-11-07-18-louisiana-lafayette_w.html,https://www.sports-reference.com/cbb/boxscores/2025-11-07-18-louisiana-lafayette_w.html
11/7/25,women,st-bonaventure,niagara,/cbb/boxscores/2025-11-07-18-niagara_w.html,https://www.sports-reference.com/cbb/boxscores/2025-11-07-18-niagara_w.html
11/7/25,women,north-carolina-wilmington,north-carolina-central,/cbb/boxscores/2025-11-07-18-north-carolina-central_w.html,https://www.sports-reference.com/cbb/boxscores/2025-11-07-18-north-carolina-central_w.html
11/7/25,women,old-dominion,,/cbb/boxscores/2025-11-07-18-old-dominion_w.html,https://www.sports-reference.com/cbb/boxscores/2025-11-07-18-old-dominion_w.html
11/7/25,women,rhode-island,merrimack,/cbb/boxscores/2025-11-07-18-rhode-island_w.html,https://www.sports-reference.com/cbb/boxscores/2025-11-07-18-rhode-island_w.html
11/7/25,women,murray-state,southern-indiana,/cbb/boxscores/2025-11-07-18-southern-indiana_w.html,https://www.sports-reference.com/cbb/boxscores/2025-11-07-18-southern-indiana_w.html
11/7/25,women,xavier,ipfw,/cbb/boxscores/2025-11-07-18-xavier_w.html,https://www.sports-reference.com/cbb/boxscores/2025-11-07-18-xavier_w.html
11/7/25,women,northeastern,yale,/cbb/boxscores/2025-11-07-18-yale_w.html,https://www.sports-reference.com/cbb/boxscores/2025-11-07-18-yale_w.html
11/7/25,women,abilene-christian,incarnate-word,/cbb/boxscores/2025-11-07-19-abilene-christian_w.html,https://www.sports-reference.com/cbb/boxscores/2025-11-07-19-abilene-christian_w.html
11/7/25,women,belmont,brown,/cbb/boxscores/2025-11-07-19-belmont_w.html,https://www.sports-reference.com/cbb/boxscores/2025-11-07-19-belmont_w.html
11/7/25,women,central-arkansas,,/cbb/boxscores/2025-11-07-19-central-arkansas_w.html,https://www.sports-reference.com/cbb/boxscores/2025-11-07-19-central-arkansas_w.html
11/7/25,women,colgate,,/cbb/boxscores/2025-11-07-19-colgate_w.html,https://www.sports-reference.com/cbb/boxscores/2025-11-07-19-colgate_w.html
11/7/25,women,louisiana-monroe,louisiana-tech,/cbb/boxscores/2025-11-07-19-louisiana-monroe_w.html,https://www.sports-reference.com/cbb/boxscores/2025-11-07-19-louisiana-monroe_w.html
11/7/25,women,saint-josephs,maine,/cbb/boxscores/2025-11-07-19-maine_w.html,https://www.sports-reference.com/cbb/boxscores/2025-11-07-19-maine_w.html
11/7/25,women,drexel,marist,/cbb/boxscores/2025-11-07-19-marist_w.html,https://www.sports-reference.com/cbb/boxscores/2025-11-07-19-marist_w.html
11/7/25,women,north-texas,grambling,/cbb/boxscores/2025-11-07-19-north-texas_w.html,https://www.sports-reference.com/cbb/boxscores/2025-11-07-19-north-texas_w.html
11/7/25,women,south-florida,long-island-university,/cbb/boxscores/2025-11-07-19-south-florida_w.html,https://www.sports-reference.com/cbb/boxscores/2025-11-07-19-south-florida_w.html
11/7/25,women,syracuse,albany-ny,/cbb/boxscores/2025-11-07-19-syracuse_w.html,https://www.sports-reference.com/cbb/boxscores/2025-11-07-19-syracuse_w.html
11/7/25,women,texas-pan-american,,/cbb/boxscores/2025-11-07-19-texas-pan-american_w.html,https://www.sports-reference.com/cbb/boxscores/2025-11-07-19-texas-pan-american_w.html
11/7/25,women,west-virginia,kent-state,/cbb/boxscores/2025-11-07-19-west-virginia_w.html,https://www.sports-reference.com/cbb/boxscores/2025-11-07-19-west-virginia_w.html
11/7/25,women,memphis,arkansas-little-rock,/cbb/boxscores/2025-11-07-20-arkansas-little-rock_w.html,https://www.sports-reference.com/cbb/boxscores/2025-11-07-20-arkansas-little-rock_w.html
11/7/25,women,harvard,st-johns-ny,/cbb/boxscores/2025-11-07-20-harvard_w.html,https://www.sports-reference.com/cbb/boxscores/2025-11-07-20-harvard_w.html
11/7/25,women,minnesota,manhattan,/cbb/boxscores/2025-11-07-20-minnesota_w.html,https://www.sports-reference.com/cbb/boxscores/2025-11-07-20-minnesota_w.html
11/7/25,women,gonzaga,north-dakota-state,/cbb/boxscores/2025-11-07-20-north-dakota-state_w.html,https://www.sports-reference.com/cbb/boxscores/2025-11-07-20-north-dakota-state_w.html
11/7/25,women,south-dakota-state,rice,/cbb/boxscores/2025-11-07-20-south-dakota-state_w.html,https://www.sports-reference.com/cbb/boxscores/2025-11-07-20-south-dakota-state_w.html
11/7/25,women,fresno-state,cal-state-bakersfield,/cbb/boxscores/2025-11-07-21-cal-state-bakersfield_w.html,https://www.sports-reference.com/cbb/boxscores/2025-11-07-21-cal-state-bakersfield_w.html
11/7/25,women,california-san-diego,denver,/cbb/boxscores/2025-11-07-21-california-san-diego_w.html,https://www.sports-reference.com/cbb/boxscores/2025-11-07-21-california-san-diego_w.html
11/7/25,women,montana-state,portland,/cbb/boxscores/2025-11-07-21-portland_w.html,https://www.sports-reference.com/cbb/boxscores/2025-11-07-21-portland_w.html
11/7/25,women,wyoming,long-beach-state,/cbb/boxscores/2025-11-07-21-wyoming_w.html,https://www.sports-reference.com/cbb/boxscores/2025-11-07-21-wyoming_w.html
11/8/25,women,florida-atlantic,kennesaw-state,/cbb/boxscores/2025-11-08-00-kennesaw-state_w.html,https://www.sports-reference.com/cbb/boxscores/2025-11-08-00-kennesaw-state_w.html
11/8/25,women,massachusetts,siena,/cbb/boxscores/2025-11-08-00-massachusetts_w.html,https://www.sports-reference.com/cbb/boxscores/2025-11-08-00-massachusetts_w.html
11/8/25,women,west-georgia,gardner-webb,/cbb/boxscores/2025-11-08-00-west-georgia_w.html,https://www.sports-reference.com/cbb/boxscores/2025-11-08-00-west-georgia_w.html
11/8/25,women,winthrop,,/cbb/boxscores/2025-11-08-00-winthrop_w.html,https://www.sports-reference.com/cbb/boxscores/2025-11-08-00-winthrop_w.html
11/8/25,women,nebraska,samford,/cbb/boxscores/2025-11-08-01-nebraska_w.html,https://www.sports-reference.com/cbb/boxscores/2025-11-08-01-nebraska_w.html
11/8/25,women,kansas-state,southern-methodist,/cbb/boxscores/2025-11-08-01-southern-methodist_w.html,https://www.sports-reference.com/cbb/boxscores/2025-11-08-01-southern-methodist_w.html
11/8/25,women,arizona-state,eastern-washington,/cbb/boxscores/2025-11-08-02-arizona-state_w.html,https://www.sports-reference.com/cbb/boxscores/2025-11-08-02-arizona-state_w.html
11/8/25,women,northern-colorado,lamar,/cbb/boxscores/2025-11-08-02-northern-colorado_w.html,https://www.sports-reference.com/cbb/boxscores/2025-11-08-02-northern-colorado_w.html
11/8/25,women,oregon,montana,/cbb/boxscores/2025-11-08-03-oregon_w.html,https://www.sports-reference.com/cbb/boxscores/2025-11-08-03-oregon_w.html
11/8/25,women,high-point,wofford,/cbb/boxscores/2025-11-08-12-high-point_w.html,https://www.sports-reference.com/cbb/boxscores/2025-11-08-12-high-point_w.html
11/8/25,women,la-salle,saint-francis-pa,/cbb/boxscores/2025-11-08-12-la-salle_w.html,https://www.sports-reference.com/cbb/boxscores/2025-11-08-12-la-salle_w.html
11/8/25,women,vermont,,/cbb/boxscores/2025-11-08-12-vermont_w.html,https://www.sports-reference.com/cbb/boxscores/2025-11-08-12-vermont_w.html
11/8/25,women,detroit-mercy,valparaiso,/cbb/boxscores/2025-11-08-13-detroit-mercy_w.html,https://www.sports-reference.com/cbb/boxscores/2025-11-08-13-detroit-mercy_w.html
11/8/25,women,longwood,western-kentucky,/cbb/boxscores/2025-11-08-13-longwood_w.html,https://www.sports-reference.com/cbb/boxscores/2025-11-08-13-longwood_w.html
11/8/25,women,pittsburgh,mount-st-marys,/cbb/boxscores/2025-11-08-13-pittsburgh_w.html,https://www.sports-reference.com/cbb/boxscores/2025-11-08-13-pittsburgh_w.html
11/8/25,women,auburn,alabama-state,/cbb/boxscores/2025-11-08-14-auburn_w.html,https://www.sports-reference.com/cbb/boxscores/2025-11-08-14-auburn_w.html
11/8/25,women,howard,florida-am,/cbb/boxscores/2025-11-08-14-howard_w.html,https://www.sports-reference.com/cbb/boxscores/2025-11-08-14-howard_w.html
11/8/25,women,maryland-eastern-shore,,/cbb/boxscores/2025-11-08-14-maryland-eastern-shore_w.html,https://www.sports-reference.com/cbb/boxscores/2025-11-08-14-maryland-eastern-shore_w.html
11/8/25,women,south-alabama,alabama-birmingham,/cbb/boxscores/2025-11-08-15-alabama-birmingham_w.html,https://www.sports-reference.com/cbb/boxscores/2025-11-08-15-alabama-birmingham_w.html
11/8/25,women,marquette,wisconsin,/cbb/boxscores/2025-11-08-15-marquette_w.html,https://www.sports-reference.com/cbb/boxscores/2025-11-08-15-marquette_w.html
11/8/25,women,missouri-kansas-city,,/cbb/boxscores/2025-11-08-15-missouri-kansas-city_w.html,https://www.sports-reference.com/cbb/boxscores/2025-11-08-15-missouri-kansas-city_w.html
11/8/25,women,army,st-thomas-mn,/cbb/boxscores/2025-11-08-15-st-thomas-mn_w.html,https://www.sports-reference.com/cbb/boxscores/2025-11-08-15-st-thomas-mn_w.html
11/8/25,women,stephen-f-austin,,/cbb/boxscores/2025-11-08-15-stephen-f-austin_w.html,https://www.sports-reference.com/cbb/boxscores/2025-11-08-15-stephen-f-austin_w.html
11/8/25,women,brigham-young,san-jose-state,/cbb/boxscores/2025-11-08-16-brigham-young_w.html,https://www.sports-reference.com/cbb/boxscores/2025-11-08-16-brigham-young_w.html
11/8/25,women,dixie-state,northern-arizona,/cbb/boxscores/2025-11-08-16-dixie-state_w.html,https://www.sports-reference.com/cbb/boxscores/2025-11-08-16-dixie-state_w.html
11/8/25,women,california-baptist,pacific,/cbb/boxscores/2025-11-08-16-pacific_w.html,https://www.sports-reference.com/cbb/boxscores/2025-11-08-16-pacific_w.html
11/8/25,women,radford,,/cbb/boxscores/2025-11-08-16-radford_w.html,https://www.sports-reference.com/cbb/boxscores/2025-11-08-16-radford_w.html
11/8/25,women,southern-utah,washington-state,/cbb/boxscores/2025-11-08-16-southern-utah_w.html,https://www.sports-reference.com/cbb/boxscores/2025-11-08-16-southern-utah_w.html
11/8/25,women,weber-state,,/cbb/boxscores/2025-11-08-16-weber-state_w.html,https://www.sports-reference.com/cbb/boxscores/2025-11-08-16-weber-state_w.html
11/8/25,women,cal-state-northridge,san-diego,/cbb/boxscores/2025-11-08-17-cal-state-northridge_w.html,https://www.sports-reference.com/cbb/boxscores/2025-11-08-17-cal-state-northridge_w.html
11/8/25,women,pepperdine,,/cbb/boxscores/2025-11-08-17-pepperdine_w.html,https://www.sports-reference.com/cbb/boxscores/2025-11-08-17-pepperdine_w.html
11/8/25,women,american,delaware-state,/cbb/boxscores/2025-11-08-18-american_w.html,https://www.sports-reference.com/cbb/boxscores/2025-11-08-18-american_w.html
11/8/25,women,san-diego-state,,/cbb/boxscores/2025-11-08-18-san-diego-state_w.html,https://www.sports-reference.com/cbb/boxscores/2025-11-08-18-san-diego-state_w.html
11/8/25,women,fairfield,lehigh,/cbb/boxscores/2025-11-08-19-fairfield_w.html,https://www.sports-reference.com/cbb/boxscores/2025-11-08-19-fairfield_w.html
11/8/25,women,davidson,florida-gulf-coast,/cbb/boxscores/2025-11-08-19-florida-gulf-coast_w.html,https://www.sports-reference.com/cbb/boxscores/2025-11-08-19-florida-gulf-coast_w.html
11/8/25,women,idaho-state,grand-canyon,/cbb/boxscores/2025-11-08-20-grand-canyon_w.html,https://www.sports-reference.com/cbb/boxscores/2025-11-08-20-grand-canyon_w.html
11/8/25,women,houston,texas-san-antonio,/cbb/boxscores/2025-11-08-20-houston_w.html,https://www.sports-reference.com/cbb/boxscores/2025-11-08-20-houston_w.html
11/8/25,women,texas-el-paso,nicholls-state,/cbb/boxscores/2025-11-08-21-texas-el-paso_w.html,https://www.sports-reference.com/cbb/boxscores/2025-11-08-21-texas-el-paso_w.html
11/9/25,women,connecticut,florida-state,/cbb/boxscores/2025-11-09-00-connecticut_w.html,https://www.sports-reference.com/cbb/boxscores/2025-11-09-00-connecticut_w.html
11/9/25,women,louisiana-state,georgia-southern,/cbb/boxscores/2025-11-09-14-georgia-southern_w.html,https://www.sports-reference.com/cbb/boxscores/2025-11-09-14-georgia-southern_w.html
11/9/25,women,duke,holy-cross,/cbb/boxscores/2025-11-09-00-duke_w.html,https://www.sports-reference.com/cbb/boxscores/2025-11-09-00-duke_w.html
11/9/25,women,tennessee,tennessee-martin,/cbb/boxscores/2025-11-09-15-tennessee-martin_w.html,https://www.sports-reference.com/cbb/boxscores/2025-11-09-15-tennessee-martin_w.html
11/9/25,women,southern-california,north-carolina-state,/cbb/boxscores/2025-11-09-15-north-carolina-state_w.html,https://www.sports-reference.com/cbb/boxscores/2025-11-09-15-north-carolina-state_w.html
11/9/25,women,maryland,georgetown,/cbb/boxscores/2025-11-09-00-maryland_w.html,https://www.sports-reference.com/cbb/boxscores/2025-11-09-00-maryland_w.html
11/9/25,women,michigan,harvard,/cbb/boxscores/2025-11-09-00-michigan_w.html,https://www.sports-reference.com/cbb/boxscores/2025-11-09-00-michigan_w.html
11/9/25,women,iowa-state,sacred-heart,/cbb/boxscores/2025-11-09-14-iowa-state_w.html,https://www.sports-reference.com/cbb/boxscores/2025-11-09-14-iowa-state_w.html
11/9/25,women,notre-dame,chicago-state,/cbb/boxscores/2025-11-09-15-notre-dame_w.html,https://www.sports-reference.com/cbb/boxscores/2025-11-09-15-notre-dame_w.html
11/9/25,women,baylor,lindenwood,/cbb/boxscores/2025-11-09-15-baylor_w.html,https://www.sports-reference.com/cbb/boxscores/2025-11-09-15-baylor_w.html
11/9/25,women,texas-christian,sam-houston-state,/cbb/boxscores/2025-11-09-20-texas-christian_w.html,https://www.sports-reference.com/cbb/boxscores/2025-11-09-20-texas-christian_w.html
11/9/25,women,louisville,northern-kentucky,/cbb/boxscores/2025-11-09-00-louisville_w.html,https://www.sports-reference.com/cbb/boxscores/2025-11-09-00-louisville_w.html
11/9/25,women,iowa,evansville,/cbb/boxscores/2025-11-09-15-iowa_w.html,https://www.sports-reference.com/cbb/boxscores/2025-11-09-15-iowa_w.html
11/9/25,women,oklahoma-state,oral-roberts,/cbb/boxscores/2025-11-09-01-oklahoma-state_w.html,https://www.sports-reference.com/cbb/boxscores/2025-11-09-01-oklahoma-state_w.html
11/9/25,women,michigan-state,eastern-michigan,/cbb/boxscores/2025-11-09-14-michigan-state_w.html,https://www.sports-reference.com/cbb/boxscores/2025-11-09-14-michigan-state_w.html
11/9/25,women,kentucky,buffalo,/cbb/boxscores/2025-11-09-14-buffalo_w.html,https://www.sports-reference.com/cbb/boxscores/2025-11-09-14-buffalo_w.html
11/9/25,women,columbia,ohio,/cbb/boxscores/2025-11-09-00-ohio_w.html,https://www.sports-reference.com/cbb/boxscores/2025-11-09-00-ohio_w.html
11/9/25,women,gonzaga,toledo,/cbb/boxscores/2025-11-09-00-toledo_w.html,https://www.sports-reference.com/cbb/boxscores/2025-11-09-00-toledo_w.html
11/9/25,women,virginia,bucknell,/cbb/boxscores/2025-11-09-00-virginia_w.html,https://www.sports-reference.com/cbb/boxscores/2025-11-09-00-virginia_w.html
11/9/25,women,wake-forest,hampton,/cbb/boxscores/2025-11-09-00-wake-forest_w.html,https://www.sports-reference.com/cbb/boxscores/2025-11-09-00-wake-forest_w.html
11/9/25,women,duquesne,western-michigan,/cbb/boxscores/2025-11-09-00-western-michigan_w.html,https://www.sports-reference.com/cbb/boxscores/2025-11-09-00-western-michigan_w.html
11/9/25,women,grambling,,/cbb/boxscores/2025-11-09-01-grambling_w.html,https://www.sports-reference.com/cbb/boxscores/2025-11-09-01-grambling_w.html
11/9/25,women,illinois,illinois-state,/cbb/boxscores/2025-11-09-01-illinois_w.html,https://www.sports-reference.com/cbb/boxscores/2025-11-09-01-illinois_w.html
11/9/25,women,mississippi-state,mississippi-valley-state,/cbb/boxscores/2025-11-09-01-mississippi-state_w.html,https://www.sports-reference.com/cbb/boxscores/2025-11-09-01-mississippi-state_w.html
11/9/25,women,saint-louis,northern-iowa,/cbb/boxscores/2025-11-09-01-saint-louis_w.html,https://www.sports-reference.com/cbb/boxscores/2025-11-09-01-saint-louis_w.html
11/9/25,women,tulsa,prairie-view,/cbb/boxscores/2025-11-09-01-tulsa_w.html,https://www.sports-reference.com/cbb/boxscores/2025-11-09-01-tulsa_w.html
11/9/25,women,boise-state,san-francisco,/cbb/boxscores/2025-11-09-02-boise-state_w.html,https://www.sports-reference.com/cbb/boxscores/2025-11-09-02-boise-state_w.html
11/9/25,women,idaho,,/cbb/boxscores/2025-11-09-03-idaho_w.html,https://www.sports-reference.com/cbb/boxscores/2025-11-09-03-idaho_w.html
11/9/25,women,saint-marys-ca,,/cbb/boxscores/2025-11-09-03-saint-marys-ca_w.html,https://www.sports-reference.com/cbb/boxscores/2025-11-09-03-saint-marys-ca_w.html
11/9/25,women,california-santa-barbara,seattle,/cbb/boxscores/2025-11-09-03-seattle_w.html,https://www.sports-reference.com/cbb/boxscores/2025-11-09-03-seattle_w.html
11/9/25,women,stanford,cal-poly,/cbb/boxscores/2025-11-09-03-stanford_w.html,https://www.sports-reference.com/cbb/boxscores/2025-11-09-03-stanford_w.html
11/9/25,women,le-moyne,lafayette,/cbb/boxscores/2025-11-09-11-lafayette_w.html,https://www.sports-reference.com/cbb/boxscores/2025-11-09-11-lafayette_w.html
11/9/25,women,boston-college,massachusetts-lowell,/cbb/boxscores/2025-11-09-12-boston-college_w.html,https://www.sports-reference.com/cbb/boxscores/2025-11-09-12-boston-college_w.html
11/9/25,women,central-michigan,,/cbb/boxscores/2025-11-09-13-central-michigan_w.html,https://www.sports-reference.com/cbb/boxscores/2025-11-09-13-central-michigan_w.html
11/9/25,women,coastal-carolina,,/cbb/boxscores/2025-11-09-13-coastal-carolina_w.html,https://www.sports-reference.com/cbb/boxscores/2025-11-09-13-coastal-carolina_w.html
11/9/25,women,ball-state,iupui,/cbb/boxscores/2025-11-09-13-iupui_w.html,https://www.sports-reference.com/cbb/boxscores/2025-11-09-13-iupui_w.html
11/9/25,women,ohio-state,coppin-state,/cbb/boxscores/2025-11-09-13-ohio-state_w.html,https://www.sports-reference.com/cbb/boxscores/2025-11-09-13-ohio-state_w.html
11/9/25,women,william-mary,,/cbb/boxscores/2025-11-09-13-william-mary_w.html,https://www.sports-reference.com/cbb/boxscores/2025-11-09-13-william-mary_w.html
11/9/25,women,charlotte,central-florida,/cbb/boxscores/2025-11-09-14-central-florida_w.html,https://www.sports-reference.com/cbb/boxscores/2025-11-09-14-central-florida_w.html
11/9/25,women,princeton,georgia-tech,/cbb/boxscores/2025-11-09-14-georgia-tech_w.html,https://www.sports-reference.com/cbb/boxscores/2025-11-09-14-georgia-tech_w.html
11/9/25,women,stetson,morgan-state,/cbb/boxscores/2025-11-09-14-morgan-state_w.html,https://www.sports-reference.com/cbb/boxscores/2025-11-09-14-morgan-state_w.html
11/9/25,women,iona,new-haven,/cbb/boxscores/2025-11-09-14-new-haven_w.html,https://www.sports-reference.com/cbb/boxscores/2025-11-09-14-new-haven_w.html
11/9/25,women,stony-brook,rutgers,/cbb/boxscores/2025-11-09-14-rutgers_w.html,https://www.sports-reference.com/cbb/boxscores/2025-11-09-14-rutgers_w.html
11/9/25,women,villanova,virginia-commonwealth,/cbb/boxscores/2025-11-09-14-virginia-commonwealth_w.html,https://www.sports-reference.com/cbb/boxscores/2025-11-09-14-virginia-commonwealth_w.html
11/9/25,women,virginia-tech,loyola-md,/cbb/boxscores/2025-11-09-14-virginia-tech_w.html,https://www.sports-reference.com/cbb/boxscores/2025-11-09-14-virginia-tech_w.html
11/9/25,women,campbell,,/cbb/boxscores/2025-11-09-15-campbell_w.html,https://www.sports-reference.com/cbb/boxscores/2025-11-09-15-campbell_w.html
11/9/25,women,colorado-state,long-beach-state,/cbb/boxscores/2025-11-09-15-colorado-state_w.html,https://www.sports-reference.com/cbb/boxscores/2025-11-09-15-colorado-state_w.html
11/9/25,women,creighton,drake,/cbb/boxscores/2025-11-09-15-drake_w.html,https://www.sports-reference.com/cbb/boxscores/2025-11-09-15-drake_w.html
11/9/25,women,kansas,northwestern-state,/cbb/boxscores/2025-11-09-15-kansas_w.html,https://www.sports-reference.com/cbb/boxscores/2025-11-09-15-kansas_w.html
11/9/25,women,chattanooga,lipscomb,/cbb/boxscores/2025-11-09-15-lipscomb_w.html,https://www.sports-reference.com/cbb/boxscores/2025-11-09-15-lipscomb_w.html
11/9/25,women,new-mexico,north-carolina-at,/cbb/boxscores/2025-11-09-15-new-mexico_w.html,https://www.sports-reference.com/cbb/boxscores/2025-11-09-15-new-mexico_w.html
11/9/25,women,northwestern,southern-illinois-edwardsville,/cbb/boxscores/2025-11-09-15-northwestern_w.html,https://www.sports-reference.com/cbb/boxscores/2025-11-09-15-northwestern_w.html
11/9/25,women,tarleton-state,houston-baptist,/cbb/boxscores/2025-11-09-15-tarleton-state_w.html,https://www.sports-reference.com/cbb/boxscores/2025-11-09-15-tarleton-state_w.html
11/9/25,women,texas-am-commerce,,/cbb/boxscores/2025-11-09-15-texas-am-commerce_w.html,https://www.sports-reference.com/cbb/boxscores/2025-11-09-15-texas-am-commerce_w.html
11/9/25,women,texas-tech,texas-state,/cbb/boxscores/2025-11-09-15-texas-tech_w.html,https://www.sports-reference.com/cbb/boxscores/2025-11-09-15-texas-tech_w.html
11/9/25,women,arizona,california-irvine,/cbb/boxscores/2025-11-09-16-arizona_w.html,https://www.sports-reference.com/cbb/boxscores/2025-11-09-16-arizona_w.html
11/9/25,women,james-madison,queens-nc,/cbb/boxscores/2025-11-09-16-james-madison_w.html,https://www.sports-reference.com/cbb/boxscores/2025-11-09-16-james-madison_w.html
11/9/25,women,norfolk-state,,/cbb/boxscores/2025-11-09-16-norfolk-state_w.html,https://www.sports-reference.com/cbb/boxscores/2025-11-09-16-norfolk-state_w.html
11/9/25,women,cleveland-state,cal-state-fullerton,/cbb/boxscores/2025-11-09-17-cal-state-fullerton_w.html,https://www.sports-reference.com/cbb/boxscores/2025-11-09-17-cal-state-fullerton_w.html
11/9/25,women,loyola-marymount,denver,/cbb/boxscores/2025-11-09-17-loyola-marymount_w.html,https://www.sports-reference.com/cbb/boxscores/2025-11-09-17-loyola-marymount_w.html
11/9/25,women,nevada-las-vegas,depaul,/cbb/boxscores/2025-11-09-17-nevada-las-vegas_w.html,https://www.sports-reference.com/cbb/boxscores/2025-11-09-17-nevada-las-vegas_w.html
11/9/25,women,western-carolina,,/cbb/boxscores/2025-11-09-18-western-carolina_w.html,https://www.sports-reference.com/cbb/boxscores/2025-11-09-18-western-carolina_w.html
11/9/25,women,california,sacramento-state,/cbb/boxscores/2025-11-09-22-california_w.html,https://www.sports-reference.com/cbb/boxscores/2025-11-09-22-california_w.html
11/10/25,women,ucla,oklahoma,/cbb/boxscores/2025-11-10-22-oklahoma_w.html,https://www.sports-reference.com/cbb/boxscores/2025-11-10-22-oklahoma_w.html
11/10/25,women,texas,louisiana-lafayette,/cbb/boxscores/2025-11-10-01-texas_w.html,https://www.sports-reference.com/cbb/boxscores/2025-11-10-01-texas_w.html
11/10/25,women,vanderbilt,furman,/cbb/boxscores/2025-11-10-01-vanderbilt_w.html,https://www.sports-reference.com/cbb/boxscores/2025-11-10-01-vanderbilt_w.html
11/10/25,women,washington,montana,/cbb/boxscores/2025-11-10-03-washington_w.html,https://www.sports-reference.com/cbb/boxscores/2025-11-10-03-washington_w.html
11/10/25,women,albany-ny,dartmouth,/cbb/boxscores/2025-11-10-00-albany-ny_w.html,https://www.sports-reference.com/cbb/boxscores/2025-11-10-00-albany-ny_w.html
11/10/25,women,florida,jacksonville,/cbb/boxscores/2025-11-10-00-florida_w.html,https://www.sports-reference.com/cbb/boxscores/2025-11-10-00-florida_w.html
11/10/25,women,fordham,saint-peters,/cbb/boxscores/2025-11-10-00-fordham_w.html,https://www.sports-reference.com/cbb/boxscores/2025-11-10-00-fordham_w.html
11/10/25,women,mercer,gardner-webb,/cbb/boxscores/2025-11-10-00-mercer_w.html,https://www.sports-reference.com/cbb/boxscores/2025-11-10-00-mercer_w.html
11/10/25,women,oakland,miami-oh,/cbb/boxscores/2025-11-10-00-oakland_w.html,https://www.sports-reference.com/cbb/boxscores/2025-11-10-00-oakland_w.html
11/10/25,women,arkansas,central-arkansas,/cbb/boxscores/2025-11-10-01-arkansas_w.html,https://www.sports-reference.com/cbb/boxscores/2025-11-10-01-arkansas_w.html
11/10/25,women,wisconsin,milwaukee,/cbb/boxscores/2025-11-10-01-wisconsin_w.html,https://www.sports-reference.com/cbb/boxscores/2025-11-10-01-wisconsin_w.html
11/10/25,women,oregon-state,air-force,/cbb/boxscores/2025-11-10-03-oregon-state_w.html,https://www.sports-reference.com/cbb/boxscores/2025-11-10-03-oregon-state_w.html
11/10/25,women,elon,presbyterian,/cbb/boxscores/2025-11-10-11-elon_w.html,https://www.sports-reference.com/cbb/boxscores/2025-11-10-11-elon_w.html
11/10/25,women,north-dakota-state,,/cbb/boxscores/2025-11-10-12-north-dakota-state_w.html,https://www.sports-reference.com/cbb/boxscores/2025-11-10-12-north-dakota-state_w.html
11/10/25,women,montana-state,,/cbb/boxscores/2025-11-10-13-montana-state_w.html,https://www.sports-reference.com/cbb/boxscores/2025-11-10-13-montana-state_w.html
11/10/25,women,kent-state,,/cbb/boxscores/2025-11-10-17-kent-state_w.html,https://www.sports-reference.com/cbb/boxscores/2025-11-10-17-kent-state_w.html
11/10/25,women,colgate,new-hampshire,/cbb/boxscores/2025-11-10-18-colgate_w.html,https://www.sports-reference.com/cbb/boxscores/2025-11-10-18-colgate_w.html
11/10/25,women,pennsylvania,delaware-state,/cbb/boxscores/2025-11-10-18-delaware-state_w.html,https://www.sports-reference.com/cbb/boxscores/2025-11-10-18-delaware-state_w.html
11/10/25,women,georgia,south-carolina-upstate,/cbb/boxscores/2025-11-10-18-georgia_w.html,https://www.sports-reference.com/cbb/boxscores/2025-11-10-18-georgia_w.html
11/10/25,women,rhode-island,,/cbb/boxscores/2025-11-10-18-rhode-island_w.html,https://www.sports-reference.com/cbb/boxscores/2025-11-10-18-rhode-island_w.html
11/10/25,women,alabama-state,,/cbb/boxscores/2025-11-10-19-alabama-state_w.html,https://www.sports-reference.com/cbb/boxscores/2025-11-10-19-alabama-state_w.html
11/10/25,women,alabama,alcorn-state,/cbb/boxscores/2025-11-10-19-alabama_w.html,https://www.sports-reference.com/cbb/boxscores/2025-11-10-19-alabama_w.html
11/10/25,women,auburn,north-carolina-greensboro,/cbb/boxscores/2025-11-10-19-auburn_w.html,https://www.sports-reference.com/cbb/boxscores/2025-11-10-19-auburn_w.html
11/10/25,women,fairleigh-dickinson,,/cbb/boxscores/2025-11-10-19-fairleigh-dickinson_w.html,https://www.sports-reference.com/cbb/boxscores/2025-11-10-19-fairleigh-dickinson_w.html
11/10/25,women,george-mason,florida-am,/cbb/boxscores/2025-11-10-19-george-mason_w.html,https://www.sports-reference.com/cbb/boxscores/2025-11-10-19-george-mason_w.html
11/10/25,women,incarnate-word,,/cbb/boxscores/2025-11-10-19-incarnate-word_w.html,https://www.sports-reference.com/cbb/boxscores/2025-11-10-19-incarnate-word_w.html
11/10/25,women,kansas-state,lamar,/cbb/boxscores/2025-11-10-19-kansas-state_w.html,https://www.sports-reference.com/cbb/boxscores/2025-11-10-19-kansas-state_w.html
11/10/25,women,north-alabama,jacksonville-state,/cbb/boxscores/2025-11-10-19-north-alabama_w.html,https://www.sports-reference.com/cbb/boxscores/2025-11-10-19-north-alabama_w.html
11/10/25,women,providence,central-connecticut-state,/cbb/boxscores/2025-11-10-19-providence_w.html,https://www.sports-reference.com/cbb/boxscores/2025-11-10-19-providence_w.html
11/10/25,women,southern-mississippi,,/cbb/boxscores/2025-11-10-19-southern-mississippi_w.html,https://www.sports-reference.com/cbb/boxscores/2025-11-10-19-southern-mississippi_w.html
11/10/25,women,south-dakota,,/cbb/boxscores/2025-11-10-20-south-dakota_w.html,https://www.sports-reference.com/cbb/boxscores/2025-11-10-20-south-dakota_w.html
11/11/25,women,south-carolina,clemson,/cbb/boxscores/2025-11-11-18-south-carolina_w.html,https://www.sports-reference.com/cbb/boxscores/2025-11-11-18-south-carolina_w.html
11/11/25,women,north-carolina-state,maine,/cbb/boxscores/2025-11-11-19-north-carolina-state_w.html,https://www.sports-reference.com/cbb/boxscores/2025-11-11-19-north-carolina-state_w.html
11/11/25,women,oklahoma-state,prairie-view,/cbb/boxscores/2025-11-11-01-oklahoma-state_w.html,https://www.sports-reference.com/cbb/boxscores/2025-11-11-01-oklahoma-state_w.html
11/11/25,women,bethune-cookman,,/cbb/boxscores/2025-11-11-00-bethune-cookman_w.html,https://www.sports-reference.com/cbb/boxscores/2025-11-11-00-bethune-cookman_w.html
11/11/25,women,indiana,marshall,/cbb/boxscores/2025-11-11-00-indiana_w.html,https://www.sports-reference.com/cbb/boxscores/2025-11-11-00-indiana_w.html
11/11/25,women,towson,stetson,/cbb/boxscores/2025-11-11-00-towson_w.html,https://www.sports-reference.com/cbb/boxscores/2025-11-11-00-towson_w.html
11/11/25,women,missouri,arkansas-state,/cbb/boxscores/2025-11-11-01-missouri_w.html,https://www.sports-reference.com/cbb/boxscores/2025-11-11-01-missouri_w.html
11/11/25,women,western-illinois,northern-illinois,/cbb/boxscores/2025-11-11-01-northern-illinois_w.html,https://www.sports-reference.com/cbb/boxscores/2025-11-11-01-northern-illinois_w.html
11/11/25,women,missouri-state,southeast-missouri-state,/cbb/boxscores/2025-11-11-01-southeast-missouri-state_w.html,https://www.sports-reference.com/cbb/boxscores/2025-11-11-01-southeast-missouri-state_w.html
11/11/25,women,texas-arlington,wyoming,/cbb/boxscores/2025-11-11-01-texas-arlington_w.html,https://www.sports-reference.com/cbb/boxscores/2025-11-11-01-texas-arlington_w.html
11/11/25,women,western-kentucky,wichita-state,/cbb/boxscores/2025-11-11-01-western-kentucky_w.html,https://www.sports-reference.com/cbb/boxscores/2025-11-11-01-western-kentucky_w.html
11/11/25,women,utah,utah-valley,/cbb/boxscores/2025-11-11-02-utah_w.html,https://www.sports-reference.com/cbb/boxscores/2025-11-11-02-utah_w.html
11/11/25,women,oregon,grand-canyon,/cbb/boxscores/2025-11-11-03-oregon_w.html,https://www.sports-reference.com/cbb/boxscores/2025-11-11-03-oregon_w.html
11/11/25,women,radford,loyola-md,/cbb/boxscores/2025-11-11-11-radford_w.html,https://www.sports-reference.com/cbb/boxscores/2025-11-11-11-radford_w.html
11/11/25,women,texas-el-paso,,/cbb/boxscores/2025-11-11-13-texas-el-paso_w.html,https://www.sports-reference.com/cbb/boxscores/2025-11-11-13-texas-el-paso_w.html
11/11/25,women,boston-university,northeastern,/cbb/boxscores/2025-11-11-14-northeastern_w.html,https://www.sports-reference.com/cbb/boxscores/2025-11-11-14-northeastern_w.html
11/11/25,women,stonehill,niagara,/cbb/boxscores/2025-11-11-14-stonehill_w.html,https://www.sports-reference.com/cbb/boxscores/2025-11-11-14-stonehill_w.html
11/11/25,women,utah-state,cal-state-bakersfield,/cbb/boxscores/2025-11-11-16-cal-state-bakersfield_w.html,https://www.sports-reference.com/cbb/boxscores/2025-11-11-16-cal-state-bakersfield_w.html
11/11/25,women,duquesne,,/cbb/boxscores/2025-11-11-17-duquesne_w.html,https://www.sports-reference.com/cbb/boxscores/2025-11-11-17-duquesne_w.html
11/11/25,women,st-johns-ny,quinnipiac,/cbb/boxscores/2025-11-11-17-quinnipiac_w.html,https://www.sports-reference.com/cbb/boxscores/2025-11-11-17-quinnipiac_w.html
11/11/25,women,st-bonaventure,binghamton,/cbb/boxscores/2025-11-11-18-binghamton_w.html,https://www.sports-reference.com/cbb/boxscores/2025-11-11-18-binghamton_w.html
11/11/25,women,east-carolina,charleston-southern,/cbb/boxscores/2025-11-11-18-east-carolina_w.html,https://www.sports-reference.com/cbb/boxscores/2025-11-11-18-east-carolina_w.html
11/11/25,women,howard,george-washington,/cbb/boxscores/2025-11-11-18-george-washington_w.html,https://www.sports-reference.com/cbb/boxscores/2025-11-11-18-george-washington_w.html
11/11/25,women,la-salle,lehigh,/cbb/boxscores/2025-11-11-18-lehigh_w.html,https://www.sports-reference.com/cbb/boxscores/2025-11-11-18-lehigh_w.html
11/11/25,women,maryland-eastern-shore,monmouth,/cbb/boxscores/2025-11-11-18-maryland-eastern-shore_w.html,https://www.sports-reference.com/cbb/boxscores/2025-11-11-18-maryland-eastern-shore_w.html
11/11/25,women,massachusetts,harvard,/cbb/boxscores/2025-11-11-18-massachusetts_w.html,https://www.sports-reference.com/cbb/boxscores/2025-11-11-18-massachusetts_w.html
11/11/25,women,njit,wagner,/cbb/boxscores/2025-11-11-18-njit_w.html,https://www.sports-reference.com/cbb/boxscores/2025-11-11-18-njit_w.html
11/11/25,women,pittsburgh,cornell,/cbb/boxscores/2025-11-11-18-pittsburgh_w.html,https://www.sports-reference.com/cbb/boxscores/2025-11-11-18-pittsburgh_w.html
11/11/25,women,dayton,xavier,/cbb/boxscores/2025-11-11-18-xavier_w.html,https://www.sports-reference.com/cbb/boxscores/2025-11-11-18-xavier_w.html
11/11/25,women,hofstra,yale,/cbb/boxscores/2025-11-11-18-yale_w.html,https://www.sports-reference.com/cbb/boxscores/2025-11-11-18-yale_w.html
11/11/25,women,abilene-christian,texas-pan-american,/cbb/boxscores/2025-11-11-19-abilene-christian_w.html,https://www.sports-reference.com/cbb/boxscores/2025-11-11-19-abilene-christian_w.html
11/11/25,women,green-bay,north-dakota,/cbb/boxscores/2025-11-11-19-green-bay_w.html,https://www.sports-reference.com/cbb/boxscores/2025-11-11-19-green-bay_w.html
11/11/25,women,rice,houston,/cbb/boxscores/2025-11-11-19-houston_w.html,https://www.sports-reference.com/cbb/boxscores/2025-11-11-19-houston_w.html
11/11/25,women,indiana-state,eastern-illinois,/cbb/boxscores/2025-11-11-19-indiana-state_w.html,https://www.sports-reference.com/cbb/boxscores/2025-11-11-19-indiana-state_w.html
11/11/25,women,long-island-university,,/cbb/boxscores/2025-11-11-19-long-island-university_w.html,https://www.sports-reference.com/cbb/boxscores/2025-11-11-19-long-island-university_w.html
11/11/25,women,louisiana-monroe,grambling,/cbb/boxscores/2025-11-11-19-louisiana-monroe_w.html,https://www.sports-reference.com/cbb/boxscores/2025-11-11-19-louisiana-monroe_w.html
11/11/25,women,louisiana-tech,,/cbb/boxscores/2025-11-11-19-louisiana-tech_w.html,https://www.sports-reference.com/cbb/boxscores/2025-11-11-19-louisiana-tech_w.html
11/11/25,women,bryant,marist,/cbb/boxscores/2025-11-11-19-marist_w.html,https://www.sports-reference.com/cbb/boxscores/2025-11-11-19-marist_w.html
11/11/25,women,new-mexico-state,,/cbb/boxscores/2025-11-11-19-new-mexico-state_w.html,https://www.sports-reference.com/cbb/boxscores/2025-11-11-19-new-mexico-state_w.html
11/11/25,women,saint-josephs,cincinnati,/cbb/boxscores/2025-11-11-19-saint-josephs_w.html,https://www.sports-reference.com/cbb/boxscores/2025-11-11-19-saint-josephs_w.html
11/11/25,women,south-carolina-state,,/cbb/boxscores/2025-11-11-19-south-carolina-state_w.html,https://www.sports-reference.com/cbb/boxscores/2025-11-11-19-south-carolina-state_w.html
11/11/25,women,syracuse,canisius,/cbb/boxscores/2025-11-11-19-syracuse_w.html,https://www.sports-reference.com/cbb/boxscores/2025-11-11-19-syracuse_w.html
11/11/25,women,tennessee-tech,middle-tennessee,/cbb/boxscores/2025-11-11-19-tennessee-tech_w.html,https://www.sports-reference.com/cbb/boxscores/2025-11-11-19-tennessee-tech_w.html
11/11/25,women,west-virginia,temple,/cbb/boxscores/2025-11-11-19-west-virginia_w.html,https://www.sports-reference.com/cbb/boxscores/2025-11-11-19-west-virginia_w.html
11/11/25,women,georgia-state,wofford,/cbb/boxscores/2025-11-11-19-wofford_w.html,https://www.sports-reference.com/cbb/boxscores/2025-11-11-19-wofford_w.html
11/11/25,women,minnesota,marquette,/cbb/boxscores/2025-11-11-20-minnesota_w.html,https://www.sports-reference.com/cbb/boxscores/2025-11-11-20-minnesota_w.html
11/11/25,women,northern-arizona,,/cbb/boxscores/2025-11-11-20-northern-arizona_w.html,https://www.sports-reference.com/cbb/boxscores/2025-11-11-20-northern-arizona_w.html
11/11/25,women,northern-colorado,,/cbb/boxscores/2025-11-11-20-northern-colorado_w.html,https://www.sports-reference.com/cbb/boxscores/2025-11-11-20-northern-colorado_w.html
11/11/25,women,memphis,south-alabama,/cbb/boxscores/2025-11-11-20-south-alabama_w.html,https://www.sports-reference.com/cbb/boxscores/2025-11-11-20-south-alabama_w.html
11/11/25,women,south-dakota-state,murray-state,/cbb/boxscores/2025-11-11-20-south-dakota-state_w.html,https://www.sports-reference.com/cbb/boxscores/2025-11-11-20-south-dakota-state_w.html
11/11/25,women,santa-clara,texas-am-corpus-christi,/cbb/boxscores/2025-11-11-20-texas-am-corpus-christi_w.html,https://www.sports-reference.com/cbb/boxscores/2025-11-11-20-texas-am-corpus-christi_w.html
11/11/25,women,fresno-state,seattle,/cbb/boxscores/2025-11-11-21-fresno-state_w.html,https://www.sports-reference.com/cbb/boxscores/2025-11-11-21-fresno-state_w.html
11/11/25,women,portland,,/cbb/boxscores/2025-11-11-21-portland_w.html,https://www.sports-reference.com/cbb/boxscores/2025-11-11-21-portland_w.html
11/11/25,women,california,pacific,/cbb/boxscores/2025-11-11-22-california_w.html,https://www.sports-reference.com/cbb/boxscores/2025-11-11-22-california_w.html
11/11/25,women,portland-state,,/cbb/boxscores/2025-11-11-22-portland-state_w.html,https://www.sports-reference.com/cbb/boxscores/2025-11-11-22-portland-state_w.html
11/12/25,women,connecticut,loyola-il,/cbb/boxscores/2025-11-12-19-connecticut_w.html,https://www.sports-reference.com/cbb/boxscores/2025-11-12-19-connecticut_w.html
11/12/25,women,louisiana-state,charlotte,/cbb/boxscores/2025-11-12-20-louisiana-state_w.html,https://www.sports-reference.com/cbb/boxscores/2025-11-12-20-louisiana-state_w.html
11/12/25,women,oklahoma,missouri-kansas-city,/cbb/boxscores/2025-11-12-01-oklahoma_w.html,https://www.sports-reference.com/cbb/boxscores/2025-11-12-01-oklahoma_w.html
11/12/25,women,mississippi,southern,/cbb/boxscores/2025-11-12-19-mississippi_w.html,https://www.sports-reference.com/cbb/boxscores/2025-11-12-19-mississippi_w.html
11/12/25,women,duke,norfolk-state,/cbb/boxscores/2025-11-12-19-duke_w.html,https://www.sports-reference.com/cbb/boxscores/2025-11-12-19-duke_w.html
11/12/25,women,iowa-state,valparaiso,/cbb/boxscores/2025-11-12-19-iowa-state_w.html,https://www.sports-reference.com/cbb/boxscores/2025-11-12-19-iowa-state_w.html
11/12/25,women,texas-christian,tennessee-state,/cbb/boxscores/2025-11-12-19-texas-christian_w.html,https://www.sports-reference.com/cbb/boxscores/2025-11-12-19-texas-christian_w.html
11/12/25,women,notre-dame,akron,/cbb/boxscores/2025-11-12-19-notre-dame_w.html,https://www.sports-reference.com/cbb/boxscores/2025-11-12-19-notre-dame_w.html
11/12/25,women,vanderbilt,austin-peay,/cbb/boxscores/2025-11-12-19-austin-peay_w.html,https://www.sports-reference.com/cbb/boxscores/2025-11-12-19-austin-peay_w.html
11/12/25,women,louisville,colorado,/cbb/boxscores/2025-11-12-00-louisville_w.html,https://www.sports-reference.com/cbb/boxscores/2025-11-12-00-louisville_w.html
11/12/25,women,kentucky,south-carolina-upstate,/cbb/boxscores/2025-11-12-18-kentucky_w.html,https://www.sports-reference.com/cbb/boxscores/2025-11-12-18-kentucky_w.html
11/12/25,women,michigan-state,youngstown-state,/cbb/boxscores/2025-11-12-18-michigan-state_w.html,https://www.sports-reference.com/cbb/boxscores/2025-11-12-18-michigan-state_w.html
11/12/25,women,boston-college,rider,/cbb/boxscores/2025-11-12-00-boston-college_w.html,https://www.sports-reference.com/cbb/boxscores/2025-11-12-00-boston-college_w.html
11/12/25,women,central-michigan,butler,/cbb/boxscores/2025-11-12-00-butler_w.html,https://www.sports-reference.com/cbb/boxscores/2025-11-12-00-butler_w.html
11/12/25,women,kennesaw-state,east-tennessee-state,/cbb/boxscores/2025-11-12-00-east-tennessee-state_w.html,https://www.sports-reference.com/cbb/boxscores/2025-11-12-00-east-tennessee-state_w.html
11/12/25,women,florida-state,nicholls-state,/cbb/boxscores/2025-11-12-00-florida-state_w.html,https://www.sports-reference.com/cbb/boxscores/2025-11-12-00-florida-state_w.html
11/12/25,women,fordham,stony-brook,/cbb/boxscores/2025-11-12-00-fordham_w.html,https://www.sports-reference.com/cbb/boxscores/2025-11-12-00-fordham_w.html
11/12/25,women,holy-cross,brown,/cbb/boxscores/2025-11-12-00-holy-cross_w.html,https://www.sports-reference.com/cbb/boxscores/2025-11-12-00-holy-cross_w.html
11/12/25,women,penn-state,coppin-state,/cbb/boxscores/2025-11-12-00-penn-state_w.html,https://www.sports-reference.com/cbb/boxscores/2025-11-12-00-penn-state_w.html
11/12/25,women,alabama-birmingham,alabama-am,/cbb/boxscores/2025-11-12-01-alabama-birmingham_w.html,https://www.sports-reference.com/cbb/boxscores/2025-11-12-01-alabama-birmingham_w.html
11/12/25,women,alcorn-state,,/cbb/boxscores/2025-11-12-01-alcorn-state_w.html,https://www.sports-reference.com/cbb/boxscores/2025-11-12-01-alcorn-state_w.html
11/12/25,women,illinois-state,chicago-state,/cbb/boxscores/2025-11-12-01-illinois-state_w.html,https://www.sports-reference.com/cbb/boxscores/2025-11-12-01-illinois-state_w.html
11/12/25,women,southern-indiana,saint-louis,/cbb/boxscores/2025-11-12-01-saint-louis_w.html,https://www.sports-reference.com/cbb/boxscores/2025-11-12-01-saint-louis_w.html
11/12/25,women,troy,chattanooga,/cbb/boxscores/2025-11-12-01-troy_w.html,https://www.sports-reference.com/cbb/boxscores/2025-11-12-01-troy_w.html
11/12/25,women,new-mexico,new-orleans,/cbb/boxscores/2025-11-12-02-new-mexico_w.html,https://www.sports-reference.com/cbb/boxscores/2025-11-12-02-new-mexico_w.html
11/12/25,women,delaware-state,,/cbb/boxscores/2025-11-12-11-delaware-state_w.html,https://www.sports-reference.com/cbb/boxscores/2025-11-12-11-delaware-state_w.html
11/12/25,women,tulane,north-florida,/cbb/boxscores/2025-11-12-12-tulane_w.html,https://www.sports-reference.com/cbb/boxscores/2025-11-12-12-tulane_w.html
11/12/25,women,vermont,buffalo,/cbb/boxscores/2025-11-12-17-vermont_w.html,https://www.sports-reference.com/cbb/boxscores/2025-11-12-17-vermont_w.html
11/12/25,women,davidson,appalachian-state,/cbb/boxscores/2025-11-12-18-appalachian-state_w.html,https://www.sports-reference.com/cbb/boxscores/2025-11-12-18-appalachian-state_w.html
11/12/25,women,ball-state,northern-kentucky,/cbb/boxscores/2025-11-12-18-ball-state_w.html,https://www.sports-reference.com/cbb/boxscores/2025-11-12-18-ball-state_w.html
11/12/25,women,bradley,depaul,/cbb/boxscores/2025-11-12-18-bradley_w.html,https://www.sports-reference.com/cbb/boxscores/2025-11-12-18-bradley_w.html
11/12/25,women,bucknell,mount-st-marys,/cbb/boxscores/2025-11-12-18-bucknell_w.html,https://www.sports-reference.com/cbb/boxscores/2025-11-12-18-bucknell_w.html
11/12/25,women,dartmouth,,/cbb/boxscores/2025-11-12-18-dartmouth_w.html,https://www.sports-reference.com/cbb/boxscores/2025-11-12-18-dartmouth_w.html
11/12/25,women,drexel,pennsylvania,/cbb/boxscores/2025-11-12-18-drexel_w.html,https://www.sports-reference.com/cbb/boxscores/2025-11-12-18-drexel_w.html
11/12/25,women,james-madison,liberty,/cbb/boxscores/2025-11-12-18-james-madison_w.html,https://www.sports-reference.com/cbb/boxscores/2025-11-12-18-james-madison_w.html
11/12/25,women,morgan-state,,/cbb/boxscores/2025-11-12-18-morgan-state_w.html,https://www.sports-reference.com/cbb/boxscores/2025-11-12-18-morgan-state_w.html
11/12/25,women,new-haven,,/cbb/boxscores/2025-11-12-18-new-haven_w.html,https://www.sports-reference.com/cbb/boxscores/2025-11-12-18-new-haven_w.html
11/12/25,women,old-dominion,delaware,/cbb/boxscores/2025-11-12-18-old-dominion_w.html,https://www.sports-reference.com/cbb/boxscores/2025-11-12-18-old-dominion_w.html
11/12/25,women,sam-houston-state,arkansas-pine-bluff,/cbb/boxscores/2025-11-12-19-arkansas-pine-bluff_w.html,https://www.sports-reference.com/cbb/boxscores/2025-11-12-19-arkansas-pine-bluff_w.html
11/12/25,women,campbell,western-carolina,/cbb/boxscores/2025-11-12-19-campbell_w.html,https://www.sports-reference.com/cbb/boxscores/2025-11-12-19-campbell_w.html
11/12/25,women,cleveland-state,,/cbb/boxscores/2025-11-12-19-cleveland-state_w.html,https://www.sports-reference.com/cbb/boxscores/2025-11-12-19-cleveland-state_w.html
11/12/25,women,eastern-kentucky,evansville,/cbb/boxscores/2025-11-12-19-eastern-kentucky_w.html,https://www.sports-reference.com/cbb/boxscores/2025-11-12-19-eastern-kentucky_w.html
11/12/25,women,high-point,merrimack,/cbb/boxscores/2025-11-12-19-high-point_w.html,https://www.sports-reference.com/cbb/boxscores/2025-11-12-19-high-point_w.html
11/12/25,women,ipfw,purdue,/cbb/boxscores/2025-11-12-19-ipfw_w.html,https://www.sports-reference.com/cbb/boxscores/2025-11-12-19-ipfw_w.html
11/12/25,women,kansas,lamar,/cbb/boxscores/2025-11-12-19-kansas_w.html,https://www.sports-reference.com/cbb/boxscores/2025-11-12-19-kansas_w.html
11/12/25,women,fairleigh-dickinson,manhattan,/cbb/boxscores/2025-11-12-19-manhattan_w.html,https://www.sports-reference.com/cbb/boxscores/2025-11-12-19-manhattan_w.html
11/12/25,women,navy,longwood,/cbb/boxscores/2025-11-12-19-navy_w.html,https://www.sports-reference.com/cbb/boxscores/2025-11-12-19-navy_w.html
11/12/25,women,north-carolina-at,,/cbb/boxscores/2025-11-12-19-north-carolina-at_w.html,https://www.sports-reference.com/cbb/boxscores/2025-11-12-19-north-carolina-at_w.html
11/12/25,women,coastal-carolina,north-carolina-wilmington,/cbb/boxscores/2025-11-12-19-north-carolina-wilmington_w.html,https://www.sports-reference.com/cbb/boxscores/2025-11-12-19-north-carolina-wilmington_w.html
11/12/25,women,texas-southern,,/cbb/boxscores/2025-11-12-19-texas-southern_w.html,https://www.sports-reference.com/cbb/boxscores/2025-11-12-19-texas-southern_w.html
11/12/25,women,princeton,villanova,/cbb/boxscores/2025-11-12-19-villanova_w.html,https://www.sports-reference.com/cbb/boxscores/2025-11-12-19-villanova_w.html
11/12/25,women,richmond,william-mary,/cbb/boxscores/2025-11-12-19-william-mary_w.html,https://www.sports-reference.com/cbb/boxscores/2025-11-12-19-william-mary_w.html
11/12/25,women,wisconsin,bowling-green-state,/cbb/boxscores/2025-11-12-19-wisconsin_w.html,https://www.sports-reference.com/cbb/boxscores/2025-11-12-19-wisconsin_w.html
11/12/25,women,wright-state,,/cbb/boxscores/2025-11-12-19-wright-state_w.html,https://www.sports-reference.com/cbb/boxscores/2025-11-12-19-wright-state_w.html
11/12/25,women,california-davis,weber-state,/cbb/boxscores/2025-11-12-20-weber-state_w.html,https://www.sports-reference.com/cbb/boxscores/2025-11-12-20-weber-state_w.html
11/12/25,women,sacramento-state,california-san-diego,/cbb/boxscores/2025-11-12-21-california-san-diego_w.html,https://www.sports-reference.com/cbb/boxscores/2025-11-12-21-california-san-diego_w.html
11/12/25,women,dixie-state,nebraska-omaha,/cbb/boxscores/2025-11-12-21-dixie-state_w.html,https://www.sports-reference.com/cbb/boxscores/2025-11-12-21-dixie-state_w.html
11/12/25,women,idaho-state,california-irvine,/cbb/boxscores/2025-11-12-21-idaho-state_w.html,https://www.sports-reference.com/cbb/boxscores/2025-11-12-21-idaho-state_w.html
11/12/25,women,california-baptist,long-beach-state,/cbb/boxscores/2025-11-12-21-long-beach-state_w.html,https://www.sports-reference.com/cbb/boxscores/2025-11-12-21-long-beach-state_w.html
11/12/25,women,nebraska,creighton,/cbb/boxscores/2025-11-12-21-nebraska_w.html,https://www.sports-reference.com/cbb/boxscores/2025-11-12-21-nebraska_w.html
11/12/25,women,san-diego-state,cal-state-northridge,/cbb/boxscores/2025-11-12-21-san-diego-state_w.html,https://www.sports-reference.com/cbb/boxscores/2025-11-12-21-san-diego-state_w.html
11/12/25,women,cal-state-fullerton,,/cbb/boxscores/2025-11-12-22-cal-state-fullerton_w.html,https://www.sports-reference.com/cbb/boxscores/2025-11-12-22-cal-state-fullerton_w.html
11/13/25,women,ucla,north-carolina,/cbb/boxscores/2025-11-13-21-north-carolina_w.html,https://www.sports-reference.com/cbb/boxscores/2025-11-13-21-north-carolina_w.html
11/13/25,women,maryland,towson,/cbb/boxscores/2025-11-13-00-maryland_w.html,https://www.sports-reference.com/cbb/boxscores/2025-11-13-00-maryland_w.html
11/13/25,women,tennessee,belmont,/cbb/boxscores/2025-11-13-19-tennessee_w.html,https://www.sports-reference.com/cbb/boxscores/2025-11-13-19-tennessee_w.html
11/13/25,women,iowa,drake,/cbb/boxscores/2025-11-13-20-iowa_w.html,https://www.sports-reference.com/cbb/boxscores/2025-11-13-20-iowa_w.html
11/13/25,women,florida,samford,/cbb/boxscores/2025-11-13-00-florida_w.html,https://www.sports-reference.com/cbb/boxscores/2025-11-13-00-florida_w.html
11/13/25,women,furman,georgia-state,/cbb/boxscores/2025-11-13-00-furman_w.html,https://www.sports-reference.com/cbb/boxscores/2025-11-13-00-furman_w.html
11/13/25,women,georgia-tech,charleston-southern,/cbb/boxscores/2025-11-13-00-georgia-tech_w.html,https://www.sports-reference.com/cbb/boxscores/2025-11-13-00-georgia-tech_w.html
11/13/25,women,miami-oh,,/cbb/boxscores/2025-11-13-00-miami-oh_w.html,https://www.sports-reference.com/cbb/boxscores/2025-11-13-00-miami-oh_w.html
11/13/25,women,robert-morris,saint-francis-pa,/cbb/boxscores/2025-11-13-00-saint-francis-pa_w.html,https://www.sports-reference.com/cbb/boxscores/2025-11-13-00-saint-francis-pa_w.html
11/13/25,women,maryland-baltimore-county,virginia,/cbb/boxscores/2025-11-13-00-virginia_w.html,https://www.sports-reference.com/cbb/boxscores/2025-11-13-00-virginia_w.html
11/13/25,women,wake-forest,mercer,/cbb/boxscores/2025-11-13-00-wake-forest_w.html,https://www.sports-reference.com/cbb/boxscores/2025-11-13-00-wake-forest_w.html
11/13/25,women,arkansas,southeastern-louisiana,/cbb/boxscores/2025-11-13-01-arkansas_w.html,https://www.sports-reference.com/cbb/boxscores/2025-11-13-01-arkansas_w.html
11/13/25,women,southern-mississippi,jacksonville-state,/cbb/boxscores/2025-11-13-01-jacksonville-state_w.html,https://www.sports-reference.com/cbb/boxscores/2025-11-13-01-jacksonville-state_w.html
11/13/25,women,western-michigan,milwaukee,/cbb/boxscores/2025-11-13-01-milwaukee_w.html,https://www.sports-reference.com/cbb/boxscores/2025-11-13-01-milwaukee_w.html
11/13/25,women,mississippi-state,jackson-state,/cbb/boxscores/2025-11-13-01-mississippi-state_w.html,https://www.sports-reference.com/cbb/boxscores/2025-11-13-01-mississippi-state_w.html
11/13/25,women,texas-san-antonio,texas-state,/cbb/boxscores/2025-11-13-01-texas-san-antonio_w.html,https://www.sports-reference.com/cbb/boxscores/2025-11-13-01-texas-san-antonio_w.html
11/13/25,women,southern-utah,eastern-washington,/cbb/boxscores/2025-11-13-03-eastern-washington_w.html,https://www.sports-reference.com/cbb/boxscores/2025-11-13-03-eastern-washington_w.html
11/13/25,women,colorado-state,gonzaga,/cbb/boxscores/2025-11-13-03-gonzaga_w.html,https://www.sports-reference.com/cbb/boxscores/2025-11-13-03-gonzaga_w.html
11/13/25,women,nevada,loyola-marymount,/cbb/boxscores/2025-11-13-03-nevada_w.html,https://www.sports-reference.com/cbb/boxscores/2025-11-13-03-nevada_w.html
11/13/25,women,ohio,morehead-state,/cbb/boxscores/2025-11-13-11-ohio_w.html,https://www.sports-reference.com/cbb/boxscores/2025-11-13-11-ohio_w.html
11/13/25,women,rutgers,rhode-island,/cbb/boxscores/2025-11-13-11-rutgers_w.html,https://www.sports-reference.com/cbb/boxscores/2025-11-13-11-rutgers_w.html
11/13/25,women,auburn,mississippi-valley-state,/cbb/boxscores/2025-11-13-12-auburn_w.html,https://www.sports-reference.com/cbb/boxscores/2025-11-13-12-auburn_w.html
11/13/25,women,green-bay,new-hampshire,/cbb/boxscores/2025-11-13-12-green-bay_w.html,https://www.sports-reference.com/cbb/boxscores/2025-11-13-12-green-bay_w.html
11/13/25,women,texas-am,tarleton-state,/cbb/boxscores/2025-11-13-12-texas-am_w.html,https://www.sports-reference.com/cbb/boxscores/2025-11-13-12-texas-am_w.html
11/13/25,women,south-dakota,kansas-state,/cbb/boxscores/2025-11-13-17-kansas-state_w.html,https://www.sports-reference.com/cbb/boxscores/2025-11-13-17-kansas-state_w.html
11/13/25,women,army,siena,/cbb/boxscores/2025-11-13-18-army_w.html,https://www.sports-reference.com/cbb/boxscores/2025-11-13-18-army_w.html
11/13/25,women,fairfield,south-florida,/cbb/boxscores/2025-11-13-18-fairfield_w.html,https://www.sports-reference.com/cbb/boxscores/2025-11-13-18-fairfield_w.html
11/13/25,women,north-carolina-central,north-carolina-asheville,/cbb/boxscores/2025-11-13-18-north-carolina-central_w.html,https://www.sports-reference.com/cbb/boxscores/2025-11-13-18-north-carolina-central_w.html
11/13/25,women,ohio-state,bellarmine,/cbb/boxscores/2025-11-13-18-ohio-state_w.html,https://www.sports-reference.com/cbb/boxscores/2025-11-13-18-ohio-state_w.html
11/13/25,women,stonehill,rider,/cbb/boxscores/2025-11-13-18-stonehill_w.html,https://www.sports-reference.com/cbb/boxscores/2025-11-13-18-stonehill_w.html
11/13/25,women,virginia-tech,gardner-webb,/cbb/boxscores/2025-11-13-18-virginia-tech_w.html,https://www.sports-reference.com/cbb/boxscores/2025-11-13-18-virginia-tech_w.html
11/13/25,women,sacred-heart,central-connecticut-state,/cbb/boxscores/2025-11-13-19-central-connecticut-state_w.html,https://www.sports-reference.com/cbb/boxscores/2025-11-13-19-central-connecticut-state_w.html
11/13/25,women,clemson,american,/cbb/boxscores/2025-11-13-19-clemson_w.html,https://www.sports-reference.com/cbb/boxscores/2025-11-13-19-clemson_w.html
11/13/25,women,florida-gulf-coast,,/cbb/boxscores/2025-11-13-19-florida-gulf-coast_w.html,https://www.sports-reference.com/cbb/boxscores/2025-11-13-19-florida-gulf-coast_w.html
11/13/25,women,lindenwood,oral-roberts,/cbb/boxscores/2025-11-13-19-lindenwood_w.html,https://www.sports-reference.com/cbb/boxscores/2025-11-13-19-lindenwood_w.html
11/13/25,women,lipscomb,,/cbb/boxscores/2025-11-13-19-lipscomb_w.html,https://www.sports-reference.com/cbb/boxscores/2025-11-13-19-lipscomb_w.html
11/13/25,women,miami-fl,florida-atlantic,/cbb/boxscores/2025-11-13-19-miami-fl_w.html,https://www.sports-reference.com/cbb/boxscores/2025-11-13-19-miami-fl_w.html
11/13/25,women,north-texas,,/cbb/boxscores/2025-11-13-19-north-texas_w.html,https://www.sports-reference.com/cbb/boxscores/2025-11-13-19-north-texas_w.html
11/13/25,women,georgia,south-carolina-state,/cbb/boxscores/2025-11-13-19-south-carolina-state_w.html,https://www.sports-reference.com/cbb/boxscores/2025-11-13-19-south-carolina-state_w.html
11/13/25,women,texas-tech,southern-methodist,/cbb/boxscores/2025-11-13-19-texas-tech_w.html,https://www.sports-reference.com/cbb/boxscores/2025-11-13-19-texas-tech_w.html
11/13/25,women,tulsa,houston-baptist,/cbb/boxscores/2025-11-13-19-tulsa_w.html,https://www.sports-reference.com/cbb/boxscores/2025-11-13-19-tulsa_w.html
11/13/25,women,west-georgia,alabama-state,/cbb/boxscores/2025-11-13-19-west-georgia_w.html,https://www.sports-reference.com/cbb/boxscores/2025-11-13-19-west-georgia_w.html
11/13/25,women,illinois-chicago,northern-illinois,/cbb/boxscores/2025-11-13-20-illinois-chicago_w.html,https://www.sports-reference.com/cbb/boxscores/2025-11-13-20-illinois-chicago_w.html
11/13/25,women,lafayette,saint-peters,/cbb/boxscores/2025-11-13-20-lafayette_w.html,https://www.sports-reference.com/cbb/boxscores/2025-11-13-20-lafayette_w.html
11/13/25,women,brigham-young,nebraska-omaha,/cbb/boxscores/2025-11-13-21-brigham-young_w.html,https://www.sports-reference.com/cbb/boxscores/2025-11-13-21-brigham-young_w.html
11/13/25,women,arizona-state,san-diego,/cbb/boxscores/2025-11-13-21-san-diego_w.html,https://www.sports-reference.com/cbb/boxscores/2025-11-13-21-san-diego_w.html
11/14/25,women,oklahoma,north-alabama,/cbb/boxscores/2025-11-14-01-oklahoma_w.html,https://www.sports-reference.com/cbb/boxscores/2025-11-14-01-oklahoma_w.html
11/14/25,women,baylor,nevada-las-vegas,/cbb/boxscores/2025-11-14-21-nevada-las-vegas_w.html,https://www.sports-reference.com/cbb/boxscores/2025-11-14-21-nevada-las-vegas_w.html
11/14/25,women,west-virginia,duke,/cbb/boxscores/2025-11-14-19-west-virginia_w.html,https://www.sports-reference.com/cbb/boxscores/2025-11-14-19-west-virginia_w.html
11/14/25,women,college-of-charleston,iona,/cbb/boxscores/2025-11-14-00-college-of-charleston_w.html,https://www.sports-reference.com/cbb/boxscores/2025-11-14-00-college-of-charleston_w.html
11/14/25,women,george-mason,georgetown,/cbb/boxscores/2025-11-14-00-george-mason_w.html,https://www.sports-reference.com/cbb/boxscores/2025-11-14-00-george-mason_w.html
11/14/25,women,hawaii,,/cbb/boxscores/2025-11-14-00-hawaii_w.html,https://www.sports-reference.com/cbb/boxscores/2025-11-14-00-hawaii_w.html
11/14/25,women,north-carolina-greensboro,presbyterian,/cbb/boxscores/2025-11-14-00-presbyterian_w.html,https://www.sports-reference.com/cbb/boxscores/2025-11-14-00-presbyterian_w.html
11/14/25,women,temple,la-salle,/cbb/boxscores/2025-11-14-00-temple_w.html,https://www.sports-reference.com/cbb/boxscores/2025-11-14-00-temple_w.html
11/14/25,women,virginia-commonwealth,maine,/cbb/boxscores/2025-11-14-00-virginia-commonwealth_w.html,https://www.sports-reference.com/cbb/boxscores/2025-11-14-00-virginia-commonwealth_w.html
11/14/25,women,nicholls-state,louisiana-lafayette,/cbb/boxscores/2025-11-14-01-nicholls-state_w.html,https://www.sports-reference.com/cbb/boxscores/2025-11-14-01-nicholls-state_w.html
11/14/25,women,eastern-michigan,st-thomas-mn,/cbb/boxscores/2025-11-14-01-st-thomas-mn_w.html,https://www.sports-reference.com/cbb/boxscores/2025-11-14-01-st-thomas-mn_w.html
11/14/25,women,indiana-state,western-kentucky,/cbb/boxscores/2025-11-14-01-western-kentucky_w.html,https://www.sports-reference.com/cbb/boxscores/2025-11-14-01-western-kentucky_w.html
11/14/25,women,oregon-state,illinois,/cbb/boxscores/2025-11-14-03-oregon-state_w.html,https://www.sports-reference.com/cbb/boxscores/2025-11-14-03-oregon-state_w.html
11/14/25,women,seton-hall,san-francisco,/cbb/boxscores/2025-11-14-03-san-francisco_w.html,https://www.sports-reference.com/cbb/boxscores/2025-11-14-03-san-francisco_w.html
11/14/25,women,stanford,washington-state,/cbb/boxscores/2025-11-14-03-washington-state_w.html,https://www.sports-reference.com/cbb/boxscores/2025-11-14-03-washington-state_w.html
11/14/25,women,texas-arlington,tennessee-state,/cbb/boxscores/2025-11-14-06-texas-arlington_w.html,https://www.sports-reference.com/cbb/boxscores/2025-11-14-06-texas-arlington_w.html
11/14/25,women,south-alabama,north-florida,/cbb/boxscores/2025-11-14-12-south-alabama_w.html,https://www.sports-reference.com/cbb/boxscores/2025-11-14-12-south-alabama_w.html
11/14/25,women,st-johns-ny,yale,/cbb/boxscores/2025-11-14-13-st-johns-ny_w.html,https://www.sports-reference.com/cbb/boxscores/2025-11-14-13-st-johns-ny_w.html
11/14/25,women,northwestern-state,,/cbb/boxscores/2025-11-14-15-northwestern-state_w.html,https://www.sports-reference.com/cbb/boxscores/2025-11-14-15-northwestern-state_w.html
11/14/25,women,minnesota,njit,/cbb/boxscores/2025-11-14-18-minnesota_w.html,https://www.sports-reference.com/cbb/boxscores/2025-11-14-18-minnesota_w.html
11/14/25,women,st-bonaventure,canisius,/cbb/boxscores/2025-11-14-18-st-bonaventure_w.html,https://www.sports-reference.com/cbb/boxscores/2025-11-14-18-st-bonaventure_w.html
11/14/25,women,stephen-f-austin,abilene-christian,/cbb/boxscores/2025-11-14-18-stephen-f-austin_w.html,https://www.sports-reference.com/cbb/boxscores/2025-11-14-18-stephen-f-austin_w.html
11/14/25,women,kent-state,xavier,/cbb/boxscores/2025-11-14-18-xavier_w.html,https://www.sports-reference.com/cbb/boxscores/2025-11-14-18-xavier_w.html
11/14/25,women,marquette,bowling-green-state,/cbb/boxscores/2025-11-14-19-marquette_w.html,https://www.sports-reference.com/cbb/boxscores/2025-11-14-19-marquette_w.html
11/14/25,women,cornell,mercyhurst,/cbb/boxscores/2025-11-14-19-mercyhurst_w.html,https://www.sports-reference.com/cbb/boxscores/2025-11-14-19-mercyhurst_w.html
11/14/25,women,northwestern,maryland-eastern-shore,/cbb/boxscores/2025-11-14-19-northwestern_w.html,https://www.sports-reference.com/cbb/boxscores/2025-11-14-19-northwestern_w.html
11/14/25,women,prairie-view,,/cbb/boxscores/2025-11-14-19-prairie-view_w.html,https://www.sports-reference.com/cbb/boxscores/2025-11-14-19-prairie-view_w.html
11/14/25,women,boise-state,california-davis,/cbb/boxscores/2025-11-14-20-boise-state_w.html,https://www.sports-reference.com/cbb/boxscores/2025-11-14-20-boise-state_w.html
11/14/25,women,california-baptist,san-jose-state,/cbb/boxscores/2025-11-14-20-california-baptist_w.html,https://www.sports-reference.com/cbb/boxscores/2025-11-14-20-california-baptist_w.html
11/14/25,women,longwood,,/cbb/boxscores/2025-11-14-20-longwood_w.html,https://www.sports-reference.com/cbb/boxscores/2025-11-14-20-longwood_w.html
11/14/25,women,denver,northern-colorado,/cbb/boxscores/2025-11-14-20-northern-colorado_w.html,https://www.sports-reference.com/cbb/boxscores/2025-11-14-20-northern-colorado_w.html
11/14/25,women,utah-valley,pepperdine,/cbb/boxscores/2025-11-14-20-utah-valley_w.html,https://www.sports-reference.com/cbb/boxscores/2025-11-14-20-utah-valley_w.html
11/14/25,women,saint-marys-ca,california-riverside,/cbb/boxscores/2025-11-14-21-california-riverside_w.html,https://www.sports-reference.com/cbb/boxscores/2025-11-14-21-california-riverside_w.html
11/14/25,women,santa-clara,wyoming,/cbb/boxscores/2025-11-14-21-santa-clara_w.html,https://www.sports-reference.com/cbb/boxscores/2025-11-14-21-santa-clara_w.html
11/15/25,women,south-carolina,southern-california,/cbb/boxscores/2025-11-15-21-south-carolina_w.html,https://www.sports-reference.com/cbb/boxscores/2025-11-15-21-south-carolina_w.html
11/15/25,women,ucla,south-florida,/cbb/boxscores/2025-11-15-21-south-florida_w.html,https://www.sports-reference.com/cbb/boxscores/2025-11-15-21-south-florida_w.html
11/15/25,women,north-carolina,fairfield,/cbb/boxscores/2025-11-15-18-fairfield_w.html,https://www.sports-reference.com/cbb/boxscores/2025-11-15-18-fairfield_w.html
11/15/25,women,michigan,notre-dame,/cbb/boxscores/2025-11-15-16-notre-dame_w.html,https://www.sports-reference.com/cbb/boxscores/2025-11-15-16-notre-dame_w.html
11/15/25,women,kentucky,marshall,/cbb/boxscores/2025-11-15-00-marshall_w.html,https://www.sports-reference.com/cbb/boxscores/2025-11-15-00-marshall_w.html
11/15/25,women,washington,utah,/cbb/boxscores/2025-11-15-02-utah_w.html,https://www.sports-reference.com/cbb/boxscores/2025-11-15-02-utah_w.html
11/15/25,women,long-island-university,delaware-state,/cbb/boxscores/2025-11-15-00-delaware-state_w.html,https://www.sports-reference.com/cbb/boxscores/2025-11-15-00-delaware-state_w.html
11/15/25,women,samford,florida-am,/cbb/boxscores/2025-11-15-00-florida-am_w.html,https://www.sports-reference.com/cbb/boxscores/2025-11-15-00-florida-am_w.html
11/15/25,women,florida-international,bethune-cookman,/cbb/boxscores/2025-11-15-00-florida-international_w.html,https://www.sports-reference.com/cbb/boxscores/2025-11-15-00-florida-international_w.html
11/15/25,women,kennesaw-state,tennessee-tech,/cbb/boxscores/2025-11-15-00-kennesaw-state_w.html,https://www.sports-reference.com/cbb/boxscores/2025-11-15-00-kennesaw-state_w.html
11/15/25,women,merrimack,northeastern,/cbb/boxscores/2025-11-15-00-merrimack_w.html,https://www.sports-reference.com/cbb/boxscores/2025-11-15-00-merrimack_w.html
11/15/25,women,ball-state,memphis,/cbb/boxscores/2025-11-15-01-memphis_w.html,https://www.sports-reference.com/cbb/boxscores/2025-11-15-01-memphis_w.html
11/15/25,women,rice,middle-tennessee,/cbb/boxscores/2025-11-15-01-rice_w.html,https://www.sports-reference.com/cbb/boxscores/2025-11-15-01-rice_w.html
11/15/25,women,air-force,manhattan,/cbb/boxscores/2025-11-15-02-air-force_w.html,https://www.sports-reference.com/cbb/boxscores/2025-11-15-02-air-force_w.html
11/15/25,women,california-santa-barbara,grand-canyon,/cbb/boxscores/2025-11-15-03-california-santa-barbara_w.html,https://www.sports-reference.com/cbb/boxscores/2025-11-15-03-california-santa-barbara_w.html
11/15/25,women,idaho,southern-utah,/cbb/boxscores/2025-11-15-03-idaho_w.html,https://www.sports-reference.com/cbb/boxscores/2025-11-15-03-idaho_w.html
11/15/25,women,seattle,cal-poly,/cbb/boxscores/2025-11-15-03-seattle_w.html,https://www.sports-reference.com/cbb/boxscores/2025-11-15-03-seattle_w.html
11/15/25,women,massachusetts-lowell,central-connecticut-state,/cbb/boxscores/2025-11-15-13-central-connecticut-state_w.html,https://www.sports-reference.com/cbb/boxscores/2025-11-15-13-central-connecticut-state_w.html
11/15/25,women,vermont,lehigh,/cbb/boxscores/2025-11-15-13-lehigh_w.html,https://www.sports-reference.com/cbb/boxscores/2025-11-15-13-lehigh_w.html
11/15/25,women,pennsylvania,hofstra,/cbb/boxscores/2025-11-15-14-hofstra_w.html,https://www.sports-reference.com/cbb/boxscores/2025-11-15-14-hofstra_w.html
11/15/25,women,providence,boston-college,/cbb/boxscores/2025-11-15-14-providence_w.html,https://www.sports-reference.com/cbb/boxscores/2025-11-15-14-providence_w.html
11/15/25,women,virginia-tech,coastal-carolina,/cbb/boxscores/2025-11-15-14-virginia-tech_w.html,https://www.sports-reference.com/cbb/boxscores/2025-11-15-14-virginia-tech_w.html
11/15/25,women,mount-st-marys,morgan-state,/cbb/boxscores/2025-11-15-15-morgan-state_w.html,https://www.sports-reference.com/cbb/boxscores/2025-11-15-15-morgan-state_w.html
11/15/25,women,boston-university,new-haven,/cbb/boxscores/2025-11-15-15-new-haven_w.html,https://www.sports-reference.com/cbb/boxscores/2025-11-15-15-new-haven_w.html
11/15/25,women,utah-state,nebraska-omaha,/cbb/boxscores/2025-11-15-15-utah-state_w.html,https://www.sports-reference.com/cbb/boxscores/2025-11-15-15-utah-state_w.html
11/15/25,women,brigham-young,fresno-state,/cbb/boxscores/2025-11-15-16-brigham-young_w.html,https://www.sports-reference.com/cbb/boxscores/2025-11-15-16-brigham-young_w.html
11/15/25,women,east-tennessee-state,,/cbb/boxscores/2025-11-15-16-east-tennessee-state_w.html,https://www.sports-reference.com/cbb/boxscores/2025-11-15-16-east-tennessee-state_w.html
11/15/25,women,ipfw,southern-illinois,/cbb/boxscores/2025-11-15-16-ipfw_w.html,https://www.sports-reference.com/cbb/boxscores/2025-11-15-16-ipfw_w.html
11/15/25,women,missouri-state,wichita-state,/cbb/boxscores/2025-11-15-16-missouri-state_w.html,https://www.sports-reference.com/cbb/boxscores/2025-11-15-16-missouri-state_w.html
11/15/25,women,san-diego-state,cal-state-bakersfield,/cbb/boxscores/2025-11-15-16-san-diego-state_w.html,https://www.sports-reference.com/cbb/boxscores/2025-11-15-16-san-diego-state_w.html
11/15/25,women,weber-state,dixie-state,/cbb/boxscores/2025-11-15-16-weber-state_w.html,https://www.sports-reference.com/cbb/boxscores/2025-11-15-16-weber-state_w.html
11/15/25,women,winthrop,queens-nc,/cbb/boxscores/2025-11-15-16-winthrop_w.html,https://www.sports-reference.com/cbb/boxscores/2025-11-15-16-winthrop_w.html
11/15/25,women,arkansas-state,arkansas-little-rock,/cbb/boxscores/2025-11-15-17-arkansas-state_w.html,https://www.sports-reference.com/cbb/boxscores/2025-11-15-17-arkansas-state_w.html
11/15/25,women,bryant,rider,/cbb/boxscores/2025-11-15-17-bryant_w.html,https://www.sports-reference.com/cbb/boxscores/2025-11-15-17-bryant_w.html
11/15/25,women,howard,elon,/cbb/boxscores/2025-11-15-17-elon_w.html,https://www.sports-reference.com/cbb/boxscores/2025-11-15-17-elon_w.html
11/15/25,women,sacramento-state,long-beach-state,/cbb/boxscores/2025-11-15-17-long-beach-state_w.html,https://www.sports-reference.com/cbb/boxscores/2025-11-15-17-long-beach-state_w.html
11/15/25,women,rhode-island,albany-ny,/cbb/boxscores/2025-11-15-17-rhode-island_w.html,https://www.sports-reference.com/cbb/boxscores/2025-11-15-17-rhode-island_w.html
11/15/25,women,california,charlotte,/cbb/boxscores/2025-11-15-18-california_w.html,https://www.sports-reference.com/cbb/boxscores/2025-11-15-18-california_w.html
11/15/25,women,iupui,bradley,/cbb/boxscores/2025-11-15-18-iupui_w.html,https://www.sports-reference.com/cbb/boxscores/2025-11-15-18-iupui_w.html
11/15/25,women,california-irvine,northern-arizona,/cbb/boxscores/2025-11-15-19-california-irvine_w.html,https://www.sports-reference.com/cbb/boxscores/2025-11-15-19-california-irvine_w.html
11/15/25,women,richmond,columbia,/cbb/boxscores/2025-11-15-19-columbia_w.html,https://www.sports-reference.com/cbb/boxscores/2025-11-15-19-columbia_w.html
11/15/25,women,kansas,missouri,/cbb/boxscores/2025-11-15-19-kansas_w.html,https://www.sports-reference.com/cbb/boxscores/2025-11-15-19-kansas_w.html
11/15/25,women,south-dakota-state,montana,/cbb/boxscores/2025-11-15-19-montana_w.html,https://www.sports-reference.com/cbb/boxscores/2025-11-15-19-montana_w.html
11/15/25,women,harvard,oakland,/cbb/boxscores/2025-11-15-20-harvard_w.html,https://www.sports-reference.com/cbb/boxscores/2025-11-15-20-harvard_w.html
11/15/25,women,murray-state,saint-louis,/cbb/boxscores/2025-11-15-20-murray-state_w.html,https://www.sports-reference.com/cbb/boxscores/2025-11-15-20-murray-state_w.html
11/16/25,women,connecticut,ohio-state,/cbb/boxscores/2025-11-16-00-connecticut_w.html,https://www.sports-reference.com/cbb/boxscores/2025-11-16-00-connecticut_w.html
11/16/25,women,texas,texas-southern,/cbb/boxscores/2025-11-16-17-texas_w.html,https://www.sports-reference.com/cbb/boxscores/2025-11-16-17-texas_w.html
11/16/25,women,oklahoma,western-carolina,/cbb/boxscores/2025-11-16-15-western-carolina_w.html,https://www.sports-reference.com/cbb/boxscores/2025-11-16-15-western-carolina_w.html
11/16/25,women,baylor,le-moyne,/cbb/boxscores/2025-11-16-15-baylor_w.html,https://www.sports-reference.com/cbb/boxscores/2025-11-16-15-baylor_w.html
11/16/25,women,maryland,princeton,/cbb/boxscores/2025-11-16-13-maryland_w.html,https://www.sports-reference.com/cbb/boxscores/2025-11-16-13-maryland_w.html
11/16/25,women,texas-christian,north-carolina-state,/cbb/boxscores/2025-11-16-13-north-carolina-state_w.html,https://www.sports-reference.com/cbb/boxscores/2025-11-16-13-north-carolina-state_w.html
11/16/25,women,duke,liberty,/cbb/boxscores/2025-11-16-14-liberty_w.html,https://www.sports-reference.com/cbb/boxscores/2025-11-16-14-liberty_w.html
11/16/25,women,iowa-state,norfolk-state,/cbb/boxscores/2025-11-16-14-iowa-state_w.html,https://www.sports-reference.com/cbb/boxscores/2025-11-16-14-iowa-state_w.html
11/16/25,women,iowa,northern-iowa,/cbb/boxscores/2025-11-16-15-northern-iowa_w.html,https://www.sports-reference.com/cbb/boxscores/2025-11-16-15-northern-iowa_w.html
11/16/25,women,louisville,clemson,/cbb/boxscores/2025-11-16-15-clemson_w.html,https://www.sports-reference.com/cbb/boxscores/2025-11-16-15-clemson_w.html
11/16/25,women,michigan-state,western-michigan,/cbb/boxscores/2025-11-16-14-michigan-state_w.html,https://www.sports-reference.com/cbb/boxscores/2025-11-16-14-michigan-state_w.html
11/16/25,women,butler,northern-kentucky,/cbb/boxscores/2025-11-16-00-butler_w.html,https://www.sports-reference.com/cbb/boxscores/2025-11-16-00-butler_w.html
11/16/25,women,indiana,florida-state,/cbb/boxscores/2025-11-16-00-florida-state_w.html,https://www.sports-reference.com/cbb/boxscores/2025-11-16-00-florida-state_w.html
11/16/25,women,campbell,furman,/cbb/boxscores/2025-11-16-00-furman_w.html,https://www.sports-reference.com/cbb/boxscores/2025-11-16-00-furman_w.html
11/16/25,women,gardner-webb,hampton,/cbb/boxscores/2025-11-16-00-gardner-webb_w.html,https://www.sports-reference.com/cbb/boxscores/2025-11-16-00-gardner-webb_w.html
11/16/25,women,jacksonville,georgia-tech,/cbb/boxscores/2025-11-16-00-georgia-tech_w.html,https://www.sports-reference.com/cbb/boxscores/2025-11-16-00-georgia-tech_w.html
11/16/25,women,towson,coppin-state,/cbb/boxscores/2025-11-16-00-towson_w.html,https://www.sports-reference.com/cbb/boxscores/2025-11-16-00-towson_w.html
11/16/25,women,virginia,radford,/cbb/boxscores/2025-11-16-00-virginia_w.html,https://www.sports-reference.com/cbb/boxscores/2025-11-16-00-virginia_w.html
11/16/25,women,louisiana-monroe,arkansas-pine-bluff,/cbb/boxscores/2025-11-16-01-arkansas-pine-bluff_w.html,https://www.sports-reference.com/cbb/boxscores/2025-11-16-01-arkansas-pine-bluff_w.html
11/16/25,women,wisconsin,green-bay,/cbb/boxscores/2025-11-16-01-wisconsin_w.html,https://www.sports-reference.com/cbb/boxscores/2025-11-16-01-wisconsin_w.html
11/16/25,women,colorado,portland-state,/cbb/boxscores/2025-11-16-02-colorado_w.html,https://www.sports-reference.com/cbb/boxscores/2025-11-16-02-colorado_w.html
11/16/25,women,new-mexico,new-mexico-state,/cbb/boxscores/2025-11-16-02-new-mexico-state_w.html,https://www.sports-reference.com/cbb/boxscores/2025-11-16-02-new-mexico-state_w.html
11/16/25,women,arizona-state,santa-clara,/cbb/boxscores/2025-11-16-02-santa-clara_w.html,https://www.sports-reference.com/cbb/boxscores/2025-11-16-02-santa-clara_w.html
11/16/25,women,stanford,gonzaga,/cbb/boxscores/2025-11-16-03-gonzaga_w.html,https://www.sports-reference.com/cbb/boxscores/2025-11-16-03-gonzaga_w.html
11/16/25,women,oregon,army,/cbb/boxscores/2025-11-16-03-oregon_w.html,https://www.sports-reference.com/cbb/boxscores/2025-11-16-03-oregon_w.html
11/16/25,women,saint-marys-ca,nevada,/cbb/boxscores/2025-11-16-03-saint-marys-ca_w.html,https://www.sports-reference.com/cbb/boxscores/2025-11-16-03-saint-marys-ca_w.html
11/16/25,women,san-francisco,california-san-diego,/cbb/boxscores/2025-11-16-03-san-francisco_w.html,https://www.sports-reference.com/cbb/boxscores/2025-11-16-03-san-francisco_w.html
11/16/25,women,cornell,canisius,/cbb/boxscores/2025-11-16-12-canisius_w.html,https://www.sports-reference.com/cbb/boxscores/2025-11-16-12-canisius_w.html
11/16/25,women,cincinnati,,/cbb/boxscores/2025-11-16-12-cincinnati_w.html,https://www.sports-reference.com/cbb/boxscores/2025-11-16-12-cincinnati_w.html
11/16/25,women,davidson,iona,/cbb/boxscores/2025-11-16-13-davidson_w.html,https://www.sports-reference.com/cbb/boxscores/2025-11-16-13-davidson_w.html
11/16/25,women,belmont,dayton,/cbb/boxscores/2025-11-16-13-dayton_w.html,https://www.sports-reference.com/cbb/boxscores/2025-11-16-13-dayton_w.html
11/16/25,women,eastern-kentucky,north-dakota,/cbb/boxscores/2025-11-16-13-eastern-kentucky_w.html,https://www.sports-reference.com/cbb/boxscores/2025-11-16-13-eastern-kentucky_w.html
11/16/25,women,marist,holy-cross,/cbb/boxscores/2025-11-16-13-marist_w.html,https://www.sports-reference.com/cbb/boxscores/2025-11-16-13-marist_w.html
11/16/25,women,navy,florida,/cbb/boxscores/2025-11-16-13-navy_w.html,https://www.sports-reference.com/cbb/boxscores/2025-11-16-13-navy_w.html
11/16/25,women,nebraska,north-dakota-state,/cbb/boxscores/2025-11-16-13-nebraska_w.html,https://www.sports-reference.com/cbb/boxscores/2025-11-16-13-nebraska_w.html
11/16/25,women,new-hampshire,,/cbb/boxscores/2025-11-16-13-new-hampshire_w.html,https://www.sports-reference.com/cbb/boxscores/2025-11-16-13-new-hampshire_w.html
11/16/25,women,,pittsburgh,/cbb/boxscores/2025-11-16-13-pittsburgh_w.html,https://www.sports-reference.com/cbb/boxscores/2025-11-16-13-pittsburgh_w.html
11/16/25,women,old-dominion,william-mary,/cbb/boxscores/2025-11-16-13-william-mary_w.html,https://www.sports-reference.com/cbb/boxscores/2025-11-16-13-william-mary_w.html
11/16/25,women,appalachian-state,wofford,/cbb/boxscores/2025-11-16-14-appalachian-state_w.html,https://www.sports-reference.com/cbb/boxscores/2025-11-16-14-appalachian-state_w.html
11/16/25,women,austin-peay,indiana-state,/cbb/boxscores/2025-11-16-14-austin-peay_w.html,https://www.sports-reference.com/cbb/boxscores/2025-11-16-14-austin-peay_w.html
11/16/25,women,miami-oh,bellarmine,/cbb/boxscores/2025-11-16-14-bellarmine_w.html,https://www.sports-reference.com/cbb/boxscores/2025-11-16-14-bellarmine_w.html
11/16/25,women,buffalo,fordham,/cbb/boxscores/2025-11-16-14-buffalo_w.html,https://www.sports-reference.com/cbb/boxscores/2025-11-16-14-buffalo_w.html
11/16/25,women,alabama-birmingham,chattanooga,/cbb/boxscores/2025-11-16-14-chattanooga_w.html,https://www.sports-reference.com/cbb/boxscores/2025-11-16-14-chattanooga_w.html
11/16/25,women,cleveland-state,akron,/cbb/boxscores/2025-11-16-14-cleveland-state_w.html,https://www.sports-reference.com/cbb/boxscores/2025-11-16-14-cleveland-state_w.html
11/16/25,women,drexel,loyola-md,/cbb/boxscores/2025-11-16-14-drexel_w.html,https://www.sports-reference.com/cbb/boxscores/2025-11-16-14-drexel_w.html
11/16/25,women,georgia,jacksonville-state,/cbb/boxscores/2025-11-16-14-georgia_w.html,https://www.sports-reference.com/cbb/boxscores/2025-11-16-14-georgia_w.html
11/16/25,women,high-point,east-carolina,/cbb/boxscores/2025-11-16-14-high-point_w.html,https://www.sports-reference.com/cbb/boxscores/2025-11-16-14-high-point_w.html
11/16/25,women,villanova,james-madison,/cbb/boxscores/2025-11-16-14-james-madison_w.html,https://www.sports-reference.com/cbb/boxscores/2025-11-16-14-james-madison_w.html
11/16/25,women,texas-am,kansas-state,/cbb/boxscores/2025-11-16-14-kansas-state_w.html,https://www.sports-reference.com/cbb/boxscores/2025-11-16-14-kansas-state_w.html
11/16/25,women,maryland-eastern-shore,loyola-il,/cbb/boxscores/2025-11-16-14-loyola-il_w.html,https://www.sports-reference.com/cbb/boxscores/2025-11-16-14-loyola-il_w.html
11/16/25,women,north-carolina-at,,/cbb/boxscores/2025-11-16-14-north-carolina-at_w.html,https://www.sports-reference.com/cbb/boxscores/2025-11-16-14-north-carolina-at_w.html
11/16/25,women,rutgers,fairleigh-dickinson,/cbb/boxscores/2025-11-16-14-rutgers_w.html,https://www.sports-reference.com/cbb/boxscores/2025-11-16-14-rutgers_w.html
11/16/25,women,lafayette,saint-francis-pa,/cbb/boxscores/2025-11-16-14-saint-francis-pa_w.html,https://www.sports-reference.com/cbb/boxscores/2025-11-16-14-saint-francis-pa_w.html
11/16/25,women,penn-state,saint-josephs,/cbb/boxscores/2025-11-16-14-saint-josephs_w.html,https://www.sports-reference.com/cbb/boxscores/2025-11-16-14-saint-josephs_w.html
11/16/25,women,dartmouth,siena,/cbb/boxscores/2025-11-16-14-siena_w.html,https://www.sports-reference.com/cbb/boxscores/2025-11-16-14-siena_w.html
11/16/25,women,njit,st-thomas-mn,/cbb/boxscores/2025-11-16-14-st-thomas-mn_w.html,https://www.sports-reference.com/cbb/boxscores/2025-11-16-14-st-thomas-mn_w.html
11/16/25,women,syracuse,wagner,/cbb/boxscores/2025-11-16-14-syracuse_w.html,https://www.sports-reference.com/cbb/boxscores/2025-11-16-14-syracuse_w.html
11/16/25,women,toledo,detroit-mercy,/cbb/boxscores/2025-11-16-14-toledo_w.html,https://www.sports-reference.com/cbb/boxscores/2025-11-16-14-toledo_w.html
11/16/25,women,wright-state,evansville,/cbb/boxscores/2025-11-16-14-wright-state_w.html,https://www.sports-reference.com/cbb/boxscores/2025-11-16-14-wright-state_w.html
11/16/25,women,youngstown-state,bucknell,/cbb/boxscores/2025-11-16-14-youngstown-state_w.html,https://www.sports-reference.com/cbb/boxscores/2025-11-16-14-youngstown-state_w.html
11/16/25,women,denver,cal-state-fullerton,/cbb/boxscores/2025-11-16-15-denver_w.html,https://www.sports-reference.com/cbb/boxscores/2025-11-16-15-denver_w.html
11/16/25,women,kent-state,niagara,/cbb/boxscores/2025-11-16-15-kent-state_w.html,https://www.sports-reference.com/cbb/boxscores/2025-11-16-15-kent-state_w.html
11/16/25,women,lamar,texas-arlington,/cbb/boxscores/2025-11-16-15-lamar_w.html,https://www.sports-reference.com/cbb/boxscores/2025-11-16-15-lamar_w.html
11/16/25,women,mcneese-state,tarleton-state,/cbb/boxscores/2025-11-16-15-tarleton-state_w.html,https://www.sports-reference.com/cbb/boxscores/2025-11-16-15-tarleton-state_w.html
11/16/25,women,tennessee-martin,,/cbb/boxscores/2025-11-16-15-tennessee-martin_w.html,https://www.sports-reference.com/cbb/boxscores/2025-11-16-15-tennessee-martin_w.html
11/16/25,women,texas-tech,arkansas,/cbb/boxscores/2025-11-16-15-texas-tech_w.html,https://www.sports-reference.com/cbb/boxscores/2025-11-16-15-texas-tech_w.html
11/16/25,women,arizona,grambling,/cbb/boxscores/2025-11-16-16-arizona_w.html,https://www.sports-reference.com/cbb/boxscores/2025-11-16-16-arizona_w.html
11/16/25,women,south-dakota,idaho-state,/cbb/boxscores/2025-11-16-16-idaho-state_w.html,https://www.sports-reference.com/cbb/boxscores/2025-11-16-16-idaho-state_w.html
11/16/25,women,brown,maryland-baltimore-county,/cbb/boxscores/2025-11-16-16-maryland-baltimore-county_w.html,https://www.sports-reference.com/cbb/boxscores/2025-11-16-16-maryland-baltimore-county_w.html
11/16/25,women,,alabama-state,/cbb/boxscores/2025-11-16-17-alabama-state_w.html,https://www.sports-reference.com/cbb/boxscores/2025-11-16-17-alabama-state_w.html
11/16/25,women,mississippi-valley-state,lipscomb,/cbb/boxscores/2025-11-16-17-mississippi-valley-state_w.html,https://www.sports-reference.com/cbb/boxscores/2025-11-16-17-mississippi-valley-state_w.html
11/16/25,women,seton-hall,pacific,/cbb/boxscores/2025-11-16-17-pacific_w.html,https://www.sports-reference.com/cbb/boxscores/2025-11-16-17-pacific_w.html
11/16/25,women,milwaukee,valparaiso,/cbb/boxscores/2025-11-16-17-valparaiso_w.html,https://www.sports-reference.com/cbb/boxscores/2025-11-16-17-valparaiso_w.html
11/16/25,women,charlotte,oakland,/cbb/boxscores/2025-11-16-20-charlotte_w.html,https://www.sports-reference.com/cbb/boxscores/2025-11-16-20-charlotte_w.html
11/16/25,women,california,harvard,/cbb/boxscores/2025-11-16-22-california_w.html,https://www.sports-reference.com/cbb/boxscores/2025-11-16-22-california_w.html
11/17/25,women,louisiana-state,tulane,/cbb/boxscores/2025-11-17-19-tulane_w.html,https://www.sports-reference.com/cbb/boxscores/2025-11-17-19-tulane_w.html
11/17/25,women,presbyterian,,/cbb/boxscores/2025-11-17-00-presbyterian_w.html,https://www.sports-reference.com/cbb/boxscores/2025-11-17-00-presbyterian_w.html
11/17/25,women,western-illinois,chicago-state,/cbb/boxscores/2025-11-17-01-western-illinois_w.html,https://www.sports-reference.com/cbb/boxscores/2025-11-17-01-western-illinois_w.html
11/17/25,women,eastern-washington,cal-poly,/cbb/boxscores/2025-11-17-03-eastern-washington_w.html,https://www.sports-reference.com/cbb/boxscores/2025-11-17-03-eastern-washington_w.html
11/17/25,women,northwestern,depaul,/cbb/boxscores/2025-11-17-12-depaul_w.html,https://www.sports-reference.com/cbb/boxscores/2025-11-17-12-depaul_w.html
11/17/25,women,delaware,american,/cbb/boxscores/2025-11-17-18-american_w.html,https://www.sports-reference.com/cbb/boxscores/2025-11-17-18-american_w.html
11/17/25,women,maine,stonehill,/cbb/boxscores/2025-11-17-18-maine_w.html,https://www.sports-reference.com/cbb/boxscores/2025-11-17-18-maine_w.html
11/17/25,women,new-haven,,/cbb/boxscores/2025-11-17-18-new-haven_w.html,https://www.sports-reference.com/cbb/boxscores/2025-11-17-18-new-haven_w.html
11/17/25,women,virginia-commonwealth,howard,/cbb/boxscores/2025-11-17-18-virginia-commonwealth_w.html,https://www.sports-reference.com/cbb/boxscores/2025-11-17-18-virginia-commonwealth_w.html
11/17/25,women,alabama,alabama-am,/cbb/boxscores/2025-11-17-19-alabama_w.html,https://www.sports-reference.com/cbb/boxscores/2025-11-17-19-alabama_w.html
11/17/25,women,auburn,georgia-state,/cbb/boxscores/2025-11-17-19-auburn_w.html,https://www.sports-reference.com/cbb/boxscores/2025-11-17-19-auburn_w.html
11/17/25,women,lindenwood,missouri-kansas-city,/cbb/boxscores/2025-11-17-19-lindenwood_w.html,https://www.sports-reference.com/cbb/boxscores/2025-11-17-19-lindenwood_w.html
11/17/25,women,longwood,george-washington,/cbb/boxscores/2025-11-17-19-longwood_w.html,https://www.sports-reference.com/cbb/boxscores/2025-11-17-19-longwood_w.html
11/17/25,women,sam-houston-state,prairie-view,/cbb/boxscores/2025-11-17-19-sam-houston-state_w.html,https://www.sports-reference.com/cbb/boxscores/2025-11-17-19-sam-houston-state_w.html
11/17/25,women,south-carolina-upstate,south-carolina-state,/cbb/boxscores/2025-11-17-19-south-carolina-upstate_w.html,https://www.sports-reference.com/cbb/boxscores/2025-11-17-19-south-carolina-upstate_w.html
11/17/25,women,southern-indiana,,/cbb/boxscores/2025-11-17-19-southern-indiana_w.html,https://www.sports-reference.com/cbb/boxscores/2025-11-17-19-southern-indiana_w.html
11/17/25,women,stephen-f-austin,houston,/cbb/boxscores/2025-11-17-19-stephen-f-austin_w.html,https://www.sports-reference.com/cbb/boxscores/2025-11-17-19-stephen-f-austin_w.html
11/17/25,women,colorado-state,san-diego,/cbb/boxscores/2025-11-17-20-colorado-state_w.html,https://www.sports-reference.com/cbb/boxscores/2025-11-17-20-colorado-state_w.html
11/17/25,women,tulsa,oral-roberts,/cbb/boxscores/2025-11-17-20-oral-roberts_w.html,https://www.sports-reference.com/cbb/boxscores/2025-11-17-20-oral-roberts_w.html
11/17/25,women,texas-pan-american,texas-state,/cbb/boxscores/2025-11-17-20-texas-state_w.html,https://www.sports-reference.com/cbb/boxscores/2025-11-17-20-texas-state_w.html
11/17/25,women,utah-valley,,/cbb/boxscores/2025-11-17-20-utah-valley_w.html,https://www.sports-reference.com/cbb/boxscores/2025-11-17-20-utah-valley_w.html
11/18/25,women,michigan,binghamton,/cbb/boxscores/2025-11-18-00-michigan_w.html,https://www.sports-reference.com/cbb/boxscores/2025-11-18-00-michigan_w.html
11/18/25,women,southern-california,portland,/cbb/boxscores/2025-11-18-03-southern-california_w.html,https://www.sports-reference.com/cbb/boxscores/2025-11-18-03-southern-california_w.html
11/18/25,women,mississippi,memphis,/cbb/boxscores/2025-11-18-01-memphis_w.html,https://www.sports-reference.com/cbb/boxscores/2025-11-18-01-memphis_w.html
11/18/25,women,kentucky,purdue,/cbb/boxscores/2025-11-18-19-kentucky_w.html,https://www.sports-reference.com/cbb/boxscores/2025-11-18-19-kentucky_w.html
11/18/25,women,colgate,cornell,/cbb/boxscores/2025-11-18-00-cornell_w.html,https://www.sports-reference.com/cbb/boxscores/2025-11-18-00-cornell_w.html
11/18/25,women,robert-morris,duquesne,/cbb/boxscores/2025-11-18-00-robert-morris_w.html,https://www.sports-reference.com/cbb/boxscores/2025-11-18-00-robert-morris_w.html
11/18/25,women,,saint-francis-pa,/cbb/boxscores/2025-11-18-00-saint-francis-pa_w.html,https://www.sports-reference.com/cbb/boxscores/2025-11-18-00-saint-francis-pa_w.html
11/18/25,women,illinois,murray-state,/cbb/boxscores/2025-11-18-01-illinois_w.html,https://www.sports-reference.com/cbb/boxscores/2025-11-18-01-illinois_w.html
11/18/25,women,missouri,southern-illinois,/cbb/boxscores/2025-11-18-01-missouri_w.html,https://www.sports-reference.com/cbb/boxscores/2025-11-18-01-missouri_w.html
11/18/25,women,eastern-kentucky,north-dakota,/cbb/boxscores/2025-11-18-01-north-dakota_w.html,https://www.sports-reference.com/cbb/boxscores/2025-11-18-01-north-dakota_w.html
11/18/25,women,southern,,/cbb/boxscores/2025-11-18-01-southern_w.html,https://www.sports-reference.com/cbb/boxscores/2025-11-18-01-southern_w.html
11/18/25,women,colorado,boise-state,/cbb/boxscores/2025-11-18-02-colorado_w.html,https://www.sports-reference.com/cbb/boxscores/2025-11-18-02-colorado_w.html
11/18/25,women,oregon-state,utah-state,/cbb/boxscores/2025-11-18-03-oregon-state_w.html,https://www.sports-reference.com/cbb/boxscores/2025-11-18-03-oregon-state_w.html
11/18/25,women,central-florida,florida-international,/cbb/boxscores/2025-11-18-11-central-florida_w.html,https://www.sports-reference.com/cbb/boxscores/2025-11-18-11-central-florida_w.html
11/18/25,women,providence,northeastern,/cbb/boxscores/2025-11-18-11-providence_w.html,https://www.sports-reference.com/cbb/boxscores/2025-11-18-11-providence_w.html
11/18/25,women,louisiana-tech,arkansas-pine-bluff,/cbb/boxscores/2025-11-18-12-louisiana-tech_w.html,https://www.sports-reference.com/cbb/boxscores/2025-11-18-12-louisiana-tech_w.html
11/18/25,women,marshall,,/cbb/boxscores/2025-11-18-13-marshall_w.html,https://www.sports-reference.com/cbb/boxscores/2025-11-18-13-marshall_w.html
11/18/25,women,,morgan-state,/cbb/boxscores/2025-11-18-17-morgan-state_w.html,https://www.sports-reference.com/cbb/boxscores/2025-11-18-17-morgan-state_w.html
11/18/25,women,college-of-charleston,north-carolina-central,/cbb/boxscores/2025-11-18-17-north-carolina-central_w.html,https://www.sports-reference.com/cbb/boxscores/2025-11-18-17-north-carolina-central_w.html
11/18/25,women,quinnipiac,yale,/cbb/boxscores/2025-11-18-17-yale_w.html,https://www.sports-reference.com/cbb/boxscores/2025-11-18-17-yale_w.html
11/18/25,women,la-salle,,/cbb/boxscores/2025-11-18-18-la-salle_w.html,https://www.sports-reference.com/cbb/boxscores/2025-11-18-18-la-salle_w.html
11/18/25,women,massachusetts,massachusetts-lowell,/cbb/boxscores/2025-11-18-18-massachusetts_w.html,https://www.sports-reference.com/cbb/boxscores/2025-11-18-18-massachusetts_w.html
11/18/25,women,pittsburgh,le-moyne,/cbb/boxscores/2025-11-18-18-pittsburgh_w.html,https://www.sports-reference.com/cbb/boxscores/2025-11-18-18-pittsburgh_w.html
11/18/25,women,richmond,temple,/cbb/boxscores/2025-11-18-18-richmond_w.html,https://www.sports-reference.com/cbb/boxscores/2025-11-18-18-richmond_w.html
11/18/25,women,southern-mississippi,southeastern-louisiana,/cbb/boxscores/2025-11-18-18-southern-mississippi_w.html,https://www.sports-reference.com/cbb/boxscores/2025-11-18-18-southern-mississippi_w.html
11/18/25,women,georgetown,sacred-heart,/cbb/boxscores/2025-11-18-19-georgetown_w.html,https://www.sports-reference.com/cbb/boxscores/2025-11-18-19-georgetown_w.html
11/18/25,women,houston-baptist,,/cbb/boxscores/2025-11-18-19-houston-baptist_w.html,https://www.sports-reference.com/cbb/boxscores/2025-11-18-19-houston-baptist_w.html
11/18/25,women,kansas-state,troy,/cbb/boxscores/2025-11-18-19-kansas-state_w.html,https://www.sports-reference.com/cbb/boxscores/2025-11-18-19-kansas-state_w.html
11/18/25,women,illinois-state,loyola-il,/cbb/boxscores/2025-11-18-19-loyola-il_w.html,https://www.sports-reference.com/cbb/boxscores/2025-11-18-19-loyola-il_w.html
11/18/25,women,missouri-state,georgia-southern,/cbb/boxscores/2025-11-18-19-missouri-state_w.html,https://www.sports-reference.com/cbb/boxscores/2025-11-18-19-missouri-state_w.html
11/18/25,women,pennsylvania,norfolk-state,/cbb/boxscores/2025-11-18-19-pennsylvania_w.html,https://www.sports-reference.com/cbb/boxscores/2025-11-18-19-pennsylvania_w.html
11/18/25,women,southeast-missouri-state,wichita-state,/cbb/boxscores/2025-11-18-19-wichita-state_w.html,https://www.sports-reference.com/cbb/boxscores/2025-11-18-19-wichita-state_w.html
11/18/25,women,air-force,portland-state,/cbb/boxscores/2025-11-18-20-air-force_w.html,https://www.sports-reference.com/cbb/boxscores/2025-11-18-20-air-force_w.html
11/18/25,women,grand-canyon,southern-methodist,/cbb/boxscores/2025-11-18-20-grand-canyon_w.html,https://www.sports-reference.com/cbb/boxscores/2025-11-18-20-grand-canyon_w.html
11/18/25,women,southern-utah,,/cbb/boxscores/2025-11-18-20-southern-utah_w.html,https://www.sports-reference.com/cbb/boxscores/2025-11-18-20-southern-utah_w.html
11/18/25,women,montana-state,nevada-las-vegas,/cbb/boxscores/2025-11-18-21-montana-state_w.html,https://www.sports-reference.com/cbb/boxscores/2025-11-18-21-montana-state_w.html
11/19/25,women,south-carolina,winthrop,/cbb/boxscores/2025-11-19-19-south-carolina_w.html,https://www.sports-reference.com/cbb/boxscores/2025-11-19-19-south-carolina_w.html
11/19/25,women,texas,james-madison,/cbb/boxscores/2025-11-19-20-texas_w.html,https://www.sports-reference.com/cbb/boxscores/2025-11-19-20-texas_w.html
11/19/25,women,oklahoma,texas-am-commerce,/cbb/boxscores/2025-11-19-01-oklahoma_w.html,https://www.sports-reference.com/cbb/boxscores/2025-11-19-01-oklahoma_w.html
11/19/25,women,north-carolina-state,coastal-carolina,/cbb/boxscores/2025-11-19-18-north-carolina-state_w.html,https://www.sports-reference.com/cbb/boxscores/2025-11-19-18-north-carolina-state_w.html
11/19/25,women,vanderbilt,western-kentucky,/cbb/boxscores/2025-11-19-01-western-kentucky_w.html,https://www.sports-reference.com/cbb/boxscores/2025-11-19-01-western-kentucky_w.html
11/19/25,women,st-johns-ny,oklahoma-state,/cbb/boxscores/2025-11-19-19-st-johns-ny_w.html,https://www.sports-reference.com/cbb/boxscores/2025-11-19-19-st-johns-ny_w.html
11/19/25,women,louisville,morehead-state,/cbb/boxscores/2025-11-19-20-louisville_w.html,https://www.sports-reference.com/cbb/boxscores/2025-11-19-20-louisville_w.html
11/19/25,women,washington,fresno-state,/cbb/boxscores/2025-11-19-03-washington_w.html,https://www.sports-reference.com/cbb/boxscores/2025-11-19-03-washington_w.html
11/19/25,women,albany-ny,siena,/cbb/boxscores/2025-11-19-00-albany-ny_w.html,https://www.sports-reference.com/cbb/boxscores/2025-11-19-00-albany-ny_w.html
11/19/25,women,central-michigan,detroit-mercy,/cbb/boxscores/2025-11-19-00-detroit-mercy_w.html,https://www.sports-reference.com/cbb/boxscores/2025-11-19-00-detroit-mercy_w.html
11/19/25,women,fairleigh-dickinson,delaware-state,/cbb/boxscores/2025-11-19-00-fairleigh-dickinson_w.html,https://www.sports-reference.com/cbb/boxscores/2025-11-19-00-fairleigh-dickinson_w.html
11/19/25,women,gardner-webb,north-carolina-wilmington,/cbb/boxscores/2025-11-19-00-gardner-webb_w.html,https://www.sports-reference.com/cbb/boxscores/2025-11-19-00-gardner-webb_w.html
11/19/25,women,georgia-tech,west-georgia,/cbb/boxscores/2025-11-19-00-georgia-tech_w.html,https://www.sports-reference.com/cbb/boxscores/2025-11-19-00-georgia-tech_w.html
11/19/25,women,indiana,butler,/cbb/boxscores/2025-11-19-00-indiana_w.html,https://www.sports-reference.com/cbb/boxscores/2025-11-19-00-indiana_w.html
11/19/25,women,central-arkansas,arkansas-state,/cbb/boxscores/2025-11-19-01-central-arkansas_w.html,https://www.sports-reference.com/cbb/boxscores/2025-11-19-01-central-arkansas_w.html
11/19/25,women,texas-san-antonio,incarnate-word,/cbb/boxscores/2025-11-19-01-incarnate-word_w.html,https://www.sports-reference.com/cbb/boxscores/2025-11-19-01-incarnate-word_w.html
11/19/25,women,marquette,milwaukee,/cbb/boxscores/2025-11-19-01-milwaukee_w.html,https://www.sports-reference.com/cbb/boxscores/2025-11-19-01-milwaukee_w.html
11/19/25,women,southern-illinois-edwardsville,indiana-state,/cbb/boxscores/2025-11-19-01-southern-illinois-edwardsville_w.html,https://www.sports-reference.com/cbb/boxscores/2025-11-19-01-southern-illinois-edwardsville_w.html
11/19/25,women,tennessee-state,north-alabama,/cbb/boxscores/2025-11-19-01-tennessee-state_w.html,https://www.sports-reference.com/cbb/boxscores/2025-11-19-01-tennessee-state_w.html
11/19/25,women,oregon,washington-state,/cbb/boxscores/2025-11-19-03-washington-state_w.html,https://www.sports-reference.com/cbb/boxscores/2025-11-19-03-washington-state_w.html
11/19/25,women,northern-kentucky,toledo,/cbb/boxscores/2025-11-19-11-northern-kentucky_w.html,https://www.sports-reference.com/cbb/boxscores/2025-11-19-11-northern-kentucky_w.html
11/19/25,women,bellarmine,wright-state,/cbb/boxscores/2025-11-19-11-wright-state_w.html,https://www.sports-reference.com/cbb/boxscores/2025-11-19-11-wright-state_w.html
11/19/25,women,maryland-eastern-shore,maryland-baltimore-county,/cbb/boxscores/2025-11-19-12-maryland-eastern-shore_w.html,https://www.sports-reference.com/cbb/boxscores/2025-11-19-12-maryland-eastern-shore_w.html
11/19/25,women,abilene-christian,north-texas,/cbb/boxscores/2025-11-19-12-north-texas_w.html,https://www.sports-reference.com/cbb/boxscores/2025-11-19-12-north-texas_w.html
11/19/25,women,santa-clara,san-diego-state,/cbb/boxscores/2025-11-19-14-san-diego-state_w.html,https://www.sports-reference.com/cbb/boxscores/2025-11-19-14-san-diego-state_w.html
11/19/25,women,bryant,merrimack,/cbb/boxscores/2025-11-19-16-merrimack_w.html,https://www.sports-reference.com/cbb/boxscores/2025-11-19-16-merrimack_w.html
11/19/25,women,north-carolina-asheville,western-carolina,/cbb/boxscores/2025-11-19-17-western-carolina_w.html,https://www.sports-reference.com/cbb/boxscores/2025-11-19-17-western-carolina_w.html
11/19/25,women,belmont,lipscomb,/cbb/boxscores/2025-11-19-18-belmont_w.html,https://www.sports-reference.com/cbb/boxscores/2025-11-19-18-belmont_w.html
11/19/25,women,harvard,boston-college,/cbb/boxscores/2025-11-19-18-boston-college_w.html,https://www.sports-reference.com/cbb/boxscores/2025-11-19-18-boston-college_w.html
11/19/25,women,lehigh,drexel,/cbb/boxscores/2025-11-19-18-lehigh_w.html,https://www.sports-reference.com/cbb/boxscores/2025-11-19-18-lehigh_w.html
11/19/25,women,njit,saint-peters,/cbb/boxscores/2025-11-19-18-njit_w.html,https://www.sports-reference.com/cbb/boxscores/2025-11-19-18-njit_w.html
11/19/25,women,ohio-state,kent-state,/cbb/boxscores/2025-11-19-18-ohio-state_w.html,https://www.sports-reference.com/cbb/boxscores/2025-11-19-18-ohio-state_w.html
11/19/25,women,rhode-island,holy-cross,/cbb/boxscores/2025-11-19-18-rhode-island_w.html,https://www.sports-reference.com/cbb/boxscores/2025-11-19-18-rhode-island_w.html
11/19/25,women,st-bonaventure,buffalo,/cbb/boxscores/2025-11-19-18-st-bonaventure_w.html,https://www.sports-reference.com/cbb/boxscores/2025-11-19-18-st-bonaventure_w.html
11/19/25,women,alabama,samford,/cbb/boxscores/2025-11-19-19-alabama_w.html,https://www.sports-reference.com/cbb/boxscores/2025-11-19-19-alabama_w.html
11/19/25,women,brown,boston-university,/cbb/boxscores/2025-11-19-19-brown_w.html,https://www.sports-reference.com/cbb/boxscores/2025-11-19-19-brown_w.html
11/19/25,women,george-mason,florida-gulf-coast,/cbb/boxscores/2025-11-19-19-george-mason_w.html,https://www.sports-reference.com/cbb/boxscores/2025-11-19-19-george-mason_w.html
11/19/25,women,high-point,vermont,/cbb/boxscores/2025-11-19-19-high-point_w.html,https://www.sports-reference.com/cbb/boxscores/2025-11-19-19-high-point_w.html
11/19/25,women,ipfw,eastern-michigan,/cbb/boxscores/2025-11-19-19-ipfw_w.html,https://www.sports-reference.com/cbb/boxscores/2025-11-19-19-ipfw_w.html
11/19/25,women,mercer,jackson-state,/cbb/boxscores/2025-11-19-19-jackson-state_w.html,https://www.sports-reference.com/cbb/boxscores/2025-11-19-19-jackson-state_w.html
11/19/25,women,kansas,minnesota,/cbb/boxscores/2025-11-19-19-kansas_w.html,https://www.sports-reference.com/cbb/boxscores/2025-11-19-19-kansas_w.html
11/19/25,women,lamar,,/cbb/boxscores/2025-11-19-19-lamar_w.html,https://www.sports-reference.com/cbb/boxscores/2025-11-19-19-lamar_w.html
11/19/25,women,marist,stony-brook,/cbb/boxscores/2025-11-19-19-marist_w.html,https://www.sports-reference.com/cbb/boxscores/2025-11-19-19-marist_w.html
11/19/25,women,navy,rider,/cbb/boxscores/2025-11-19-19-navy_w.html,https://www.sports-reference.com/cbb/boxscores/2025-11-19-19-navy_w.html
11/19/25,women,,new-orleans,/cbb/boxscores/2025-11-19-19-new-orleans_w.html,https://www.sports-reference.com/cbb/boxscores/2025-11-19-19-new-orleans_w.html
11/19/25,women,nicholls-state,mississippi-valley-state,/cbb/boxscores/2025-11-19-19-nicholls-state_w.html,https://www.sports-reference.com/cbb/boxscores/2025-11-19-19-nicholls-state_w.html
11/19/25,women,princeton,rice,/cbb/boxscores/2025-11-19-19-princeton_w.html,https://www.sports-reference.com/cbb/boxscores/2025-11-19-19-princeton_w.html
11/19/25,women,radford,furman,/cbb/boxscores/2025-11-19-19-radford_w.html,https://www.sports-reference.com/cbb/boxscores/2025-11-19-19-radford_w.html
11/19/25,women,wisconsin,illinois-chicago,/cbb/boxscores/2025-11-19-20-illinois-chicago_w.html,https://www.sports-reference.com/cbb/boxscores/2025-11-19-20-illinois-chicago_w.html
11/19/25,women,nebraska,oral-roberts,/cbb/boxscores/2025-11-19-20-nebraska_w.html,https://www.sports-reference.com/cbb/boxscores/2025-11-19-20-nebraska_w.html
11/19/25,women,pepperdine,northern-arizona,/cbb/boxscores/2025-11-19-20-northern-arizona_w.html,https://www.sports-reference.com/cbb/boxscores/2025-11-19-20-northern-arizona_w.html
11/19/25,women,california-baptist,cal-state-northridge,/cbb/boxscores/2025-11-19-21-california-baptist_w.html,https://www.sports-reference.com/cbb/boxscores/2025-11-19-21-california-baptist_w.html
11/19/25,women,brigham-young,montana,/cbb/boxscores/2025-11-19-21-montana_w.html,https://www.sports-reference.com/cbb/boxscores/2025-11-19-21-montana_w.html
11/19/25,women,california-santa-barbara,san-jose-state,/cbb/boxscores/2025-11-19-22-san-jose-state_w.html,https://www.sports-reference.com/cbb/boxscores/2025-11-19-22-san-jose-state_w.html
11/20/25,women,louisiana-state,alcorn-state,/cbb/boxscores/2025-11-20-20-louisiana-state_w.html,https://www.sports-reference.com/cbb/boxscores/2025-11-20-20-louisiana-state_w.html
11/20/25,women,iowa,baylor,/cbb/boxscores/2025-11-20-21-baylor_w.html,https://www.sports-reference.com/cbb/boxscores/2025-11-20-21-baylor_w.html
11/20/25,women,maryland,bethune-cookman,/cbb/boxscores/2025-11-20-00-maryland_w.html,https://www.sports-reference.com/cbb/boxscores/2025-11-20-00-maryland_w.html
11/20/25,women,texas-christian,tarleton-state,/cbb/boxscores/2025-11-20-19-texas-christian_w.html,https://www.sports-reference.com/cbb/boxscores/2025-11-20-19-texas-christian_w.html
11/20/25,women,iowa-state,drake,/cbb/boxscores/2025-11-20-19-drake_w.html,https://www.sports-reference.com/cbb/boxscores/2025-11-20-19-drake_w.html
11/20/25,women,north-carolina,north-carolina-at,/cbb/boxscores/2025-11-20-00-north-carolina-at_w.html,https://www.sports-reference.com/cbb/boxscores/2025-11-20-00-north-carolina-at_w.html
11/20/25,women,tennessee,middle-tennessee,/cbb/boxscores/2025-11-20-19-middle-tennessee_w.html,https://www.sports-reference.com/cbb/boxscores/2025-11-20-19-middle-tennessee_w.html
11/20/25,women,michigan-state,eastern-illinois,/cbb/boxscores/2025-11-20-18-michigan-state_w.html,https://www.sports-reference.com/cbb/boxscores/2025-11-20-18-michigan-state_w.html
11/20/25,women,west-virginia,appalachian-state,/cbb/boxscores/2025-11-20-19-west-virginia_w.html,https://www.sports-reference.com/cbb/boxscores/2025-11-20-19-west-virginia_w.html
11/20/25,women,binghamton,akron,/cbb/boxscores/2025-11-20-00-akron_w.html,https://www.sports-reference.com/cbb/boxscores/2025-11-20-00-akron_w.html
11/20/25,women,florida,florida-state,/cbb/boxscores/2025-11-20-00-florida_w.html,https://www.sports-reference.com/cbb/boxscores/2025-11-20-00-florida_w.html
11/20/25,women,long-island-university,american,/cbb/boxscores/2025-11-20-00-long-island-university_w.html,https://www.sports-reference.com/cbb/boxscores/2025-11-20-00-long-island-university_w.html
11/20/25,women,queens-nc,south-carolina-state,/cbb/boxscores/2025-11-20-00-south-carolina-state_w.html,https://www.sports-reference.com/cbb/boxscores/2025-11-20-00-south-carolina-state_w.html
11/20/25,women,wake-forest,north-carolina-central,/cbb/boxscores/2025-11-20-00-wake-forest_w.html,https://www.sports-reference.com/cbb/boxscores/2025-11-20-00-wake-forest_w.html
11/20/25,women,arkansas,arkansas-little-rock,/cbb/boxscores/2025-11-20-01-arkansas_w.html,https://www.sports-reference.com/cbb/boxscores/2025-11-20-01-arkansas_w.html
11/20/25,women,south-dakota-state,gonzaga,/cbb/boxscores/2025-11-20-01-gonzaga_w.html,https://www.sports-reference.com/cbb/boxscores/2025-11-20-01-gonzaga_w.html
11/20/25,women,troy,missouri,/cbb/boxscores/2025-11-20-01-missouri_w.html,https://www.sports-reference.com/cbb/boxscores/2025-11-20-01-missouri_w.html
11/20/25,women,cal-state-bakersfield,nebraska-omaha,/cbb/boxscores/2025-11-20-01-nebraska-omaha_w.html,https://www.sports-reference.com/cbb/boxscores/2025-11-20-01-nebraska-omaha_w.html
11/20/25,women,stanford,california-davis,/cbb/boxscores/2025-11-20-03-stanford_w.html,https://www.sports-reference.com/cbb/boxscores/2025-11-20-03-stanford_w.html
11/20/25,women,saint-josephs,columbia,/cbb/boxscores/2025-11-20-11-columbia_w.html,https://www.sports-reference.com/cbb/boxscores/2025-11-20-11-columbia_w.html
11/20/25,women,texas-state,texas-am-corpus-christi,/cbb/boxscores/2025-11-20-12-texas-am-corpus-christi_w.html,https://www.sports-reference.com/cbb/boxscores/2025-11-20-12-texas-am-corpus-christi_w.html
11/20/25,women,missouri-kansas-city,,/cbb/boxscores/2025-11-20-13-missouri-kansas-city_w.html,https://www.sports-reference.com/cbb/boxscores/2025-11-20-13-missouri-kansas-city_w.html
11/20/25,women,california,saint-marys-ca,/cbb/boxscores/2025-11-20-14-california_w.html,https://www.sports-reference.com/cbb/boxscores/2025-11-20-14-california_w.html
11/20/25,women,army,new-hampshire,/cbb/boxscores/2025-11-20-18-army_w.html,https://www.sports-reference.com/cbb/boxscores/2025-11-20-18-army_w.html
11/20/25,women,ball-state,cincinnati,/cbb/boxscores/2025-11-20-18-ball-state_w.html,https://www.sports-reference.com/cbb/boxscores/2025-11-20-18-ball-state_w.html
11/20/25,women,austin-peay,chattanooga,/cbb/boxscores/2025-11-20-18-chattanooga_w.html,https://www.sports-reference.com/cbb/boxscores/2025-11-20-18-chattanooga_w.html
11/20/25,women,miami-fl,davidson,/cbb/boxscores/2025-11-20-18-davidson_w.html,https://www.sports-reference.com/cbb/boxscores/2025-11-20-18-davidson_w.html
11/20/25,women,georgia,north-florida,/cbb/boxscores/2025-11-20-18-georgia_w.html,https://www.sports-reference.com/cbb/boxscores/2025-11-20-18-georgia_w.html
11/20/25,women,youngstown-state,mercyhurst,/cbb/boxscores/2025-11-20-18-mercyhurst_w.html,https://www.sports-reference.com/cbb/boxscores/2025-11-20-18-mercyhurst_w.html
11/20/25,women,virginia-tech,niagara,/cbb/boxscores/2025-11-20-18-virginia-tech_w.html,https://www.sports-reference.com/cbb/boxscores/2025-11-20-18-virginia-tech_w.html
11/20/25,women,xavier,ohio,/cbb/boxscores/2025-11-20-18-xavier_w.html,https://www.sports-reference.com/cbb/boxscores/2025-11-20-18-xavier_w.html
11/20/25,women,auburn,rutgers,/cbb/boxscores/2025-11-20-19-auburn_w.html,https://www.sports-reference.com/cbb/boxscores/2025-11-20-19-auburn_w.html
11/20/25,women,northern-iowa,creighton,/cbb/boxscores/2025-11-20-19-creighton_w.html,https://www.sports-reference.com/cbb/boxscores/2025-11-20-19-creighton_w.html
11/20/25,women,evansville,iupui,/cbb/boxscores/2025-11-20-19-evansville_w.html,https://www.sports-reference.com/cbb/boxscores/2025-11-20-19-evansville_w.html
11/20/25,women,mount-st-marys,loyola-md,/cbb/boxscores/2025-11-20-19-loyola-md_w.html,https://www.sports-reference.com/cbb/boxscores/2025-11-20-19-loyola-md_w.html
11/20/25,women,howard,monmouth,/cbb/boxscores/2025-11-20-19-monmouth_w.html,https://www.sports-reference.com/cbb/boxscores/2025-11-20-19-monmouth_w.html
11/20/25,women,sam-houston-state,louisiana-monroe,/cbb/boxscores/2025-11-20-19-sam-houston-state_w.html,https://www.sports-reference.com/cbb/boxscores/2025-11-20-19-sam-houston-state_w.html
11/20/25,women,seton-hall,fordham,/cbb/boxscores/2025-11-20-19-seton-hall_w.html,https://www.sports-reference.com/cbb/boxscores/2025-11-20-19-seton-hall_w.html
11/20/25,women,tennessee-tech,east-tennessee-state,/cbb/boxscores/2025-11-20-19-tennessee-tech_w.html,https://www.sports-reference.com/cbb/boxscores/2025-11-20-19-tennessee-tech_w.html
11/20/25,women,houston,texas-pan-american,/cbb/boxscores/2025-11-20-19-texas-pan-american_w.html,https://www.sports-reference.com/cbb/boxscores/2025-11-20-19-texas-pan-american_w.html
11/20/25,women,texas-tech,mississippi-state,/cbb/boxscores/2025-11-20-19-texas-tech_w.html,https://www.sports-reference.com/cbb/boxscores/2025-11-20-19-texas-tech_w.html
11/20/25,women,virginia,longwood,/cbb/boxscores/2025-11-20-19-virginia_w.html,https://www.sports-reference.com/cbb/boxscores/2025-11-20-19-virginia_w.html
11/20/25,women,lafayette,wagner,/cbb/boxscores/2025-11-20-19-wagner_w.html,https://www.sports-reference.com/cbb/boxscores/2025-11-20-19-wagner_w.html
11/20/25,women,south-alabama,florida-atlantic,/cbb/boxscores/2025-11-20-20-south-alabama_w.html,https://www.sports-reference.com/cbb/boxscores/2025-11-20-20-south-alabama_w.html
11/20/25,women,south-florida,duke,/cbb/boxscores/2025-11-20-20-south-florida_w.html,https://www.sports-reference.com/cbb/boxscores/2025-11-20-20-south-florida_w.html
11/20/25,women,texas-southern,,/cbb/boxscores/2025-11-20-20-texas-southern_w.html,https://www.sports-reference.com/cbb/boxscores/2025-11-20-20-texas-southern_w.html
11/20/25,women,utah-state,,/cbb/boxscores/2025-11-20-20-utah-state_w.html,https://www.sports-reference.com/cbb/boxscores/2025-11-20-20-utah-state_w.html
11/20/25,women,utah-valley,weber-state,/cbb/boxscores/2025-11-20-20-utah-valley_w.html,https://www.sports-reference.com/cbb/boxscores/2025-11-20-20-utah-valley_w.html
11/20/25,women,western-illinois,bradley,/cbb/boxscores/2025-11-20-20-western-illinois_w.html,https://www.sports-reference.com/cbb/boxscores/2025-11-20-20-western-illinois_w.html
11/20/25,women,san-francisco,long-beach-state,/cbb/boxscores/2025-11-20-21-long-beach-state_w.html,https://www.sports-reference.com/cbb/boxscores/2025-11-20-21-long-beach-state_w.html
11/20/25,women,new-mexico,tennessee-martin,/cbb/boxscores/2025-11-20-21-new-mexico_w.html,https://www.sports-reference.com/cbb/boxscores/2025-11-20-21-new-mexico_w.html
11/21/25,women,connecticut,michigan,/cbb/boxscores/2025-11-21-20-connecticut_w.html,https://www.sports-reference.com/cbb/boxscores/2025-11-21-20-connecticut_w.html
11/21/25,women,notre-dame,southern-california,/cbb/boxscores/2025-11-21-18-notre-dame_w.html,https://www.sports-reference.com/cbb/boxscores/2025-11-21-18-notre-dame_w.html
11/21/25,women,vanderbilt,alabama-state,/cbb/boxscores/2025-11-21-01-vanderbilt_w.html,https://www.sports-reference.com/cbb/boxscores/2025-11-21-01-vanderbilt_w.html
11/21/25,women,marshall,south-carolina-upstate,/cbb/boxscores/2025-11-21-00-marshall_w.html,https://www.sports-reference.com/cbb/boxscores/2025-11-21-00-marshall_w.html
11/21/25,women,winthrop,,/cbb/boxscores/2025-11-21-00-winthrop_w.html,https://www.sports-reference.com/cbb/boxscores/2025-11-21-00-winthrop_w.html
11/21/25,women,northern-colorado,campbell,/cbb/boxscores/2025-11-21-01-campbell_w.html,https://www.sports-reference.com/cbb/boxscores/2025-11-21-01-campbell_w.html
11/21/25,women,depaul,grambling,/cbb/boxscores/2025-11-21-01-depaul_w.html,https://www.sports-reference.com/cbb/boxscores/2025-11-21-01-depaul_w.html
11/21/25,women,illinois-state,saint-louis,/cbb/boxscores/2025-11-21-01-illinois-state_w.html,https://www.sports-reference.com/cbb/boxscores/2025-11-21-01-illinois-state_w.html
11/21/25,women,northern-illinois,southern-illinois-edwardsville,/cbb/boxscores/2025-11-21-01-southern-illinois-edwardsville_w.html,https://www.sports-reference.com/cbb/boxscores/2025-11-21-01-southern-illinois-edwardsville_w.html
11/21/25,women,arizona,northern-arizona,/cbb/boxscores/2025-11-21-02-arizona_w.html,https://www.sports-reference.com/cbb/boxscores/2025-11-21-02-arizona_w.html
11/21/25,women,boise-state,seattle,/cbb/boxscores/2025-11-21-02-boise-state_w.html,https://www.sports-reference.com/cbb/boxscores/2025-11-21-02-boise-state_w.html
11/21/25,women,southern-utah,cal-poly,/cbb/boxscores/2025-11-21-03-cal-poly_w.html,https://www.sports-reference.com/cbb/boxscores/2025-11-21-03-cal-poly_w.html
11/21/25,women,idaho,california-riverside,/cbb/boxscores/2025-11-21-03-idaho_w.html,https://www.sports-reference.com/cbb/boxscores/2025-11-21-03-idaho_w.html
11/21/25,women,nevada,alabama-am,/cbb/boxscores/2025-11-21-03-nevada_w.html,https://www.sports-reference.com/cbb/boxscores/2025-11-21-03-nevada_w.html
11/21/25,women,colorado-state,oregon-state,/cbb/boxscores/2025-11-21-03-oregon-state_w.html,https://www.sports-reference.com/cbb/boxscores/2025-11-21-03-oregon-state_w.html
11/21/25,women,old-dominion,east-carolina,/cbb/boxscores/2025-11-21-11-east-carolina_w.html,https://www.sports-reference.com/cbb/boxscores/2025-11-21-11-east-carolina_w.html
11/21/25,women,north-carolina-wilmington,presbyterian,/cbb/boxscores/2025-11-21-11-north-carolina-wilmington_w.html,https://www.sports-reference.com/cbb/boxscores/2025-11-21-11-north-carolina-wilmington_w.html
11/21/25,women,north-dakota,wyoming,/cbb/boxscores/2025-11-21-14-north-dakota_w.html,https://www.sports-reference.com/cbb/boxscores/2025-11-21-14-north-dakota_w.html
11/21/25,women,hawaii,loyola-marymount,/cbb/boxscores/2025-11-21-16-hawaii_w.html,https://www.sports-reference.com/cbb/boxscores/2025-11-21-16-hawaii_w.html
11/21/25,women,hampton,norfolk-state,/cbb/boxscores/2025-11-21-17-norfolk-state_w.html,https://www.sports-reference.com/cbb/boxscores/2025-11-21-17-norfolk-state_w.html
11/21/25,women,college-of-charleston,quinnipiac,/cbb/boxscores/2025-11-21-17-quinnipiac_w.html,https://www.sports-reference.com/cbb/boxscores/2025-11-21-17-quinnipiac_w.html
11/21/25,women,syracuse,utah,/cbb/boxscores/2025-11-21-17-syracuse_w.html,https://www.sports-reference.com/cbb/boxscores/2025-11-21-17-syracuse_w.html
11/21/25,women,idaho-state,portland,/cbb/boxscores/2025-11-21-18-idaho-state_w.html,https://www.sports-reference.com/cbb/boxscores/2025-11-21-18-idaho-state_w.html
11/21/25,women,stetson,,/cbb/boxscores/2025-11-21-18-stetson_w.html,https://www.sports-reference.com/cbb/boxscores/2025-11-21-18-stetson_w.html
11/21/25,women,central-florida,florida-am,/cbb/boxscores/2025-11-21-19-central-florida_w.html,https://www.sports-reference.com/cbb/boxscores/2025-11-21-19-central-florida_w.html
11/21/25,women,dayton,canisius,/cbb/boxscores/2025-11-21-19-dayton_w.html,https://www.sports-reference.com/cbb/boxscores/2025-11-21-19-dayton_w.html
11/21/25,women,georgetown,george-washington,/cbb/boxscores/2025-11-21-19-georgetown_w.html,https://www.sports-reference.com/cbb/boxscores/2025-11-21-19-georgetown_w.html
11/21/25,women,north-carolina-greensboro,gardner-webb,/cbb/boxscores/2025-11-21-19-north-carolina-greensboro_w.html,https://www.sports-reference.com/cbb/boxscores/2025-11-21-19-north-carolina-greensboro_w.html
11/21/25,women,northwestern-state,,/cbb/boxscores/2025-11-21-19-northwestern-state_w.html,https://www.sports-reference.com/cbb/boxscores/2025-11-21-19-northwestern-state_w.html
11/21/25,women,northwestern,cleveland-state,/cbb/boxscores/2025-11-21-19-northwestern_w.html,https://www.sports-reference.com/cbb/boxscores/2025-11-21-19-northwestern_w.html
11/21/25,women,providence,yale,/cbb/boxscores/2025-11-21-19-providence_w.html,https://www.sports-reference.com/cbb/boxscores/2025-11-21-19-providence_w.html
11/21/25,women,samford,,/cbb/boxscores/2025-11-21-19-samford_w.html,https://www.sports-reference.com/cbb/boxscores/2025-11-21-19-samford_w.html
11/21/25,women,denver,,/cbb/boxscores/2025-11-21-20-denver_w.html,https://www.sports-reference.com/cbb/boxscores/2025-11-21-20-denver_w.html
11/21/25,women,north-dakota-state,tulane,/cbb/boxscores/2025-11-21-20-north-dakota-state_w.html,https://www.sports-reference.com/cbb/boxscores/2025-11-21-20-north-dakota-state_w.html
11/21/25,women,south-dakota,valparaiso,/cbb/boxscores/2025-11-21-20-south-dakota_w.html,https://www.sports-reference.com/cbb/boxscores/2025-11-21-20-south-dakota_w.html
11/21/25,women,california-irvine,bowling-green-state,/cbb/boxscores/2025-11-21-21-bowling-green-state_w.html,https://www.sports-reference.com/cbb/boxscores/2025-11-21-21-bowling-green-state_w.html
11/21/25,women,sacramento-state,cal-state-fullerton,/cbb/boxscores/2025-11-21-21-sacramento-state_w.html,https://www.sports-reference.com/cbb/boxscores/2025-11-21-21-sacramento-state_w.html
11/22/25,women,baylor,davidson,/cbb/boxscores/2025-11-22-17-baylor_w.html,https://www.sports-reference.com/cbb/boxscores/2025-11-22-17-baylor_w.html
11/22/25,women,iowa,miami-fl,/cbb/boxscores/2025-11-22-20-iowa_w.html,https://www.sports-reference.com/cbb/boxscores/2025-11-22-20-iowa_w.html
11/22/25,women,kentucky,louisville,/cbb/boxscores/2025-11-22-14-louisville_w.html,https://www.sports-reference.com/cbb/boxscores/2025-11-22-14-louisville_w.html
11/22/25,women,la-salle,american,/cbb/boxscores/2025-11-22-00-la-salle_w.html,https://www.sports-reference.com/cbb/boxscores/2025-11-22-00-la-salle_w.html
11/22/25,women,cornell,le-moyne,/cbb/boxscores/2025-11-22-00-le-moyne_w.html,https://www.sports-reference.com/cbb/boxscores/2025-11-22-00-le-moyne_w.html
11/22/25,women,army,saint-francis-pa,/cbb/boxscores/2025-11-22-00-saint-francis-pa_w.html,https://www.sports-reference.com/cbb/boxscores/2025-11-22-00-saint-francis-pa_w.html
11/22/25,women,wright-state,,/cbb/boxscores/2025-11-22-00-wright-state_w.html,https://www.sports-reference.com/cbb/boxscores/2025-11-22-00-wright-state_w.html
11/22/25,women,lindenwood,nebraska-omaha,/cbb/boxscores/2025-11-22-01-nebraska-omaha_w.html,https://www.sports-reference.com/cbb/boxscores/2025-11-22-01-nebraska-omaha_w.html
11/22/25,women,north-texas,southern-methodist,/cbb/boxscores/2025-11-22-01-southern-methodist_w.html,https://www.sports-reference.com/cbb/boxscores/2025-11-22-01-southern-methodist_w.html
11/22/25,women,arizona-state,nevada-las-vegas,/cbb/boxscores/2025-11-22-02-arizona-state_w.html,https://www.sports-reference.com/cbb/boxscores/2025-11-22-02-arizona-state_w.html
11/22/25,women,morehead-state,south-carolina-upstate,/cbb/boxscores/2025-11-22-10-morehead-state_w.html,https://www.sports-reference.com/cbb/boxscores/2025-11-22-10-morehead-state_w.html
11/22/25,women,massachusetts,boston-college,/cbb/boxscores/2025-11-22-12-massachusetts_w.html,https://www.sports-reference.com/cbb/boxscores/2025-11-22-12-massachusetts_w.html
11/22/25,women,central-michigan,eastern-illinois,/cbb/boxscores/2025-11-22-13-central-michigan_w.html,https://www.sports-reference.com/cbb/boxscores/2025-11-22-13-central-michigan_w.html
11/22/25,women,georgia-southern,mercer,/cbb/boxscores/2025-11-22-13-georgia-southern_w.html,https://www.sports-reference.com/cbb/boxscores/2025-11-22-13-georgia-southern_w.html
11/22/25,women,njit,drexel,/cbb/boxscores/2025-11-22-13-njit_w.html,https://www.sports-reference.com/cbb/boxscores/2025-11-22-13-njit_w.html
11/22/25,women,northeastern,sacred-heart,/cbb/boxscores/2025-11-22-13-northeastern_w.html,https://www.sports-reference.com/cbb/boxscores/2025-11-22-13-northeastern_w.html
11/22/25,women,princeton,penn-state,/cbb/boxscores/2025-11-22-13-penn-state_w.html,https://www.sports-reference.com/cbb/boxscores/2025-11-22-13-penn-state_w.html
11/22/25,women,pittsburgh,robert-morris,/cbb/boxscores/2025-11-22-13-pittsburgh_w.html,https://www.sports-reference.com/cbb/boxscores/2025-11-22-13-pittsburgh_w.html
11/22/25,women,albany-ny,st-bonaventure,/cbb/boxscores/2025-11-22-13-st-bonaventure_w.html,https://www.sports-reference.com/cbb/boxscores/2025-11-22-13-st-bonaventure_w.html
11/22/25,women,boston-university,massachusetts-lowell,/cbb/boxscores/2025-11-22-14-boston-university_w.html,https://www.sports-reference.com/cbb/boxscores/2025-11-22-14-boston-university_w.html
11/22/25,women,charlotte,wofford,/cbb/boxscores/2025-11-22-14-charlotte_w.html,https://www.sports-reference.com/cbb/boxscores/2025-11-22-14-charlotte_w.html
11/22/25,women,chattanooga,northern-kentucky,/cbb/boxscores/2025-11-22-14-chattanooga_w.html,https://www.sports-reference.com/cbb/boxscores/2025-11-22-14-chattanooga_w.html
11/22/25,women,delaware-state,,/cbb/boxscores/2025-11-22-14-delaware-state_w.html,https://www.sports-reference.com/cbb/boxscores/2025-11-22-14-delaware-state_w.html
11/22/25,women,green-bay,kansas-state,/cbb/boxscores/2025-11-22-14-green-bay_w.html,https://www.sports-reference.com/cbb/boxscores/2025-11-22-14-green-bay_w.html
11/22/25,women,bucknell,hofstra,/cbb/boxscores/2025-11-22-14-hofstra_w.html,https://www.sports-reference.com/cbb/boxscores/2025-11-22-14-hofstra_w.html
11/22/25,women,jacksonville,florida-international,/cbb/boxscores/2025-11-22-14-jacksonville_w.html,https://www.sports-reference.com/cbb/boxscores/2025-11-22-14-jacksonville_w.html
11/22/25,women,mcneese-state,,/cbb/boxscores/2025-11-22-14-mcneese-state_w.html,https://www.sports-reference.com/cbb/boxscores/2025-11-22-14-mcneese-state_w.html
11/22/25,women,radford,niagara,/cbb/boxscores/2025-11-22-14-radford_w.html,https://www.sports-reference.com/cbb/boxscores/2025-11-22-14-radford_w.html
11/22/25,women,southeastern-louisiana,texas-am-commerce,/cbb/boxscores/2025-11-22-14-southeastern-louisiana_w.html,https://www.sports-reference.com/cbb/boxscores/2025-11-22-14-southeastern-louisiana_w.html
11/22/25,women,illinois-chicago,loyola-il,/cbb/boxscores/2025-11-22-15-illinois-chicago_w.html,https://www.sports-reference.com/cbb/boxscores/2025-11-22-15-illinois-chicago_w.html
11/22/25,women,memphis,east-tennessee-state,/cbb/boxscores/2025-11-22-15-memphis_w.html,https://www.sports-reference.com/cbb/boxscores/2025-11-22-15-memphis_w.html
11/22/25,women,murray-state,alabama-birmingham,/cbb/boxscores/2025-11-22-15-murray-state_w.html,https://www.sports-reference.com/cbb/boxscores/2025-11-22-15-murray-state_w.html
11/22/25,women,jacksonville-state,new-orleans,/cbb/boxscores/2025-11-22-15-new-orleans_w.html,https://www.sports-reference.com/cbb/boxscores/2025-11-22-15-new-orleans_w.html
11/22/25,women,san-diego-state,maryland-eastern-shore,/cbb/boxscores/2025-11-22-15-san-diego-state_w.html,https://www.sports-reference.com/cbb/boxscores/2025-11-22-15-san-diego-state_w.html
11/22/25,women,southern-mississippi,nicholls-state,/cbb/boxscores/2025-11-22-15-southern-mississippi_w.html,https://www.sports-reference.com/cbb/boxscores/2025-11-22-15-southern-mississippi_w.html
11/22/25,women,tulsa,missouri-state,/cbb/boxscores/2025-11-22-15-tulsa_w.html,https://www.sports-reference.com/cbb/boxscores/2025-11-22-15-tulsa_w.html
11/22/25,women,cal-state-bakersfield,wichita-state,/cbb/boxscores/2025-11-22-15-wichita-state_w.html,https://www.sports-reference.com/cbb/boxscores/2025-11-22-15-wichita-state_w.html
11/22/25,women,brigham-young,weber-state,/cbb/boxscores/2025-11-22-16-brigham-young_w.html,https://www.sports-reference.com/cbb/boxscores/2025-11-22-16-brigham-young_w.html
11/22/25,women,campbell,grambling,/cbb/boxscores/2025-11-22-16-campbell_w.html,https://www.sports-reference.com/cbb/boxscores/2025-11-22-16-campbell_w.html
11/22/25,women,appalachian-state,north-carolina-asheville,/cbb/boxscores/2025-11-22-16-north-carolina-asheville_w.html,https://www.sports-reference.com/cbb/boxscores/2025-11-22-16-north-carolina-asheville_w.html
11/22/25,women,california-san-diego,air-force,/cbb/boxscores/2025-11-22-17-california-san-diego_w.html,https://www.sports-reference.com/cbb/boxscores/2025-11-22-17-california-san-diego_w.html
11/22/25,women,charleston-southern,south-carolina-state,/cbb/boxscores/2025-11-22-18-charleston-southern_w.html,https://www.sports-reference.com/cbb/boxscores/2025-11-22-18-charleston-southern_w.html
11/22/25,women,northern-colorado,depaul,/cbb/boxscores/2025-11-22-18-depaul_w.html,https://www.sports-reference.com/cbb/boxscores/2025-11-22-18-depaul_w.html
11/22/25,women,eastern-kentucky,,/cbb/boxscores/2025-11-22-18-eastern-kentucky_w.html,https://www.sports-reference.com/cbb/boxscores/2025-11-22-18-eastern-kentucky_w.html
11/22/25,women,bryant,stonehill,/cbb/boxscores/2025-11-22-18-stonehill_w.html,https://www.sports-reference.com/cbb/boxscores/2025-11-22-18-stonehill_w.html
11/22/25,women,north-alabama,,/cbb/boxscores/2025-11-22-19-north-alabama_w.html,https://www.sports-reference.com/cbb/boxscores/2025-11-22-19-north-alabama_w.html
11/22/25,women,villanova,temple,/cbb/boxscores/2025-11-22-19-villanova_w.html,https://www.sports-reference.com/cbb/boxscores/2025-11-22-19-villanova_w.html
11/22/25,women,colorado,texas-arlington,/cbb/boxscores/2025-11-22-21-colorado_w.html,https://www.sports-reference.com/cbb/boxscores/2025-11-22-21-colorado_w.html
11/22/25,women,dixie-state,portland-state,/cbb/boxscores/2025-11-22-21-dixie-state_w.html,https://www.sports-reference.com/cbb/boxscores/2025-11-22-21-dixie-state_w.html
11/22/25,women,texas-el-paso,tennessee-martin,/cbb/boxscores/2025-11-22-21-texas-el-paso_w.html,https://www.sports-reference.com/cbb/boxscores/2025-11-22-21-texas-el-paso_w.html
11/22/25,women,california-irvine,st-thomas-mn,/cbb/boxscores/2025-11-22-23-st-thomas-mn_w.html,https://www.sports-reference.com/cbb/boxscores/2025-11-22-23-st-thomas-mn_w.html
11/22/25,women,texas-am,virginia-commonwealth,/cbb/boxscores/2025-11-22-23-texas-am_w.html,https://www.sports-reference.com/cbb/boxscores/2025-11-22-23-texas-am_w.html
11/23/25,women,connecticut,utah,/cbb/boxscores/2025-11-23-14-connecticut_w.html,https://www.sports-reference.com/cbb/boxscores/2025-11-23-14-connecticut_w.html
11/23/25,women,south-carolina,queens-nc,/cbb/boxscores/2025-11-23-14-south-carolina_w.html,https://www.sports-reference.com/cbb/boxscores/2025-11-23-14-south-carolina_w.html
11/23/25,women,ucla,southern,/cbb/boxscores/2025-11-23-17-ucla_w.html,https://www.sports-reference.com/cbb/boxscores/2025-11-23-17-ucla_w.html
11/23/25,women,michigan,syracuse,/cbb/boxscores/2025-11-23-12-michigan_w.html,https://www.sports-reference.com/cbb/boxscores/2025-11-23-12-michigan_w.html
11/23/25,women,maryland,george-mason,/cbb/boxscores/2025-11-23-00-maryland_w.html,https://www.sports-reference.com/cbb/boxscores/2025-11-23-00-maryland_w.html
11/23/25,women,texas-christian,texas-pan-american,/cbb/boxscores/2025-11-23-17-texas-christian_w.html,https://www.sports-reference.com/cbb/boxscores/2025-11-23-17-texas-christian_w.html
11/23/25,women,iowa-state,mercyhurst,/cbb/boxscores/2025-11-23-14-iowa-state_w.html,https://www.sports-reference.com/cbb/boxscores/2025-11-23-14-iowa-state_w.html
11/23/25,women,north-carolina,north-carolina-greensboro,/cbb/boxscores/2025-11-23-00-north-carolina_w.html,https://www.sports-reference.com/cbb/boxscores/2025-11-23-00-north-carolina_w.html
11/23/25,women,tennessee,coppin-state,/cbb/boxscores/2025-11-23-14-tennessee_w.html,https://www.sports-reference.com/cbb/boxscores/2025-11-23-14-tennessee_w.html
11/23/25,women,rhode-island,north-carolina-state,/cbb/boxscores/2025-11-23-14-north-carolina-state_w.html,https://www.sports-reference.com/cbb/boxscores/2025-11-23-14-north-carolina-state_w.html
11/23/25,women,vanderbilt,tennessee-state,/cbb/boxscores/2025-11-23-01-vanderbilt_w.html,https://www.sports-reference.com/cbb/boxscores/2025-11-23-01-vanderbilt_w.html
11/23/25,women,michigan-state,oakland,/cbb/boxscores/2025-11-23-19-michigan-state_w.html,https://www.sports-reference.com/cbb/boxscores/2025-11-23-19-michigan-state_w.html
11/23/25,women,washington,vermont,/cbb/boxscores/2025-11-23-03-washington_w.html,https://www.sports-reference.com/cbb/boxscores/2025-11-23-03-washington_w.html
11/23/25,women,brown,maine,/cbb/boxscores/2025-11-23-00-brown_w.html,https://www.sports-reference.com/cbb/boxscores/2025-11-23-00-brown_w.html
11/23/25,women,butler,milwaukee,/cbb/boxscores/2025-11-23-00-butler_w.html,https://www.sports-reference.com/cbb/boxscores/2025-11-23-00-butler_w.html
11/23/25,women,clemson,furman,/cbb/boxscores/2025-11-23-00-furman_w.html,https://www.sports-reference.com/cbb/boxscores/2025-11-23-00-furman_w.html
11/23/25,women,marshall,iupui,/cbb/boxscores/2025-11-23-00-marshall_w.html,https://www.sports-reference.com/cbb/boxscores/2025-11-23-00-marshall_w.html
11/23/25,women,princeton,maryland-eastern-shore,/cbb/boxscores/2025-11-23-00-princeton_w.html,https://www.sports-reference.com/cbb/boxscores/2025-11-23-00-princeton_w.html
11/23/25,women,purdue,miami-oh,/cbb/boxscores/2025-11-23-00-purdue_w.html,https://www.sports-reference.com/cbb/boxscores/2025-11-23-00-purdue_w.html
11/23/25,women,wake-forest,western-carolina,/cbb/boxscores/2025-11-23-00-wake-forest_w.html,https://www.sports-reference.com/cbb/boxscores/2025-11-23-00-wake-forest_w.html
11/23/25,women,arkansas-state,jackson-state,/cbb/boxscores/2025-11-23-01-jackson-state_w.html,https://www.sports-reference.com/cbb/boxscores/2025-11-23-01-jackson-state_w.html
11/23/25,women,boise-state,california-riverside,/cbb/boxscores/2025-11-23-02-boise-state_w.html,https://www.sports-reference.com/cbb/boxscores/2025-11-23-02-boise-state_w.html
11/23/25,women,gonzaga,eastern-washington,/cbb/boxscores/2025-11-23-03-gonzaga_w.html,https://www.sports-reference.com/cbb/boxscores/2025-11-23-03-gonzaga_w.html
11/23/25,women,idaho,cal-state-northridge,/cbb/boxscores/2025-11-23-03-idaho_w.html,https://www.sports-reference.com/cbb/boxscores/2025-11-23-03-idaho_w.html
11/23/25,women,oregon,utah-state,/cbb/boxscores/2025-11-23-03-oregon_w.html,https://www.sports-reference.com/cbb/boxscores/2025-11-23-03-oregon_w.html
11/23/25,women,stanford,lehigh,/cbb/boxscores/2025-11-23-03-stanford_w.html,https://www.sports-reference.com/cbb/boxscores/2025-11-23-03-stanford_w.html
11/23/25,women,loyola-md,yale,/cbb/boxscores/2025-11-23-13-yale_w.html,https://www.sports-reference.com/cbb/boxscores/2025-11-23-13-yale_w.html
11/23/25,women,cincinnati,canisius,/cbb/boxscores/2025-11-23-14-cincinnati_w.html,https://www.sports-reference.com/cbb/boxscores/2025-11-23-14-cincinnati_w.html
11/23/25,women,illinois,florida-state,/cbb/boxscores/2025-11-23-14-florida-state_w.html,https://www.sports-reference.com/cbb/boxscores/2025-11-23-14-florida-state_w.html
11/23/25,women,fordham,manhattan,/cbb/boxscores/2025-11-23-14-fordham_w.html,https://www.sports-reference.com/cbb/boxscores/2025-11-23-14-fordham_w.html
11/23/25,women,george-washington,morgan-state,/cbb/boxscores/2025-11-23-14-george-washington_w.html,https://www.sports-reference.com/cbb/boxscores/2025-11-23-14-george-washington_w.html
11/23/25,women,georgia,georgia-tech,/cbb/boxscores/2025-11-23-14-georgia_w.html,https://www.sports-reference.com/cbb/boxscores/2025-11-23-14-georgia_w.html
11/23/25,women,howard,william-mary,/cbb/boxscores/2025-11-23-14-howard_w.html,https://www.sports-reference.com/cbb/boxscores/2025-11-23-14-howard_w.html
11/23/25,women,james-madison,virginia-tech,/cbb/boxscores/2025-11-23-14-james-madison_w.html,https://www.sports-reference.com/cbb/boxscores/2025-11-23-14-james-madison_w.html
11/23/25,women,old-dominion,north-carolina-central,/cbb/boxscores/2025-11-23-14-old-dominion_w.html,https://www.sports-reference.com/cbb/boxscores/2025-11-23-14-old-dominion_w.html
11/23/25,women,quinnipiac,colgate,/cbb/boxscores/2025-11-23-14-quinnipiac_w.html,https://www.sports-reference.com/cbb/boxscores/2025-11-23-14-quinnipiac_w.html
11/23/25,women,richmond,navy,/cbb/boxscores/2025-11-23-14-richmond_w.html,https://www.sports-reference.com/cbb/boxscores/2025-11-23-14-richmond_w.html
11/23/25,women,bradley,bellarmine,/cbb/boxscores/2025-11-23-15-bradley_w.html,https://www.sports-reference.com/cbb/boxscores/2025-11-23-15-bradley_w.html
11/23/25,women,houston,high-point,/cbb/boxscores/2025-11-23-15-houston_w.html,https://www.sports-reference.com/cbb/boxscores/2025-11-23-15-houston_w.html
11/23/25,women,kansas,oral-roberts,/cbb/boxscores/2025-11-23-15-kansas_w.html,https://www.sports-reference.com/cbb/boxscores/2025-11-23-15-kansas_w.html
11/23/25,women,louisiana-monroe,lamar,/cbb/boxscores/2025-11-23-15-louisiana-monroe_w.html,https://www.sports-reference.com/cbb/boxscores/2025-11-23-15-louisiana-monroe_w.html
11/23/25,women,louisiana-tech,stephen-f-austin,/cbb/boxscores/2025-11-23-15-louisiana-tech_w.html,https://www.sports-reference.com/cbb/boxscores/2025-11-23-15-louisiana-tech_w.html
11/23/25,women,missouri,washington-state,/cbb/boxscores/2025-11-23-15-missouri_w.html,https://www.sports-reference.com/cbb/boxscores/2025-11-23-15-missouri_w.html
11/23/25,women,texas-tech,new-mexico,/cbb/boxscores/2025-11-23-15-new-mexico_w.html,https://www.sports-reference.com/cbb/boxscores/2025-11-23-15-new-mexico_w.html
11/23/25,women,rice,incarnate-word,/cbb/boxscores/2025-11-23-15-rice_w.html,https://www.sports-reference.com/cbb/boxscores/2025-11-23-15-rice_w.html
11/23/25,women,wisconsin,detroit-mercy,/cbb/boxscores/2025-11-23-15-wisconsin_w.html,https://www.sports-reference.com/cbb/boxscores/2025-11-23-15-wisconsin_w.html
11/23/25,women,santa-clara,fresno-state,/cbb/boxscores/2025-11-23-16-santa-clara_w.html,https://www.sports-reference.com/cbb/boxscores/2025-11-23-16-santa-clara_w.html
11/23/25,women,loyola-marymount,idaho-state,/cbb/boxscores/2025-11-23-17-idaho-state_w.html,https://www.sports-reference.com/cbb/boxscores/2025-11-23-17-idaho-state_w.html
11/23/25,women,towson,maryland-baltimore-county,/cbb/boxscores/2025-11-23-17-maryland-baltimore-county_w.html,https://www.sports-reference.com/cbb/boxscores/2025-11-23-17-maryland-baltimore-county_w.html
11/23/25,women,oregon-state,long-beach-state,/cbb/boxscores/2025-11-23-17-oregon-state_w.html,https://www.sports-reference.com/cbb/boxscores/2025-11-23-17-oregon-state_w.html
11/23/25,women,cal-state-fullerton,pacific,/cbb/boxscores/2025-11-23-17-pacific_w.html,https://www.sports-reference.com/cbb/boxscores/2025-11-23-17-pacific_w.html
11/23/25,women,pepperdine,san-jose-state,/cbb/boxscores/2025-11-23-17-pepperdine_w.html,https://www.sports-reference.com/cbb/boxscores/2025-11-23-17-pepperdine_w.html
11/23/25,women,hawaii,portland,/cbb/boxscores/2025-11-23-19-hawaii_w.html,https://www.sports-reference.com/cbb/boxscores/2025-11-23-19-hawaii_w.html
11/24/25,women,mississippi,longwood,/cbb/boxscores/2025-11-24-19-mississippi_w.html,https://www.sports-reference.com/cbb/boxscores/2025-11-24-19-mississippi_w.html
11/24/25,women,notre-dame,central-michigan,/cbb/boxscores/2025-11-24-21-notre-dame_w.html,https://www.sports-reference.com/cbb/boxscores/2025-11-24-21-notre-dame_w.html
11/24/25,women,west-virginia,mcneese-state,/cbb/boxscores/2025-11-24-13-mcneese-state_w.html,https://www.sports-reference.com/cbb/boxscores/2025-11-24-13-mcneese-state_w.html
11/24/25,women,oklahoma-state,texas-am-corpus-christi,/cbb/boxscores/2025-11-24-01-oklahoma-state_w.html,https://www.sports-reference.com/cbb/boxscores/2025-11-24-01-oklahoma-state_w.html
11/24/25,women,xavier,akron,/cbb/boxscores/2025-11-24-00-akron_w.html,https://www.sports-reference.com/cbb/boxscores/2025-11-24-00-akron_w.html
11/24/25,women,illinois-chicago,ball-state,/cbb/boxscores/2025-11-24-00-ball-state_w.html,https://www.sports-reference.com/cbb/boxscores/2025-11-24-00-ball-state_w.html
11/24/25,women,central-arkansas,samford,/cbb/boxscores/2025-11-24-00-central-arkansas_w.html,https://www.sports-reference.com/cbb/boxscores/2025-11-24-00-central-arkansas_w.html
11/24/25,women,hampton,delaware-state,/cbb/boxscores/2025-11-24-00-hampton_w.html,https://www.sports-reference.com/cbb/boxscores/2025-11-24-00-hampton_w.html
11/24/25,women,houston-baptist,,/cbb/boxscores/2025-11-24-01-houston-baptist_w.html,https://www.sports-reference.com/cbb/boxscores/2025-11-24-01-houston-baptist_w.html
11/24/25,women,northern-illinois,chicago-state,/cbb/boxscores/2025-11-24-01-northern-illinois_w.html,https://www.sports-reference.com/cbb/boxscores/2025-11-24-01-northern-illinois_w.html
11/24/25,women,troy,montana-state,/cbb/boxscores/2025-11-24-01-troy_w.html,https://www.sports-reference.com/cbb/boxscores/2025-11-24-01-troy_w.html
11/24/25,women,ohio-state,belmont,/cbb/boxscores/2025-11-24-11-belmont_w.html,https://www.sports-reference.com/cbb/boxscores/2025-11-24-11-belmont_w.html
11/24/25,women,indiana-state,,/cbb/boxscores/2025-11-24-11-indiana-state_w.html,https://www.sports-reference.com/cbb/boxscores/2025-11-24-11-indiana-state_w.html
11/24/25,women,georgia-state,stony-brook,/cbb/boxscores/2025-11-24-12-georgia-state_w.html,https://www.sports-reference.com/cbb/boxscores/2025-11-24-12-georgia-state_w.html
11/24/25,women,middle-tennessee,providence,/cbb/boxscores/2025-11-24-12-middle-tennessee_w.html,https://www.sports-reference.com/cbb/boxscores/2025-11-24-12-middle-tennessee_w.html
11/24/25,women,penn-state,san-diego-state,/cbb/boxscores/2025-11-24-12-penn-state_w.html,https://www.sports-reference.com/cbb/boxscores/2025-11-24-12-penn-state_w.html
11/24/25,women,mississippi-state,alcorn-state,/cbb/boxscores/2025-11-24-14-alcorn-state_w.html,https://www.sports-reference.com/cbb/boxscores/2025-11-24-14-alcorn-state_w.html
11/24/25,women,san-diego,new-mexico-state,/cbb/boxscores/2025-11-24-14-san-diego_w.html,https://www.sports-reference.com/cbb/boxscores/2025-11-24-14-san-diego_w.html
11/24/25,women,minnesota,south-florida,/cbb/boxscores/2025-11-24-16-minnesota_w.html,https://www.sports-reference.com/cbb/boxscores/2025-11-24-16-minnesota_w.html
11/24/25,women,auburn,texas-san-antonio,/cbb/boxscores/2025-11-24-17-auburn_w.html,https://www.sports-reference.com/cbb/boxscores/2025-11-24-17-auburn_w.html
11/24/25,women,texas-arlington,texas-am,/cbb/boxscores/2025-11-24-17-texas-am_w.html,https://www.sports-reference.com/cbb/boxscores/2025-11-24-17-texas-am_w.html
11/24/25,women,alabama,harvard,/cbb/boxscores/2025-11-24-18-alabama_w.html,https://www.sports-reference.com/cbb/boxscores/2025-11-24-18-alabama_w.html
11/24/25,women,central-florida,south-carolina-state,/cbb/boxscores/2025-11-24-18-central-florida_w.html,https://www.sports-reference.com/cbb/boxscores/2025-11-24-18-central-florida_w.html
11/24/25,women,coastal-carolina,presbyterian,/cbb/boxscores/2025-11-24-18-coastal-carolina_w.html,https://www.sports-reference.com/cbb/boxscores/2025-11-24-18-coastal-carolina_w.html
11/24/25,women,duquesne,kent-state,/cbb/boxscores/2025-11-24-18-duquesne_w.html,https://www.sports-reference.com/cbb/boxscores/2025-11-24-18-duquesne_w.html
11/24/25,women,nebraska,ipfw,/cbb/boxscores/2025-11-24-18-nebraska_w.html,https://www.sports-reference.com/cbb/boxscores/2025-11-24-18-nebraska_w.html
11/24/25,women,saint-josephs,pennsylvania,/cbb/boxscores/2025-11-24-18-pennsylvania_w.html,https://www.sports-reference.com/cbb/boxscores/2025-11-24-18-pennsylvania_w.html
11/24/25,women,st-johns-ny,central-connecticut-state,/cbb/boxscores/2025-11-24-18-st-johns-ny_w.html,https://www.sports-reference.com/cbb/boxscores/2025-11-24-18-st-johns-ny_w.html
11/24/25,women,colorado,virginia-commonwealth,/cbb/boxscores/2025-11-24-19-colorado_w.html,https://www.sports-reference.com/cbb/boxscores/2025-11-24-19-colorado_w.html
11/24/25,women,columbia,binghamton,/cbb/boxscores/2025-11-24-19-columbia_w.html,https://www.sports-reference.com/cbb/boxscores/2025-11-24-19-columbia_w.html
11/24/25,women,florida,florida-atlantic,/cbb/boxscores/2025-11-24-19-florida-atlantic_w.html,https://www.sports-reference.com/cbb/boxscores/2025-11-24-19-florida-atlantic_w.html
11/24/25,women,georgetown,elon,/cbb/boxscores/2025-11-24-19-georgetown_w.html,https://www.sports-reference.com/cbb/boxscores/2025-11-24-19-georgetown_w.html
11/24/25,women,monmouth,marist,/cbb/boxscores/2025-11-24-19-marist_w.html,https://www.sports-reference.com/cbb/boxscores/2025-11-24-19-marist_w.html
11/24/25,women,ohio,wright-state,/cbb/boxscores/2025-11-24-19-ohio_w.html,https://www.sports-reference.com/cbb/boxscores/2025-11-24-19-ohio_w.html
11/24/25,women,rutgers,siena,/cbb/boxscores/2025-11-24-19-rutgers_w.html,https://www.sports-reference.com/cbb/boxscores/2025-11-24-19-rutgers_w.html
11/24/25,women,iona,wagner,/cbb/boxscores/2025-11-24-19-wagner_w.html,https://www.sports-reference.com/cbb/boxscores/2025-11-24-19-wagner_w.html
11/24/25,women,california,grand-canyon,/cbb/boxscores/2025-11-24-20-california_w.html,https://www.sports-reference.com/cbb/boxscores/2025-11-24-20-california_w.html
11/24/25,women,nevada,utah-valley,/cbb/boxscores/2025-11-24-20-nevada_w.html,https://www.sports-reference.com/cbb/boxscores/2025-11-24-20-nevada_w.html
11/24/25,women,virginia,northwestern-state,/cbb/boxscores/2025-11-24-20-northwestern-state_w.html,https://www.sports-reference.com/cbb/boxscores/2025-11-24-20-northwestern-state_w.html
11/24/25,women,cal-poly,,/cbb/boxscores/2025-11-24-21-cal-poly_w.html,https://www.sports-reference.com/cbb/boxscores/2025-11-24-21-cal-poly_w.html
11/24/25,women,california-san-diego,,/cbb/boxscores/2025-11-24-21-california-san-diego_w.html,https://www.sports-reference.com/cbb/boxscores/2025-11-24-21-california-san-diego_w.html
11/24/25,women,california-davis,sacramento-state,/cbb/boxscores/2025-11-24-21-sacramento-state_w.html,https://www.sports-reference.com/cbb/boxscores/2025-11-24-21-sacramento-state_w.html
11/25/25,women,southern-california,tennessee-tech,/cbb/boxscores/2025-11-25-03-southern-california_w.html,https://www.sports-reference.com/cbb/boxscores/2025-11-25-03-southern-california_w.html
11/25/25,women,washington,southern,/cbb/boxscores/2025-11-25-03-washington_w.html,https://www.sports-reference.com/cbb/boxscores/2025-11-25-03-washington_w.html
11/25/25,women,central-arkansas,stony-brook,/cbb/boxscores/2025-11-25-00-central-arkansas_w.html,https://www.sports-reference.com/cbb/boxscores/2025-11-25-00-central-arkansas_w.html
11/25/25,women,massachusetts,holy-cross,/cbb/boxscores/2025-11-25-00-holy-cross_w.html,https://www.sports-reference.com/cbb/boxscores/2025-11-25-00-holy-cross_w.html
11/25/25,women,northeastern,massachusetts-lowell,/cbb/boxscores/2025-11-25-00-massachusetts-lowell_w.html,https://www.sports-reference.com/cbb/boxscores/2025-11-25-00-massachusetts-lowell_w.html
11/25/25,women,sacred-heart,,/cbb/boxscores/2025-11-25-00-sacred-heart_w.html,https://www.sports-reference.com/cbb/boxscores/2025-11-25-00-sacred-heart_w.html
11/25/25,women,west-georgia,western-carolina,/cbb/boxscores/2025-11-25-00-west-georgia_w.html,https://www.sports-reference.com/cbb/boxscores/2025-11-25-00-west-georgia_w.html
11/25/25,women,,western-michigan,/cbb/boxscores/2025-11-25-00-western-michigan_w.html,https://www.sports-reference.com/cbb/boxscores/2025-11-25-00-western-michigan_w.html
11/25/25,women,memphis,louisiana-lafayette,/cbb/boxscores/2025-11-25-01-memphis_w.html,https://www.sports-reference.com/cbb/boxscores/2025-11-25-01-memphis_w.html
11/25/25,women,texas-el-paso,missouri-kansas-city,/cbb/boxscores/2025-11-25-01-missouri-kansas-city_w.html,https://www.sports-reference.com/cbb/boxscores/2025-11-25-01-missouri-kansas-city_w.html
11/25/25,women,southern-illinois-edwardsville,evansville,/cbb/boxscores/2025-11-25-01-southern-illinois-edwardsville_w.html,https://www.sports-reference.com/cbb/boxscores/2025-11-25-01-southern-illinois-edwardsville_w.html
11/25/25,women,san-francisco,lehigh,/cbb/boxscores/2025-11-25-03-san-francisco_w.html,https://www.sports-reference.com/cbb/boxscores/2025-11-25-03-san-francisco_w.html
11/25/25,women,boston-college,merrimack,/cbb/boxscores/2025-11-25-11-boston-college_w.html,https://www.sports-reference.com/cbb/boxscores/2025-11-25-11-boston-college_w.html
11/25/25,women,bucknell,le-moyne,/cbb/boxscores/2025-11-25-11-bucknell_w.html,https://www.sports-reference.com/cbb/boxscores/2025-11-25-11-bucknell_w.html
11/25/25,women,fairfield,new-haven,/cbb/boxscores/2025-11-25-11-fairfield_w.html,https://www.sports-reference.com/cbb/boxscores/2025-11-25-11-fairfield_w.html
11/25/25,women,providence,alcorn-state,/cbb/boxscores/2025-11-25-12-alcorn-state_w.html,https://www.sports-reference.com/cbb/boxscores/2025-11-25-12-alcorn-state_w.html
11/25/25,women,appalachian-state,norfolk-state,/cbb/boxscores/2025-11-25-12-appalachian-state_w.html,https://www.sports-reference.com/cbb/boxscores/2025-11-25-12-appalachian-state_w.html
11/25/25,women,georgia-state,samford,/cbb/boxscores/2025-11-25-12-georgia-state_w.html,https://www.sports-reference.com/cbb/boxscores/2025-11-25-12-georgia-state_w.html
11/25/25,women,stetson,northern-kentucky,/cbb/boxscores/2025-11-25-12-northern-kentucky_w.html,https://www.sports-reference.com/cbb/boxscores/2025-11-25-12-northern-kentucky_w.html
11/25/25,women,indiana,florida-gulf-coast,/cbb/boxscores/2025-11-25-13-florida-gulf-coast_w.html,https://www.sports-reference.com/cbb/boxscores/2025-11-25-13-florida-gulf-coast_w.html
11/25/25,women,wyoming,,/cbb/boxscores/2025-11-25-13-wyoming_w.html,https://www.sports-reference.com/cbb/boxscores/2025-11-25-13-wyoming_w.html
11/25/25,women,mississippi-state,middle-tennessee,/cbb/boxscores/2025-11-25-14-middle-tennessee_w.html,https://www.sports-reference.com/cbb/boxscores/2025-11-25-14-middle-tennessee_w.html
11/25/25,women,saint-louis,southern-methodist,/cbb/boxscores/2025-11-25-14-southern-methodist_w.html,https://www.sports-reference.com/cbb/boxscores/2025-11-25-14-southern-methodist_w.html
11/25/25,women,oregon,saint-marys-ca,/cbb/boxscores/2025-11-25-15-oregon_w.html,https://www.sports-reference.com/cbb/boxscores/2025-11-25-15-oregon_w.html
11/25/25,women,saint-peters,,/cbb/boxscores/2025-11-25-15-saint-peters_w.html,https://www.sports-reference.com/cbb/boxscores/2025-11-25-15-saint-peters_w.html
11/25/25,women,wofford,north-carolina-asheville,/cbb/boxscores/2025-11-25-16-north-carolina-asheville_w.html,https://www.sports-reference.com/cbb/boxscores/2025-11-25-16-north-carolina-asheville_w.html
11/25/25,women,south-carolina-upstate,,/cbb/boxscores/2025-11-25-16-south-carolina-upstate_w.html,https://www.sports-reference.com/cbb/boxscores/2025-11-25-16-south-carolina-upstate_w.html
11/25/25,women,winthrop,southern-illinois,/cbb/boxscores/2025-11-25-16-southern-illinois_w.html,https://www.sports-reference.com/cbb/boxscores/2025-11-25-16-southern-illinois_w.html
11/25/25,women,georgia-southern,charleston-southern,/cbb/boxscores/2025-11-25-17-charleston-southern_w.html,https://www.sports-reference.com/cbb/boxscores/2025-11-25-17-charleston-southern_w.html
11/25/25,women,arkansas,drake,/cbb/boxscores/2025-11-25-18-arkansas_w.html,https://www.sports-reference.com/cbb/boxscores/2025-11-25-18-arkansas_w.html
11/25/25,women,jacksonville,,/cbb/boxscores/2025-11-25-18-jacksonville_w.html,https://www.sports-reference.com/cbb/boxscores/2025-11-25-18-jacksonville_w.html
11/25/25,women,villanova,la-salle,/cbb/boxscores/2025-11-25-18-la-salle_w.html,https://www.sports-reference.com/cbb/boxscores/2025-11-25-18-la-salle_w.html
11/25/25,women,fairleigh-dickinson,njit,/cbb/boxscores/2025-11-25-18-njit_w.html,https://www.sports-reference.com/cbb/boxscores/2025-11-25-18-njit_w.html
11/25/25,women,ipfw,northwestern-state,/cbb/boxscores/2025-11-25-18-northwestern-state_w.html,https://www.sports-reference.com/cbb/boxscores/2025-11-25-18-northwestern-state_w.html
11/25/25,women,texas-tech,old-dominion,/cbb/boxscores/2025-11-25-18-old-dominion_w.html,https://www.sports-reference.com/cbb/boxscores/2025-11-25-18-old-dominion_w.html
11/25/25,women,lafayette,pittsburgh,/cbb/boxscores/2025-11-25-18-pittsburgh_w.html,https://www.sports-reference.com/cbb/boxscores/2025-11-25-18-pittsburgh_w.html
11/25/25,women,south-alabama,kennesaw-state,/cbb/boxscores/2025-11-25-18-south-alabama_w.html,https://www.sports-reference.com/cbb/boxscores/2025-11-25-18-south-alabama_w.html
11/25/25,women,toledo,youngstown-state,/cbb/boxscores/2025-11-25-18-youngstown-state_w.html,https://www.sports-reference.com/cbb/boxscores/2025-11-25-18-youngstown-state_w.html
11/25/25,women,brown,new-hampshire,/cbb/boxscores/2025-11-25-19-brown_w.html,https://www.sports-reference.com/cbb/boxscores/2025-11-25-19-brown_w.html
11/25/25,women,texas-am,colorado,/cbb/boxscores/2025-11-25-19-colorado_w.html,https://www.sports-reference.com/cbb/boxscores/2025-11-25-19-colorado_w.html
11/25/25,women,george-mason,rider,/cbb/boxscores/2025-11-25-19-george-mason_w.html,https://www.sports-reference.com/cbb/boxscores/2025-11-25-19-george-mason_w.html
11/25/25,women,mercer,florida-am,/cbb/boxscores/2025-11-25-19-mercer_w.html,https://www.sports-reference.com/cbb/boxscores/2025-11-25-19-mercer_w.html
11/25/25,women,prairie-view,,/cbb/boxscores/2025-11-25-19-prairie-view_w.html,https://www.sports-reference.com/cbb/boxscores/2025-11-25-19-prairie-view_w.html
11/25/25,women,sam-houston-state,,/cbb/boxscores/2025-11-25-19-sam-houston-state_w.html,https://www.sports-reference.com/cbb/boxscores/2025-11-25-19-sam-houston-state_w.html
11/25/25,women,southern-indiana,,/cbb/boxscores/2025-11-25-19-southern-indiana_w.html,https://www.sports-reference.com/cbb/boxscores/2025-11-25-19-southern-indiana_w.html
11/25/25,women,arizona-state,dixie-state,/cbb/boxscores/2025-11-25-20-arizona-state_w.html,https://www.sports-reference.com/cbb/boxscores/2025-11-25-20-arizona-state_w.html
11/25/25,women,arizona,northern-colorado,/cbb/boxscores/2025-11-25-20-arizona_w.html,https://www.sports-reference.com/cbb/boxscores/2025-11-25-20-arizona_w.html
11/25/25,women,colorado-state,,/cbb/boxscores/2025-11-25-20-colorado-state_w.html,https://www.sports-reference.com/cbb/boxscores/2025-11-25-20-colorado-state_w.html
11/25/25,women,nebraska,virginia,/cbb/boxscores/2025-11-25-20-nebraska_w.html,https://www.sports-reference.com/cbb/boxscores/2025-11-25-20-nebraska_w.html
11/25/25,women,south-dakota,arkansas-pine-bluff,/cbb/boxscores/2025-11-25-20-south-dakota_w.html,https://www.sports-reference.com/cbb/boxscores/2025-11-25-20-south-dakota_w.html
11/25/25,women,tarleton-state,texas-state,/cbb/boxscores/2025-11-25-20-texas-state_w.html,https://www.sports-reference.com/cbb/boxscores/2025-11-25-20-texas-state_w.html
11/25/25,women,texas-arlington,virginia-commonwealth,/cbb/boxscores/2025-11-25-21-texas-arlington_w.html,https://www.sports-reference.com/cbb/boxscores/2025-11-25-21-texas-arlington_w.html
11/26/25,women,south-carolina,duke,/cbb/boxscores/2025-11-26-16-duke_w.html,https://www.sports-reference.com/cbb/boxscores/2025-11-26-16-duke_w.html
11/26/25,women,texas,ucla,/cbb/boxscores/2025-11-26-14-texas_w.html,https://www.sports-reference.com/cbb/boxscores/2025-11-26-14-texas_w.html
11/26/25,women,michigan,detroit-mercy,/cbb/boxscores/2025-11-26-00-detroit-mercy_w.html,https://www.sports-reference.com/cbb/boxscores/2025-11-26-00-detroit-mercy_w.html
11/26/25,women,maryland,kentucky,/cbb/boxscores/2025-11-26-17-kentucky_w.html,https://www.sports-reference.com/cbb/boxscores/2025-11-26-17-kentucky_w.html
11/26/25,women,iowa,western-illinois,/cbb/boxscores/2025-11-26-19-iowa_w.html,https://www.sports-reference.com/cbb/boxscores/2025-11-26-19-iowa_w.html
11/26/25,women,baylor,louisiana-tech,/cbb/boxscores/2025-11-26-01-baylor_w.html,https://www.sports-reference.com/cbb/boxscores/2025-11-26-01-baylor_w.html
11/26/25,women,ohio-state,west-virginia,/cbb/boxscores/2025-11-26-13-ohio-state_w.html,https://www.sports-reference.com/cbb/boxscores/2025-11-26-13-ohio-state_w.html
11/26/25,women,albany-ny,,/cbb/boxscores/2025-11-26-00-albany-ny_w.html,https://www.sports-reference.com/cbb/boxscores/2025-11-26-00-albany-ny_w.html
11/26/25,women,cornell,siena,/cbb/boxscores/2025-11-26-00-cornell_w.html,https://www.sports-reference.com/cbb/boxscores/2025-11-26-00-cornell_w.html
11/26/25,women,eastern-michigan,robert-morris,/cbb/boxscores/2025-11-26-00-eastern-michigan_w.html,https://www.sports-reference.com/cbb/boxscores/2025-11-26-00-eastern-michigan_w.html
11/26/25,women,georgetown,towson,/cbb/boxscores/2025-11-26-00-georgetown_w.html,https://www.sports-reference.com/cbb/boxscores/2025-11-26-00-georgetown_w.html
11/26/25,women,eastern-kentucky,morehead-state,/cbb/boxscores/2025-11-26-00-morehead-state_w.html,https://www.sports-reference.com/cbb/boxscores/2025-11-26-00-morehead-state_w.html
11/26/25,women,wake-forest,morgan-state,/cbb/boxscores/2025-11-26-00-morgan-state_w.html,https://www.sports-reference.com/cbb/boxscores/2025-11-26-00-morgan-state_w.html
11/26/25,women,purdue,howard,/cbb/boxscores/2025-11-26-00-purdue_w.html,https://www.sports-reference.com/cbb/boxscores/2025-11-26-00-purdue_w.html
11/26/25,women,samford,stony-brook,/cbb/boxscores/2025-11-26-00-samford_w.html,https://www.sports-reference.com/cbb/boxscores/2025-11-26-00-samford_w.html
11/26/25,women,rice,illinois-state,/cbb/boxscores/2025-11-26-01-illinois-state_w.html,https://www.sports-reference.com/cbb/boxscores/2025-11-26-01-illinois-state_w.html
11/26/25,women,illinois,western-kentucky,/cbb/boxscores/2025-11-26-01-illinois_w.html,https://www.sports-reference.com/cbb/boxscores/2025-11-26-01-illinois_w.html
11/26/25,women,oral-roberts,texas-am-corpus-christi,/cbb/boxscores/2025-11-26-01-oral-roberts_w.html,https://www.sports-reference.com/cbb/boxscores/2025-11-26-01-oral-roberts_w.html
11/26/25,women,utah,weber-state,/cbb/boxscores/2025-11-26-02-utah_w.html,https://www.sports-reference.com/cbb/boxscores/2025-11-26-02-utah_w.html
11/26/25,women,texas-san-antonio,grand-canyon,/cbb/boxscores/2025-11-26-06-grand-canyon_w.html,https://www.sports-reference.com/cbb/boxscores/2025-11-26-06-grand-canyon_w.html
11/26/25,women,yale,american,/cbb/boxscores/2025-11-26-11-american_w.html,https://www.sports-reference.com/cbb/boxscores/2025-11-26-11-american_w.html
11/26/25,women,mcneese-state,belmont,/cbb/boxscores/2025-11-26-11-belmont_w.html,https://www.sports-reference.com/cbb/boxscores/2025-11-26-11-belmont_w.html
11/26/25,women,central-florida,east-carolina,/cbb/boxscores/2025-11-26-11-east-carolina_w.html,https://www.sports-reference.com/cbb/boxscores/2025-11-26-11-east-carolina_w.html
11/26/25,women,north-carolina-greensboro,north-carolina-central,/cbb/boxscores/2025-11-26-11-north-carolina-central_w.html,https://www.sports-reference.com/cbb/boxscores/2025-11-26-11-north-carolina-central_w.html
11/26/25,women,bryant,boston-university,/cbb/boxscores/2025-11-26-12-boston-university_w.html,https://www.sports-reference.com/cbb/boxscores/2025-11-26-12-boston-university_w.html
11/26/25,women,loyola-il,depaul,/cbb/boxscores/2025-11-26-12-depaul_w.html,https://www.sports-reference.com/cbb/boxscores/2025-11-26-12-depaul_w.html
11/26/25,women,central-arkansas,georgia-state,/cbb/boxscores/2025-11-26-12-georgia-state_w.html,https://www.sports-reference.com/cbb/boxscores/2025-11-26-12-georgia-state_w.html
11/26/25,women,stetson,saint-louis,/cbb/boxscores/2025-11-26-12-saint-louis_w.html,https://www.sports-reference.com/cbb/boxscores/2025-11-26-12-saint-louis_w.html
11/26/25,women,iupui,,/cbb/boxscores/2025-11-26-13-iupui_w.html,https://www.sports-reference.com/cbb/boxscores/2025-11-26-13-iupui_w.html
11/26/25,women,delaware,loyola-md,/cbb/boxscores/2025-11-26-13-loyola-md_w.html,https://www.sports-reference.com/cbb/boxscores/2025-11-26-13-loyola-md_w.html
11/26/25,women,maryland-eastern-shore,mount-st-marys,/cbb/boxscores/2025-11-26-13-mount-st-marys_w.html,https://www.sports-reference.com/cbb/boxscores/2025-11-26-13-mount-st-marys_w.html
11/26/25,women,fordham,niagara,/cbb/boxscores/2025-11-26-13-niagara_w.html,https://www.sports-reference.com/cbb/boxscores/2025-11-26-13-niagara_w.html
11/26/25,women,princeton,rhode-island,/cbb/boxscores/2025-11-26-13-rhode-island_w.html,https://www.sports-reference.com/cbb/boxscores/2025-11-26-13-rhode-island_w.html
11/26/25,women,northern-kentucky,drake,/cbb/boxscores/2025-11-26-14-drake_w.html,https://www.sports-reference.com/cbb/boxscores/2025-11-26-14-drake_w.html
11/26/25,women,liberty,,/cbb/boxscores/2025-11-26-14-liberty_w.html,https://www.sports-reference.com/cbb/boxscores/2025-11-26-14-liberty_w.html
11/26/25,women,houston-baptist,new-orleans,/cbb/boxscores/2025-11-26-14-new-orleans_w.html,https://www.sports-reference.com/cbb/boxscores/2025-11-26-14-new-orleans_w.html
11/26/25,women,radford,valparaiso,/cbb/boxscores/2025-11-26-14-radford_w.html,https://www.sports-reference.com/cbb/boxscores/2025-11-26-14-radford_w.html
11/26/25,women,oakland,st-thomas-mn,/cbb/boxscores/2025-11-26-14-st-thomas-mn_w.html,https://www.sports-reference.com/cbb/boxscores/2025-11-26-14-st-thomas-mn_w.html
11/26/25,women,nevada-las-vegas,creighton,/cbb/boxscores/2025-11-26-15-nevada-las-vegas_w.html,https://www.sports-reference.com/cbb/boxscores/2025-11-26-15-nevada-las-vegas_w.html
11/26/25,women,north-texas,saint-marys-ca,/cbb/boxscores/2025-11-26-15-north-texas_w.html,https://www.sports-reference.com/cbb/boxscores/2025-11-26-15-north-texas_w.html
11/26/25,women,south-florida,harvard,/cbb/boxscores/2025-11-26-16-harvard_w.html,https://www.sports-reference.com/cbb/boxscores/2025-11-26-16-harvard_w.html
11/26/25,women,northern-iowa,northern-arizona,/cbb/boxscores/2025-11-26-16-northern-arizona_w.html,https://www.sports-reference.com/cbb/boxscores/2025-11-26-16-northern-arizona_w.html
11/26/25,women,southern-methodist,winthrop,/cbb/boxscores/2025-11-26-16-southern-methodist_w.html,https://www.sports-reference.com/cbb/boxscores/2025-11-26-16-southern-methodist_w.html
11/26/25,women,cal-state-northridge,,/cbb/boxscores/2025-11-26-17-cal-state-northridge_w.html,https://www.sports-reference.com/cbb/boxscores/2025-11-26-17-cal-state-northridge_w.html
11/26/25,women,alabama,minnesota,/cbb/boxscores/2025-11-26-18-alabama_w.html,https://www.sports-reference.com/cbb/boxscores/2025-11-26-18-alabama_w.html
11/26/25,women,arkansas,southern-illinois,/cbb/boxscores/2025-11-26-18-arkansas_w.html,https://www.sports-reference.com/cbb/boxscores/2025-11-26-18-arkansas_w.html
11/26/25,women,cleveland-state,st-bonaventure,/cbb/boxscores/2025-11-26-18-cleveland-state_w.html,https://www.sports-reference.com/cbb/boxscores/2025-11-26-18-cleveland-state_w.html
11/26/25,women,auburn,california,/cbb/boxscores/2025-11-26-19-auburn_w.html,https://www.sports-reference.com/cbb/boxscores/2025-11-26-19-auburn_w.html
11/27/25,women,texas,south-carolina,/cbb/boxscores/2025-11-27-20-south-carolina_w.html,https://www.sports-reference.com/cbb/boxscores/2025-11-27-20-south-carolina_w.html
11/27/25,women,ucla,duke,/cbb/boxscores/2025-11-27-22-ucla_w.html,https://www.sports-reference.com/cbb/boxscores/2025-11-27-22-ucla_w.html
11/27/25,women,maryland,hofstra,/cbb/boxscores/2025-11-27-16-hofstra_w.html,https://www.sports-reference.com/cbb/boxscores/2025-11-27-16-hofstra_w.html
11/27/25,women,texas-christian,richmond,/cbb/boxscores/2025-11-27-21-texas-christian_w.html,https://www.sports-reference.com/cbb/boxscores/2025-11-27-21-texas-christian_w.html
11/27/25,women,north-carolina,south-dakota-state,/cbb/boxscores/2025-11-27-11-north-carolina_w.html,https://www.sports-reference.com/cbb/boxscores/2025-11-27-11-north-carolina_w.html
11/27/25,women,vanderbilt,oregon-state,/cbb/boxscores/2025-11-27-20-oregon-state_w.html,https://www.sports-reference.com/cbb/boxscores/2025-11-27-20-oregon-state_w.html
11/27/25,women,north-carolina-state,green-bay,/cbb/boxscores/2025-11-27-16-green-bay_w.html,https://www.sports-reference.com/cbb/boxscores/2025-11-27-16-green-bay_w.html
11/27/25,women,east-carolina,illinois-state,/cbb/boxscores/2025-11-27-01-east-carolina_w.html,https://www.sports-reference.com/cbb/boxscores/2025-11-27-01-east-carolina_w.html
11/27/25,women,rice,morgan-state,/cbb/boxscores/2025-11-27-01-morgan-state_w.html,https://www.sports-reference.com/cbb/boxscores/2025-11-27-01-morgan-state_w.html
11/27/25,women,oregon,old-dominion,/cbb/boxscores/2025-11-27-03-old-dominion_w.html,https://www.sports-reference.com/cbb/boxscores/2025-11-27-03-old-dominion_w.html
11/27/25,women,tulane,elon,/cbb/boxscores/2025-11-27-12-elon_w.html,https://www.sports-reference.com/cbb/boxscores/2025-11-27-12-elon_w.html
11/27/25,women,florida-atlantic,air-force,/cbb/boxscores/2025-11-27-12-florida-atlantic_w.html,https://www.sports-reference.com/cbb/boxscores/2025-11-27-12-florida-atlantic_w.html
11/27/25,women,wake-forest,central-florida,/cbb/boxscores/2025-11-27-13-central-florida_w.html,https://www.sports-reference.com/cbb/boxscores/2025-11-27-13-central-florida_w.html
11/27/25,women,kansas-state,columbia,/cbb/boxscores/2025-11-27-13-columbia_w.html,https://www.sports-reference.com/cbb/boxscores/2025-11-27-13-columbia_w.html
11/27/25,women,stephen-f-austin,hampton,/cbb/boxscores/2025-11-27-13-hampton_w.html,https://www.sports-reference.com/cbb/boxscores/2025-11-27-13-hampton_w.html
11/27/25,women,longwood,buffalo,/cbb/boxscores/2025-11-27-15-buffalo_w.html,https://www.sports-reference.com/cbb/boxscores/2025-11-27-15-buffalo_w.html
11/27/25,women,college-of-charleston,new-mexico-state,/cbb/boxscores/2025-11-27-15-college-of-charleston_w.html,https://www.sports-reference.com/cbb/boxscores/2025-11-27-15-college-of-charleston_w.html
11/27/25,women,texas-tech,north-texas,/cbb/boxscores/2025-11-27-15-north-texas_w.html,https://www.sports-reference.com/cbb/boxscores/2025-11-27-15-north-texas_w.html
11/27/25,women,boise-state,north-dakota,/cbb/boxscores/2025-11-27-16-boise-state_w.html,https://www.sports-reference.com/cbb/boxscores/2025-11-27-16-boise-state_w.html
11/27/25,women,brigham-young,virginia-tech,/cbb/boxscores/2025-11-27-17-virginia-tech_w.html,https://www.sports-reference.com/cbb/boxscores/2025-11-27-17-virginia-tech_w.html
11/27/25,women,alabama-birmingham,southern-mississippi,/cbb/boxscores/2025-11-27-19-southern-mississippi_w.html,https://www.sports-reference.com/cbb/boxscores/2025-11-27-19-southern-mississippi_w.html
11/27/25,women,troy,texas-southern,/cbb/boxscores/2025-11-27-22-texas-southern_w.html,https://www.sports-reference.com/cbb/boxscores/2025-11-27-22-texas-southern_w.html
11/28/25,women,louisiana-state,marist,/cbb/boxscores/2025-11-28-20-louisiana-state_w.html,https://www.sports-reference.com/cbb/boxscores/2025-11-28-20-louisiana-state_w.html
11/28/25,women,texas-christian,alabama-birmingham,/cbb/boxscores/2025-11-28-18-texas-christian_w.html,https://www.sports-reference.com/cbb/boxscores/2025-11-28-18-texas-christian_w.html
11/28/25,women,oklahoma,coppin-state,/cbb/boxscores/2025-11-28-18-coppin-state_w.html,https://www.sports-reference.com/cbb/boxscores/2025-11-28-18-coppin-state_w.html
11/28/25,women,iowa-state,marquette,/cbb/boxscores/2025-11-28-11-iowa-state_w.html,https://www.sports-reference.com/cbb/boxscores/2025-11-28-11-iowa-state_w.html
11/28/25,women,north-carolina,kansas-state,/cbb/boxscores/2025-11-28-11-kansas-state_w.html,https://www.sports-reference.com/cbb/boxscores/2025-11-28-11-kansas-state_w.html
11/28/25,women,mississippi,wisconsin,/cbb/boxscores/2025-11-28-16-mississippi_w.html,https://www.sports-reference.com/cbb/boxscores/2025-11-28-16-mississippi_w.html
11/28/25,women,kentucky,morgan-state,/cbb/boxscores/2025-11-28-17-kentucky_w.html,https://www.sports-reference.com/cbb/boxscores/2025-11-28-17-kentucky_w.html
11/28/25,women,southern-california,pepperdine,/cbb/boxscores/2025-11-28-03-southern-california_w.html,https://www.sports-reference.com/cbb/boxscores/2025-11-28-03-southern-california_w.html
11/28/25,women,michigan-state,temple,/cbb/boxscores/2025-11-28-18-michigan-state_w.html,https://www.sports-reference.com/cbb/boxscores/2025-11-28-18-michigan-state_w.html
11/28/25,women,washington,california-san-diego,/cbb/boxscores/2025-11-28-03-washington_w.html,https://www.sports-reference.com/cbb/boxscores/2025-11-28-03-washington_w.html
11/28/25,women,louisville,eastern-illinois,/cbb/boxscores/2025-11-28-19-louisville_w.html,https://www.sports-reference.com/cbb/boxscores/2025-11-28-19-louisville_w.html
11/28/25,women,oklahoma-state,charlotte,/cbb/boxscores/2025-11-28-01-charlotte_w.html,https://www.sports-reference.com/cbb/boxscores/2025-11-28-01-charlotte_w.html
11/28/25,women,north-carolina-state,southern-mississippi,/cbb/boxscores/2025-11-28-16-north-carolina-state_w.html,https://www.sports-reference.com/cbb/boxscores/2025-11-28-16-north-carolina-state_w.html
11/28/25,women,cincinnati,alabama-am,/cbb/boxscores/2025-11-28-00-alabama-am_w.html,https://www.sports-reference.com/cbb/boxscores/2025-11-28-00-alabama-am_w.html
11/28/25,women,ball-state,pittsburgh,/cbb/boxscores/2025-11-28-00-ball-state_w.html,https://www.sports-reference.com/cbb/boxscores/2025-11-28-00-ball-state_w.html
11/28/25,women,florida-international,maryland-baltimore-county,/cbb/boxscores/2025-11-28-00-florida-international_w.html,https://www.sports-reference.com/cbb/boxscores/2025-11-28-00-florida-international_w.html
11/28/25,women,florida-state,missouri-state,/cbb/boxscores/2025-11-28-00-florida-state_w.html,https://www.sports-reference.com/cbb/boxscores/2025-11-28-00-florida-state_w.html
11/28/25,women,wake-forest,illinois-state,/cbb/boxscores/2025-11-28-00-illinois-state_w.html,https://www.sports-reference.com/cbb/boxscores/2025-11-28-00-illinois-state_w.html
11/28/25,women,kennesaw-state,south-carolina-upstate,/cbb/boxscores/2025-11-28-00-kennesaw-state_w.html,https://www.sports-reference.com/cbb/boxscores/2025-11-28-00-kennesaw-state_w.html
11/28/25,women,washington-state,miami-oh,/cbb/boxscores/2025-11-28-00-miami-oh_w.html,https://www.sports-reference.com/cbb/boxscores/2025-11-28-00-miami-oh_w.html
11/28/25,women,seattle,presbyterian,/cbb/boxscores/2025-11-28-00-presbyterian_w.html,https://www.sports-reference.com/cbb/boxscores/2025-11-28-00-presbyterian_w.html
11/28/25,women,arkansas-state,houston,/cbb/boxscores/2025-11-28-01-arkansas-state_w.html,https://www.sports-reference.com/cbb/boxscores/2025-11-28-01-arkansas-state_w.html
11/28/25,women,arizona-state,arkansas-little-rock,/cbb/boxscores/2025-11-28-02-arizona-state_w.html,https://www.sports-reference.com/cbb/boxscores/2025-11-28-02-arizona-state_w.html
11/28/25,women,new-mexico,chicago-state,/cbb/boxscores/2025-11-28-02-chicago-state_w.html,https://www.sports-reference.com/cbb/boxscores/2025-11-28-02-chicago-state_w.html
11/28/25,women,california-santa-barbara,california-baptist,/cbb/boxscores/2025-11-28-03-california-baptist_w.html,https://www.sports-reference.com/cbb/boxscores/2025-11-28-03-california-baptist_w.html
11/28/25,women,eastern-washington,nevada,/cbb/boxscores/2025-11-28-03-eastern-washington_w.html,https://www.sports-reference.com/cbb/boxscores/2025-11-28-03-eastern-washington_w.html
11/28/25,women,santa-clara,lindenwood,/cbb/boxscores/2025-11-28-05-lindenwood_w.html,https://www.sports-reference.com/cbb/boxscores/2025-11-28-05-lindenwood_w.html
11/28/25,women,james-madison,boston-college,/cbb/boxscores/2025-11-28-11-boston-college_w.html,https://www.sports-reference.com/cbb/boxscores/2025-11-28-11-boston-college_w.html
11/28/25,women,north-dakota-state,campbell,/cbb/boxscores/2025-11-28-11-campbell_w.html,https://www.sports-reference.com/cbb/boxscores/2025-11-28-11-campbell_w.html
11/28/25,women,kent-state,tulsa,/cbb/boxscores/2025-11-28-11-kent-state_w.html,https://www.sports-reference.com/cbb/boxscores/2025-11-28-11-kent-state_w.html
11/28/25,women,northwestern,abilene-christian,/cbb/boxscores/2025-11-28-11-northwestern_w.html,https://www.sports-reference.com/cbb/boxscores/2025-11-28-11-northwestern_w.html
11/28/25,women,elon,north-dakota,/cbb/boxscores/2025-11-28-12-elon_w.html,https://www.sports-reference.com/cbb/boxscores/2025-11-28-12-elon_w.html
11/28/25,women,iona,saint-francis-pa,/cbb/boxscores/2025-11-28-12-iona_w.html,https://www.sports-reference.com/cbb/boxscores/2025-11-28-12-iona_w.html
11/28/25,women,cleveland-state,valparaiso,/cbb/boxscores/2025-11-28-13-cleveland-state_w.html,https://www.sports-reference.com/cbb/boxscores/2025-11-28-13-cleveland-state_w.html
11/28/25,women,columbia,south-dakota-state,/cbb/boxscores/2025-11-28-13-columbia_w.html,https://www.sports-reference.com/cbb/boxscores/2025-11-28-13-columbia_w.html
11/28/25,women,east-carolina,hofstra,/cbb/boxscores/2025-11-28-13-east-carolina_w.html,https://www.sports-reference.com/cbb/boxscores/2025-11-28-13-east-carolina_w.html
11/28/25,women,florida-atlantic,wright-state,/cbb/boxscores/2025-11-28-13-florida-atlantic_w.html,https://www.sports-reference.com/cbb/boxscores/2025-11-28-13-florida-atlantic_w.html
11/28/25,women,murray-state,george-mason,/cbb/boxscores/2025-11-28-13-george-mason_w.html,https://www.sports-reference.com/cbb/boxscores/2025-11-28-13-george-mason_w.html
11/28/25,women,miami-fl,george-washington,/cbb/boxscores/2025-11-28-13-george-washington_w.html,https://www.sports-reference.com/cbb/boxscores/2025-11-28-13-george-washington_w.html
11/28/25,women,indiana,gonzaga,/cbb/boxscores/2025-11-28-13-gonzaga_w.html,https://www.sports-reference.com/cbb/boxscores/2025-11-28-13-gonzaga_w.html
11/28/25,women,high-point,louisiana-lafayette,/cbb/boxscores/2025-11-28-13-high-point_w.html,https://www.sports-reference.com/cbb/boxscores/2025-11-28-13-high-point_w.html
11/28/25,women,missouri,bradley,/cbb/boxscores/2025-11-28-13-missouri_w.html,https://www.sports-reference.com/cbb/boxscores/2025-11-28-13-missouri_w.html
11/28/25,women,north-florida,bethune-cookman,/cbb/boxscores/2025-11-28-13-north-florida_w.html,https://www.sports-reference.com/cbb/boxscores/2025-11-28-13-north-florida_w.html
11/28/25,women,brown,bucknell,/cbb/boxscores/2025-11-28-14-bucknell_w.html,https://www.sports-reference.com/cbb/boxscores/2025-11-28-14-bucknell_w.html
11/28/25,women,mercer,charleston-southern,/cbb/boxscores/2025-11-28-14-charleston-southern_w.html,https://www.sports-reference.com/cbb/boxscores/2025-11-28-14-charleston-southern_w.html
11/28/25,women,creighton,northern-arizona,/cbb/boxscores/2025-11-28-14-creighton_w.html,https://www.sports-reference.com/cbb/boxscores/2025-11-28-14-creighton_w.html
11/28/25,women,illinois-chicago,maine,/cbb/boxscores/2025-11-28-14-maine_w.html,https://www.sports-reference.com/cbb/boxscores/2025-11-28-14-maine_w.html
11/28/25,women,boise-state,tulane,/cbb/boxscores/2025-11-28-15-boise-state_w.html,https://www.sports-reference.com/cbb/boxscores/2025-11-28-15-boise-state_w.html
11/28/25,women,fresno-state,new-mexico-state,/cbb/boxscores/2025-11-28-15-fresno-state_w.html,https://www.sports-reference.com/cbb/boxscores/2025-11-28-15-fresno-state_w.html
11/28/25,women,east-tennessee-state,bellarmine,/cbb/boxscores/2025-11-28-16-bellarmine_w.html,https://www.sports-reference.com/cbb/boxscores/2025-11-28-16-bellarmine_w.html
11/28/25,women,clemson,western-carolina,/cbb/boxscores/2025-11-28-16-clemson_w.html,https://www.sports-reference.com/cbb/boxscores/2025-11-28-16-clemson_w.html
11/28/25,women,california-davis,jacksonville-state,/cbb/boxscores/2025-11-28-16-jacksonville-state_w.html,https://www.sports-reference.com/cbb/boxscores/2025-11-28-16-jacksonville-state_w.html
11/28/25,women,st-bonaventure,radford,/cbb/boxscores/2025-11-28-16-radford_w.html,https://www.sports-reference.com/cbb/boxscores/2025-11-28-16-radford_w.html
11/28/25,women,central-florida,rice,/cbb/boxscores/2025-11-28-16-rice_w.html,https://www.sports-reference.com/cbb/boxscores/2025-11-28-16-rice_w.html
11/28/25,women,california-irvine,wichita-state,/cbb/boxscores/2025-11-28-17-california-irvine_w.html,https://www.sports-reference.com/cbb/boxscores/2025-11-28-17-california-irvine_w.html
11/28/25,women,chattanooga,sacramento-state,/cbb/boxscores/2025-11-28-17-chattanooga_w.html,https://www.sports-reference.com/cbb/boxscores/2025-11-28-17-chattanooga_w.html
11/28/25,women,butler,dayton,/cbb/boxscores/2025-11-28-17-dayton_w.html,https://www.sports-reference.com/cbb/boxscores/2025-11-28-17-dayton_w.html
11/28/25,women,st-johns-ny,georgia-tech,/cbb/boxscores/2025-11-28-17-georgia-tech_w.html,https://www.sports-reference.com/cbb/boxscores/2025-11-28-17-georgia-tech_w.html
11/28/25,women,nevada-las-vegas,northern-iowa,/cbb/boxscores/2025-11-28-17-nevada-las-vegas_w.html,https://www.sports-reference.com/cbb/boxscores/2025-11-28-17-nevada-las-vegas_w.html
11/28/25,women,coastal-carolina,jackson-state,/cbb/boxscores/2025-11-28-18-coastal-carolina_w.html,https://www.sports-reference.com/cbb/boxscores/2025-11-28-18-coastal-carolina_w.html
11/28/25,women,pacific,milwaukee,/cbb/boxscores/2025-11-28-18-pacific_w.html,https://www.sports-reference.com/cbb/boxscores/2025-11-28-18-pacific_w.html
11/28/25,women,idaho,colgate,/cbb/boxscores/2025-11-28-19-colgate_w.html,https://www.sports-reference.com/cbb/boxscores/2025-11-28-19-colgate_w.html
11/28/25,women,florida,memphis,/cbb/boxscores/2025-11-28-19-florida_w.html,https://www.sports-reference.com/cbb/boxscores/2025-11-28-19-florida_w.html
11/28/25,women,georgia,kansas,/cbb/boxscores/2025-11-28-19-georgia_w.html,https://www.sports-reference.com/cbb/boxscores/2025-11-28-19-georgia_w.html
11/28/25,women,vermont,hawaii,/cbb/boxscores/2025-11-28-19-hawaii_w.html,https://www.sports-reference.com/cbb/boxscores/2025-11-28-19-hawaii_w.html
11/28/25,women,rutgers,northeastern,/cbb/boxscores/2025-11-28-19-rutgers_w.html,https://www.sports-reference.com/cbb/boxscores/2025-11-28-19-rutgers_w.html
11/28/25,women,florida-gulf-coast,stanford,/cbb/boxscores/2025-11-28-20-florida-gulf-coast_w.html,https://www.sports-reference.com/cbb/boxscores/2025-11-28-20-florida-gulf-coast_w.html
11/28/25,women,northern-colorado,,/cbb/boxscores/2025-11-28-20-northern-colorado_w.html,https://www.sports-reference.com/cbb/boxscores/2025-11-28-20-northern-colorado_w.html
11/28/25,women,portland-state,san-jose-state,/cbb/boxscores/2025-11-28-20-portland-state_w.html,https://www.sports-reference.com/cbb/boxscores/2025-11-28-20-portland-state_w.html
11/28/25,women,richmond,green-bay,/cbb/boxscores/2025-11-28-21-green-bay_w.html,https://www.sports-reference.com/cbb/boxscores/2025-11-28-21-green-bay_w.html
11/28/25,women,colorado-state,texas-southern,/cbb/boxscores/2025-11-28-22-colorado-state_w.html,https://www.sports-reference.com/cbb/boxscores/2025-11-28-22-colorado-state_w.html
11/29/25,women,louisiana-state,washington-state,/cbb/boxscores/2025-11-29-19-louisiana-state_w.html,https://www.sports-reference.com/cbb/boxscores/2025-11-29-19-louisiana-state_w.html
11/29/25,women,north-carolina,columbia,/cbb/boxscores/2025-11-29-13-columbia_w.html,https://www.sports-reference.com/cbb/boxscores/2025-11-29-13-columbia_w.html
11/29/25,women,mississippi,george-mason,/cbb/boxscores/2025-11-29-16-george-mason_w.html,https://www.sports-reference.com/cbb/boxscores/2025-11-29-16-george-mason_w.html
11/29/25,women,vanderbilt,brigham-young,/cbb/boxscores/2025-11-29-14-brigham-young_w.html,https://www.sports-reference.com/cbb/boxscores/2025-11-29-14-brigham-young_w.html
11/29/25,women,louisville,east-tennessee-state,/cbb/boxscores/2025-11-29-00-east-tennessee-state_w.html,https://www.sports-reference.com/cbb/boxscores/2025-11-29-00-east-tennessee-state_w.html
11/29/25,women,oklahoma-state,miami-fl,/cbb/boxscores/2025-11-29-11-miami-fl_w.html,https://www.sports-reference.com/cbb/boxscores/2025-11-29-11-miami-fl_w.html
11/29/25,women,air-force,wright-state,/cbb/boxscores/2025-11-29-00-air-force_w.html,https://www.sports-reference.com/cbb/boxscores/2025-11-29-00-air-force_w.html
11/29/25,women,ball-state,alabama-am,/cbb/boxscores/2025-11-29-00-alabama-am_w.html,https://www.sports-reference.com/cbb/boxscores/2025-11-29-00-alabama-am_w.html
11/29/25,women,eastern-illinois,bellarmine,/cbb/boxscores/2025-11-29-00-bellarmine_w.html,https://www.sports-reference.com/cbb/boxscores/2025-11-29-00-bellarmine_w.html
11/29/25,women,furman,north-carolina-asheville,/cbb/boxscores/2025-11-29-00-furman_w.html,https://www.sports-reference.com/cbb/boxscores/2025-11-29-00-furman_w.html
11/29/25,women,jackson-state,gardner-webb,/cbb/boxscores/2025-11-29-00-gardner-webb_w.html,https://www.sports-reference.com/cbb/boxscores/2025-11-29-00-gardner-webb_w.html
11/29/25,women,longwood,stephen-f-austin,/cbb/boxscores/2025-11-29-00-longwood_w.html,https://www.sports-reference.com/cbb/boxscores/2025-11-29-00-longwood_w.html
11/29/25,women,high-point,college-of-charleston,/cbb/boxscores/2025-11-29-01-college-of-charleston_w.html,https://www.sports-reference.com/cbb/boxscores/2025-11-29-01-college-of-charleston_w.html
11/29/25,women,austin-peay,missouri-kansas-city,/cbb/boxscores/2025-11-29-01-missouri-kansas-city_w.html,https://www.sports-reference.com/cbb/boxscores/2025-11-29-01-missouri-kansas-city_w.html
11/29/25,women,arizona-state,southeast-missouri-state,/cbb/boxscores/2025-11-29-02-arizona-state_w.html,https://www.sports-reference.com/cbb/boxscores/2025-11-29-02-arizona-state_w.html
11/29/25,women,arizona,cal-state-bakersfield,/cbb/boxscores/2025-11-29-02-arizona_w.html,https://www.sports-reference.com/cbb/boxscores/2025-11-29-02-arizona_w.html
11/29/25,women,arkansas-little-rock,san-diego,/cbb/boxscores/2025-11-29-02-arkansas-little-rock_w.html,https://www.sports-reference.com/cbb/boxscores/2025-11-29-02-arkansas-little-rock_w.html
11/29/25,women,cincinnati,new-mexico,/cbb/boxscores/2025-11-29-02-cincinnati_w.html,https://www.sports-reference.com/cbb/boxscores/2025-11-29-02-cincinnati_w.html
11/29/25,women,california-baptist,sacramento-state,/cbb/boxscores/2025-11-29-03-california-baptist_w.html,https://www.sports-reference.com/cbb/boxscores/2025-11-29-03-california-baptist_w.html
11/29/25,women,california-santa-barbara,chattanooga,/cbb/boxscores/2025-11-29-03-chattanooga_w.html,https://www.sports-reference.com/cbb/boxscores/2025-11-29-03-chattanooga_w.html
11/29/25,women,stanford,colorado-state,/cbb/boxscores/2025-11-29-03-colorado-state_w.html,https://www.sports-reference.com/cbb/boxscores/2025-11-29-03-colorado-state_w.html
11/29/25,women,portland,nevada,/cbb/boxscores/2025-11-29-03-portland_w.html,https://www.sports-reference.com/cbb/boxscores/2025-11-29-03-portland_w.html
11/29/25,women,vermont,santa-clara,/cbb/boxscores/2025-11-29-05-santa-clara_w.html,https://www.sports-reference.com/cbb/boxscores/2025-11-29-05-santa-clara_w.html
11/29/25,women,hampton,buffalo,/cbb/boxscores/2025-11-29-10-buffalo_w.html,https://www.sports-reference.com/cbb/boxscores/2025-11-29-10-buffalo_w.html
11/29/25,women,north-dakota-state,bethune-cookman,/cbb/boxscores/2025-11-29-11-bethune-cookman_w.html,https://www.sports-reference.com/cbb/boxscores/2025-11-29-11-bethune-cookman_w.html
11/29/25,women,murray-state,boston-college,/cbb/boxscores/2025-11-29-11-boston-college_w.html,https://www.sports-reference.com/cbb/boxscores/2025-11-29-11-boston-college_w.html
11/29/25,women,bradley,abilene-christian,/cbb/boxscores/2025-11-29-11-bradley_w.html,https://www.sports-reference.com/cbb/boxscores/2025-11-29-11-bradley_w.html
11/29/25,women,pittsburgh,chicago-state,/cbb/boxscores/2025-11-29-11-chicago-state_w.html,https://www.sports-reference.com/cbb/boxscores/2025-11-29-11-chicago-state_w.html
11/29/25,women,south-dakota-state,kansas-state,/cbb/boxscores/2025-11-29-11-kansas-state_w.html,https://www.sports-reference.com/cbb/boxscores/2025-11-29-11-kansas-state_w.html
11/29/25,women,eastern-kentucky,army,/cbb/boxscores/2025-11-29-12-eastern-kentucky_w.html,https://www.sports-reference.com/cbb/boxscores/2025-11-29-12-eastern-kentucky_w.html
11/29/25,women,maine,saint-francis-pa,/cbb/boxscores/2025-11-29-12-maine_w.html,https://www.sports-reference.com/cbb/boxscores/2025-11-29-12-maine_w.html
11/29/25,women,virginia-tech,oregon-state,/cbb/boxscores/2025-11-29-12-oregon-state_w.html,https://www.sports-reference.com/cbb/boxscores/2025-11-29-12-oregon-state_w.html
11/29/25,women,george-washington,charlotte,/cbb/boxscores/2025-11-29-13-charlotte_w.html,https://www.sports-reference.com/cbb/boxscores/2025-11-29-13-charlotte_w.html
11/29/25,women,fairleigh-dickinson,monmouth,/cbb/boxscores/2025-11-29-13-fairleigh-dickinson_w.html,https://www.sports-reference.com/cbb/boxscores/2025-11-29-13-fairleigh-dickinson_w.html
11/29/25,women,james-madison,wisconsin,/cbb/boxscores/2025-11-29-13-james-madison_w.html,https://www.sports-reference.com/cbb/boxscores/2025-11-29-13-james-madison_w.html
11/29/25,women,missouri,northwestern,/cbb/boxscores/2025-11-29-13-missouri_w.html,https://www.sports-reference.com/cbb/boxscores/2025-11-29-13-missouri_w.html
11/29/25,women,navy,manhattan,/cbb/boxscores/2025-11-29-13-navy_w.html,https://www.sports-reference.com/cbb/boxscores/2025-11-29-13-navy_w.html
11/29/25,women,north-florida,campbell,/cbb/boxscores/2025-11-29-13-north-florida_w.html,https://www.sports-reference.com/cbb/boxscores/2025-11-29-13-north-florida_w.html
11/29/25,women,st-bonaventure,valparaiso,/cbb/boxscores/2025-11-29-13-st-bonaventure_w.html,https://www.sports-reference.com/cbb/boxscores/2025-11-29-13-st-bonaventure_w.html
11/29/25,women,william-mary,tennessee-state,/cbb/boxscores/2025-11-29-13-tennessee-state_w.html,https://www.sports-reference.com/cbb/boxscores/2025-11-29-13-tennessee-state_w.html
11/29/25,women,iona,illinois-chicago,/cbb/boxscores/2025-11-29-14-iona_w.html,https://www.sports-reference.com/cbb/boxscores/2025-11-29-14-iona_w.html
11/29/25,women,saint-josephs,drexel,/cbb/boxscores/2025-11-29-14-saint-josephs_w.html,https://www.sports-reference.com/cbb/boxscores/2025-11-29-14-saint-josephs_w.html
11/29/25,women,dixie-state,,/cbb/boxscores/2025-11-29-15-dixie-state_w.html,https://www.sports-reference.com/cbb/boxscores/2025-11-29-15-dixie-state_w.html
11/29/25,women,liberty,duquesne,/cbb/boxscores/2025-11-29-15-duquesne_w.html,https://www.sports-reference.com/cbb/boxscores/2025-11-29-15-duquesne_w.html
11/29/25,women,fresno-state,louisiana-lafayette,/cbb/boxscores/2025-11-29-15-louisiana-lafayette_w.html,https://www.sports-reference.com/cbb/boxscores/2025-11-29-15-louisiana-lafayette_w.html
11/29/25,women,wyoming,south-dakota,/cbb/boxscores/2025-11-29-15-wyoming_w.html,https://www.sports-reference.com/cbb/boxscores/2025-11-29-15-wyoming_w.html
11/29/25,women,cleveland-state,radford,/cbb/boxscores/2025-11-29-16-cleveland-state_w.html,https://www.sports-reference.com/cbb/boxscores/2025-11-29-16-cleveland-state_w.html
11/29/25,women,california-davis,milwaukee,/cbb/boxscores/2025-11-29-16-milwaukee_w.html,https://www.sports-reference.com/cbb/boxscores/2025-11-29-16-milwaukee_w.html
11/29/25,women,utah,montana,/cbb/boxscores/2025-11-29-16-montana_w.html,https://www.sports-reference.com/cbb/boxscores/2025-11-29-16-montana_w.html
11/29/25,women,southern-utah,,/cbb/boxscores/2025-11-29-16-southern-utah_w.html,https://www.sports-reference.com/cbb/boxscores/2025-11-29-16-southern-utah_w.html
11/29/25,women,texas-el-paso,denver,/cbb/boxscores/2025-11-29-16-texas-el-paso_w.html,https://www.sports-reference.com/cbb/boxscores/2025-11-29-16-texas-el-paso_w.html
11/29/25,women,florida,georgia-tech,/cbb/boxscores/2025-11-29-17-florida_w.html,https://www.sports-reference.com/cbb/boxscores/2025-11-29-17-florida_w.html
11/29/25,women,georgia,butler,/cbb/boxscores/2025-11-29-17-georgia_w.html,https://www.sports-reference.com/cbb/boxscores/2025-11-29-17-georgia_w.html
11/29/25,women,idaho,wichita-state,/cbb/boxscores/2025-11-29-17-idaho_w.html,https://www.sports-reference.com/cbb/boxscores/2025-11-29-17-idaho_w.html
11/29/25,women,miami-oh,marist,/cbb/boxscores/2025-11-29-17-marist_w.html,https://www.sports-reference.com/cbb/boxscores/2025-11-29-17-marist_w.html
11/29/25,women,pacific,jacksonville-state,/cbb/boxscores/2025-11-29-18-pacific_w.html,https://www.sports-reference.com/cbb/boxscores/2025-11-29-18-pacific_w.html
11/29/25,women,california-irvine,colgate,/cbb/boxscores/2025-11-29-19-california-irvine_w.html,https://www.sports-reference.com/cbb/boxscores/2025-11-29-19-california-irvine_w.html
11/29/25,women,california-riverside,,/cbb/boxscores/2025-11-29-19-california-riverside_w.html,https://www.sports-reference.com/cbb/boxscores/2025-11-29-19-california-riverside_w.html
11/29/25,women,dayton,kansas,/cbb/boxscores/2025-11-29-19-dayton_w.html,https://www.sports-reference.com/cbb/boxscores/2025-11-29-19-dayton_w.html
11/29/25,women,lindenwood,hawaii,/cbb/boxscores/2025-11-29-19-hawaii_w.html,https://www.sports-reference.com/cbb/boxscores/2025-11-29-19-hawaii_w.html
11/29/25,women,st-johns-ny,memphis,/cbb/boxscores/2025-11-29-19-memphis_w.html,https://www.sports-reference.com/cbb/boxscores/2025-11-29-19-memphis_w.html
11/29/25,women,loyola-marymount,cal-state-fullerton,/cbb/boxscores/2025-11-29-20-cal-state-fullerton_w.html,https://www.sports-reference.com/cbb/boxscores/2025-11-29-20-cal-state-fullerton_w.html
11/29/25,women,troy,florida-gulf-coast,/cbb/boxscores/2025-11-29-22-florida-gulf-coast_w.html,https://www.sports-reference.com/cbb/boxscores/2025-11-29-22-florida-gulf-coast_w.html
11/30/25,women,connecticut,xavier,/cbb/boxscores/2025-11-30-14-xavier_w.html,https://www.sports-reference.com/cbb/boxscores/2025-11-30-14-xavier_w.html
11/30/25,women,ucla,tennessee,/cbb/boxscores/2025-11-30-16-ucla_w.html,https://www.sports-reference.com/cbb/boxscores/2025-11-30-16-ucla_w.html
11/30/25,women,texas,pennsylvania,/cbb/boxscores/2025-11-30-15-texas_w.html,https://www.sports-reference.com/cbb/boxscores/2025-11-30-15-texas_w.html
11/30/25,women,oklahoma,florida-state,/cbb/boxscores/2025-11-30-18-florida-state_w.html,https://www.sports-reference.com/cbb/boxscores/2025-11-30-18-florida-state_w.html
11/30/25,women,iowa-state,indiana,/cbb/boxscores/2025-11-30-13-indiana_w.html,https://www.sports-reference.com/cbb/boxscores/2025-11-30-13-indiana_w.html
11/30/25,women,iowa,fairfield,/cbb/boxscores/2025-11-30-13-iowa_w.html,https://www.sports-reference.com/cbb/boxscores/2025-11-30-13-iowa_w.html
11/30/25,women,baylor,grambling,/cbb/boxscores/2025-11-30-15-baylor_w.html,https://www.sports-reference.com/cbb/boxscores/2025-11-30-15-baylor_w.html
11/30/25,women,michigan-state,clemson,/cbb/boxscores/2025-11-30-18-clemson_w.html,https://www.sports-reference.com/cbb/boxscores/2025-11-30-18-clemson_w.html
11/30/25,women,louisville,bellarmine,/cbb/boxscores/2025-11-30-00-louisville_w.html,https://www.sports-reference.com/cbb/boxscores/2025-11-30-00-louisville_w.html
11/30/25,women,youngstown-state,akron,/cbb/boxscores/2025-11-30-00-akron_w.html,https://www.sports-reference.com/cbb/boxscores/2025-11-30-00-akron_w.html
11/30/25,women,bowling-green-state,ipfw,/cbb/boxscores/2025-11-30-00-bowling-green-state_w.html,https://www.sports-reference.com/cbb/boxscores/2025-11-30-00-bowling-green-state_w.html
11/30/25,women,davidson,ohio,/cbb/boxscores/2025-11-30-00-davidson_w.html,https://www.sports-reference.com/cbb/boxscores/2025-11-30-00-davidson_w.html
11/30/25,women,delaware,towson,/cbb/boxscores/2025-11-30-00-delaware_w.html,https://www.sports-reference.com/cbb/boxscores/2025-11-30-00-delaware_w.html
11/30/25,women,eastern-michigan,detroit-mercy,/cbb/boxscores/2025-11-30-00-detroit-mercy_w.html,https://www.sports-reference.com/cbb/boxscores/2025-11-30-00-detroit-mercy_w.html
11/30/25,women,florida-international,seattle,/cbb/boxscores/2025-11-30-00-florida-international_w.html,https://www.sports-reference.com/cbb/boxscores/2025-11-30-00-florida-international_w.html
11/30/25,women,fordham,long-island-university,/cbb/boxscores/2025-11-30-00-fordham_w.html,https://www.sports-reference.com/cbb/boxscores/2025-11-30-00-fordham_w.html
11/30/25,women,holy-cross,new-hampshire,/cbb/boxscores/2025-11-30-00-holy-cross_w.html,https://www.sports-reference.com/cbb/boxscores/2025-11-30-00-holy-cross_w.html
11/30/25,women,morehead-state,marshall,/cbb/boxscores/2025-11-30-00-morehead-state_w.html,https://www.sports-reference.com/cbb/boxscores/2025-11-30-00-morehead-state_w.html
11/30/25,women,northern-kentucky,southern-indiana,/cbb/boxscores/2025-11-30-00-northern-kentucky_w.html,https://www.sports-reference.com/cbb/boxscores/2025-11-30-00-northern-kentucky_w.html
11/30/25,women,penn-state,yale,/cbb/boxscores/2025-11-30-00-penn-state_w.html,https://www.sports-reference.com/cbb/boxscores/2025-11-30-00-penn-state_w.html
11/30/25,women,maryland-baltimore-county,presbyterian,/cbb/boxscores/2025-11-30-00-presbyterian_w.html,https://www.sports-reference.com/cbb/boxscores/2025-11-30-00-presbyterian_w.html
11/30/25,women,winthrop,south-carolina-state,/cbb/boxscores/2025-11-30-00-south-carolina-state_w.html,https://www.sports-reference.com/cbb/boxscores/2025-11-30-00-south-carolina-state_w.html
11/30/25,women,harvard,arkansas,/cbb/boxscores/2025-11-30-01-arkansas_w.html,https://www.sports-reference.com/cbb/boxscores/2025-11-30-01-arkansas_w.html
11/30/25,women,illinois,le-moyne,/cbb/boxscores/2025-11-30-01-illinois_w.html,https://www.sports-reference.com/cbb/boxscores/2025-11-30-01-illinois_w.html
11/30/25,women,mississippi-state,louisiana-monroe,/cbb/boxscores/2025-11-30-01-mississippi-state_w.html,https://www.sports-reference.com/cbb/boxscores/2025-11-30-01-mississippi-state_w.html
11/30/25,women,montana-state,colorado,/cbb/boxscores/2025-11-30-02-colorado_w.html,https://www.sports-reference.com/cbb/boxscores/2025-11-30-02-colorado_w.html
11/30/25,women,providence,bryant,/cbb/boxscores/2025-11-30-02-providence_w.html,https://www.sports-reference.com/cbb/boxscores/2025-11-30-02-providence_w.html
11/30/25,women,san-francisco,,/cbb/boxscores/2025-11-30-03-san-francisco_w.html,https://www.sports-reference.com/cbb/boxscores/2025-11-30-03-san-francisco_w.html
11/30/25,women,lindenwood,vermont,/cbb/boxscores/2025-11-30-05-lindenwood_w.html,https://www.sports-reference.com/cbb/boxscores/2025-11-30-05-lindenwood_w.html
11/30/25,women,east-tennessee-state,eastern-illinois,/cbb/boxscores/2025-11-30-11-east-tennessee-state_w.html,https://www.sports-reference.com/cbb/boxscores/2025-11-30-11-east-tennessee-state_w.html
11/30/25,women,gonzaga,marquette,/cbb/boxscores/2025-11-30-11-gonzaga_w.html,https://www.sports-reference.com/cbb/boxscores/2025-11-30-11-gonzaga_w.html
11/30/25,women,houston,tulsa,/cbb/boxscores/2025-11-30-11-houston_w.html,https://www.sports-reference.com/cbb/boxscores/2025-11-30-11-houston_w.html
11/30/25,women,arkansas-state,kent-state,/cbb/boxscores/2025-11-30-13-arkansas-state_w.html,https://www.sports-reference.com/cbb/boxscores/2025-11-30-13-arkansas-state_w.html
11/30/25,women,canisius,mercyhurst,/cbb/boxscores/2025-11-30-13-canisius_w.html,https://www.sports-reference.com/cbb/boxscores/2025-11-30-13-canisius_w.html
11/30/25,women,central-michigan,purdue,/cbb/boxscores/2025-11-30-13-central-michigan_w.html,https://www.sports-reference.com/cbb/boxscores/2025-11-30-13-central-michigan_w.html
11/30/25,women,coastal-carolina,gardner-webb,/cbb/boxscores/2025-11-30-13-coastal-carolina_w.html,https://www.sports-reference.com/cbb/boxscores/2025-11-30-13-coastal-carolina_w.html
11/30/25,women,massachusetts-lowell,,/cbb/boxscores/2025-11-30-13-massachusetts-lowell_w.html,https://www.sports-reference.com/cbb/boxscores/2025-11-30-13-massachusetts-lowell_w.html
11/30/25,women,duquesne,navy,/cbb/boxscores/2025-11-30-13-navy_w.html,https://www.sports-reference.com/cbb/boxscores/2025-11-30-13-navy_w.html
11/30/25,women,njit,lafayette,/cbb/boxscores/2025-11-30-13-njit_w.html,https://www.sports-reference.com/cbb/boxscores/2025-11-30-13-njit_w.html
11/30/25,women,north-carolina-wilmington,queens-nc,/cbb/boxscores/2025-11-30-13-north-carolina-wilmington_w.html,https://www.sports-reference.com/cbb/boxscores/2025-11-30-13-north-carolina-wilmington_w.html
11/30/25,women,ohio-state,niagara,/cbb/boxscores/2025-11-30-13-ohio-state_w.html,https://www.sports-reference.com/cbb/boxscores/2025-11-30-13-ohio-state_w.html
11/30/25,women,princeton,depaul,/cbb/boxscores/2025-11-30-13-princeton_w.html,https://www.sports-reference.com/cbb/boxscores/2025-11-30-13-princeton_w.html
11/30/25,women,georgia-southern,wofford,/cbb/boxscores/2025-11-30-13-wofford_w.html,https://www.sports-reference.com/cbb/boxscores/2025-11-30-13-wofford_w.html
11/30/25,women,syracuse,howard,/cbb/boxscores/2025-11-30-14-howard_w.html,https://www.sports-reference.com/cbb/boxscores/2025-11-30-14-howard_w.html
11/30/25,women,lehigh,brown,/cbb/boxscores/2025-11-30-14-lehigh_w.html,https://www.sports-reference.com/cbb/boxscores/2025-11-30-14-lehigh_w.html
11/30/25,women,rutgers,saint-peters,/cbb/boxscores/2025-11-30-14-rutgers_w.html,https://www.sports-reference.com/cbb/boxscores/2025-11-30-14-rutgers_w.html
11/30/25,women,san-diego,southeast-missouri-state,/cbb/boxscores/2025-11-30-14-san-diego_w.html,https://www.sports-reference.com/cbb/boxscores/2025-11-30-14-san-diego_w.html
11/30/25,women,south-alabama,florida-am,/cbb/boxscores/2025-11-30-14-south-alabama_w.html,https://www.sports-reference.com/cbb/boxscores/2025-11-30-14-south-alabama_w.html
11/30/25,women,south-florida,new-orleans,/cbb/boxscores/2025-11-30-14-south-florida_w.html,https://www.sports-reference.com/cbb/boxscores/2025-11-30-14-south-florida_w.html
11/30/25,women,virginia,maryland-eastern-shore,/cbb/boxscores/2025-11-30-14-virginia_w.html,https://www.sports-reference.com/cbb/boxscores/2025-11-30-14-virginia_w.html
11/30/25,women,wagner,cornell,/cbb/boxscores/2025-11-30-14-wagner_w.html,https://www.sports-reference.com/cbb/boxscores/2025-11-30-14-wagner_w.html
11/30/25,women,oregon,auburn,/cbb/boxscores/2025-11-30-15-auburn_w.html,https://www.sports-reference.com/cbb/boxscores/2025-11-30-15-auburn_w.html
11/30/25,women,evansville,northern-illinois,/cbb/boxscores/2025-11-30-15-evansville_w.html,https://www.sports-reference.com/cbb/boxscores/2025-11-30-15-evansville_w.html
11/30/25,women,liberty,manhattan,/cbb/boxscores/2025-11-30-15-liberty_w.html,https://www.sports-reference.com/cbb/boxscores/2025-11-30-15-liberty_w.html
11/30/25,women,western-kentucky,southern-illinois,/cbb/boxscores/2025-11-30-15-southern-illinois_w.html,https://www.sports-reference.com/cbb/boxscores/2025-11-30-15-southern-illinois_w.html
11/30/25,women,st-thomas-mn,,/cbb/boxscores/2025-11-30-15-st-thomas-mn_w.html,https://www.sports-reference.com/cbb/boxscores/2025-11-30-15-st-thomas-mn_w.html
11/30/25,women,tennessee-martin,,/cbb/boxscores/2025-11-30-15-tennessee-martin_w.html,https://www.sports-reference.com/cbb/boxscores/2025-11-30-15-tennessee-martin_w.html
11/30/25,women,texas-state,prairie-view,/cbb/boxscores/2025-11-30-15-texas-state_w.html,https://www.sports-reference.com/cbb/boxscores/2025-11-30-15-texas-state_w.html
11/30/25,women,missouri-state,coppin-state,/cbb/boxscores/2025-11-30-16-coppin-state_w.html,https://www.sports-reference.com/cbb/boxscores/2025-11-30-16-coppin-state_w.html
11/30/25,women,temple,western-carolina,/cbb/boxscores/2025-11-30-16-temple_w.html,https://www.sports-reference.com/cbb/boxscores/2025-11-30-16-temple_w.html
11/30/25,women,california-san-diego,portland-state,/cbb/boxscores/2025-11-30-17-portland-state_w.html,https://www.sports-reference.com/cbb/boxscores/2025-11-30-17-portland-state_w.html
11/30/25,women,portland,eastern-washington,/cbb/boxscores/2025-11-30-18-portland_w.html,https://www.sports-reference.com/cbb/boxscores/2025-11-30-18-portland_w.html
11/30/25,women,santa-clara,hawaii,/cbb/boxscores/2025-11-30-19-hawaii_w.html,https://www.sports-reference.com/cbb/boxscores/2025-11-30-19-hawaii_w.html
12/1/25,women,washington,san-jose-state,/cbb/boxscores/2025-12-01-03-washington_w.html,https://www.sports-reference.com/cbb/boxscores/2025-12-01-03-washington_w.html
12/1/25,women,villanova,west-virginia,/cbb/boxscores/2025-12-01-19-west-virginia_w.html,https://www.sports-reference.com/cbb/boxscores/2025-12-01-19-west-virginia_w.html
12/1/25,women,appalachian-state,gardner-webb,/cbb/boxscores/2025-12-01-00-gardner-webb_w.html,https://www.sports-reference.com/cbb/boxscores/2025-12-01-00-gardner-webb_w.html
12/1/25,women,norfolk-state,,/cbb/boxscores/2025-12-01-00-norfolk-state_w.html,https://www.sports-reference.com/cbb/boxscores/2025-12-01-00-norfolk-state_w.html
12/1/25,women,stony-brook,,/cbb/boxscores/2025-12-01-00-stony-brook_w.html,https://www.sports-reference.com/cbb/boxscores/2025-12-01-00-stony-brook_w.html
12/1/25,women,southern-methodist,southern-mississippi,/cbb/boxscores/2025-12-01-01-southern-methodist_w.html,https://www.sports-reference.com/cbb/boxscores/2025-12-01-01-southern-methodist_w.html
12/1/25,women,alabama,kennesaw-state,/cbb/boxscores/2025-12-01-12-alabama_w.html,https://www.sports-reference.com/cbb/boxscores/2025-12-01-12-alabama_w.html
12/1/25,women,nicholls-state,,/cbb/boxscores/2025-12-01-12-nicholls-state_w.html,https://www.sports-reference.com/cbb/boxscores/2025-12-01-12-nicholls-state_w.html
12/1/25,women,albany-ny,bucknell,/cbb/boxscores/2025-12-01-18-bucknell_w.html,https://www.sports-reference.com/cbb/boxscores/2025-12-01-18-bucknell_w.html
12/1/25,women,charleston-southern,,/cbb/boxscores/2025-12-01-18-charleston-southern_w.html,https://www.sports-reference.com/cbb/boxscores/2025-12-01-18-charleston-southern_w.html
12/1/25,women,maine,boston-university,/cbb/boxscores/2025-12-01-18-maine_w.html,https://www.sports-reference.com/cbb/boxscores/2025-12-01-18-maine_w.html
12/1/25,women,old-dominion,delaware-state,/cbb/boxscores/2025-12-01-18-old-dominion_w.html,https://www.sports-reference.com/cbb/boxscores/2025-12-01-18-old-dominion_w.html
12/1/25,women,pittsburgh,central-connecticut-state,/cbb/boxscores/2025-12-01-18-pittsburgh_w.html,https://www.sports-reference.com/cbb/boxscores/2025-12-01-18-pittsburgh_w.html
12/1/25,women,alabama-state,,/cbb/boxscores/2025-12-01-19-alabama-state_w.html,https://www.sports-reference.com/cbb/boxscores/2025-12-01-19-alabama-state_w.html
12/1/25,women,alcorn-state,,/cbb/boxscores/2025-12-01-19-alcorn-state_w.html,https://www.sports-reference.com/cbb/boxscores/2025-12-01-19-alcorn-state_w.html
12/1/25,women,central-arkansas,,/cbb/boxscores/2025-12-01-19-central-arkansas_w.html,https://www.sports-reference.com/cbb/boxscores/2025-12-01-19-central-arkansas_w.html
12/1/25,women,high-point,,/cbb/boxscores/2025-12-01-19-high-point_w.html,https://www.sports-reference.com/cbb/boxscores/2025-12-01-19-high-point_w.html
12/1/25,women,arkansas-pine-bluff,north-alabama,/cbb/boxscores/2025-12-01-19-north-alabama_w.html,https://www.sports-reference.com/cbb/boxscores/2025-12-01-19-north-alabama_w.html
12/1/25,women,tennessee-tech,lipscomb,/cbb/boxscores/2025-12-01-19-tennessee-tech_w.html,https://www.sports-reference.com/cbb/boxscores/2025-12-01-19-tennessee-tech_w.html
12/1/25,women,minnesota,samford,/cbb/boxscores/2025-12-01-20-minnesota_w.html,https://www.sports-reference.com/cbb/boxscores/2025-12-01-20-minnesota_w.html
12/2/25,women,connecticut,south-florida,/cbb/boxscores/2025-12-02-17-south-florida_w.html,https://www.sports-reference.com/cbb/boxscores/2025-12-02-17-south-florida_w.html
12/2/25,women,southern-california,saint-marys-ca,/cbb/boxscores/2025-12-02-03-southern-california_w.html,https://www.sports-reference.com/cbb/boxscores/2025-12-02-03-southern-california_w.html
12/2/25,women,jacksonville,florida-am,/cbb/boxscores/2025-12-02-00-florida-am_w.html,https://www.sports-reference.com/cbb/boxscores/2025-12-02-00-florida-am_w.html
12/2/25,women,rider,long-island-university,/cbb/boxscores/2025-12-02-00-long-island-university_w.html,https://www.sports-reference.com/cbb/boxscores/2025-12-02-00-long-island-university_w.html
12/2/25,women,illinois,bellarmine,/cbb/boxscores/2025-12-02-01-illinois_w.html,https://www.sports-reference.com/cbb/boxscores/2025-12-02-01-illinois_w.html
12/2/25,women,colorado,college-of-charleston,/cbb/boxscores/2025-12-02-02-colorado_w.html,https://www.sports-reference.com/cbb/boxscores/2025-12-02-02-colorado_w.html
12/2/25,women,north-carolina-greensboro,,/cbb/boxscores/2025-12-02-11-north-carolina-greensboro_w.html,https://www.sports-reference.com/cbb/boxscores/2025-12-02-11-north-carolina-greensboro_w.html
12/2/25,women,abilene-christian,,/cbb/boxscores/2025-12-02-12-abilene-christian_w.html,https://www.sports-reference.com/cbb/boxscores/2025-12-02-12-abilene-christian_w.html
12/2/25,women,texas-am-commerce,louisiana-lafayette,/cbb/boxscores/2025-12-02-12-louisiana-lafayette_w.html,https://www.sports-reference.com/cbb/boxscores/2025-12-02-12-louisiana-lafayette_w.html
12/2/25,women,seattle,,/cbb/boxscores/2025-12-02-14-seattle_w.html,https://www.sports-reference.com/cbb/boxscores/2025-12-02-14-seattle_w.html
12/2/25,women,merrimack,dartmouth,/cbb/boxscores/2025-12-02-18-dartmouth_w.html,https://www.sports-reference.com/cbb/boxscores/2025-12-02-18-dartmouth_w.html
12/2/25,women,north-carolina-at,north-carolina-central,/cbb/boxscores/2025-12-02-18-north-carolina-central_w.html,https://www.sports-reference.com/cbb/boxscores/2025-12-02-18-north-carolina-central_w.html
12/2/25,women,lamar,texas-pan-american,/cbb/boxscores/2025-12-02-19-lamar_w.html,https://www.sports-reference.com/cbb/boxscores/2025-12-02-19-lamar_w.html
12/2/25,women,princeton,seton-hall,/cbb/boxscores/2025-12-02-19-princeton_w.html,https://www.sports-reference.com/cbb/boxscores/2025-12-02-19-princeton_w.html
12/2/25,women,toledo,morgan-state,/cbb/boxscores/2025-12-02-19-toledo_w.html,https://www.sports-reference.com/cbb/boxscores/2025-12-02-19-toledo_w.html
12/2/25,women,texas-arlington,arkansas-little-rock,/cbb/boxscores/2025-12-02-20-arkansas-little-rock_w.html,https://www.sports-reference.com/cbb/boxscores/2025-12-02-20-arkansas-little-rock_w.html
12/2/25,women,tarleton-state,mississippi-valley-state,/cbb/boxscores/2025-12-02-20-mississippi-valley-state_w.html,https://www.sports-reference.com/cbb/boxscores/2025-12-02-20-mississippi-valley-state_w.html
12/2/25,women,mcneese-state,dixie-state,/cbb/boxscores/2025-12-02-21-dixie-state_w.html,https://www.sports-reference.com/cbb/boxscores/2025-12-02-21-dixie-state_w.html
12/3/25,women,michigan,central-michigan,/cbb/boxscores/2025-12-03-00-michigan_w.html,https://www.sports-reference.com/cbb/boxscores/2025-12-03-00-michigan_w.html
12/3/25,women,maryland,mount-st-marys,/cbb/boxscores/2025-12-03-00-maryland_w.html,https://www.sports-reference.com/cbb/boxscores/2025-12-03-00-maryland_w.html
12/3/25,women,texas-christian,incarnate-word,/cbb/boxscores/2025-12-03-19-texas-christian_w.html,https://www.sports-reference.com/cbb/boxscores/2025-12-03-19-texas-christian_w.html
12/3/25,women,oklahoma,north-carolina-state,/cbb/boxscores/2025-12-03-19-oklahoma_w.html,https://www.sports-reference.com/cbb/boxscores/2025-12-03-19-oklahoma_w.html
12/3/25,women,baylor,southeastern-louisiana,/cbb/boxscores/2025-12-03-01-baylor_w.html,https://www.sports-reference.com/cbb/boxscores/2025-12-03-01-baylor_w.html
12/3/25,women,vanderbilt,virginia,/cbb/boxscores/2025-12-03-17-vanderbilt_w.html,https://www.sports-reference.com/cbb/boxscores/2025-12-03-17-vanderbilt_w.html
12/3/25,women,kentucky,miami-fl,/cbb/boxscores/2025-12-03-17-miami-fl_w.html,https://www.sports-reference.com/cbb/boxscores/2025-12-03-17-miami-fl_w.html
12/3/25,women,tennessee,stanford,/cbb/boxscores/2025-12-03-03-stanford_w.html,https://www.sports-reference.com/cbb/boxscores/2025-12-03-03-stanford_w.html
12/3/25,women,oklahoma-state,north-texas,/cbb/boxscores/2025-12-03-19-north-texas_w.html,https://www.sports-reference.com/cbb/boxscores/2025-12-03-19-north-texas_w.html
12/3/25,women,akron,,/cbb/boxscores/2025-12-03-00-akron_w.html,https://www.sports-reference.com/cbb/boxscores/2025-12-03-00-akron_w.html
12/3/25,women,bowling-green-state,,/cbb/boxscores/2025-12-03-00-bowling-green-state_w.html,https://www.sports-reference.com/cbb/boxscores/2025-12-03-00-bowling-green-state_w.html
12/3/25,women,miami-oh,cincinnati,/cbb/boxscores/2025-12-03-00-cincinnati_w.html,https://www.sports-reference.com/cbb/boxscores/2025-12-03-00-cincinnati_w.html
12/3/25,women,davidson,duquesne,/cbb/boxscores/2025-12-03-00-davidson_w.html,https://www.sports-reference.com/cbb/boxscores/2025-12-03-00-davidson_w.html
12/3/25,women,drexel,american,/cbb/boxscores/2025-12-03-00-drexel_w.html,https://www.sports-reference.com/cbb/boxscores/2025-12-03-00-drexel_w.html
12/3/25,women,georgia,florida-state,/cbb/boxscores/2025-12-03-00-florida-state_w.html,https://www.sports-reference.com/cbb/boxscores/2025-12-03-00-florida-state_w.html
12/3/25,women,furman,presbyterian,/cbb/boxscores/2025-12-03-00-furman_w.html,https://www.sports-reference.com/cbb/boxscores/2025-12-03-00-furman_w.html
12/3/25,women,george-mason,fordham,/cbb/boxscores/2025-12-03-00-george-mason_w.html,https://www.sports-reference.com/cbb/boxscores/2025-12-03-00-george-mason_w.html
12/3/25,women,indiana,western-michigan,/cbb/boxscores/2025-12-03-00-indiana_w.html,https://www.sports-reference.com/cbb/boxscores/2025-12-03-00-indiana_w.html
12/3/25,women,la-salle,virginia-commonwealth,/cbb/boxscores/2025-12-03-00-la-salle_w.html,https://www.sports-reference.com/cbb/boxscores/2025-12-03-00-la-salle_w.html
12/3/25,women,purdue,evansville,/cbb/boxscores/2025-12-03-00-purdue_w.html,https://www.sports-reference.com/cbb/boxscores/2025-12-03-00-purdue_w.html
12/3/25,women,william-mary,wake-forest,/cbb/boxscores/2025-12-03-00-wake-forest_w.html,https://www.sports-reference.com/cbb/boxscores/2025-12-03-00-wake-forest_w.html
12/3/25,women,winthrop,,/cbb/boxscores/2025-12-03-00-winthrop_w.html,https://www.sports-reference.com/cbb/boxscores/2025-12-03-00-winthrop_w.html
12/3/25,women,alabama-birmingham,southern-illinois,/cbb/boxscores/2025-12-03-01-alabama-birmingham_w.html,https://www.sports-reference.com/cbb/boxscores/2025-12-03-01-alabama-birmingham_w.html
12/3/25,women,saint-louis,st-bonaventure,/cbb/boxscores/2025-12-03-01-saint-louis_w.html,https://www.sports-reference.com/cbb/boxscores/2025-12-03-01-saint-louis_w.html
12/3/25,women,nevada-las-vegas,texas-san-antonio,/cbb/boxscores/2025-12-03-01-texas-san-antonio_w.html,https://www.sports-reference.com/cbb/boxscores/2025-12-03-01-texas-san-antonio_w.html
12/3/25,women,florida-atlantic,western-kentucky,/cbb/boxscores/2025-12-03-01-western-kentucky_w.html,https://www.sports-reference.com/cbb/boxscores/2025-12-03-01-western-kentucky_w.html
12/3/25,women,oral-roberts,idaho,/cbb/boxscores/2025-12-03-03-idaho_w.html,https://www.sports-reference.com/cbb/boxscores/2025-12-03-03-idaho_w.html
12/3/25,women,oregon,oregon-state,/cbb/boxscores/2025-12-03-03-oregon_w.html,https://www.sports-reference.com/cbb/boxscores/2025-12-03-03-oregon_w.html
12/3/25,women,ball-state,,/cbb/boxscores/2025-12-03-11-ball-state_w.html,https://www.sports-reference.com/cbb/boxscores/2025-12-03-11-ball-state_w.html
12/3/25,women,troy,longwood,/cbb/boxscores/2025-12-03-11-longwood_w.html,https://www.sports-reference.com/cbb/boxscores/2025-12-03-11-longwood_w.html
12/3/25,women,robert-morris,mercyhurst,/cbb/boxscores/2025-12-03-11-mercyhurst_w.html,https://www.sports-reference.com/cbb/boxscores/2025-12-03-11-mercyhurst_w.html
12/3/25,women,north-carolina-asheville,south-carolina-state,/cbb/boxscores/2025-12-03-11-north-carolina-asheville_w.html,https://www.sports-reference.com/cbb/boxscores/2025-12-03-11-north-carolina-asheville_w.html
12/3/25,women,albany-ny,sacred-heart,/cbb/boxscores/2025-12-03-11-sacred-heart_w.html,https://www.sports-reference.com/cbb/boxscores/2025-12-03-11-sacred-heart_w.html
12/3/25,women,army,saint-peters,/cbb/boxscores/2025-12-03-11-saint-peters_w.html,https://www.sports-reference.com/cbb/boxscores/2025-12-03-11-saint-peters_w.html
12/3/25,women,west-georgia,north-carolina-wilmington,/cbb/boxscores/2025-12-03-11-west-georgia_w.html,https://www.sports-reference.com/cbb/boxscores/2025-12-03-11-west-georgia_w.html
12/3/25,women,south-carolina-upstate,western-carolina,/cbb/boxscores/2025-12-03-11-western-carolina_w.html,https://www.sports-reference.com/cbb/boxscores/2025-12-03-11-western-carolina_w.html
12/3/25,women,lindenwood,drake,/cbb/boxscores/2025-12-03-12-drake_w.html,https://www.sports-reference.com/cbb/boxscores/2025-12-03-12-drake_w.html
12/3/25,women,st-thomas-mn,northern-arizona,/cbb/boxscores/2025-12-03-12-st-thomas-mn_w.html,https://www.sports-reference.com/cbb/boxscores/2025-12-03-12-st-thomas-mn_w.html
12/3/25,women,binghamton,san-diego,/cbb/boxscores/2025-12-03-14-san-diego_w.html,https://www.sports-reference.com/cbb/boxscores/2025-12-03-14-san-diego_w.html
12/3/25,women,quinnipiac,boston-college,/cbb/boxscores/2025-12-03-15-boston-college_w.html,https://www.sports-reference.com/cbb/boxscores/2025-12-03-15-boston-college_w.html
12/3/25,women,brigham-young,washington-state,/cbb/boxscores/2025-12-03-16-brigham-young_w.html,https://www.sports-reference.com/cbb/boxscores/2025-12-03-16-brigham-young_w.html
12/3/25,women,massachusetts,northeastern,/cbb/boxscores/2025-12-03-16-northeastern_w.html,https://www.sports-reference.com/cbb/boxscores/2025-12-03-16-northeastern_w.html
12/3/25,women,yale,bryant,/cbb/boxscores/2025-12-03-16-yale_w.html,https://www.sports-reference.com/cbb/boxscores/2025-12-03-16-yale_w.html
12/3/25,women,monmouth,njit,/cbb/boxscores/2025-12-03-17-monmouth_w.html,https://www.sports-reference.com/cbb/boxscores/2025-12-03-17-monmouth_w.html
12/3/25,women,syracuse,auburn,/cbb/boxscores/2025-12-03-17-syracuse_w.html,https://www.sports-reference.com/cbb/boxscores/2025-12-03-17-syracuse_w.html
12/3/25,women,buffalo,niagara,/cbb/boxscores/2025-12-03-18-buffalo_w.html,https://www.sports-reference.com/cbb/boxscores/2025-12-03-18-buffalo_w.html
12/3/25,women,marshall,coppin-state,/cbb/boxscores/2025-12-03-18-coppin-state_w.html,https://www.sports-reference.com/cbb/boxscores/2025-12-03-18-coppin-state_w.html
12/3/25,women,james-madison,east-carolina,/cbb/boxscores/2025-12-03-18-east-carolina_w.html,https://www.sports-reference.com/cbb/boxscores/2025-12-03-18-east-carolina_w.html
12/3/25,women,george-washington,dayton,/cbb/boxscores/2025-12-03-18-george-washington_w.html,https://www.sports-reference.com/cbb/boxscores/2025-12-03-18-george-washington_w.html
12/3/25,women,ipfw,iupui,/cbb/boxscores/2025-12-03-18-iupui_w.html,https://www.sports-reference.com/cbb/boxscores/2025-12-03-18-iupui_w.html
12/3/25,women,lehigh,cornell,/cbb/boxscores/2025-12-03-18-lehigh_w.html,https://www.sports-reference.com/cbb/boxscores/2025-12-03-18-lehigh_w.html
12/3/25,women,murray-state,morehead-state,/cbb/boxscores/2025-12-03-18-morehead-state_w.html,https://www.sports-reference.com/cbb/boxscores/2025-12-03-18-morehead-state_w.html
12/3/25,women,richmond,loyola-il,/cbb/boxscores/2025-12-03-18-richmond_w.html,https://www.sports-reference.com/cbb/boxscores/2025-12-03-18-richmond_w.html
12/3/25,women,siena,new-haven,/cbb/boxscores/2025-12-03-18-siena_w.html,https://www.sports-reference.com/cbb/boxscores/2025-12-03-18-siena_w.html
12/3/25,women,brown,stonehill,/cbb/boxscores/2025-12-03-18-stonehill_w.html,https://www.sports-reference.com/cbb/boxscores/2025-12-03-18-stonehill_w.html
12/3/25,women,campbell,mercer,/cbb/boxscores/2025-12-03-19-campbell_w.html,https://www.sports-reference.com/cbb/boxscores/2025-12-03-19-campbell_w.html
12/3/25,women,stetson,central-florida,/cbb/boxscores/2025-12-03-19-central-florida_w.html,https://www.sports-reference.com/cbb/boxscores/2025-12-03-19-central-florida_w.html
12/3/25,women,harvard,holy-cross,/cbb/boxscores/2025-12-03-19-harvard_w.html,https://www.sports-reference.com/cbb/boxscores/2025-12-03-19-harvard_w.html
12/3/25,women,indiana-state,northern-illinois,/cbb/boxscores/2025-12-03-19-indiana-state_w.html,https://www.sports-reference.com/cbb/boxscores/2025-12-03-19-indiana-state_w.html
12/3/25,women,iona,massachusetts-lowell,/cbb/boxscores/2025-12-03-19-iona_w.html,https://www.sports-reference.com/cbb/boxscores/2025-12-03-19-iona_w.html
12/3/25,women,columbia,manhattan,/cbb/boxscores/2025-12-03-19-manhattan_w.html,https://www.sports-reference.com/cbb/boxscores/2025-12-03-19-manhattan_w.html
12/3/25,women,belmont,middle-tennessee,/cbb/boxscores/2025-12-03-19-middle-tennessee_w.html,https://www.sports-reference.com/cbb/boxscores/2025-12-03-19-middle-tennessee_w.html
12/3/25,women,northern-iowa,illinois-state,/cbb/boxscores/2025-12-03-19-northern-iowa_w.html,https://www.sports-reference.com/cbb/boxscores/2025-12-03-19-northern-iowa_w.html
12/3/25,women,rhode-island,saint-josephs,/cbb/boxscores/2025-12-03-19-saint-josephs_w.html,https://www.sports-reference.com/cbb/boxscores/2025-12-03-19-saint-josephs_w.html
12/3/25,women,southeast-missouri-state,,/cbb/boxscores/2025-12-03-19-southeast-missouri-state_w.html,https://www.sports-reference.com/cbb/boxscores/2025-12-03-19-southeast-missouri-state_w.html
12/3/25,women,texas-am,georgia-tech,/cbb/boxscores/2025-12-03-19-texas-am_w.html,https://www.sports-reference.com/cbb/boxscores/2025-12-03-19-texas-am_w.html
12/3/25,women,texas-tech,wichita-state,/cbb/boxscores/2025-12-03-19-texas-tech_w.html,https://www.sports-reference.com/cbb/boxscores/2025-12-03-19-texas-tech_w.html
12/3/25,women,wright-state,oakland,/cbb/boxscores/2025-12-03-19-wright-state_w.html,https://www.sports-reference.com/cbb/boxscores/2025-12-03-19-wright-state_w.html
12/3/25,women,arkansas-state,florida-gulf-coast,/cbb/boxscores/2025-12-03-20-arkansas-state_w.html,https://www.sports-reference.com/cbb/boxscores/2025-12-03-20-arkansas-state_w.html
12/3/25,women,nebraska,bradley,/cbb/boxscores/2025-12-03-20-nebraska_w.html,https://www.sports-reference.com/cbb/boxscores/2025-12-03-20-nebraska_w.html
12/3/25,women,north-dakota-state,montana-state,/cbb/boxscores/2025-12-03-20-north-dakota-state_w.html,https://www.sports-reference.com/cbb/boxscores/2025-12-03-20-north-dakota-state_w.html
12/3/25,women,montana,north-dakota,/cbb/boxscores/2025-12-03-20-north-dakota_w.html,https://www.sports-reference.com/cbb/boxscores/2025-12-03-20-north-dakota_w.html
12/3/25,women,northern-colorado,missouri-kansas-city,/cbb/boxscores/2025-12-03-20-northern-colorado_w.html,https://www.sports-reference.com/cbb/boxscores/2025-12-03-20-northern-colorado_w.html
12/3/25,women,kansas,northwestern,/cbb/boxscores/2025-12-03-20-northwestern_w.html,https://www.sports-reference.com/cbb/boxscores/2025-12-03-20-northwestern_w.html
12/3/25,women,rice,sam-houston-state,/cbb/boxscores/2025-12-03-20-rice_w.html,https://www.sports-reference.com/cbb/boxscores/2025-12-03-20-rice_w.html
12/3/25,women,south-dakota-state,weber-state,/cbb/boxscores/2025-12-03-20-south-dakota-state_w.html,https://www.sports-reference.com/cbb/boxscores/2025-12-03-20-south-dakota-state_w.html
12/3/25,women,southern,arizona,/cbb/boxscores/2025-12-03-21-arizona_w.html,https://www.sports-reference.com/cbb/boxscores/2025-12-03-21-arizona_w.html
12/3/25,women,eastern-washington,denver,/cbb/boxscores/2025-12-03-21-eastern-washington_w.html,https://www.sports-reference.com/cbb/boxscores/2025-12-03-21-eastern-washington_w.html
12/3/25,women,idaho-state,nebraska-omaha,/cbb/boxscores/2025-12-03-21-idaho-state_w.html,https://www.sports-reference.com/cbb/boxscores/2025-12-03-21-idaho-state_w.html
12/3/25,women,pepperdine,california-baptist,/cbb/boxscores/2025-12-03-21-pepperdine_w.html,https://www.sports-reference.com/cbb/boxscores/2025-12-03-21-pepperdine_w.html
12/3/25,women,texas-el-paso,texas-am-corpus-christi,/cbb/boxscores/2025-12-03-21-texas-el-paso_w.html,https://www.sports-reference.com/cbb/boxscores/2025-12-03-21-texas-el-paso_w.html
12/3/25,women,south-dakota,portland-state,/cbb/boxscores/2025-12-03-22-portland-state_w.html,https://www.sports-reference.com/cbb/boxscores/2025-12-03-22-portland-state_w.html
12/4/25,women,texas,north-carolina,/cbb/boxscores/2025-12-04-01-texas_w.html,https://www.sports-reference.com/cbb/boxscores/2025-12-04-01-texas_w.html
12/4/25,women,south-carolina,louisville,/cbb/boxscores/2025-12-04-19-louisville_w.html,https://www.sports-reference.com/cbb/boxscores/2025-12-04-19-louisville_w.html
12/4/25,women,louisiana-state,duke,/cbb/boxscores/2025-12-04-00-duke_w.html,https://www.sports-reference.com/cbb/boxscores/2025-12-04-00-duke_w.html
12/4/25,women,mississippi,notre-dame,/cbb/boxscores/2025-12-04-21-mississippi_w.html,https://www.sports-reference.com/cbb/boxscores/2025-12-04-21-mississippi_w.html
12/4/25,women,wofford,gardner-webb,/cbb/boxscores/2025-12-04-00-gardner-webb_w.html,https://www.sports-reference.com/cbb/boxscores/2025-12-04-00-gardner-webb_w.html
12/4/25,women,villanova,georgetown,/cbb/boxscores/2025-12-04-00-georgetown_w.html,https://www.sports-reference.com/cbb/boxscores/2025-12-04-00-georgetown_w.html
12/4/25,women,green-bay,northern-kentucky,/cbb/boxscores/2025-12-04-00-northern-kentucky_w.html,https://www.sports-reference.com/cbb/boxscores/2025-12-04-00-northern-kentucky_w.html
12/4/25,women,seton-hall,butler,/cbb/boxscores/2025-12-04-00-seton-hall_w.html,https://www.sports-reference.com/cbb/boxscores/2025-12-04-00-seton-hall_w.html
12/4/25,women,loyola-md,towson,/cbb/boxscores/2025-12-04-00-towson_w.html,https://www.sports-reference.com/cbb/boxscores/2025-12-04-00-towson_w.html
12/4/25,women,alabama-am,,/cbb/boxscores/2025-12-04-01-alabama-am_w.html,https://www.sports-reference.com/cbb/boxscores/2025-12-04-01-alabama-am_w.html
12/4/25,women,arkansas-pine-bluff,,/cbb/boxscores/2025-12-04-01-arkansas-pine-bluff_w.html,https://www.sports-reference.com/cbb/boxscores/2025-12-04-01-arkansas-pine-bluff_w.html
12/4/25,women,southern-methodist,arkansas,/cbb/boxscores/2025-12-04-01-southern-methodist_w.html,https://www.sports-reference.com/cbb/boxscores/2025-12-04-01-southern-methodist_w.html
12/4/25,women,gonzaga,grand-canyon,/cbb/boxscores/2025-12-04-03-gonzaga_w.html,https://www.sports-reference.com/cbb/boxscores/2025-12-04-03-gonzaga_w.html
12/4/25,women,missouri,california,/cbb/boxscores/2025-12-04-03-missouri_w.html,https://www.sports-reference.com/cbb/boxscores/2025-12-04-03-missouri_w.html
12/4/25,women,xavier,providence,/cbb/boxscores/2025-12-04-11-xavier_w.html,https://www.sports-reference.com/cbb/boxscores/2025-12-04-11-xavier_w.html
12/4/25,women,tennessee-tech,samford,/cbb/boxscores/2025-12-04-12-tennessee-tech_w.html,https://www.sports-reference.com/cbb/boxscores/2025-12-04-12-tennessee-tech_w.html
12/4/25,women,southern-utah,new-mexico-state,/cbb/boxscores/2025-12-04-14-southern-utah_w.html,https://www.sports-reference.com/cbb/boxscores/2025-12-04-14-southern-utah_w.html
12/4/25,women,georgia-southern,north-florida,/cbb/boxscores/2025-12-04-16-georgia-southern_w.html,https://www.sports-reference.com/cbb/boxscores/2025-12-04-16-georgia-southern_w.html
12/4/25,women,virginia-tech,florida,/cbb/boxscores/2025-12-04-17-virginia-tech_w.html,https://www.sports-reference.com/cbb/boxscores/2025-12-04-17-virginia-tech_w.html
12/4/25,women,pennsylvania,maine,/cbb/boxscores/2025-12-04-18-pennsylvania_w.html,https://www.sports-reference.com/cbb/boxscores/2025-12-04-18-pennsylvania_w.html
12/4/25,women,radford,navy,/cbb/boxscores/2025-12-04-18-radford_w.html,https://www.sports-reference.com/cbb/boxscores/2025-12-04-18-radford_w.html
12/4/25,women,alabama,clemson,/cbb/boxscores/2025-12-04-19-alabama_w.html,https://www.sports-reference.com/cbb/boxscores/2025-12-04-19-alabama_w.html
12/4/25,women,detroit-mercy,cleveland-state,/cbb/boxscores/2025-12-04-19-detroit-mercy_w.html,https://www.sports-reference.com/cbb/boxscores/2025-12-04-19-detroit-mercy_w.html
12/4/25,women,fairleigh-dickinson,lafayette,/cbb/boxscores/2025-12-04-19-fairleigh-dickinson_w.html,https://www.sports-reference.com/cbb/boxscores/2025-12-04-19-fairleigh-dickinson_w.html
12/4/25,women,tennessee-martin,lipscomb,/cbb/boxscores/2025-12-04-19-lipscomb_w.html,https://www.sports-reference.com/cbb/boxscores/2025-12-04-19-lipscomb_w.html
12/4/25,women,louisiana-tech,south-alabama,/cbb/boxscores/2025-12-04-19-louisiana-tech_w.html,https://www.sports-reference.com/cbb/boxscores/2025-12-04-19-louisiana-tech_w.html
12/4/25,women,mississippi-state,pittsburgh,/cbb/boxscores/2025-12-04-19-mississippi-state_w.html,https://www.sports-reference.com/cbb/boxscores/2025-12-04-19-mississippi-state_w.html
12/4/25,women,southern-illinois-edwardsville,,/cbb/boxscores/2025-12-04-19-southern-illinois-edwardsville_w.html,https://www.sports-reference.com/cbb/boxscores/2025-12-04-19-southern-illinois-edwardsville_w.html
12/4/25,women,creighton,st-johns-ny,/cbb/boxscores/2025-12-04-19-st-johns-ny_w.html,https://www.sports-reference.com/cbb/boxscores/2025-12-04-19-st-johns-ny_w.html
12/4/25,women,missouri-state,tulane,/cbb/boxscores/2025-12-04-19-tulane_w.html,https://www.sports-reference.com/cbb/boxscores/2025-12-04-19-tulane_w.html
12/4/25,women,tulsa,mississippi-valley-state,/cbb/boxscores/2025-12-04-19-tulsa_w.html,https://www.sports-reference.com/cbb/boxscores/2025-12-04-19-tulsa_w.html
12/4/25,women,utah,colorado-state,/cbb/boxscores/2025-12-04-20-colorado-state_w.html,https://www.sports-reference.com/cbb/boxscores/2025-12-04-20-colorado-state_w.html
12/4/25,women,western-illinois,,/cbb/boxscores/2025-12-04-20-western-illinois_w.html,https://www.sports-reference.com/cbb/boxscores/2025-12-04-20-western-illinois_w.html
12/4/25,women,cal-state-fullerton,cal-poly,/cbb/boxscores/2025-12-04-21-cal-poly_w.html,https://www.sports-reference.com/cbb/boxscores/2025-12-04-21-cal-poly_w.html
12/4/25,women,cal-state-northridge,cal-state-bakersfield,/cbb/boxscores/2025-12-04-21-cal-state-bakersfield_w.html,https://www.sports-reference.com/cbb/boxscores/2025-12-04-21-cal-state-bakersfield_w.html
12/4/25,women,california-davis,hawaii,/cbb/boxscores/2025-12-04-21-california-davis_w.html,https://www.sports-reference.com/cbb/boxscores/2025-12-04-21-california-davis_w.html
12/4/25,women,california-irvine,california-riverside,/cbb/boxscores/2025-12-04-21-california-riverside_w.html,https://www.sports-reference.com/cbb/boxscores/2025-12-04-21-california-riverside_w.html
12/4/25,women,marquette,depaul,/cbb/boxscores/2025-12-04-21-depaul_w.html,https://www.sports-reference.com/cbb/boxscores/2025-12-04-21-depaul_w.html
12/4/25,women,california-santa-barbara,long-beach-state,/cbb/boxscores/2025-12-04-21-long-beach-state_w.html,https://www.sports-reference.com/cbb/boxscores/2025-12-04-21-long-beach-state_w.html
12/4/25,women,pacific,sacramento-state,/cbb/boxscores/2025-12-04-21-pacific_w.html,https://www.sports-reference.com/cbb/boxscores/2025-12-04-21-pacific_w.html
12/4/25,women,saint-marys-ca,san-jose-state,/cbb/boxscores/2025-12-04-22-san-jose-state_w.html,https://www.sports-reference.com/cbb/boxscores/2025-12-04-22-san-jose-state_w.html
12/5/25,women,west-virginia,mercyhurst,/cbb/boxscores/2025-12-05-19-west-virginia_w.html,https://www.sports-reference.com/cbb/boxscores/2025-12-05-19-west-virginia_w.html
12/5/25,women,florida-international,georgia-state,/cbb/boxscores/2025-12-05-00-florida-international_w.html,https://www.sports-reference.com/cbb/boxscores/2025-12-05-00-florida-international_w.html
12/5/25,women,ohio,illinois-chicago,/cbb/boxscores/2025-12-05-00-ohio_w.html,https://www.sports-reference.com/cbb/boxscores/2025-12-05-00-ohio_w.html
12/5/25,women,high-point,south-carolina-state,/cbb/boxscores/2025-12-05-00-south-carolina-state_w.html,https://www.sports-reference.com/cbb/boxscores/2025-12-05-00-south-carolina-state_w.html
12/5/25,women,vermont,bucknell,/cbb/boxscores/2025-12-05-00-vermont_w.html,https://www.sports-reference.com/cbb/boxscores/2025-12-05-00-vermont_w.html
12/5/25,women,youngstown-state,milwaukee,/cbb/boxscores/2025-12-05-01-milwaukee_w.html,https://www.sports-reference.com/cbb/boxscores/2025-12-05-01-milwaukee_w.html
12/5/25,women,harvard,stony-brook,/cbb/boxscores/2025-12-05-11-harvard_w.html,https://www.sports-reference.com/cbb/boxscores/2025-12-05-11-harvard_w.html
12/5/25,women,new-hampshire,merrimack,/cbb/boxscores/2025-12-05-11-new-hampshire_w.html,https://www.sports-reference.com/cbb/boxscores/2025-12-05-11-new-hampshire_w.html
12/5/25,women,south-florida,houston-baptist,/cbb/boxscores/2025-12-05-11-south-florida_w.html,https://www.sports-reference.com/cbb/boxscores/2025-12-05-11-south-florida_w.html
12/5/25,women,hampton,,/cbb/boxscores/2025-12-05-14-cheyney_w.html,https://www.sports-reference.com/cbb/boxscores/2025-12-05-14-cheyney_w.html
12/5/25,women,eastern-michigan,,/cbb/boxscores/2025-12-05-17-eastern-michigan_w.html,https://www.sports-reference.com/cbb/boxscores/2025-12-05-17-eastern-michigan_w.html
12/5/25,women,delaware,colgate,/cbb/boxscores/2025-12-05-18-colgate_w.html,https://www.sports-reference.com/cbb/boxscores/2025-12-05-18-colgate_w.html
12/5/25,women,dartmouth,central-connecticut-state,/cbb/boxscores/2025-12-05-18-dartmouth_w.html,https://www.sports-reference.com/cbb/boxscores/2025-12-05-18-dartmouth_w.html
12/5/25,women,howard,fairfield,/cbb/boxscores/2025-12-05-18-howard_w.html,https://www.sports-reference.com/cbb/boxscores/2025-12-05-18-howard_w.html
12/5/25,women,san-francisco,nevada,/cbb/boxscores/2025-12-05-18-nevada_w.html,https://www.sports-reference.com/cbb/boxscores/2025-12-05-18-nevada_w.html
12/5/25,women,,bethune-cookman,/cbb/boxscores/2025-12-05-19-bethune-cookman_w.html,https://www.sports-reference.com/cbb/boxscores/2025-12-05-19-bethune-cookman_w.html
12/5/25,women,maryland-eastern-shore,wichita-state,/cbb/boxscores/2025-12-05-19-wichita-state_w.html,https://www.sports-reference.com/cbb/boxscores/2025-12-05-19-wichita-state_w.html
12/5/25,women,arizona-state,mcneese-state,/cbb/boxscores/2025-12-05-20-arizona-state_w.html,https://www.sports-reference.com/cbb/boxscores/2025-12-05-20-arizona-state_w.html
12/5/25,women,loyola-marymount,utah-state,/cbb/boxscores/2025-12-05-21-loyola-marymount_w.html,https://www.sports-reference.com/cbb/boxscores/2025-12-05-21-loyola-marymount_w.html
12/6/25,women,texas-christian,texas-el-paso,/cbb/boxscores/2025-12-06-14-texas-christian_w.html,https://www.sports-reference.com/cbb/boxscores/2025-12-06-14-texas-christian_w.html
12/6/25,women,iowa,rutgers,/cbb/boxscores/2025-12-06-00-rutgers_w.html,https://www.sports-reference.com/cbb/boxscores/2025-12-06-00-rutgers_w.html
12/6/25,women,oklahoma-state,mississippi-valley-state,/cbb/boxscores/2025-12-06-01-oklahoma-state_w.html,https://www.sports-reference.com/cbb/boxscores/2025-12-06-01-oklahoma-state_w.html
12/6/25,women,quinnipiac,cornell,/cbb/boxscores/2025-12-06-00-cornell_w.html,https://www.sports-reference.com/cbb/boxscores/2025-12-06-00-cornell_w.html
12/6/25,women,kennesaw-state,,/cbb/boxscores/2025-12-06-00-kennesaw-state_w.html,https://www.sports-reference.com/cbb/boxscores/2025-12-06-00-kennesaw-state_w.html
12/6/25,women,st-bonaventure,le-moyne,/cbb/boxscores/2025-12-06-00-le-moyne_w.html,https://www.sports-reference.com/cbb/boxscores/2025-12-06-00-le-moyne_w.html
12/6/25,women,marshall,kent-state,/cbb/boxscores/2025-12-06-00-marshall_w.html,https://www.sports-reference.com/cbb/boxscores/2025-12-06-00-marshall_w.html
12/6/25,women,maryland-baltimore-county,morgan-state,/cbb/boxscores/2025-12-06-00-morgan-state_w.html,https://www.sports-reference.com/cbb/boxscores/2025-12-06-00-morgan-state_w.html
12/6/25,women,norfolk-state,north-carolina-at,/cbb/boxscores/2025-12-06-00-norfolk-state_w.html,https://www.sports-reference.com/cbb/boxscores/2025-12-06-00-norfolk-state_w.html
12/6/25,women,nebraska,penn-state,/cbb/boxscores/2025-12-06-00-penn-state_w.html,https://www.sports-reference.com/cbb/boxscores/2025-12-06-00-penn-state_w.html
12/6/25,women,northern-iowa,toledo,/cbb/boxscores/2025-12-06-00-toledo_w.html,https://www.sports-reference.com/cbb/boxscores/2025-12-06-00-toledo_w.html
12/6/25,women,illinois,indiana,/cbb/boxscores/2025-12-06-01-illinois_w.html,https://www.sports-reference.com/cbb/boxscores/2025-12-06-01-illinois_w.html
12/6/25,women,arizona-state,san-francisco,/cbb/boxscores/2025-12-06-02-arizona-state_w.html,https://www.sports-reference.com/cbb/boxscores/2025-12-06-02-arizona-state_w.html
12/6/25,women,idaho,denver,/cbb/boxscores/2025-12-06-03-denver_w.html,https://www.sports-reference.com/cbb/boxscores/2025-12-06-03-denver_w.html
12/6/25,women,gonzaga,california-davis,/cbb/boxscores/2025-12-06-03-gonzaga_w.html,https://www.sports-reference.com/cbb/boxscores/2025-12-06-03-gonzaga_w.html
12/6/25,women,bethune-cookman,,/cbb/boxscores/2025-12-06-11-bethune-cookman_w.html,https://www.sports-reference.com/cbb/boxscores/2025-12-06-11-bethune-cookman_w.html
12/6/25,women,murray-state,austin-peay,/cbb/boxscores/2025-12-06-13-austin-peay_w.html,https://www.sports-reference.com/cbb/boxscores/2025-12-06-13-austin-peay_w.html
12/6/25,women,george-washington,brown,/cbb/boxscores/2025-12-06-13-george-washington_w.html,https://www.sports-reference.com/cbb/boxscores/2025-12-06-13-george-washington_w.html
12/6/25,women,wofford,charleston-southern,/cbb/boxscores/2025-12-06-13-wofford_w.html,https://www.sports-reference.com/cbb/boxscores/2025-12-06-13-wofford_w.html
12/6/25,women,army,massachusetts,/cbb/boxscores/2025-12-06-14-army_w.html,https://www.sports-reference.com/cbb/boxscores/2025-12-06-14-army_w.html
12/6/25,women,princeton,belmont,/cbb/boxscores/2025-12-06-14-belmont_w.html,https://www.sports-reference.com/cbb/boxscores/2025-12-06-14-belmont_w.html
12/6/25,women,binghamton,buffalo,/cbb/boxscores/2025-12-06-14-binghamton_w.html,https://www.sports-reference.com/cbb/boxscores/2025-12-06-14-binghamton_w.html
12/6/25,women,columbia,wagner,/cbb/boxscores/2025-12-06-14-columbia_w.html,https://www.sports-reference.com/cbb/boxscores/2025-12-06-14-columbia_w.html
12/6/25,women,coppin-state,sacred-heart,/cbb/boxscores/2025-12-06-14-coppin-state_w.html,https://www.sports-reference.com/cbb/boxscores/2025-12-06-14-coppin-state_w.html
12/6/25,women,fordham,hofstra,/cbb/boxscores/2025-12-06-14-hofstra_w.html,https://www.sports-reference.com/cbb/boxscores/2025-12-06-14-hofstra_w.html
12/6/25,women,jacksonville,coastal-carolina,/cbb/boxscores/2025-12-06-14-jacksonville_w.html,https://www.sports-reference.com/cbb/boxscores/2025-12-06-14-jacksonville_w.html
12/6/25,women,mcneese-state,nevada,/cbb/boxscores/2025-12-06-14-mcneese-state_w.html,https://www.sports-reference.com/cbb/boxscores/2025-12-06-14-mcneese-state_w.html
12/6/25,women,massachusetts-lowell,new-haven,/cbb/boxscores/2025-12-06-14-new-haven_w.html,https://www.sports-reference.com/cbb/boxscores/2025-12-06-14-new-haven_w.html
12/6/25,women,north-florida,north-carolina-asheville,/cbb/boxscores/2025-12-06-14-north-carolina-asheville_w.html,https://www.sports-reference.com/cbb/boxscores/2025-12-06-14-north-carolina-asheville_w.html
12/6/25,women,cleveland-state,oakland,/cbb/boxscores/2025-12-06-14-oakland_w.html,https://www.sports-reference.com/cbb/boxscores/2025-12-06-14-oakland_w.html
12/6/25,women,yale,rider,/cbb/boxscores/2025-12-06-14-rider_w.html,https://www.sports-reference.com/cbb/boxscores/2025-12-06-14-rider_w.html
12/6/25,women,eastern-washington,south-dakota,/cbb/boxscores/2025-12-06-14-south-dakota_w.html,https://www.sports-reference.com/cbb/boxscores/2025-12-06-14-south-dakota_w.html
12/6/25,women,north-dakota-state,weber-state,/cbb/boxscores/2025-12-06-14-weber-state_w.html,https://www.sports-reference.com/cbb/boxscores/2025-12-06-14-weber-state_w.html
12/6/25,women,jacksonville-state,mercer,/cbb/boxscores/2025-12-06-15-jacksonville-state_w.html,https://www.sports-reference.com/cbb/boxscores/2025-12-06-15-jacksonville-state_w.html
12/6/25,women,portland-state,missouri-kansas-city,/cbb/boxscores/2025-12-06-15-missouri-kansas-city_w.html,https://www.sports-reference.com/cbb/boxscores/2025-12-06-15-missouri-kansas-city_w.html
12/6/25,women,northern-colorado,nebraska-omaha,/cbb/boxscores/2025-12-06-15-nebraska-omaha_w.html,https://www.sports-reference.com/cbb/boxscores/2025-12-06-15-nebraska-omaha_w.html
12/6/25,women,north-texas,texas-southern,/cbb/boxscores/2025-12-06-15-north-texas_w.html,https://www.sports-reference.com/cbb/boxscores/2025-12-06-15-north-texas_w.html
12/6/25,women,oral-roberts,idaho-state,/cbb/boxscores/2025-12-06-15-oral-roberts_w.html,https://www.sports-reference.com/cbb/boxscores/2025-12-06-15-oral-roberts_w.html
12/6/25,women,rice,nevada-las-vegas,/cbb/boxscores/2025-12-06-15-rice_w.html,https://www.sports-reference.com/cbb/boxscores/2025-12-06-15-rice_w.html
12/6/25,women,southern-illinois,southeast-missouri-state,/cbb/boxscores/2025-12-06-15-southern-illinois_w.html,https://www.sports-reference.com/cbb/boxscores/2025-12-06-15-southern-illinois_w.html
12/6/25,women,stephen-f-austin,texas-state,/cbb/boxscores/2025-12-06-15-stephen-f-austin_w.html,https://www.sports-reference.com/cbb/boxscores/2025-12-06-15-stephen-f-austin_w.html
12/6/25,women,abilene-christian,texas-am-commerce,/cbb/boxscores/2025-12-06-15-texas-am-commerce_w.html,https://www.sports-reference.com/cbb/boxscores/2025-12-06-15-texas-am-commerce_w.html
12/6/25,women,cal-state-fullerton,hawaii,/cbb/boxscores/2025-12-06-16-cal-state-fullerton_w.html,https://www.sports-reference.com/cbb/boxscores/2025-12-06-16-cal-state-fullerton_w.html
12/6/25,women,new-mexico-state,dixie-state,/cbb/boxscores/2025-12-06-16-dixie-state_w.html,https://www.sports-reference.com/cbb/boxscores/2025-12-06-16-dixie-state_w.html
12/6/25,women,southern-indiana,east-tennessee-state,/cbb/boxscores/2025-12-06-16-east-tennessee-state_w.html,https://www.sports-reference.com/cbb/boxscores/2025-12-06-16-east-tennessee-state_w.html
12/6/25,women,st-thomas-mn,montana,/cbb/boxscores/2025-12-06-16-montana_w.html,https://www.sports-reference.com/cbb/boxscores/2025-12-06-16-montana_w.html
12/6/25,women,south-dakota-state,northern-arizona,/cbb/boxscores/2025-12-06-16-northern-arizona_w.html,https://www.sports-reference.com/cbb/boxscores/2025-12-06-16-northern-arizona_w.html
12/6/25,women,santa-clara,,/cbb/boxscores/2025-12-06-16-santa-clara_w.html,https://www.sports-reference.com/cbb/boxscores/2025-12-06-16-santa-clara_w.html
12/6/25,women,north-carolina-greensboro,south-carolina-upstate,/cbb/boxscores/2025-12-06-16-south-carolina-upstate_w.html,https://www.sports-reference.com/cbb/boxscores/2025-12-06-16-south-carolina-upstate_w.html
12/6/25,women,air-force,utah-valley,/cbb/boxscores/2025-12-06-16-utah-valley_w.html,https://www.sports-reference.com/cbb/boxscores/2025-12-06-16-utah-valley_w.html
12/6/25,women,boise-state,california-baptist,/cbb/boxscores/2025-12-06-17-boise-state_w.html,https://www.sports-reference.com/cbb/boxscores/2025-12-06-17-boise-state_w.html
12/6/25,women,california-santa-barbara,cal-state-bakersfield,/cbb/boxscores/2025-12-06-17-cal-state-bakersfield_w.html,https://www.sports-reference.com/cbb/boxscores/2025-12-06-17-cal-state-bakersfield_w.html
12/6/25,women,california-irvine,cal-state-northridge,/cbb/boxscores/2025-12-06-17-cal-state-northridge_w.html,https://www.sports-reference.com/cbb/boxscores/2025-12-06-17-cal-state-northridge_w.html
12/6/25,women,arkansas-little-rock,central-arkansas,/cbb/boxscores/2025-12-06-19-arkansas-little-rock_w.html,https://www.sports-reference.com/cbb/boxscores/2025-12-06-19-arkansas-little-rock_w.html
12/6/25,women,california-riverside,cal-poly,/cbb/boxscores/2025-12-06-19-california-riverside_w.html,https://www.sports-reference.com/cbb/boxscores/2025-12-06-19-california-riverside_w.html
12/6/25,women,brigham-young,portland,/cbb/boxscores/2025-12-06-19-portland_w.html,https://www.sports-reference.com/cbb/boxscores/2025-12-06-19-portland_w.html
12/6/25,women,arkansas-state,tennessee-martin,/cbb/boxscores/2025-12-06-20-arkansas-state_w.html,https://www.sports-reference.com/cbb/boxscores/2025-12-06-20-arkansas-state_w.html
12/6/25,women,pepperdine,fresno-state,/cbb/boxscores/2025-12-06-20-fresno-state_w.html,https://www.sports-reference.com/cbb/boxscores/2025-12-06-20-fresno-state_w.html
12/6/25,women,california-san-diego,long-beach-state,/cbb/boxscores/2025-12-06-21-california-san-diego_w.html,https://www.sports-reference.com/cbb/boxscores/2025-12-06-21-california-san-diego_w.html
12/6/25,women,montana-state,north-dakota,/cbb/boxscores/2025-12-06-21-montana-state_w.html,https://www.sports-reference.com/cbb/boxscores/2025-12-06-21-montana-state_w.html
12/7/25,women,connecticut,depaul,/cbb/boxscores/2025-12-07-13-connecticut_w.html,https://www.sports-reference.com/cbb/boxscores/2025-12-07-13-connecticut_w.html
12/7/25,women,texas,prairie-view,/cbb/boxscores/2025-12-07-15-texas_w.html,https://www.sports-reference.com/cbb/boxscores/2025-12-07-15-texas_w.html
12/7/25,women,south-carolina,north-carolina-central,/cbb/boxscores/2025-12-07-12-south-carolina_w.html,https://www.sports-reference.com/cbb/boxscores/2025-12-07-12-south-carolina_w.html
12/7/25,women,ucla,oregon,/cbb/boxscores/2025-12-07-15-ucla_w.html,https://www.sports-reference.com/cbb/boxscores/2025-12-07-15-ucla_w.html
12/7/25,women,louisiana-state,new-orleans,/cbb/boxscores/2025-12-07-16-new-orleans_w.html,https://www.sports-reference.com/cbb/boxscores/2025-12-07-16-new-orleans_w.html
12/7/25,women,michigan,purdue,/cbb/boxscores/2025-12-07-00-michigan_w.html,https://www.sports-reference.com/cbb/boxscores/2025-12-07-00-michigan_w.html
12/7/25,women,maryland,minnesota,/cbb/boxscores/2025-12-07-16-minnesota_w.html,https://www.sports-reference.com/cbb/boxscores/2025-12-07-16-minnesota_w.html
12/7/25,women,oklahoma,maryland-eastern-shore,/cbb/boxscores/2025-12-07-01-oklahoma_w.html,https://www.sports-reference.com/cbb/boxscores/2025-12-07-01-oklahoma_w.html
12/7/25,women,iowa-state,northern-illinois,/cbb/boxscores/2025-12-07-14-iowa-state_w.html,https://www.sports-reference.com/cbb/boxscores/2025-12-07-14-iowa-state_w.html
12/7/25,women,north-carolina,boston-university,/cbb/boxscores/2025-12-07-00-north-carolina_w.html,https://www.sports-reference.com/cbb/boxscores/2025-12-07-00-north-carolina_w.html
12/7/25,women,kansas-state,mississippi,/cbb/boxscores/2025-12-07-15-kansas-state_w.html,https://www.sports-reference.com/cbb/boxscores/2025-12-07-15-kansas-state_w.html
12/7/25,women,baylor,texas-san-antonio,/cbb/boxscores/2025-12-07-15-baylor_w.html,https://www.sports-reference.com/cbb/boxscores/2025-12-07-15-baylor_w.html
12/7/25,women,southern-california,washington,/cbb/boxscores/2025-12-07-03-southern-california_w.html,https://www.sports-reference.com/cbb/boxscores/2025-12-07-03-southern-california_w.html
12/7/25,women,kentucky,central-michigan,/cbb/boxscores/2025-12-07-12-kentucky_w.html,https://www.sports-reference.com/cbb/boxscores/2025-12-07-12-kentucky_w.html
12/7/25,women,notre-dame,florida-state,/cbb/boxscores/2025-12-07-00-florida-state_w.html,https://www.sports-reference.com/cbb/boxscores/2025-12-07-00-florida-state_w.html
12/7/25,women,wisconsin,michigan-state,/cbb/boxscores/2025-12-07-18-wisconsin_w.html,https://www.sports-reference.com/cbb/boxscores/2025-12-07-18-wisconsin_w.html
12/7/25,women,louisville,new-hampshire,/cbb/boxscores/2025-12-07-12-louisville_w.html,https://www.sports-reference.com/cbb/boxscores/2025-12-07-12-louisville_w.html
12/7/25,women,ohio-state,northwestern,/cbb/boxscores/2025-12-07-14-northwestern_w.html,https://www.sports-reference.com/cbb/boxscores/2025-12-07-14-northwestern_w.html
12/7/25,women,virginia,boston-college,/cbb/boxscores/2025-12-07-00-boston-college_w.html,https://www.sports-reference.com/cbb/boxscores/2025-12-07-00-boston-college_w.html
12/7/25,women,bowling-green-state,,/cbb/boxscores/2025-12-07-00-bowling-green-state_w.html,https://www.sports-reference.com/cbb/boxscores/2025-12-07-00-bowling-green-state_w.html
12/7/25,women,florida,south-alabama,/cbb/boxscores/2025-12-07-00-florida_w.html,https://www.sports-reference.com/cbb/boxscores/2025-12-07-00-florida_w.html
12/7/25,women,liberty,george-mason,/cbb/boxscores/2025-12-07-00-george-mason_w.html,https://www.sports-reference.com/cbb/boxscores/2025-12-07-00-george-mason_w.html
12/7/25,women,miami-fl,georgia-state,/cbb/boxscores/2025-12-07-00-miami-fl_w.html,https://www.sports-reference.com/cbb/boxscores/2025-12-07-00-miami-fl_w.html
12/7/25,women,miami-oh,western-kentucky,/cbb/boxscores/2025-12-07-00-miami-oh_w.html,https://www.sports-reference.com/cbb/boxscores/2025-12-07-00-miami-oh_w.html
12/7/25,women,robert-morris,northern-kentucky,/cbb/boxscores/2025-12-07-00-northern-kentucky_w.html,https://www.sports-reference.com/cbb/boxscores/2025-12-07-00-northern-kentucky_w.html
12/7/25,women,georgetown,wake-forest,/cbb/boxscores/2025-12-07-00-wake-forest_w.html,https://www.sports-reference.com/cbb/boxscores/2025-12-07-00-wake-forest_w.html
12/7/25,women,winthrop,north-carolina-wilmington,/cbb/boxscores/2025-12-07-00-winthrop_w.html,https://www.sports-reference.com/cbb/boxscores/2025-12-07-00-winthrop_w.html
12/7/25,women,alabama-am,,/cbb/boxscores/2025-12-07-01-alabama-am_w.html,https://www.sports-reference.com/cbb/boxscores/2025-12-07-01-alabama-am_w.html
12/7/25,women,arkansas,jackson-state,/cbb/boxscores/2025-12-07-01-arkansas_w.html,https://www.sports-reference.com/cbb/boxscores/2025-12-07-01-arkansas_w.html
12/7/25,women,illinois-state,eastern-illinois,/cbb/boxscores/2025-12-07-01-illinois-state_w.html,https://www.sports-reference.com/cbb/boxscores/2025-12-07-01-illinois-state_w.html
12/7/25,women,mississippi-state,charlotte,/cbb/boxscores/2025-12-07-01-mississippi-state_w.html,https://www.sports-reference.com/cbb/boxscores/2025-12-07-01-mississippi-state_w.html
12/7/25,women,kansas,missouri-state,/cbb/boxscores/2025-12-07-01-missouri-state_w.html,https://www.sports-reference.com/cbb/boxscores/2025-12-07-01-missouri-state_w.html
12/7/25,women,missouri,southern-illinois-edwardsville,/cbb/boxscores/2025-12-07-01-missouri_w.html,https://www.sports-reference.com/cbb/boxscores/2025-12-07-01-missouri_w.html
12/7/25,women,njit,manhattan,/cbb/boxscores/2025-12-07-01-njit_w.html,https://www.sports-reference.com/cbb/boxscores/2025-12-07-01-njit_w.html
12/7/25,women,saint-louis,evansville,/cbb/boxscores/2025-12-07-01-saint-louis_w.html,https://www.sports-reference.com/cbb/boxscores/2025-12-07-01-saint-louis_w.html
12/7/25,women,north-alabama,samford,/cbb/boxscores/2025-12-07-01-samford_w.html,https://www.sports-reference.com/cbb/boxscores/2025-12-07-01-samford_w.html
12/7/25,women,syracuse,southern-methodist,/cbb/boxscores/2025-12-07-01-southern-methodist_w.html,https://www.sports-reference.com/cbb/boxscores/2025-12-07-01-southern-methodist_w.html
12/7/25,women,colorado,wyoming,/cbb/boxscores/2025-12-07-02-colorado_w.html,https://www.sports-reference.com/cbb/boxscores/2025-12-07-02-colorado_w.html
12/7/25,women,green-bay,youngstown-state,/cbb/boxscores/2025-12-07-11-green-bay_w.html,https://www.sports-reference.com/cbb/boxscores/2025-12-07-11-green-bay_w.html
12/7/25,women,pennsylvania,la-salle,/cbb/boxscores/2025-12-07-12-la-salle_w.html,https://www.sports-reference.com/cbb/boxscores/2025-12-07-12-la-salle_w.html
12/7/25,women,vermont,central-connecticut-state,/cbb/boxscores/2025-12-07-13-central-connecticut-state_w.html,https://www.sports-reference.com/cbb/boxscores/2025-12-07-13-central-connecticut-state_w.html
12/7/25,women,dayton,long-island-university,/cbb/boxscores/2025-12-07-13-dayton_w.html,https://www.sports-reference.com/cbb/boxscores/2025-12-07-13-dayton_w.html
12/7/25,women,detroit-mercy,iupui,/cbb/boxscores/2025-12-07-13-detroit-mercy_w.html,https://www.sports-reference.com/cbb/boxscores/2025-12-07-13-detroit-mercy_w.html
12/7/25,women,longwood,,/cbb/boxscores/2025-12-07-13-longwood_w.html,https://www.sports-reference.com/cbb/boxscores/2025-12-07-13-longwood_w.html
12/7/25,women,rhode-island,maine,/cbb/boxscores/2025-12-07-13-maine_w.html,https://www.sports-reference.com/cbb/boxscores/2025-12-07-13-maine_w.html
12/7/25,women,william-mary,american,/cbb/boxscores/2025-12-07-14-american_w.html,https://www.sports-reference.com/cbb/boxscores/2025-12-07-14-american_w.html
12/7/25,women,holy-cross,bryant,/cbb/boxscores/2025-12-07-14-bryant_w.html,https://www.sports-reference.com/cbb/boxscores/2025-12-07-14-bryant_w.html
12/7/25,women,central-florida,delaware-state,/cbb/boxscores/2025-12-07-14-central-florida_w.html,https://www.sports-reference.com/cbb/boxscores/2025-12-07-14-central-florida_w.html
12/7/25,women,chattanooga,bellarmine,/cbb/boxscores/2025-12-07-14-chattanooga_w.html,https://www.sports-reference.com/cbb/boxscores/2025-12-07-14-chattanooga_w.html
12/7/25,women,xavier,cincinnati,/cbb/boxscores/2025-12-07-14-cincinnati_w.html,https://www.sports-reference.com/cbb/boxscores/2025-12-07-14-cincinnati_w.html
12/7/25,women,clemson,appalachian-state,/cbb/boxscores/2025-12-07-14-clemson_w.html,https://www.sports-reference.com/cbb/boxscores/2025-12-07-14-clemson_w.html
12/7/25,women,creighton,tulsa,/cbb/boxscores/2025-12-07-14-creighton_w.html,https://www.sports-reference.com/cbb/boxscores/2025-12-07-14-creighton_w.html
12/7/25,women,dartmouth,bucknell,/cbb/boxscores/2025-12-07-14-dartmouth_w.html,https://www.sports-reference.com/cbb/boxscores/2025-12-07-14-dartmouth_w.html
12/7/25,women,drexel,temple,/cbb/boxscores/2025-12-07-14-drexel_w.html,https://www.sports-reference.com/cbb/boxscores/2025-12-07-14-drexel_w.html
12/7/25,women,east-carolina,elon,/cbb/boxscores/2025-12-07-14-east-carolina_w.html,https://www.sports-reference.com/cbb/boxscores/2025-12-07-14-east-carolina_w.html
12/7/25,women,ipfw,wright-state,/cbb/boxscores/2025-12-07-14-ipfw_w.html,https://www.sports-reference.com/cbb/boxscores/2025-12-07-14-ipfw_w.html
12/7/25,women,james-madison,virginia-commonwealth,/cbb/boxscores/2025-12-07-14-james-madison_w.html,https://www.sports-reference.com/cbb/boxscores/2025-12-07-14-james-madison_w.html
12/7/25,women,marist,lafayette,/cbb/boxscores/2025-12-07-14-lafayette_w.html,https://www.sports-reference.com/cbb/boxscores/2025-12-07-14-lafayette_w.html
12/7/25,women,lipscomb,tennessee-state,/cbb/boxscores/2025-12-07-14-lipscomb_w.html,https://www.sports-reference.com/cbb/boxscores/2025-12-07-14-lipscomb_w.html
12/7/25,women,western-michigan,loyola-il,/cbb/boxscores/2025-12-07-14-loyola-il_w.html,https://www.sports-reference.com/cbb/boxscores/2025-12-07-14-loyola-il_w.html
12/7/25,women,middle-tennessee,memphis,/cbb/boxscores/2025-12-07-14-middle-tennessee_w.html,https://www.sports-reference.com/cbb/boxscores/2025-12-07-14-middle-tennessee_w.html
12/7/25,women,mount-st-marys,lehigh,/cbb/boxscores/2025-12-07-14-mount-st-marys_w.html,https://www.sports-reference.com/cbb/boxscores/2025-12-07-14-mount-st-marys_w.html
12/7/25,women,iona,navy,/cbb/boxscores/2025-12-07-14-navy_w.html,https://www.sports-reference.com/cbb/boxscores/2025-12-07-14-navy_w.html
12/7/25,women,north-carolina-state,seton-hall,/cbb/boxscores/2025-12-07-14-north-carolina-state_w.html,https://www.sports-reference.com/cbb/boxscores/2025-12-07-14-north-carolina-state_w.html
12/7/25,women,old-dominion,howard,/cbb/boxscores/2025-12-07-14-old-dominion_w.html,https://www.sports-reference.com/cbb/boxscores/2025-12-07-14-old-dominion_w.html
12/7/25,women,fairfield,richmond,/cbb/boxscores/2025-12-07-14-richmond_w.html,https://www.sports-reference.com/cbb/boxscores/2025-12-07-14-richmond_w.html
12/7/25,women,northwestern-state,southeastern-louisiana,/cbb/boxscores/2025-12-07-14-southeastern-louisiana_w.html,https://www.sports-reference.com/cbb/boxscores/2025-12-07-14-southeastern-louisiana_w.html
12/7/25,women,st-johns-ny,providence,/cbb/boxscores/2025-12-07-14-st-johns-ny_w.html,https://www.sports-reference.com/cbb/boxscores/2025-12-07-14-st-johns-ny_w.html
12/7/25,women,duke,virginia-tech,/cbb/boxscores/2025-12-07-14-virginia-tech_w.html,https://www.sports-reference.com/cbb/boxscores/2025-12-07-14-virginia-tech_w.html
12/7/25,women,queens-nc,western-carolina,/cbb/boxscores/2025-12-07-14-western-carolina_w.html,https://www.sports-reference.com/cbb/boxscores/2025-12-07-14-western-carolina_w.html
12/7/25,women,bradley,chicago-state,/cbb/boxscores/2025-12-07-15-bradley_w.html,https://www.sports-reference.com/cbb/boxscores/2025-12-07-15-bradley_w.html
12/7/25,women,colorado-state,southern-utah,/cbb/boxscores/2025-12-07-15-colorado-state_w.html,https://www.sports-reference.com/cbb/boxscores/2025-12-07-15-colorado-state_w.html
12/7/25,women,western-illinois,drake,/cbb/boxscores/2025-12-07-15-drake_w.html,https://www.sports-reference.com/cbb/boxscores/2025-12-07-15-drake_w.html
12/7/25,women,southern,houston,/cbb/boxscores/2025-12-07-15-houston_w.html,https://www.sports-reference.com/cbb/boxscores/2025-12-07-15-houston_w.html
12/7/25,women,southern-mississippi,alabama-birmingham,/cbb/boxscores/2025-12-07-15-southern-mississippi_w.html,https://www.sports-reference.com/cbb/boxscores/2025-12-07-15-southern-mississippi_w.html
12/7/25,women,tarleton-state,,/cbb/boxscores/2025-12-07-15-tarleton-state_w.html,https://www.sports-reference.com/cbb/boxscores/2025-12-07-15-tarleton-state_w.html
12/7/25,women,new-mexico,arizona,/cbb/boxscores/2025-12-07-16-arizona_w.html,https://www.sports-reference.com/cbb/boxscores/2025-12-07-16-arizona_w.html
12/7/25,women,davidson,ball-state,/cbb/boxscores/2025-12-07-16-davidson_w.html,https://www.sports-reference.com/cbb/boxscores/2025-12-07-16-davidson_w.html
12/7/25,women,saint-marys-ca,grand-canyon,/cbb/boxscores/2025-12-07-16-grand-canyon_w.html,https://www.sports-reference.com/cbb/boxscores/2025-12-07-16-grand-canyon_w.html
12/7/25,women,marquette,butler,/cbb/boxscores/2025-12-07-16-marquette_w.html,https://www.sports-reference.com/cbb/boxscores/2025-12-07-16-marquette_w.html
12/7/25,women,san-diego-state,pacific,/cbb/boxscores/2025-12-07-16-san-diego-state_w.html,https://www.sports-reference.com/cbb/boxscores/2025-12-07-16-san-diego-state_w.html
12/7/25,women,south-carolina-state,west-georgia,/cbb/boxscores/2025-12-07-16-south-carolina-state_w.html,https://www.sports-reference.com/cbb/boxscores/2025-12-07-16-south-carolina-state_w.html
12/7/25,women,illinois-chicago,valparaiso,/cbb/boxscores/2025-12-07-16-valparaiso_w.html,https://www.sports-reference.com/cbb/boxscores/2025-12-07-16-valparaiso_w.html
12/7/25,women,villanova,saint-josephs,/cbb/boxscores/2025-12-07-16-villanova_w.html,https://www.sports-reference.com/cbb/boxscores/2025-12-07-16-villanova_w.html
12/7/25,women,alabama,louisiana-monroe,/cbb/boxscores/2025-12-07-17-alabama_w.html,https://www.sports-reference.com/cbb/boxscores/2025-12-07-17-alabama_w.html
12/7/25,women,california,san-jose-state,/cbb/boxscores/2025-12-07-17-california_w.html,https://www.sports-reference.com/cbb/boxscores/2025-12-07-17-california_w.html
12/7/25,women,morehead-state,louisiana-lafayette,/cbb/boxscores/2025-12-07-17-louisiana-lafayette_w.html,https://www.sports-reference.com/cbb/boxscores/2025-12-07-17-louisiana-lafayette_w.html
12/7/25,women,san-diego,utah-state,/cbb/boxscores/2025-12-07-17-san-diego_w.html,https://www.sports-reference.com/cbb/boxscores/2025-12-07-17-san-diego_w.html
12/7/25,women,georgia-southern,furman,/cbb/boxscores/2025-12-07-18-georgia-southern_w.html,https://www.sports-reference.com/cbb/boxscores/2025-12-07-18-georgia-southern_w.html
12/7/25,women,monmouth,saint-peters,/cbb/boxscores/2025-12-07-19-saint-peters_w.html,https://www.sports-reference.com/cbb/boxscores/2025-12-07-19-saint-peters_w.html
12/7/25,women,oregon-state,,/cbb/boxscores/2025-12-07-22-oregon-state_w.html,https://www.sports-reference.com/cbb/boxscores/2025-12-07-22-oregon-state_w.html
12/8/25,women,georgia-tech,norfolk-state,/cbb/boxscores/2025-12-08-00-georgia-tech_w.html,https://www.sports-reference.com/cbb/boxscores/2025-12-08-00-georgia-tech_w.html
12/8/25,women,yale,new-haven,/cbb/boxscores/2025-12-08-17-new-haven_w.html,https://www.sports-reference.com/cbb/boxscores/2025-12-08-17-new-haven_w.html
12/8/25,women,albany-ny,colgate,/cbb/boxscores/2025-12-08-18-colgate_w.html,https://www.sports-reference.com/cbb/boxscores/2025-12-08-18-colgate_w.html
12/8/25,women,west-virginia,texas-southern,/cbb/boxscores/2025-12-08-19-west-virginia_w.html,https://www.sports-reference.com/cbb/boxscores/2025-12-08-19-west-virginia_w.html
12/9/25,women,baylor,alabama-state,/cbb/boxscores/2025-12-09-12-baylor_w.html,https://www.sports-reference.com/cbb/boxscores/2025-12-09-12-baylor_w.html
12/9/25,women,nebraska,nebraska-omaha,/cbb/boxscores/2025-12-09-20-nebraska_w.html,https://www.sports-reference.com/cbb/boxscores/2025-12-09-20-nebraska_w.html
12/9/25,women,army,cornell,/cbb/boxscores/2025-12-09-00-cornell_w.html,https://www.sports-reference.com/cbb/boxscores/2025-12-09-00-cornell_w.html
12/9/25,women,eastern-michigan,duquesne,/cbb/boxscores/2025-12-09-12-eastern-michigan_w.html,https://www.sports-reference.com/cbb/boxscores/2025-12-09-12-eastern-michigan_w.html
12/9/25,women,weber-state,,/cbb/boxscores/2025-12-09-13-weber-state_w.html,https://www.sports-reference.com/cbb/boxscores/2025-12-09-13-weber-state_w.html
12/9/25,women,denver,,/cbb/boxscores/2025-12-09-17-denver_w.html,https://www.sports-reference.com/cbb/boxscores/2025-12-09-17-denver_w.html
12/9/25,women,bryant,boston-college,/cbb/boxscores/2025-12-09-18-boston-college_w.html,https://www.sports-reference.com/cbb/boxscores/2025-12-09-18-boston-college_w.html
12/9/25,women,hofstra,,/cbb/boxscores/2025-12-09-18-hofstra_w.html,https://www.sports-reference.com/cbb/boxscores/2025-12-09-18-hofstra_w.html
12/9/25,women,columbia,seton-hall,/cbb/boxscores/2025-12-09-18-seton-hall_w.html,https://www.sports-reference.com/cbb/boxscores/2025-12-09-18-seton-hall_w.html
12/9/25,women,xavier,long-island-university,/cbb/boxscores/2025-12-09-18-xavier_w.html,https://www.sports-reference.com/cbb/boxscores/2025-12-09-18-xavier_w.html
12/9/25,women,jacksonville-state,,/cbb/boxscores/2025-12-09-19-jacksonville-state_w.html,https://www.sports-reference.com/cbb/boxscores/2025-12-09-19-jacksonville-state_w.html
12/9/25,women,louisiana-tech,grambling,/cbb/boxscores/2025-12-09-19-louisiana-tech_w.html,https://www.sports-reference.com/cbb/boxscores/2025-12-09-19-louisiana-tech_w.html
12/9/25,women,brown,merrimack,/cbb/boxscores/2025-12-09-19-merrimack_w.html,https://www.sports-reference.com/cbb/boxscores/2025-12-09-19-merrimack_w.html
12/9/25,women,arizona-state,penn-state,/cbb/boxscores/2025-12-09-19-penn-state_w.html,https://www.sports-reference.com/cbb/boxscores/2025-12-09-19-penn-state_w.html
12/9/25,women,arkansas-state,,/cbb/boxscores/2025-12-09-20-arkansas-state_w.html,https://www.sports-reference.com/cbb/boxscores/2025-12-09-20-arkansas-state_w.html
12/9/25,women,loyola-md,maryland-baltimore-county,/cbb/boxscores/2025-12-09-20-maryland-baltimore-county_w.html,https://www.sports-reference.com/cbb/boxscores/2025-12-09-20-maryland-baltimore-county_w.html
12/9/25,women,western-illinois,,/cbb/boxscores/2025-12-09-20-western-illinois_w.html,https://www.sports-reference.com/cbb/boxscores/2025-12-09-20-western-illinois_w.html
12/10/25,women,texas,texas-pan-american,/cbb/boxscores/2025-12-10-19-texas-pan-american_w.html,https://www.sports-reference.com/cbb/boxscores/2025-12-10-19-texas-pan-american_w.html
12/10/25,women,maryland,delaware-state,/cbb/boxscores/2025-12-10-00-maryland_w.html,https://www.sports-reference.com/cbb/boxscores/2025-12-10-00-maryland_w.html
12/10/25,women,iowa-state,iowa,/cbb/boxscores/2025-12-10-19-iowa-state_w.html,https://www.sports-reference.com/cbb/boxscores/2025-12-10-19-iowa-state_w.html
12/10/25,women,louisville,ball-state,/cbb/boxscores/2025-12-10-21-louisville_w.html,https://www.sports-reference.com/cbb/boxscores/2025-12-10-21-louisville_w.html
12/10/25,women,george-washington,delaware,/cbb/boxscores/2025-12-10-00-delaware_w.html,https://www.sports-reference.com/cbb/boxscores/2025-12-10-00-delaware_w.html
12/10/25,women,st-johns-ny,stony-brook,/cbb/boxscores/2025-12-10-00-stony-brook_w.html,https://www.sports-reference.com/cbb/boxscores/2025-12-10-00-stony-brook_w.html
12/10/25,women,syracuse,colgate,/cbb/boxscores/2025-12-10-00-syracuse_w.html,https://www.sports-reference.com/cbb/boxscores/2025-12-10-00-syracuse_w.html
12/10/25,women,illinois,missouri,/cbb/boxscores/2025-12-10-01-missouri_w.html,https://www.sports-reference.com/cbb/boxscores/2025-12-10-01-missouri_w.html
12/10/25,women,southern-methodist,coppin-state,/cbb/boxscores/2025-12-10-01-southern-methodist_w.html,https://www.sports-reference.com/cbb/boxscores/2025-12-10-01-southern-methodist_w.html
12/10/25,women,arizona,eastern-kentucky,/cbb/boxscores/2025-12-10-02-arizona_w.html,https://www.sports-reference.com/cbb/boxscores/2025-12-10-02-arizona_w.html
12/10/25,women,california,idaho,/cbb/boxscores/2025-12-10-03-california_w.html,https://www.sports-reference.com/cbb/boxscores/2025-12-10-03-california_w.html
12/10/25,women,saint-marys-ca,fresno-state,/cbb/boxscores/2025-12-10-03-saint-marys-ca_w.html,https://www.sports-reference.com/cbb/boxscores/2025-12-10-03-saint-marys-ca_w.html
12/10/25,women,bradley,south-dakota,/cbb/boxscores/2025-12-10-12-bradley_w.html,https://www.sports-reference.com/cbb/boxscores/2025-12-10-12-bradley_w.html
12/10/25,women,san-diego-state,kansas-state,/cbb/boxscores/2025-12-10-12-kansas-state_w.html,https://www.sports-reference.com/cbb/boxscores/2025-12-10-12-kansas-state_w.html
12/10/25,women,wisconsin,san-diego,/cbb/boxscores/2025-12-10-12-wisconsin_w.html,https://www.sports-reference.com/cbb/boxscores/2025-12-10-12-wisconsin_w.html
12/10/25,women,troy,,/cbb/boxscores/2025-12-10-13-troy_w.html,https://www.sports-reference.com/cbb/boxscores/2025-12-10-13-troy_w.html
12/10/25,women,ipfw,milwaukee,/cbb/boxscores/2025-12-10-17-ipfw_w.html,https://www.sports-reference.com/cbb/boxscores/2025-12-10-17-ipfw_w.html
12/10/25,women,coastal-carolina,north-carolina-greensboro,/cbb/boxscores/2025-12-10-18-coastal-carolina_w.html,https://www.sports-reference.com/cbb/boxscores/2025-12-10-18-coastal-carolina_w.html
12/10/25,women,green-bay,iupui,/cbb/boxscores/2025-12-10-18-iupui_w.html,https://www.sports-reference.com/cbb/boxscores/2025-12-10-18-iupui_w.html
12/10/25,women,fairleigh-dickinson,saint-peters,/cbb/boxscores/2025-12-10-18-saint-peters_w.html,https://www.sports-reference.com/cbb/boxscores/2025-12-10-18-saint-peters_w.html
12/10/25,women,texas-state,,/cbb/boxscores/2025-12-10-18-texas-state_w.html,https://www.sports-reference.com/cbb/boxscores/2025-12-10-18-texas-state_w.html
12/10/25,women,virginia-tech,presbyterian,/cbb/boxscores/2025-12-10-18-virginia-tech_w.html,https://www.sports-reference.com/cbb/boxscores/2025-12-10-18-virginia-tech_w.html
12/10/25,women,south-dakota-state,northern-iowa,/cbb/boxscores/2025-12-10-19-northern-iowa_w.html,https://www.sports-reference.com/cbb/boxscores/2025-12-10-19-northern-iowa_w.html
12/10/25,women,princeton,rutgers,/cbb/boxscores/2025-12-10-19-princeton_w.html,https://www.sports-reference.com/cbb/boxscores/2025-12-10-19-princeton_w.html
12/10/25,women,rhode-island,providence,/cbb/boxscores/2025-12-10-19-providence_w.html,https://www.sports-reference.com/cbb/boxscores/2025-12-10-19-providence_w.html
12/10/25,women,virginia,howard,/cbb/boxscores/2025-12-10-19-virginia_w.html,https://www.sports-reference.com/cbb/boxscores/2025-12-10-19-virginia_w.html
12/10/25,women,minnesota,alabama-am,/cbb/boxscores/2025-12-10-20-minnesota_w.html,https://www.sports-reference.com/cbb/boxscores/2025-12-10-20-minnesota_w.html
12/10/25,women,st-thomas-mn,,/cbb/boxscores/2025-12-10-20-st-thomas-mn_w.html,https://www.sports-reference.com/cbb/boxscores/2025-12-10-20-st-thomas-mn_w.html
12/10/25,women,utah,boise-state,/cbb/boxscores/2025-12-10-21-utah_w.html,https://www.sports-reference.com/cbb/boxscores/2025-12-10-21-utah_w.html
12/10/25,women,eastern-washington,washington-state,/cbb/boxscores/2025-12-10-21-washington-state_w.html,https://www.sports-reference.com/cbb/boxscores/2025-12-10-21-washington-state_w.html
12/11/25,women,oklahoma,arkansas-little-rock,/cbb/boxscores/2025-12-11-01-oklahoma_w.html,https://www.sports-reference.com/cbb/boxscores/2025-12-11-01-oklahoma_w.html
12/11/25,women,notre-dame,morehead-state,/cbb/boxscores/2025-12-11-19-notre-dame_w.html,https://www.sports-reference.com/cbb/boxscores/2025-12-11-19-notre-dame_w.html
12/11/25,women,ohio-state,northern-kentucky,/cbb/boxscores/2025-12-11-18-ohio-state_w.html,https://www.sports-reference.com/cbb/boxscores/2025-12-11-18-ohio-state_w.html
12/11/25,women,indiana,louisiana-monroe,/cbb/boxscores/2025-12-11-00-indiana_w.html,https://www.sports-reference.com/cbb/boxscores/2025-12-11-00-indiana_w.html
12/11/25,women,marshall,,/cbb/boxscores/2025-12-11-00-marshall_w.html,https://www.sports-reference.com/cbb/boxscores/2025-12-11-00-marshall_w.html
12/11/25,women,purdue,lipscomb,/cbb/boxscores/2025-12-11-00-purdue_w.html,https://www.sports-reference.com/cbb/boxscores/2025-12-11-00-purdue_w.html
12/11/25,women,campbell,,/cbb/boxscores/2025-12-11-11-campbell_w.html,https://www.sports-reference.com/cbb/boxscores/2025-12-11-11-campbell_w.html
12/11/25,women,norfolk-state,,/cbb/boxscores/2025-12-11-11-norfolk-state_w.html,https://www.sports-reference.com/cbb/boxscores/2025-12-11-11-norfolk-state_w.html
12/11/25,women,incarnate-word,,/cbb/boxscores/2025-12-11-14-incarnate-word_w.html,https://www.sports-reference.com/cbb/boxscores/2025-12-11-14-incarnate-word_w.html
12/11/25,women,dartmouth,njit,/cbb/boxscores/2025-12-11-18-njit_w.html,https://www.sports-reference.com/cbb/boxscores/2025-12-11-18-njit_w.html
12/11/25,women,butler,indiana-state,/cbb/boxscores/2025-12-11-19-butler_w.html,https://www.sports-reference.com/cbb/boxscores/2025-12-11-19-butler_w.html
12/11/25,women,depaul,massachusetts-lowell,/cbb/boxscores/2025-12-11-19-depaul_w.html,https://www.sports-reference.com/cbb/boxscores/2025-12-11-19-depaul_w.html
12/11/25,women,east-tennessee-state,north-carolina-asheville,/cbb/boxscores/2025-12-11-19-east-tennessee-state_w.html,https://www.sports-reference.com/cbb/boxscores/2025-12-11-19-east-tennessee-state_w.html
12/11/25,women,north-dakota-state,eastern-illinois,/cbb/boxscores/2025-12-11-19-eastern-illinois_w.html,https://www.sports-reference.com/cbb/boxscores/2025-12-11-19-eastern-illinois_w.html
12/11/25,women,chattanooga,tennessee-state,/cbb/boxscores/2025-12-11-19-tennessee-state_w.html,https://www.sports-reference.com/cbb/boxscores/2025-12-11-19-tennessee-state_w.html
12/11/25,women,west-virginia,georgia-tech,/cbb/boxscores/2025-12-11-19-west-virginia_w.html,https://www.sports-reference.com/cbb/boxscores/2025-12-11-19-west-virginia_w.html
12/11/25,women,brigham-young,idaho-state,/cbb/boxscores/2025-12-11-21-brigham-young_w.html,https://www.sports-reference.com/cbb/boxscores/2025-12-11-21-brigham-young_w.html
12/11/25,women,portland,long-beach-state,/cbb/boxscores/2025-12-11-21-long-beach-state_w.html,https://www.sports-reference.com/cbb/boxscores/2025-12-11-21-long-beach-state_w.html
12/11/25,women,san-jose-state,,/cbb/boxscores/2025-12-11-22-san-jose-state_w.html,https://www.sports-reference.com/cbb/boxscores/2025-12-11-22-san-jose-state_w.html
12/12/25,women,hawaii,,/cbb/boxscores/2025-12-12-00-hawaii_w.html,https://www.sports-reference.com/cbb/boxscores/2025-12-12-00-hawaii_w.html
12/12/25,women,rice,texas-arlington,/cbb/boxscores/2025-12-12-01-rice_w.html,https://www.sports-reference.com/cbb/boxscores/2025-12-12-01-rice_w.html
12/12/25,women,southern,,/cbb/boxscores/2025-12-12-01-southern_w.html,https://www.sports-reference.com/cbb/boxscores/2025-12-12-01-southern_w.html
12/12/25,women,florida-gulf-coast,florida-atlantic,/cbb/boxscores/2025-12-12-11-florida-atlantic_w.html,https://www.sports-reference.com/cbb/boxscores/2025-12-12-11-florida-atlantic_w.html
12/12/25,women,georgia-southern,,/cbb/boxscores/2025-12-12-11-georgia-southern_w.html,https://www.sports-reference.com/cbb/boxscores/2025-12-12-11-georgia-southern_w.html
12/12/25,women,canisius,wright-state,/cbb/boxscores/2025-12-12-18-canisius_w.html,https://www.sports-reference.com/cbb/boxscores/2025-12-12-18-canisius_w.html
12/12/25,women,mcneese-state,texas-am-commerce,/cbb/boxscores/2025-12-12-18-mcneese-state_w.html,https://www.sports-reference.com/cbb/boxscores/2025-12-12-18-mcneese-state_w.html
12/12/25,women,st-bonaventure,mercyhurst,/cbb/boxscores/2025-12-12-18-mercyhurst_w.html,https://www.sports-reference.com/cbb/boxscores/2025-12-12-18-mercyhurst_w.html
12/12/25,women,alabama-state,south-carolina-state,/cbb/boxscores/2025-12-12-19-alabama-state_w.html,https://www.sports-reference.com/cbb/boxscores/2025-12-12-19-alabama-state_w.html
12/12/25,women,fairfield,maine,/cbb/boxscores/2025-12-12-19-fairfield_w.html,https://www.sports-reference.com/cbb/boxscores/2025-12-12-19-fairfield_w.html
12/12/25,women,houston-baptist,southeastern-louisiana,/cbb/boxscores/2025-12-12-19-houston-baptist_w.html,https://www.sports-reference.com/cbb/boxscores/2025-12-12-19-houston-baptist_w.html
12/12/25,women,southern-illinois-edwardsville,valparaiso,/cbb/boxscores/2025-12-12-19-valparaiso_w.html,https://www.sports-reference.com/cbb/boxscores/2025-12-12-19-valparaiso_w.html
12/12/25,women,texas-tech,washington-state,/cbb/boxscores/2025-12-12-21-washington-state_w.html,https://www.sports-reference.com/cbb/boxscores/2025-12-12-21-washington-state_w.html
12/13/25,women,connecticut,southern-california,/cbb/boxscores/2025-12-13-17-southern-california_w.html,https://www.sports-reference.com/cbb/boxscores/2025-12-13-17-southern-california_w.html
12/13/25,women,louisiana-state,louisiana-tech,/cbb/boxscores/2025-12-13-18-louisiana-state_w.html,https://www.sports-reference.com/cbb/boxscores/2025-12-13-18-louisiana-state_w.html
12/13/25,women,michigan,akron,/cbb/boxscores/2025-12-13-00-michigan_w.html,https://www.sports-reference.com/cbb/boxscores/2025-12-13-00-michigan_w.html
12/13/25,women,oklahoma,oklahoma-state,/cbb/boxscores/2025-12-13-01-oklahoma_w.html,https://www.sports-reference.com/cbb/boxscores/2025-12-13-01-oklahoma_w.html
12/13/25,women,iowa,lindenwood,/cbb/boxscores/2025-12-13-15-iowa_w.html,https://www.sports-reference.com/cbb/boxscores/2025-12-13-15-iowa_w.html
12/13/25,women,mississippi,wofford,/cbb/boxscores/2025-12-13-13-mississippi_w.html,https://www.sports-reference.com/cbb/boxscores/2025-12-13-13-mississippi_w.html
12/13/25,women,washington,green-bay,/cbb/boxscores/2025-12-13-03-washington_w.html,https://www.sports-reference.com/cbb/boxscores/2025-12-13-03-washington_w.html
12/13/25,women,albany-ny,boston-university,/cbb/boxscores/2025-12-13-00-albany-ny_w.html,https://www.sports-reference.com/cbb/boxscores/2025-12-13-00-albany-ny_w.html
12/13/25,women,cincinnati,nevada-las-vegas,/cbb/boxscores/2025-12-13-00-cincinnati_w.html,https://www.sports-reference.com/cbb/boxscores/2025-12-13-00-cincinnati_w.html
12/13/25,women,gardner-webb,western-carolina,/cbb/boxscores/2025-12-13-00-gardner-webb_w.html,https://www.sports-reference.com/cbb/boxscores/2025-12-13-00-gardner-webb_w.html
12/13/25,women,robert-morris,,/cbb/boxscores/2025-12-13-00-robert-morris_w.html,https://www.sports-reference.com/cbb/boxscores/2025-12-13-00-robert-morris_w.html
12/13/25,women,temple,virginia-commonwealth,/cbb/boxscores/2025-12-13-00-temple_w.html,https://www.sports-reference.com/cbb/boxscores/2025-12-13-00-temple_w.html
12/13/25,women,william-mary,coppin-state,/cbb/boxscores/2025-12-13-00-william-mary_w.html,https://www.sports-reference.com/cbb/boxscores/2025-12-13-00-william-mary_w.html
12/13/25,women,central-arkansas,grambling,/cbb/boxscores/2025-12-13-01-grambling_w.html,https://www.sports-reference.com/cbb/boxscores/2025-12-13-01-grambling_w.html
12/13/25,women,arkansas,missouri-state,/cbb/boxscores/2025-12-13-01-missouri-state_w.html,https://www.sports-reference.com/cbb/boxscores/2025-12-13-01-missouri-state_w.html
12/13/25,women,texas-san-antonio,prairie-view,/cbb/boxscores/2025-12-13-01-texas-san-antonio_w.html,https://www.sports-reference.com/cbb/boxscores/2025-12-13-01-texas-san-antonio_w.html
12/13/25,women,air-force,,/cbb/boxscores/2025-12-13-02-air-force_w.html,https://www.sports-reference.com/cbb/boxscores/2025-12-13-02-air-force_w.html
12/13/25,women,boise-state,southern-utah,/cbb/boxscores/2025-12-13-02-boise-state_w.html,https://www.sports-reference.com/cbb/boxscores/2025-12-13-02-boise-state_w.html
12/13/25,women,utah-state,idaho,/cbb/boxscores/2025-12-13-02-utah-state_w.html,https://www.sports-reference.com/cbb/boxscores/2025-12-13-02-utah-state_w.html
12/13/25,women,cal-state-bakersfield,seattle,/cbb/boxscores/2025-12-13-03-cal-state-bakersfield_w.html,https://www.sports-reference.com/cbb/boxscores/2025-12-13-03-cal-state-bakersfield_w.html
12/13/25,women,colorado-state,san-francisco,/cbb/boxscores/2025-12-13-03-san-francisco_w.html,https://www.sports-reference.com/cbb/boxscores/2025-12-13-03-san-francisco_w.html
12/13/25,women,georgetown,delaware-state,/cbb/boxscores/2025-12-13-12-georgetown_w.html,https://www.sports-reference.com/cbb/boxscores/2025-12-13-12-georgetown_w.html
12/13/25,women,howard,hampton,/cbb/boxscores/2025-12-13-12-hampton_w.html,https://www.sports-reference.com/cbb/boxscores/2025-12-13-12-hampton_w.html
12/13/25,women,binghamton,marist,/cbb/boxscores/2025-12-13-14-binghamton_w.html,https://www.sports-reference.com/cbb/boxscores/2025-12-13-14-binghamton_w.html
12/13/25,women,cleveland-state,niagara,/cbb/boxscores/2025-12-13-14-cleveland-state_w.html,https://www.sports-reference.com/cbb/boxscores/2025-12-13-14-cleveland-state_w.html
12/13/25,women,richmond,liberty,/cbb/boxscores/2025-12-13-14-liberty_w.html,https://www.sports-reference.com/cbb/boxscores/2025-12-13-14-liberty_w.html
12/13/25,women,north-carolina-greensboro,,/cbb/boxscores/2025-12-13-14-north-carolina-greensboro_w.html,https://www.sports-reference.com/cbb/boxscores/2025-12-13-14-north-carolina-greensboro_w.html
12/13/25,women,providence,stonehill,/cbb/boxscores/2025-12-13-14-providence_w.html,https://www.sports-reference.com/cbb/boxscores/2025-12-13-14-providence_w.html
12/13/25,women,ohio,radford,/cbb/boxscores/2025-12-13-14-radford_w.html,https://www.sports-reference.com/cbb/boxscores/2025-12-13-14-radford_w.html
12/13/25,women,wagner,rider,/cbb/boxscores/2025-12-13-14-rider_w.html,https://www.sports-reference.com/cbb/boxscores/2025-12-13-14-rider_w.html
12/13/25,women,st-johns-ny,hofstra,/cbb/boxscores/2025-12-13-14-st-johns-ny_w.html,https://www.sports-reference.com/cbb/boxscores/2025-12-13-14-st-johns-ny_w.html
12/13/25,women,st-thomas-mn,drake,/cbb/boxscores/2025-12-13-14-st-thomas-mn_w.html,https://www.sports-reference.com/cbb/boxscores/2025-12-13-14-st-thomas-mn_w.html
12/13/25,women,tennessee-tech,,/cbb/boxscores/2025-12-13-14-tennessee-tech_w.html,https://www.sports-reference.com/cbb/boxscores/2025-12-13-14-tennessee-tech_w.html
12/13/25,women,western-illinois,nebraska-omaha,/cbb/boxscores/2025-12-13-14-western-illinois_w.html,https://www.sports-reference.com/cbb/boxscores/2025-12-13-14-western-illinois_w.html
12/13/25,women,brigham-young,texas-el-paso,/cbb/boxscores/2025-12-13-15-brigham-young_w.html,https://www.sports-reference.com/cbb/boxscores/2025-12-13-15-brigham-young_w.html
12/13/25,women,jacksonville-state,,/cbb/boxscores/2025-12-13-15-jacksonville-state_w.html,https://www.sports-reference.com/cbb/boxscores/2025-12-13-15-jacksonville-state_w.html
12/13/25,women,utah-valley,missouri-kansas-city,/cbb/boxscores/2025-12-13-15-missouri-kansas-city_w.html,https://www.sports-reference.com/cbb/boxscores/2025-12-13-15-missouri-kansas-city_w.html
12/13/25,women,wichita-state,loyola-marymount,/cbb/boxscores/2025-12-13-15-wichita-state_w.html,https://www.sports-reference.com/cbb/boxscores/2025-12-13-15-wichita-state_w.html
12/13/25,women,california-santa-barbara,dixie-state,/cbb/boxscores/2025-12-13-16-dixie-state_w.html,https://www.sports-reference.com/cbb/boxscores/2025-12-13-16-dixie-state_w.html
12/13/25,women,idaho-state,cal-poly,/cbb/boxscores/2025-12-13-17-cal-poly_w.html,https://www.sports-reference.com/cbb/boxscores/2025-12-13-17-cal-poly_w.html
12/13/25,women,cal-state-fullerton,portland-state,/cbb/boxscores/2025-12-13-17-cal-state-fullerton_w.html,https://www.sports-reference.com/cbb/boxscores/2025-12-13-17-cal-state-fullerton_w.html
12/13/25,women,cal-state-northridge,san-jose-state,/cbb/boxscores/2025-12-13-17-cal-state-northridge_w.html,https://www.sports-reference.com/cbb/boxscores/2025-12-13-17-cal-state-northridge_w.html
12/13/25,women,california-irvine,california-baptist,/cbb/boxscores/2025-12-13-17-california-irvine_w.html,https://www.sports-reference.com/cbb/boxscores/2025-12-13-17-california-irvine_w.html
12/13/25,women,pepperdine,,/cbb/boxscores/2025-12-13-17-pepperdine_w.html,https://www.sports-reference.com/cbb/boxscores/2025-12-13-17-pepperdine_w.html
12/13/25,women,dartmouth,iona,/cbb/boxscores/2025-12-13-19-iona_w.html,https://www.sports-reference.com/cbb/boxscores/2025-12-13-19-iona_w.html
12/13/25,women,fresno-state,chicago-state,/cbb/boxscores/2025-12-13-20-fresno-state_w.html,https://www.sports-reference.com/cbb/boxscores/2025-12-13-20-fresno-state_w.html
12/13/25,women,new-mexico,houston,/cbb/boxscores/2025-12-13-21-new-mexico_w.html,https://www.sports-reference.com/cbb/boxscores/2025-12-13-21-new-mexico_w.html
12/14/25,women,texas,baylor,/cbb/boxscores/2025-12-14-01-baylor_w.html,https://www.sports-reference.com/cbb/boxscores/2025-12-14-01-baylor_w.html
12/14/25,women,south-carolina,penn-state,/cbb/boxscores/2025-12-14-15-south-carolina_w.html,https://www.sports-reference.com/cbb/boxscores/2025-12-14-15-south-carolina_w.html
12/14/25,women,texas-christian,jacksonville,/cbb/boxscores/2025-12-14-17-texas-christian_w.html,https://www.sports-reference.com/cbb/boxscores/2025-12-14-17-texas-christian_w.html
12/14/25,women,iowa-state,northern-iowa,/cbb/boxscores/2025-12-14-18-iowa-state_w.html,https://www.sports-reference.com/cbb/boxscores/2025-12-14-18-iowa-state_w.html
12/14/25,women,louisville,north-carolina,/cbb/boxscores/2025-12-14-00-north-carolina_w.html,https://www.sports-reference.com/cbb/boxscores/2025-12-14-00-north-carolina_w.html
12/14/25,women,kentucky,belmont,/cbb/boxscores/2025-12-14-15-belmont_w.html,https://www.sports-reference.com/cbb/boxscores/2025-12-14-15-belmont_w.html
12/14/25,women,mississippi,south-carolina-state,/cbb/boxscores/2025-12-14-15-mississippi_w.html,https://www.sports-reference.com/cbb/boxscores/2025-12-14-15-mississippi_w.html
12/14/25,women,tennessee,winthrop,/cbb/boxscores/2025-12-14-14-tennessee_w.html,https://www.sports-reference.com/cbb/boxscores/2025-12-14-14-tennessee_w.html
12/14/25,women,notre-dame,james-madison,/cbb/boxscores/2025-12-14-16-james-madison_w.html,https://www.sports-reference.com/cbb/boxscores/2025-12-14-16-james-madison_w.html
12/14/25,women,ohio-state,toledo,/cbb/boxscores/2025-12-14-13-ohio-state_w.html,https://www.sports-reference.com/cbb/boxscores/2025-12-14-13-ohio-state_w.html
12/14/25,women,nebraska,illinois-state,/cbb/boxscores/2025-12-14-01-nebraska_w.html,https://www.sports-reference.com/cbb/boxscores/2025-12-14-01-nebraska_w.html
12/14/25,women,michigan-state,depaul,/cbb/boxscores/2025-12-14-17-depaul_w.html,https://www.sports-reference.com/cbb/boxscores/2025-12-14-17-depaul_w.html
12/14/25,women,bowling-green-state,,/cbb/boxscores/2025-12-14-00-bowling-green-state_w.html,https://www.sports-reference.com/cbb/boxscores/2025-12-14-00-bowling-green-state_w.html
12/14/25,women,college-of-charleston,florida-state,/cbb/boxscores/2025-12-14-00-florida-state_w.html,https://www.sports-reference.com/cbb/boxscores/2025-12-14-00-florida-state_w.html
12/14/25,women,florida,west-georgia,/cbb/boxscores/2025-12-14-00-florida_w.html,https://www.sports-reference.com/cbb/boxscores/2025-12-14-00-florida_w.html
12/14/25,women,indiana,eastern-michigan,/cbb/boxscores/2025-12-14-00-indiana_w.html,https://www.sports-reference.com/cbb/boxscores/2025-12-14-00-indiana_w.html
12/14/25,women,massachusetts-lowell,long-island-university,/cbb/boxscores/2025-12-14-00-massachusetts-lowell_w.html,https://www.sports-reference.com/cbb/boxscores/2025-12-14-00-massachusetts-lowell_w.html
12/14/25,women,north-carolina-state,miami-fl,/cbb/boxscores/2025-12-14-00-miami-fl_w.html,https://www.sports-reference.com/cbb/boxscores/2025-12-14-00-miami-fl_w.html
12/14/25,women,purdue,dayton,/cbb/boxscores/2025-12-14-00-purdue_w.html,https://www.sports-reference.com/cbb/boxscores/2025-12-14-00-purdue_w.html
12/14/25,women,vermont,sacred-heart,/cbb/boxscores/2025-12-14-00-sacred-heart_w.html,https://www.sports-reference.com/cbb/boxscores/2025-12-14-00-sacred-heart_w.html
12/14/25,women,stony-brook,duquesne,/cbb/boxscores/2025-12-14-00-stony-brook_w.html,https://www.sports-reference.com/cbb/boxscores/2025-12-14-00-stony-brook_w.html
12/14/25,women,wake-forest,georgia-tech,/cbb/boxscores/2025-12-14-00-wake-forest_w.html,https://www.sports-reference.com/cbb/boxscores/2025-12-14-00-wake-forest_w.html
12/14/25,women,western-michigan,valparaiso,/cbb/boxscores/2025-12-14-00-western-michigan_w.html,https://www.sports-reference.com/cbb/boxscores/2025-12-14-00-western-michigan_w.html
12/14/25,women,illinois,north-texas,/cbb/boxscores/2025-12-14-01-illinois_w.html,https://www.sports-reference.com/cbb/boxscores/2025-12-14-01-illinois_w.html
12/14/25,women,milwaukee,,/cbb/boxscores/2025-12-14-01-milwaukee_w.html,https://www.sports-reference.com/cbb/boxscores/2025-12-14-01-milwaukee_w.html
12/14/25,women,mississippi-state,southern-mississippi,/cbb/boxscores/2025-12-14-01-mississippi-state_w.html,https://www.sports-reference.com/cbb/boxscores/2025-12-14-01-mississippi-state_w.html
12/14/25,women,western-kentucky,north-dakota,/cbb/boxscores/2025-12-14-01-north-dakota_w.html,https://www.sports-reference.com/cbb/boxscores/2025-12-14-01-north-dakota_w.html
12/14/25,women,missouri,saint-louis,/cbb/boxscores/2025-12-14-01-saint-louis_w.html,https://www.sports-reference.com/cbb/boxscores/2025-12-14-01-saint-louis_w.html
12/14/25,women,southern-illinois-edwardsville,,/cbb/boxscores/2025-12-14-01-southern-illinois-edwardsville_w.html,https://www.sports-reference.com/cbb/boxscores/2025-12-14-01-southern-illinois-edwardsville_w.html
12/14/25,women,arizona-state,oregon-state,/cbb/boxscores/2025-12-14-03-oregon-state_w.html,https://www.sports-reference.com/cbb/boxscores/2025-12-14-03-oregon-state_w.html
12/14/25,women,oregon,montana-state,/cbb/boxscores/2025-12-14-03-oregon_w.html,https://www.sports-reference.com/cbb/boxscores/2025-12-14-03-oregon_w.html
12/14/25,women,stanford,california,/cbb/boxscores/2025-12-14-03-stanford_w.html,https://www.sports-reference.com/cbb/boxscores/2025-12-14-03-stanford_w.html
12/14/25,women,marshall,eastern-kentucky,/cbb/boxscores/2025-12-14-12-eastern-kentucky_w.html,https://www.sports-reference.com/cbb/boxscores/2025-12-14-12-eastern-kentucky_w.html
12/14/25,women,longwood,elon,/cbb/boxscores/2025-12-14-13-elon_w.html,https://www.sports-reference.com/cbb/boxscores/2025-12-14-13-elon_w.html
12/14/25,women,navy,,/cbb/boxscores/2025-12-14-13-navy_w.html,https://www.sports-reference.com/cbb/boxscores/2025-12-14-13-navy_w.html
12/14/25,women,maine,quinnipiac,/cbb/boxscores/2025-12-14-13-quinnipiac_w.html,https://www.sports-reference.com/cbb/boxscores/2025-12-14-13-quinnipiac_w.html
12/14/25,women,seton-hall,auburn,/cbb/boxscores/2025-12-14-13-seton-hall_w.html,https://www.sports-reference.com/cbb/boxscores/2025-12-14-13-seton-hall_w.html
12/14/25,women,xavier,saint-francis-pa,/cbb/boxscores/2025-12-14-13-xavier_w.html,https://www.sports-reference.com/cbb/boxscores/2025-12-14-13-xavier_w.html
12/14/25,women,butler,eastern-illinois,/cbb/boxscores/2025-12-14-14-butler_w.html,https://www.sports-reference.com/cbb/boxscores/2025-12-14-14-butler_w.html
12/14/25,women,central-florida,morgan-state,/cbb/boxscores/2025-12-14-14-central-florida_w.html,https://www.sports-reference.com/cbb/boxscores/2025-12-14-14-central-florida_w.html
12/14/25,women,clemson,pittsburgh,/cbb/boxscores/2025-12-14-14-clemson_w.html,https://www.sports-reference.com/cbb/boxscores/2025-12-14-14-clemson_w.html
12/14/25,women,kansas-state,creighton,/cbb/boxscores/2025-12-14-14-creighton_w.html,https://www.sports-reference.com/cbb/boxscores/2025-12-14-14-creighton_w.html
12/14/25,women,furman,,/cbb/boxscores/2025-12-14-14-furman_w.html,https://www.sports-reference.com/cbb/boxscores/2025-12-14-14-furman_w.html
12/14/25,women,george-washington,american,/cbb/boxscores/2025-12-14-14-george-washington_w.html,https://www.sports-reference.com/cbb/boxscores/2025-12-14-14-george-washington_w.html
12/14/25,women,kennesaw-state,georgia-state,/cbb/boxscores/2025-12-14-14-georgia-state_w.html,https://www.sports-reference.com/cbb/boxscores/2025-12-14-14-georgia-state_w.html
12/14/25,women,high-point,north-carolina-central,/cbb/boxscores/2025-12-14-14-high-point_w.html,https://www.sports-reference.com/cbb/boxscores/2025-12-14-14-high-point_w.html
12/14/25,women,ipfw,northern-illinois,/cbb/boxscores/2025-12-14-14-ipfw_w.html,https://www.sports-reference.com/cbb/boxscores/2025-12-14-14-ipfw_w.html
12/14/25,women,marquette,le-moyne,/cbb/boxscores/2025-12-14-14-marquette_w.html,https://www.sports-reference.com/cbb/boxscores/2025-12-14-14-marquette_w.html
12/14/25,women,mercer,mississippi-valley-state,/cbb/boxscores/2025-12-14-14-mercer_w.html,https://www.sports-reference.com/cbb/boxscores/2025-12-14-14-mercer_w.html
12/14/25,women,queens-nc,,/cbb/boxscores/2025-12-14-14-queens-nc_w.html,https://www.sports-reference.com/cbb/boxscores/2025-12-14-14-queens-nc_w.html
12/14/25,women,samford,south-carolina-upstate,/cbb/boxscores/2025-12-14-14-south-carolina-upstate_w.html,https://www.sports-reference.com/cbb/boxscores/2025-12-14-14-south-carolina-upstate_w.html
12/14/25,women,texas-tech,abilene-christian,/cbb/boxscores/2025-12-14-15-abilene-christian_w.html,https://www.sports-reference.com/cbb/boxscores/2025-12-14-15-abilene-christian_w.html
12/14/25,women,colorado,miami-oh,/cbb/boxscores/2025-12-14-15-colorado_w.html,https://www.sports-reference.com/cbb/boxscores/2025-12-14-15-colorado_w.html
12/14/25,women,austin-peay,evansville,/cbb/boxscores/2025-12-14-15-evansville_w.html,https://www.sports-reference.com/cbb/boxscores/2025-12-14-15-evansville_w.html
12/14/25,women,kansas,denver,/cbb/boxscores/2025-12-14-15-kansas_w.html,https://www.sports-reference.com/cbb/boxscores/2025-12-14-15-kansas_w.html
12/14/25,women,la-salle,maryland-eastern-shore,/cbb/boxscores/2025-12-14-15-maryland-eastern-shore_w.html,https://www.sports-reference.com/cbb/boxscores/2025-12-14-15-maryland-eastern-shore_w.html
12/14/25,women,south-alabama,north-alabama,/cbb/boxscores/2025-12-14-15-south-alabama_w.html,https://www.sports-reference.com/cbb/boxscores/2025-12-14-15-south-alabama_w.html
12/14/25,women,south-dakota-state,ball-state,/cbb/boxscores/2025-12-14-15-south-dakota-state_w.html,https://www.sports-reference.com/cbb/boxscores/2025-12-14-15-south-dakota-state_w.html
12/14/25,women,southern-indiana,middle-tennessee,/cbb/boxscores/2025-12-14-15-southern-indiana_w.html,https://www.sports-reference.com/cbb/boxscores/2025-12-14-15-southern-indiana_w.html
12/14/25,women,tennessee-martin,,/cbb/boxscores/2025-12-14-15-tennessee-martin_w.html,https://www.sports-reference.com/cbb/boxscores/2025-12-14-15-tennessee-martin_w.html
12/14/25,women,west-virginia,texas-am,/cbb/boxscores/2025-12-14-15-texas-am_w.html,https://www.sports-reference.com/cbb/boxscores/2025-12-14-15-texas-am_w.html
12/14/25,women,tulane,new-orleans,/cbb/boxscores/2025-12-14-15-tulane_w.html,https://www.sports-reference.com/cbb/boxscores/2025-12-14-15-tulane_w.html
12/14/25,women,alabama,jackson-state,/cbb/boxscores/2025-12-14-16-alabama_w.html,https://www.sports-reference.com/cbb/boxscores/2025-12-14-16-alabama_w.html
12/14/25,women,east-carolina,north-carolina-asheville,/cbb/boxscores/2025-12-14-16-east-carolina_w.html,https://www.sports-reference.com/cbb/boxscores/2025-12-14-16-east-carolina_w.html
12/14/25,women,santa-clara,grand-canyon,/cbb/boxscores/2025-12-14-16-grand-canyon_w.html,https://www.sports-reference.com/cbb/boxscores/2025-12-14-16-grand-canyon_w.html
12/14/25,women,utah,northwestern,/cbb/boxscores/2025-12-14-16-utah_w.html,https://www.sports-reference.com/cbb/boxscores/2025-12-14-16-utah_w.html
12/14/25,women,virginia-tech,east-tennessee-state,/cbb/boxscores/2025-12-14-16-virginia-tech_w.html,https://www.sports-reference.com/cbb/boxscores/2025-12-14-16-virginia-tech_w.html
12/14/25,women,california-davis,,/cbb/boxscores/2025-12-14-17-california-davis_w.html,https://www.sports-reference.com/cbb/boxscores/2025-12-14-17-california-davis_w.html
12/14/25,women,san-diego,california-riverside,/cbb/boxscores/2025-12-14-17-san-diego_w.html,https://www.sports-reference.com/cbb/boxscores/2025-12-14-17-san-diego_w.html
12/14/25,women,charlotte,davidson,/cbb/boxscores/2025-12-14-18-charlotte_w.html,https://www.sports-reference.com/cbb/boxscores/2025-12-14-18-charlotte_w.html
12/14/25,women,minnesota,wyoming,/cbb/boxscores/2025-12-14-18-minnesota_w.html,https://www.sports-reference.com/cbb/boxscores/2025-12-14-18-minnesota_w.html
12/14/25,women,new-mexico-state,,/cbb/boxscores/2025-12-14-19-new-mexico-state_w.html,https://www.sports-reference.com/cbb/boxscores/2025-12-14-19-new-mexico-state_w.html
12/15/25,women,vanderbilt,south-florida,/cbb/boxscores/2025-12-15-01-vanderbilt_w.html,https://www.sports-reference.com/cbb/boxscores/2025-12-15-01-vanderbilt_w.html
12/15/25,women,alabama-birmingham,alcorn-state,/cbb/boxscores/2025-12-15-01-alabama-birmingham_w.html,https://www.sports-reference.com/cbb/boxscores/2025-12-15-01-alabama-birmingham_w.html
12/15/25,women,murray-state,memphis,/cbb/boxscores/2025-12-15-01-murray-state_w.html,https://www.sports-reference.com/cbb/boxscores/2025-12-15-01-murray-state_w.html
12/15/25,women,oklahoma-state,tulsa,/cbb/boxscores/2025-12-15-01-oklahoma-state_w.html,https://www.sports-reference.com/cbb/boxscores/2025-12-15-01-oklahoma-state_w.html
12/15/25,women,arizona,chicago-state,/cbb/boxscores/2025-12-15-02-arizona_w.html,https://www.sports-reference.com/cbb/boxscores/2025-12-15-02-arizona_w.html
12/15/25,women,georgia,north-carolina-at,/cbb/boxscores/2025-12-15-11-georgia_w.html,https://www.sports-reference.com/cbb/boxscores/2025-12-15-11-georgia_w.html
12/15/25,women,kent-state,,/cbb/boxscores/2025-12-15-11-kent-state_w.html,https://www.sports-reference.com/cbb/boxscores/2025-12-15-11-kent-state_w.html
12/15/25,women,texas-am-commerce,texas-southern,/cbb/boxscores/2025-12-15-11-texas-am-commerce_w.html,https://www.sports-reference.com/cbb/boxscores/2025-12-15-11-texas-am-commerce_w.html
12/15/25,women,texas-san-antonio,,/cbb/boxscores/2025-12-15-12-texas-san-antonio_w.html,https://www.sports-reference.com/cbb/boxscores/2025-12-15-12-texas-san-antonio_w.html
12/15/25,women,grambling,,/cbb/boxscores/2025-12-15-13-grambling_w.html,https://www.sports-reference.com/cbb/boxscores/2025-12-15-13-grambling_w.html
12/15/25,women,siena,central-connecticut-state,/cbb/boxscores/2025-12-15-18-siena_w.html,https://www.sports-reference.com/cbb/boxscores/2025-12-15-18-siena_w.html
12/15/25,women,campbell,norfolk-state,/cbb/boxscores/2025-12-15-19-campbell_w.html,https://www.sports-reference.com/cbb/boxscores/2025-12-15-19-campbell_w.html
12/15/25,women,florida-international,florida-atlantic,/cbb/boxscores/2025-12-15-19-florida-atlantic_w.html,https://www.sports-reference.com/cbb/boxscores/2025-12-15-19-florida-atlantic_w.html
12/15/25,women,lamar,texas-am-corpus-christi,/cbb/boxscores/2025-12-15-19-lamar_w.html,https://www.sports-reference.com/cbb/boxscores/2025-12-15-19-lamar_w.html
12/15/25,women,loyola-il,oakland,/cbb/boxscores/2025-12-15-19-loyola-il_w.html,https://www.sports-reference.com/cbb/boxscores/2025-12-15-19-loyola-il_w.html
12/15/25,women,northwestern-state,mcneese-state,/cbb/boxscores/2025-12-15-19-mcneese-state_w.html,https://www.sports-reference.com/cbb/boxscores/2025-12-15-19-mcneese-state_w.html
12/15/25,women,mount-st-marys,mercyhurst,/cbb/boxscores/2025-12-15-19-mount-st-marys_w.html,https://www.sports-reference.com/cbb/boxscores/2025-12-15-19-mount-st-marys_w.html
12/15/25,women,radford,,/cbb/boxscores/2025-12-15-19-radford_w.html,https://www.sports-reference.com/cbb/boxscores/2025-12-15-19-radford_w.html
12/15/25,women,texas-pan-american,stephen-f-austin,/cbb/boxscores/2025-12-15-19-stephen-f-austin_w.html,https://www.sports-reference.com/cbb/boxscores/2025-12-15-19-stephen-f-austin_w.html
12/15/25,women,northern-arizona,,/cbb/boxscores/2025-12-15-20-northern-arizona_w.html,https://www.sports-reference.com/cbb/boxscores/2025-12-15-20-northern-arizona_w.html
12/15/25,women,california-san-diego,california-baptist,/cbb/boxscores/2025-12-15-21-california-baptist_w.html,https://www.sports-reference.com/cbb/boxscores/2025-12-15-21-california-baptist_w.html
12/15/25,women,sacramento-state,,/cbb/boxscores/2025-12-15-21-sacramento-state_w.html,https://www.sports-reference.com/cbb/boxscores/2025-12-15-21-sacramento-state_w.html
12/16/25,women,ucla,cal-poly,/cbb/boxscores/2025-12-16-22-ucla_w.html,https://www.sports-reference.com/cbb/boxscores/2025-12-16-22-ucla_w.html
12/16/25,women,louisiana-state,morgan-state,/cbb/boxscores/2025-12-16-12-louisiana-state_w.html,https://www.sports-reference.com/cbb/boxscores/2025-12-16-12-louisiana-state_w.html
12/16/25,women,texas-christian,arkansas-pine-bluff,/cbb/boxscores/2025-12-16-19-texas-christian_w.html,https://www.sports-reference.com/cbb/boxscores/2025-12-16-19-texas-christian_w.html
12/16/25,women,akron,,/cbb/boxscores/2025-12-16-00-akron_w.html,https://www.sports-reference.com/cbb/boxscores/2025-12-16-00-akron_w.html
12/16/25,women,bowling-green-state,le-moyne,/cbb/boxscores/2025-12-16-00-bowling-green-state_w.html,https://www.sports-reference.com/cbb/boxscores/2025-12-16-00-bowling-green-state_w.html
12/16/25,women,holy-cross,vermont,/cbb/boxscores/2025-12-16-00-holy-cross_w.html,https://www.sports-reference.com/cbb/boxscores/2025-12-16-00-holy-cross_w.html
12/16/25,women,arkansas-little-rock,morehead-state,/cbb/boxscores/2025-12-16-00-morehead-state_w.html,https://www.sports-reference.com/cbb/boxscores/2025-12-16-00-morehead-state_w.html
12/16/25,women,robert-morris,detroit-mercy,/cbb/boxscores/2025-12-16-00-robert-morris_w.html,https://www.sports-reference.com/cbb/boxscores/2025-12-16-00-robert-morris_w.html
12/16/25,women,virginia-commonwealth,american,/cbb/boxscores/2025-12-16-00-virginia-commonwealth_w.html,https://www.sports-reference.com/cbb/boxscores/2025-12-16-00-virginia-commonwealth_w.html
12/16/25,women,colorado,northern-colorado,/cbb/boxscores/2025-12-16-02-colorado_w.html,https://www.sports-reference.com/cbb/boxscores/2025-12-16-02-colorado_w.html
12/16/25,women,california-irvine,new-mexico-state,/cbb/boxscores/2025-12-16-02-new-mexico-state_w.html,https://www.sports-reference.com/cbb/boxscores/2025-12-16-02-new-mexico-state_w.html
12/16/25,women,arizona-state,gonzaga,/cbb/boxscores/2025-12-16-03-gonzaga_w.html,https://www.sports-reference.com/cbb/boxscores/2025-12-16-03-gonzaga_w.html
12/16/25,women,cleveland-state,northern-kentucky,/cbb/boxscores/2025-12-16-11-cleveland-state_w.html,https://www.sports-reference.com/cbb/boxscores/2025-12-16-11-cleveland-state_w.html
12/16/25,women,dartmouth,,/cbb/boxscores/2025-12-16-11-dartmouth_w.html,https://www.sports-reference.com/cbb/boxscores/2025-12-16-11-dartmouth_w.html
12/16/25,women,richmond,bethune-cookman,/cbb/boxscores/2025-12-16-11-richmond_w.html,https://www.sports-reference.com/cbb/boxscores/2025-12-16-11-richmond_w.html
12/16/25,women,houston,montana,/cbb/boxscores/2025-12-16-12-houston_w.html,https://www.sports-reference.com/cbb/boxscores/2025-12-16-12-houston_w.html
12/16/25,women,wichita-state,oral-roberts,/cbb/boxscores/2025-12-16-12-wichita-state_w.html,https://www.sports-reference.com/cbb/boxscores/2025-12-16-12-wichita-state_w.html
12/16/25,women,north-florida,,/cbb/boxscores/2025-12-16-13-north-florida_w.html,https://www.sports-reference.com/cbb/boxscores/2025-12-16-13-north-florida_w.html
12/16/25,women,cal-state-bakersfield,,/cbb/boxscores/2025-12-16-14-cal-state-bakersfield_w.html,https://www.sports-reference.com/cbb/boxscores/2025-12-16-14-cal-state-bakersfield_w.html
12/16/25,women,drexel,,/cbb/boxscores/2025-12-16-15-drexel_w.html,https://www.sports-reference.com/cbb/boxscores/2025-12-16-15-drexel_w.html
12/16/25,women,north-dakota-state,pepperdine,/cbb/boxscores/2025-12-16-17-pepperdine_w.html,https://www.sports-reference.com/cbb/boxscores/2025-12-16-17-pepperdine_w.html
12/16/25,women,howard,cincinnati,/cbb/boxscores/2025-12-16-18-cincinnati_w.html,https://www.sports-reference.com/cbb/boxscores/2025-12-16-18-cincinnati_w.html
12/16/25,women,youngstown-state,wright-state,/cbb/boxscores/2025-12-16-18-youngstown-state_w.html,https://www.sports-reference.com/cbb/boxscores/2025-12-16-18-youngstown-state_w.html
12/16/25,women,alabama,sam-houston-state,/cbb/boxscores/2025-12-16-19-alabama_w.html,https://www.sports-reference.com/cbb/boxscores/2025-12-16-19-alabama_w.html
12/16/25,women,auburn,middle-tennessee,/cbb/boxscores/2025-12-16-19-middle-tennessee_w.html,https://www.sports-reference.com/cbb/boxscores/2025-12-16-19-middle-tennessee_w.html
12/16/25,women,incarnate-word,nicholls-state,/cbb/boxscores/2025-12-16-19-nicholls-state_w.html,https://www.sports-reference.com/cbb/boxscores/2025-12-16-19-nicholls-state_w.html
12/16/25,women,seton-hall,washington-state,/cbb/boxscores/2025-12-16-19-seton-hall_w.html,https://www.sports-reference.com/cbb/boxscores/2025-12-16-19-seton-hall_w.html
12/16/25,women,syracuse,binghamton,/cbb/boxscores/2025-12-16-19-syracuse_w.html,https://www.sports-reference.com/cbb/boxscores/2025-12-16-19-syracuse_w.html
12/16/25,women,utah-valley,,/cbb/boxscores/2025-12-16-20-utah-valley_w.html,https://www.sports-reference.com/cbb/boxscores/2025-12-16-20-utah-valley_w.html
12/16/25,women,loyola-marymount,,/cbb/boxscores/2025-12-16-21-loyola-marymount_w.html,https://www.sports-reference.com/cbb/boxscores/2025-12-16-21-loyola-marymount_w.html
12/17/25,women,connecticut,marquette,/cbb/boxscores/2025-12-17-00-connecticut_w.html,https://www.sports-reference.com/cbb/boxscores/2025-12-17-00-connecticut_w.html
12/17/25,women,texas,northwestern-state,/cbb/boxscores/2025-12-17-01-texas_w.html,https://www.sports-reference.com/cbb/boxscores/2025-12-17-01-texas_w.html
12/17/25,women,mississippi,mississippi-valley-state,/cbb/boxscores/2025-12-17-19-mississippi_w.html,https://www.sports-reference.com/cbb/boxscores/2025-12-17-19-mississippi_w.html
12/17/25,women,louisville,eastern-kentucky,/cbb/boxscores/2025-12-17-00-louisville_w.html,https://www.sports-reference.com/cbb/boxscores/2025-12-17-00-louisville_w.html
12/17/25,women,north-carolina,north-carolina-wilmington,/cbb/boxscores/2025-12-17-00-north-carolina_w.html,https://www.sports-reference.com/cbb/boxscores/2025-12-17-00-north-carolina_w.html
12/17/25,women,davidson,high-point,/cbb/boxscores/2025-12-17-00-davidson_w.html,https://www.sports-reference.com/cbb/boxscores/2025-12-17-00-davidson_w.html
12/17/25,women,la-salle,delaware,/cbb/boxscores/2025-12-17-00-delaware_w.html,https://www.sports-reference.com/cbb/boxscores/2025-12-17-00-delaware_w.html
12/17/25,women,east-carolina,wofford,/cbb/boxscores/2025-12-17-00-east-carolina_w.html,https://www.sports-reference.com/cbb/boxscores/2025-12-17-00-east-carolina_w.html
12/17/25,women,florida,florida-am,/cbb/boxscores/2025-12-17-00-florida_w.html,https://www.sports-reference.com/cbb/boxscores/2025-12-17-00-florida_w.html
12/17/25,women,marshall,appalachian-state,/cbb/boxscores/2025-12-17-00-marshall_w.html,https://www.sports-reference.com/cbb/boxscores/2025-12-17-00-marshall_w.html
12/17/25,women,towson,maryland-eastern-shore,/cbb/boxscores/2025-12-17-00-maryland-eastern-shore_w.html,https://www.sports-reference.com/cbb/boxscores/2025-12-17-00-maryland-eastern-shore_w.html
12/17/25,women,stony-brook,,/cbb/boxscores/2025-12-17-00-stony-brook_w.html,https://www.sports-reference.com/cbb/boxscores/2025-12-17-00-stony-brook_w.html
12/17/25,women,alabama-am,north-alabama,/cbb/boxscores/2025-12-17-01-alabama-am_w.html,https://www.sports-reference.com/cbb/boxscores/2025-12-17-01-alabama-am_w.html
12/17/25,women,arkansas,missouri-kansas-city,/cbb/boxscores/2025-12-17-01-arkansas_w.html,https://www.sports-reference.com/cbb/boxscores/2025-12-17-01-arkansas_w.html
12/17/25,women,mississippi-state,alabama-state,/cbb/boxscores/2025-12-17-01-mississippi-state_w.html,https://www.sports-reference.com/cbb/boxscores/2025-12-17-01-mississippi-state_w.html
12/17/25,women,creighton,nebraska-omaha,/cbb/boxscores/2025-12-17-01-nebraska-omaha_w.html,https://www.sports-reference.com/cbb/boxscores/2025-12-17-01-nebraska-omaha_w.html
12/17/25,women,saint-louis,jacksonville-state,/cbb/boxscores/2025-12-17-01-saint-louis_w.html,https://www.sports-reference.com/cbb/boxscores/2025-12-17-01-saint-louis_w.html
12/17/25,women,texas-arlington,texas-southern,/cbb/boxscores/2025-12-17-01-texas-arlington_w.html,https://www.sports-reference.com/cbb/boxscores/2025-12-17-01-texas-arlington_w.html
12/17/25,women,nevada-las-vegas,grand-canyon,/cbb/boxscores/2025-12-17-02-grand-canyon_w.html,https://www.sports-reference.com/cbb/boxscores/2025-12-17-02-grand-canyon_w.html
12/17/25,women,utah-state,air-force,/cbb/boxscores/2025-12-17-02-utah-state_w.html,https://www.sports-reference.com/cbb/boxscores/2025-12-17-02-utah-state_w.html
12/17/25,women,utah,california-riverside,/cbb/boxscores/2025-12-17-02-utah_w.html,https://www.sports-reference.com/cbb/boxscores/2025-12-17-02-utah_w.html
12/17/25,women,wyoming,san-jose-state,/cbb/boxscores/2025-12-17-02-wyoming_w.html,https://www.sports-reference.com/cbb/boxscores/2025-12-17-02-wyoming_w.html
12/17/25,women,san-diego-state,fresno-state,/cbb/boxscores/2025-12-17-03-fresno-state_w.html,https://www.sports-reference.com/cbb/boxscores/2025-12-17-03-fresno-state_w.html
12/17/25,women,colorado-state,nevada,/cbb/boxscores/2025-12-17-03-nevada_w.html,https://www.sports-reference.com/cbb/boxscores/2025-12-17-03-nevada_w.html
12/17/25,women,north-dakota-state,texas-pan-american,/cbb/boxscores/2025-12-17-03-north-dakota-state_w.html,https://www.sports-reference.com/cbb/boxscores/2025-12-17-03-north-dakota-state_w.html
12/17/25,women,san-francisco,sacramento-state,/cbb/boxscores/2025-12-17-03-san-francisco_w.html,https://www.sports-reference.com/cbb/boxscores/2025-12-17-03-san-francisco_w.html
12/17/25,women,new-hampshire,central-connecticut-state,/cbb/boxscores/2025-12-17-11-central-connecticut-state_w.html,https://www.sports-reference.com/cbb/boxscores/2025-12-17-11-central-connecticut-state_w.html
12/17/25,women,clemson,charleston-southern,/cbb/boxscores/2025-12-17-11-charleston-southern_w.html,https://www.sports-reference.com/cbb/boxscores/2025-12-17-11-charleston-southern_w.html
12/17/25,women,charlotte,winthrop,/cbb/boxscores/2025-12-17-11-charlotte_w.html,https://www.sports-reference.com/cbb/boxscores/2025-12-17-11-charlotte_w.html
12/17/25,women,troy,old-dominion,/cbb/boxscores/2025-12-17-11-old-dominion_w.html,https://www.sports-reference.com/cbb/boxscores/2025-12-17-11-old-dominion_w.html
12/17/25,women,south-carolina-upstate,,/cbb/boxscores/2025-12-17-11-south-carolina-upstate_w.html,https://www.sports-reference.com/cbb/boxscores/2025-12-17-11-south-carolina-upstate_w.html
12/17/25,women,north-carolina-central,queens-nc,/cbb/boxscores/2025-12-17-12-queens-nc_w.html,https://www.sports-reference.com/cbb/boxscores/2025-12-17-12-queens-nc_w.html
12/17/25,women,texas-tech,jacksonville,/cbb/boxscores/2025-12-17-12-texas-tech_w.html,https://www.sports-reference.com/cbb/boxscores/2025-12-17-12-texas-tech_w.html
12/17/25,women,west-georgia,,/cbb/boxscores/2025-12-17-14-west-georgia_w.html,https://www.sports-reference.com/cbb/boxscores/2025-12-17-14-west-georgia_w.html
12/17/25,women,rice,grambling,/cbb/boxscores/2025-12-17-15-grambling_w.html,https://www.sports-reference.com/cbb/boxscores/2025-12-17-15-grambling_w.html
12/17/25,women,dixie-state,chicago-state,/cbb/boxscores/2025-12-17-16-dixie-state_w.html,https://www.sports-reference.com/cbb/boxscores/2025-12-17-16-dixie-state_w.html
12/17/25,women,alabama,tulane,/cbb/boxscores/2025-12-17-17-alabama_w.html,https://www.sports-reference.com/cbb/boxscores/2025-12-17-17-alabama_w.html
12/17/25,women,james-madison,coastal-carolina,/cbb/boxscores/2025-12-17-18-coastal-carolina_w.html,https://www.sports-reference.com/cbb/boxscores/2025-12-17-18-coastal-carolina_w.html
12/17/25,women,iupui,,/cbb/boxscores/2025-12-17-18-iupui_w.html,https://www.sports-reference.com/cbb/boxscores/2025-12-17-18-iupui_w.html
12/17/25,women,north-carolina-asheville,,/cbb/boxscores/2025-12-17-18-north-carolina-asheville_w.html,https://www.sports-reference.com/cbb/boxscores/2025-12-17-18-north-carolina-asheville_w.html
12/17/25,women,stephen-f-austin,texas-am-corpus-christi,/cbb/boxscores/2025-12-17-18-stephen-f-austin_w.html,https://www.sports-reference.com/cbb/boxscores/2025-12-17-18-stephen-f-austin_w.html
12/17/25,women,texas-state,louisiana-lafayette,/cbb/boxscores/2025-12-17-18-texas-state_w.html,https://www.sports-reference.com/cbb/boxscores/2025-12-17-18-texas-state_w.html
12/17/25,women,belmont,evansville,/cbb/boxscores/2025-12-17-19-belmont_w.html,https://www.sports-reference.com/cbb/boxscores/2025-12-17-19-belmont_w.html
12/17/25,women,drake,indiana-state,/cbb/boxscores/2025-12-17-19-indiana-state_w.html,https://www.sports-reference.com/cbb/boxscores/2025-12-17-19-indiana-state_w.html
12/17/25,women,kansas,,/cbb/boxscores/2025-12-17-19-kansas_w.html,https://www.sports-reference.com/cbb/boxscores/2025-12-17-19-kansas_w.html
12/17/25,women,lamar,prairie-view,/cbb/boxscores/2025-12-17-19-lamar_w.html,https://www.sports-reference.com/cbb/boxscores/2025-12-17-19-lamar_w.html
12/17/25,women,louisiana-tech,central-arkansas,/cbb/boxscores/2025-12-17-19-louisiana-tech_w.html,https://www.sports-reference.com/cbb/boxscores/2025-12-17-19-louisiana-tech_w.html
12/17/25,women,mercer,,/cbb/boxscores/2025-12-17-19-mercer_w.html,https://www.sports-reference.com/cbb/boxscores/2025-12-17-19-mercer_w.html
12/17/25,women,st-johns-ny,new-haven,/cbb/boxscores/2025-12-17-19-new-haven_w.html,https://www.sports-reference.com/cbb/boxscores/2025-12-17-19-new-haven_w.html
12/17/25,women,north-carolina-greensboro,elon,/cbb/boxscores/2025-12-17-19-north-carolina-greensboro_w.html,https://www.sports-reference.com/cbb/boxscores/2025-12-17-19-north-carolina-greensboro_w.html
12/17/25,women,toledo,,/cbb/boxscores/2025-12-17-19-toledo_w.html,https://www.sports-reference.com/cbb/boxscores/2025-12-17-19-toledo_w.html
12/17/25,women,central-michigan,valparaiso,/cbb/boxscores/2025-12-17-19-valparaiso_w.html,https://www.sports-reference.com/cbb/boxscores/2025-12-17-19-valparaiso_w.html
12/17/25,women,arkansas-state,louisiana-monroe,/cbb/boxscores/2025-12-17-20-arkansas-state_w.html,https://www.sports-reference.com/cbb/boxscores/2025-12-17-20-arkansas-state_w.html
12/17/25,women,denver,,/cbb/boxscores/2025-12-17-20-denver_w.html,https://www.sports-reference.com/cbb/boxscores/2025-12-17-20-denver_w.html
12/17/25,women,illinois-chicago,depaul,/cbb/boxscores/2025-12-17-20-illinois-chicago_w.html,https://www.sports-reference.com/cbb/boxscores/2025-12-17-20-illinois-chicago_w.html
12/17/25,women,north-dakota,,/cbb/boxscores/2025-12-17-20-north-dakota_w.html,https://www.sports-reference.com/cbb/boxscores/2025-12-17-20-north-dakota_w.html
12/17/25,women,weber-state,,/cbb/boxscores/2025-12-17-20-weber-state_w.html,https://www.sports-reference.com/cbb/boxscores/2025-12-17-20-weber-state_w.html
12/17/25,women,new-mexico,boise-state,/cbb/boxscores/2025-12-17-21-new-mexico_w.html,https://www.sports-reference.com/cbb/boxscores/2025-12-17-21-new-mexico_w.html
12/17/25,women,pepperdine,south-dakota,/cbb/boxscores/2025-12-17-21-pepperdine_w.html,https://www.sports-reference.com/cbb/boxscores/2025-12-17-21-pepperdine_w.html
12/17/25,women,portland-state,seattle,/cbb/boxscores/2025-12-17-22-portland-state_w.html,https://www.sports-reference.com/cbb/boxscores/2025-12-17-22-portland-state_w.html
2025-12-18,women,south-carolina,south-florida,/cbb/boxscores/2025-12-18-19-south-florida_w.html,https://www.sports-reference.com/cbb/boxscores/2025-12-18-19-south-florida_w.html
2025-12-18,women,vanderbilt,albany-ny,/cbb/boxscores/2025-12-18-01-vanderbilt_w.html,https://www.sports-reference.com/cbb/boxscores/2025-12-18-01-vanderbilt_w.html
2025-12-18,women,baylor,southern,/cbb/boxscores/2025-12-18-20-baylor_w.html,https://www.sports-reference.com/cbb/boxscores/2025-12-18-20-baylor_w.html
2025-12-18,women,southern-california,cal-poly,/cbb/boxscores/2025-12-18-03-southern-california_w.html,https://www.sports-reference.com/cbb/boxscores/2025-12-18-03-southern-california_w.html
2025-12-18,women,ohio-state,norfolk-state,/cbb/boxscores/2025-12-18-18-ohio-state_w.html,https://www.sports-reference.com/cbb/boxscores/2025-12-18-18-ohio-state_w.html
2025-12-18,men,georgia,western-carolina,/cbb/boxscores/2025-12-18-19-georgia.html,https://www.sports-reference.com/cbb/boxscores/2025-12-18-19-georgia.html
2025-12-18,men,charleston-southern,north-florida,/cbb/boxscores/2025-12-18-00-charleston-southern.html,https://www.sports-reference.com/cbb/boxscores/2025-12-18-00-charleston-southern.html
2025-12-18,men,charlotte,lafayette,/cbb/boxscores/2025-12-18-00-charlotte.html,https://www.sports-reference.com/cbb/boxscores/2025-12-18-00-charlotte.html
2025-12-18,women,duke,south-dakota-state,/cbb/boxscores/2025-12-18-00-duke_w.html,https://www.sports-reference.com/cbb/boxscores/2025-12-18-00-duke_w.html
2025-12-18,women,virginia-tech,florida-state,/cbb/boxscores/2025-12-18-00-florida-state_w.html,https://www.sports-reference.com/cbb/boxscores/2025-12-18-00-florida-state_w.html
2025-12-18,women,georgia-southern,georgia-state,/cbb/boxscores/2025-12-18-00-georgia-southern_w.html,https://www.sports-reference.com/cbb/boxscores/2025-12-18-00-georgia-southern_w.html
2025-12-18,women,radford,hampton,/cbb/boxscores/2025-12-18-00-hampton_w.html,https://www.sports-reference.com/cbb/boxscores/2025-12-18-00-hampton_w.html
2025-12-18,men,bradley,indiana-state,/cbb/boxscores/2025-12-18-00-indiana-state.html,https://www.sports-reference.com/cbb/boxscores/2025-12-18-00-indiana-state.html
2025-12-18,men,virginia-commonwealth,american,/cbb/boxscores/2025-12-18-00-virginia-commonwealth.html,https://www.sports-reference.com/cbb/boxscores/2025-12-18-00-virginia-commonwealth.html
2025-12-18,women,miami-fl,wake-forest,/cbb/boxscores/2025-12-18-00-wake-forest_w.html,https://www.sports-reference.com/cbb/boxscores/2025-12-18-00-wake-forest_w.html
2025-12-18,women,dayton,western-michigan,/cbb/boxscores/2025-12-18-00-western-michigan_w.html,https://www.sports-reference.com/cbb/boxscores/2025-12-18-00-western-michigan_w.html
2025-12-18,men,eastern-illinois,southern-illinois-edwardsville,/cbb/boxscores/2025-12-18-01-eastern-illinois.html,https://www.sports-reference.com/cbb/boxscores/2025-12-18-01-eastern-illinois.html
2025-12-18,women,southern-illinois-edwardsville,eastern-illinois,/cbb/boxscores/2025-12-18-01-eastern-illinois_w.html,https://www.sports-reference.com/cbb/boxscores/2025-12-18-01-eastern-illinois_w.html
2025-12-18,men,murray-state,drake,/cbb/boxscores/2025-12-18-01-murray-state.html,https://www.sports-reference.com/cbb/boxscores/2025-12-18-01-murray-state.html
2025-12-18,women,samford,lipscomb,/cbb/boxscores/2025-12-18-01-samford_w.html,https://www.sports-reference.com/cbb/boxscores/2025-12-18-01-samford_w.html
2025-12-18,men,southern-mississippi,louisiana-lafayette,/cbb/boxscores/2025-12-18-01-southern-mississippi.html,https://www.sports-reference.com/cbb/boxscores/2025-12-18-01-southern-mississippi.html
2025-12-18,women,tennessee-martin,tennessee-state,/cbb/boxscores/2025-12-18-01-tennessee-state_w.html,https://www.sports-reference.com/cbb/boxscores/2025-12-18-01-tennessee-state_w.html
2025-12-18,women,tulsa,arkansas-pine-bluff,/cbb/boxscores/2025-12-18-01-tulsa_w.html,https://www.sports-reference.com/cbb/boxscores/2025-12-18-01-tulsa_w.html
2025-12-18,women,oregon,portland,/cbb/boxscores/2025-12-18-03-oregon_w.html,https://www.sports-reference.com/cbb/boxscores/2025-12-18-03-oregon_w.html
2025-12-18,women,south-dakota,texas-pan-american,/cbb/boxscores/2025-12-18-03-south-dakota_w.html,https://www.sports-reference.com/cbb/boxscores/2025-12-18-03-south-dakota_w.html
2025-12-18,men,gardner-webb,,/cbb/boxscores/2025-12-18-11-gardner-webb.html,https://www.sports-reference.com/cbb/boxscores/2025-12-18-11-gardner-webb.html
2025-12-18,women,monmouth,yale,/cbb/boxscores/2025-12-18-11-monmouth_w.html,https://www.sports-reference.com/cbb/boxscores/2025-12-18-11-monmouth_w.html
2025-12-18,women,loyola-il,northwestern,/cbb/boxscores/2025-12-18-12-northwestern_w.html,https://www.sports-reference.com/cbb/boxscores/2025-12-18-12-northwestern_w.html
2025-12-18,men,hampton,jackson-state,/cbb/boxscores/2025-12-18-17-jackson-state.html,https://www.sports-reference.com/cbb/boxscores/2025-12-18-17-jackson-state.html
2025-12-18,men,appalachian-state,coastal-carolina,/cbb/boxscores/2025-12-18-18-appalachian-state.html,https://www.sports-reference.com/cbb/boxscores/2025-12-18-18-appalachian-state.html
2025-12-18,women,arizona,bellarmine,/cbb/boxscores/2025-12-18-18-arizona_w.html,https://www.sports-reference.com/cbb/boxscores/2025-12-18-18-arizona_w.html
2025-12-18,women,western-illinois,lindenwood,/cbb/boxscores/2025-12-18-18-lindenwood_w.html,https://www.sports-reference.com/cbb/boxscores/2025-12-18-18-lindenwood_w.html
2025-12-18,men,north-carolina-asheville,,/cbb/boxscores/2025-12-18-18-north-carolina-asheville.html,https://www.sports-reference.com/cbb/boxscores/2025-12-18-18-north-carolina-asheville.html
2025-12-18,women,pittsburgh,saint-francis-pa,/cbb/boxscores/2025-12-18-18-pittsburgh_w.html,https://www.sports-reference.com/cbb/boxscores/2025-12-18-18-pittsburgh_w.html
2025-12-18,women,southern-indiana,arkansas-little-rock,/cbb/boxscores/2025-12-18-18-southern-indiana_w.html,https://www.sports-reference.com/cbb/boxscores/2025-12-18-18-southern-indiana_w.html
2025-12-18,women,southern-mississippi,south-alabama,/cbb/boxscores/2025-12-18-18-southern-mississippi_w.html,https://www.sports-reference.com/cbb/boxscores/2025-12-18-18-southern-mississippi_w.html
2025-12-18,women,tennessee-tech,southeast-missouri-state,/cbb/boxscores/2025-12-18-18-tennessee-tech_w.html,https://www.sports-reference.com/cbb/boxscores/2025-12-18-18-tennessee-tech_w.html
2025-12-18,women,auburn,alcorn-state,/cbb/boxscores/2025-12-18-19-auburn_w.html,https://www.sports-reference.com/cbb/boxscores/2025-12-18-19-auburn_w.html
2025-12-18,women,bradley,southern-illinois,/cbb/boxscores/2025-12-18-19-bradley_w.html,https://www.sports-reference.com/cbb/boxscores/2025-12-18-19-bradley_w.html
2025-12-18,men,fairfield,central-connecticut-state,/cbb/boxscores/2025-12-18-19-central-connecticut-state.html,https://www.sports-reference.com/cbb/boxscores/2025-12-18-19-central-connecticut-state.html
2025-12-18,men,temple,davidson,/cbb/boxscores/2025-12-18-19-davidson.html,https://www.sports-reference.com/cbb/boxscores/2025-12-18-19-davidson.html
2025-12-18,women,east-tennessee-state,gardner-webb,/cbb/boxscores/2025-12-18-19-east-tennessee-state_w.html,https://www.sports-reference.com/cbb/boxscores/2025-12-18-19-east-tennessee-state_w.html
2025-12-18,men,grambling,norfolk-state,/cbb/boxscores/2025-12-18-19-grambling.html,https://www.sports-reference.com/cbb/boxscores/2025-12-18-19-grambling.html
2025-12-18,men,lehigh,,/cbb/boxscores/2025-12-18-19-lehigh.html,https://www.sports-reference.com/cbb/boxscores/2025-12-18-19-lehigh.html
2025-12-18,men,furman,manhattan,/cbb/boxscores/2025-12-18-19-manhattan.html,https://www.sports-reference.com/cbb/boxscores/2025-12-18-19-manhattan.html
2025-12-18,women,incarnate-word,new-orleans,/cbb/boxscores/2025-12-18-19-new-orleans_w.html,https://www.sports-reference.com/cbb/boxscores/2025-12-18-19-new-orleans_w.html
2025-12-18,women,nicholls-state,houston-baptist,/cbb/boxscores/2025-12-18-19-nicholls-state_w.html,https://www.sports-reference.com/cbb/boxscores/2025-12-18-19-nicholls-state_w.html
2025-12-18,women,north-carolina-state,georgia-tech,/cbb/boxscores/2025-12-18-19-north-carolina-state_w.html,https://www.sports-reference.com/cbb/boxscores/2025-12-18-19-north-carolina-state_w.html
2025-12-18,women,oral-roberts,north-texas,/cbb/boxscores/2025-12-18-19-north-texas_w.html,https://www.sports-reference.com/cbb/boxscores/2025-12-18-19-north-texas_w.html
2025-12-18,men,northern-arizona,southern-utah,/cbb/boxscores/2025-12-18-19-northern-arizona.html,https://www.sports-reference.com/cbb/boxscores/2025-12-18-19-northern-arizona.html
2025-12-18,men,saint-josephs,delaware-state,/cbb/boxscores/2025-12-18-19-saint-josephs.html,https://www.sports-reference.com/cbb/boxscores/2025-12-18-19-saint-josephs.html
2025-12-18,men,william-mary,radford,/cbb/boxscores/2025-12-18-19-william-mary.html,https://www.sports-reference.com/cbb/boxscores/2025-12-18-19-william-mary.html
2025-12-18,men,georgia-southern,georgia-state,/cbb/boxscores/2025-12-18-20-georgia-southern.html,https://www.sports-reference.com/cbb/boxscores/2025-12-18-20-georgia-southern.html
2025-12-18,men,lindenwood,western-illinois,/cbb/boxscores/2025-12-18-20-lindenwood.html,https://www.sports-reference.com/cbb/boxscores/2025-12-18-20-lindenwood.html
2025-12-18,men,north-dakota,winthrop,/cbb/boxscores/2025-12-18-20-north-dakota.html,https://www.sports-reference.com/cbb/boxscores/2025-12-18-20-north-dakota.html
2025-12-18,men,oklahoma-state,missouri-kansas-city,/cbb/boxscores/2025-12-18-20-oklahoma-state.html,https://www.sports-reference.com/cbb/boxscores/2025-12-18-20-oklahoma-state.html
2025-12-18,men,arkansas-little-rock,southern-indiana,/cbb/boxscores/2025-12-18-20-southern-indiana.html,https://www.sports-reference.com/cbb/boxscores/2025-12-18-20-southern-indiana.html
2025-12-18,men,tennessee-state,tennessee-martin,/cbb/boxscores/2025-12-18-20-tennessee-state.html,https://www.sports-reference.com/cbb/boxscores/2025-12-18-20-tennessee-state.html
2025-12-18,men,tennessee-tech,southeast-missouri-state,/cbb/boxscores/2025-12-18-20-tennessee-tech.html,https://www.sports-reference.com/cbb/boxscores/2025-12-18-20-tennessee-tech.html
2025-12-18,men,texas-christian,oral-roberts,/cbb/boxscores/2025-12-18-20-texas-christian.html,https://www.sports-reference.com/cbb/boxscores/2025-12-18-20-texas-christian.html
2025-12-18,men,cal-state-bakersfield,,/cbb/boxscores/2025-12-18-21-cal-state-bakersfield.html,https://www.sports-reference.com/cbb/boxscores/2025-12-18-21-cal-state-bakersfield.html
2025-12-18,women,northern-arizona,cal-state-northridge,/cbb/boxscores/2025-12-18-21-cal-state-northridge_w.html,https://www.sports-reference.com/cbb/boxscores/2025-12-18-21-cal-state-northridge_w.html
2025-12-18,women,california-santa-barbara,eastern-washington,/cbb/boxscores/2025-12-18-21-california-santa-barbara_w.html,https://www.sports-reference.com/cbb/boxscores/2025-12-18-21-california-santa-barbara_w.html
2025-12-18,men,idaho-state,,/cbb/boxscores/2025-12-18-21-idaho-state.html,https://www.sports-reference.com/cbb/boxscores/2025-12-18-21-idaho-state.html
2025-12-18,men,illinois-state,southern-illinois,/cbb/boxscores/2025-12-18-21-southern-illinois.html,https://www.sports-reference.com/cbb/boxscores/2025-12-18-21-southern-illinois.html
2025-12-18,women,california-irvine,texas-el-paso,/cbb/boxscores/2025-12-18-21-texas-el-paso_w.html,https://www.sports-reference.com/cbb/boxscores/2025-12-18-21-texas-el-paso_w.html
2025-12-18,men,long-beach-state,pepperdine,/cbb/boxscores/2025-12-18-22-long-beach-state.html,https://www.sports-reference.com/cbb/boxscores/2025-12-18-22-long-beach-state.html
2025-12-19,women,maryland,central-connecticut-state,/cbb/boxscores/2025-12-19-00-maryland_w.html,https://www.sports-reference.com/cbb/boxscores/2025-12-19-00-maryland_w.html
2025-12-19,men,brigham-young,abilene-christian,/cbb/boxscores/2025-12-19-02-brigham-young.html,https://www.sports-reference.com/cbb/boxscores/2025-12-19-02-brigham-young.html
2025-12-19,women,kentucky,wright-state,/cbb/boxscores/2025-12-19-18-kentucky_w.html,https://www.sports-reference.com/cbb/boxscores/2025-12-19-18-kentucky_w.html
2025-12-19,women,stanford,washington,/cbb/boxscores/2025-12-19-03-stanford_w.html,https://www.sports-reference.com/cbb/boxscores/2025-12-19-03-stanford_w.html
2025-12-19,men,drexel,mount-st-marys,/cbb/boxscores/2025-12-19-00-drexel.html,https://www.sports-reference.com/cbb/boxscores/2025-12-19-00-drexel.html
2025-12-19,women,florida-international,youngstown-state,/cbb/boxscores/2025-12-19-00-florida-international_w.html,https://www.sports-reference.com/cbb/boxscores/2025-12-19-00-florida-international_w.html
2025-12-19,men,florida-state,mississippi-valley-state,/cbb/boxscores/2025-12-19-00-florida-state.html,https://www.sports-reference.com/cbb/boxscores/2025-12-19-00-florida-state.html
2025-12-19,women,eastern-kentucky,presbyterian,/cbb/boxscores/2025-12-19-00-presbyterian_w.html,https://www.sports-reference.com/cbb/boxscores/2025-12-19-00-presbyterian_w.html
2025-12-19,men,seton-hall,providence,/cbb/boxscores/2025-12-19-00-providence.html,https://www.sports-reference.com/cbb/boxscores/2025-12-19-00-providence.html
2025-12-19,women,robert-morris,,/cbb/boxscores/2025-12-19-00-robert-morris_w.html,https://www.sports-reference.com/cbb/boxscores/2025-12-19-00-robert-morris_w.html
2025-12-19,women,temple,coppin-state,/cbb/boxscores/2025-12-19-00-temple_w.html,https://www.sports-reference.com/cbb/boxscores/2025-12-19-00-temple_w.html
2025-12-19,men,towson,,/cbb/boxscores/2025-12-19-00-towson.html,https://www.sports-reference.com/cbb/boxscores/2025-12-19-00-towson.html
2025-12-19,men,baylor,alcorn-state,/cbb/boxscores/2025-12-19-01-baylor.html,https://www.sports-reference.com/cbb/boxscores/2025-12-19-01-baylor.html
2025-12-19,women,illinois-state,oakland,/cbb/boxscores/2025-12-19-01-illinois-state_w.html,https://www.sports-reference.com/cbb/boxscores/2025-12-19-01-illinois-state_w.html
2025-12-19,women,illinois,jackson-state,/cbb/boxscores/2025-12-19-01-illinois_w.html,https://www.sports-reference.com/cbb/boxscores/2025-12-19-01-illinois_w.html
2025-12-19,women,gonzaga,missouri-state,/cbb/boxscores/2025-12-19-01-missouri-state_w.html,https://www.sports-reference.com/cbb/boxscores/2025-12-19-01-missouri-state_w.html
2025-12-19,men,villanova,wisconsin,/cbb/boxscores/2025-12-19-01-wisconsin.html,https://www.sports-reference.com/cbb/boxscores/2025-12-19-01-wisconsin.html
2025-12-19,men,california,morgan-state,/cbb/boxscores/2025-12-19-03-california.html,https://www.sports-reference.com/cbb/boxscores/2025-12-19-03-california.html
2025-12-19,men,seattle,washington,/cbb/boxscores/2025-12-19-03-seattle.html,https://www.sports-reference.com/cbb/boxscores/2025-12-19-03-seattle.html
2025-12-19,men,ucla,cal-poly,/cbb/boxscores/2025-12-19-03-ucla.html,https://www.sports-reference.com/cbb/boxscores/2025-12-19-03-ucla.html
2025-12-19,women,bryant,,/cbb/boxscores/2025-12-19-11-bryant_w.html,https://www.sports-reference.com/cbb/boxscores/2025-12-19-11-bryant_w.html
2025-12-19,women,davidson,morgan-state,/cbb/boxscores/2025-12-19-11-davidson_w.html,https://www.sports-reference.com/cbb/boxscores/2025-12-19-11-davidson_w.html
2025-12-19,women,pennsylvania,washington-state,/cbb/boxscores/2025-12-19-11-pennsylvania_w.html,https://www.sports-reference.com/cbb/boxscores/2025-12-19-11-pennsylvania_w.html
2025-12-19,women,quinnipiac,manhattan,/cbb/boxscores/2025-12-19-11-quinnipiac_w.html,https://www.sports-reference.com/cbb/boxscores/2025-12-19-11-quinnipiac_w.html
2025-12-19,women,rhode-island,wagner,/cbb/boxscores/2025-12-19-11-rhode-island_w.html,https://www.sports-reference.com/cbb/boxscores/2025-12-19-11-rhode-island_w.html
2025-12-19,men,sacred-heart,dartmouth,/cbb/boxscores/2025-12-19-11-sacred-heart.html,https://www.sports-reference.com/cbb/boxscores/2025-12-19-11-sacred-heart.html
2025-12-19,women,william-mary,stetson,/cbb/boxscores/2025-12-19-11-stetson_w.html,https://www.sports-reference.com/cbb/boxscores/2025-12-19-11-stetson_w.html
2025-12-19,women,syracuse,mercyhurst,/cbb/boxscores/2025-12-19-11-syracuse_w.html,https://www.sports-reference.com/cbb/boxscores/2025-12-19-11-syracuse_w.html
2025-12-19,women,northeastern,boston-college,/cbb/boxscores/2025-12-19-12-boston-college_w.html,https://www.sports-reference.com/cbb/boxscores/2025-12-19-12-boston-college_w.html
2025-12-19,men,south-carolina-state,,/cbb/boxscores/2025-12-19-12-south-carolina-state.html,https://www.sports-reference.com/cbb/boxscores/2025-12-19-12-south-carolina-state.html
2025-12-19,women,stonehill,bethune-cookman,/cbb/boxscores/2025-12-19-13-bethune-cookman_w.html,https://www.sports-reference.com/cbb/boxscores/2025-12-19-13-bethune-cookman_w.html
2025-12-19,women,cleveland-state,college-of-charleston,/cbb/boxscores/2025-12-19-13-cleveland-state_w.html,https://www.sports-reference.com/cbb/boxscores/2025-12-19-13-cleveland-state_w.html
2025-12-19,women,massachusetts,florida-atlantic,/cbb/boxscores/2025-12-19-13-florida-atlantic_w.html,https://www.sports-reference.com/cbb/boxscores/2025-12-19-13-florida-atlantic_w.html
2025-12-19,men,samford,,/cbb/boxscores/2025-12-19-13-samford.html,https://www.sports-reference.com/cbb/boxscores/2025-12-19-13-samford.html
2025-12-19,women,wofford,,/cbb/boxscores/2025-12-19-13-wofford_w.html,https://www.sports-reference.com/cbb/boxscores/2025-12-19-13-wofford_w.html
2025-12-19,women,pacific,,/cbb/boxscores/2025-12-19-14-pacific_w.html,https://www.sports-reference.com/cbb/boxscores/2025-12-19-14-pacific_w.html
2025-12-19,men,fairleigh-dickinson,,/cbb/boxscores/2025-12-19-15-fairleigh-dickinson.html,https://www.sports-reference.com/cbb/boxscores/2025-12-19-15-fairleigh-dickinson.html
2025-12-19,women,denver,california-baptist,/cbb/boxscores/2025-12-19-16-denver_w.html,https://www.sports-reference.com/cbb/boxscores/2025-12-19-16-denver_w.html
2025-12-19,men,grambling,hampton,/cbb/boxscores/2025-12-19-17-hampton.html,https://www.sports-reference.com/cbb/boxscores/2025-12-19-17-hampton.html
2025-12-19,men,milwaukee,south-dakota-state,/cbb/boxscores/2025-12-19-17-milwaukee.html,https://www.sports-reference.com/cbb/boxscores/2025-12-19-17-milwaukee.html
2025-12-19,men,navy,coppin-state,/cbb/boxscores/2025-12-19-17-navy.html,https://www.sports-reference.com/cbb/boxscores/2025-12-19-17-navy.html
2025-12-19,women,southern-methodist,sam-houston-state,/cbb/boxscores/2025-12-19-17-sam-houston-state_w.html,https://www.sports-reference.com/cbb/boxscores/2025-12-19-17-sam-houston-state_w.html
2025-12-19,women,abilene-christian,montana,/cbb/boxscores/2025-12-19-18-abilene-christian_w.html,https://www.sports-reference.com/cbb/boxscores/2025-12-19-18-abilene-christian_w.html
2025-12-19,men,cal-state-northridge,,/cbb/boxscores/2025-12-19-18-cal-state-northridge.html,https://www.sports-reference.com/cbb/boxscores/2025-12-19-18-cal-state-northridge.html
2025-12-19,women,saint-peters,canisius,/cbb/boxscores/2025-12-19-18-canisius_w.html,https://www.sports-reference.com/cbb/boxscores/2025-12-19-18-canisius_w.html
2025-12-19,women,furman,charleston-southern,/cbb/boxscores/2025-12-19-18-charleston-southern_w.html,https://www.sports-reference.com/cbb/boxscores/2025-12-19-18-charleston-southern_w.html
2025-12-19,women,chattanooga,western-kentucky,/cbb/boxscores/2025-12-19-18-chattanooga_w.html,https://www.sports-reference.com/cbb/boxscores/2025-12-19-18-chattanooga_w.html
2025-12-19,women,sacred-heart,iona,/cbb/boxscores/2025-12-19-18-iona_w.html,https://www.sports-reference.com/cbb/boxscores/2025-12-19-18-iona_w.html
2025-12-19,women,siena,niagara,/cbb/boxscores/2025-12-19-18-niagara_w.html,https://www.sports-reference.com/cbb/boxscores/2025-12-19-18-niagara_w.html
2025-12-19,women,fairfield,rider,/cbb/boxscores/2025-12-19-18-rider_w.html,https://www.sports-reference.com/cbb/boxscores/2025-12-19-18-rider_w.html
2025-12-19,men,akron,eastern-michigan,/cbb/boxscores/2025-12-19-19-akron.html,https://www.sports-reference.com/cbb/boxscores/2025-12-19-19-akron.html
2025-12-19,women,butler,xavier,/cbb/boxscores/2025-12-19-19-butler_w.html,https://www.sports-reference.com/cbb/boxscores/2025-12-19-19-butler_w.html
2025-12-19,women,georgia,virginia-commonwealth,/cbb/boxscores/2025-12-19-19-georgia_w.html,https://www.sports-reference.com/cbb/boxscores/2025-12-19-19-georgia_w.html
2025-12-19,men,high-point,la-salle,/cbb/boxscores/2025-12-19-19-high-point.html,https://www.sports-reference.com/cbb/boxscores/2025-12-19-19-high-point.html
2025-12-19,women,ipfw,,/cbb/boxscores/2025-12-19-19-ipfw_w.html,https://www.sports-reference.com/cbb/boxscores/2025-12-19-19-ipfw_w.html
2025-12-19,men,norfolk-state,jackson-state,/cbb/boxscores/2025-12-19-19-jackson-state.html,https://www.sports-reference.com/cbb/boxscores/2025-12-19-19-jackson-state.html
2025-12-19,women,mount-st-marys,marist,/cbb/boxscores/2025-12-19-19-mount-st-marys_w.html,https://www.sports-reference.com/cbb/boxscores/2025-12-19-19-mount-st-marys_w.html
2025-12-19,women,villanova,seton-hall,/cbb/boxscores/2025-12-19-19-villanova_w.html,https://www.sports-reference.com/cbb/boxscores/2025-12-19-19-villanova_w.html
2025-12-19,men,tulsa,western-kentucky,/cbb/boxscores/2025-12-19-19-western-kentucky.html,https://www.sports-reference.com/cbb/boxscores/2025-12-19-19-western-kentucky.html
2025-12-19,women,tarleton-state,buffalo,/cbb/boxscores/2025-12-19-20-buffalo_w.html,https://www.sports-reference.com/cbb/boxscores/2025-12-19-20-buffalo_w.html
2025-12-19,men,louisiana-state,southeastern-louisiana,/cbb/boxscores/2025-12-19-20-louisiana-state.html,https://www.sports-reference.com/cbb/boxscores/2025-12-19-20-louisiana-state.html
2025-12-19,men,loyola-marymount,north-alabama,/cbb/boxscores/2025-12-19-20-loyola-marymount.html,https://www.sports-reference.com/cbb/boxscores/2025-12-19-20-loyola-marymount.html
2025-12-19,men,tarleton-state,florida-am,/cbb/boxscores/2025-12-19-20-tarleton-state.html,https://www.sports-reference.com/cbb/boxscores/2025-12-19-20-tarleton-state.html
2025-12-19,men,belmont,california-irvine,/cbb/boxscores/2025-12-19-21-california-irvine.html,https://www.sports-reference.com/cbb/boxscores/2025-12-19-21-california-irvine.html
2025-12-19,men,san-diego,california-san-diego,/cbb/boxscores/2025-12-19-22-california-san-diego.html,https://www.sports-reference.com/cbb/boxscores/2025-12-19-22-california-san-diego.html
2025-12-19,women,oregon-state,montana-state,/cbb/boxscores/2025-12-19-22-montana-state_w.html,https://www.sports-reference.com/cbb/boxscores/2025-12-19-22-montana-state_w.html
2025-12-19,men,saint-marys-ca,florida-atlantic,/cbb/boxscores/2025-12-19-22-saint-marys-ca.html,https://www.sports-reference.com/cbb/boxscores/2025-12-19-22-saint-marys-ca.html
2025-12-20,women,connecticut,iowa,/cbb/boxscores/2025-12-20-13-iowa_w.html,https://www.sports-reference.com/cbb/boxscores/2025-12-20-13-iowa_w.html
2025-12-20,men,arizona,san-diego-state,/cbb/boxscores/2025-12-20-23-arizona.html,https://www.sports-reference.com/cbb/boxscores/2025-12-20-23-arizona.html
2025-12-20,women,south-carolina,florida-gulf-coast,/cbb/boxscores/2025-12-20-14-florida-gulf-coast_w.html,https://www.sports-reference.com/cbb/boxscores/2025-12-20-14-florida-gulf-coast_w.html
2025-12-20,men,texas-tech,duke,/cbb/boxscores/2025-12-20-20-duke.html,https://www.sports-reference.com/cbb/boxscores/2025-12-20-20-duke.html
2025-12-20,women,ucla,long-beach-state,/cbb/boxscores/2025-12-20-17-ucla_w.html,https://www.sports-reference.com/cbb/boxscores/2025-12-20-17-ucla_w.html
2025-12-20,men,purdue,auburn,/cbb/boxscores/2025-12-20-00-purdue.html,https://www.sports-reference.com/cbb/boxscores/2025-12-20-00-purdue.html
2025-12-20,men,houston,arkansas,/cbb/boxscores/2025-12-20-17-arkansas.html,https://www.sports-reference.com/cbb/boxscores/2025-12-20-17-arkansas.html
2025-12-20,men,michigan-state,oakland,/cbb/boxscores/2025-12-20-00-michigan-state.html,https://www.sports-reference.com/cbb/boxscores/2025-12-20-00-michigan-state.html
2025-12-20,women,texas-christian,kansas-state,/cbb/boxscores/2025-12-20-01-texas-christian_w.html,https://www.sports-reference.com/cbb/boxscores/2025-12-20-01-texas-christian_w.html
2025-12-20,men,louisville,montana,/cbb/boxscores/2025-12-20-00-louisville.html,https://www.sports-reference.com/cbb/boxscores/2025-12-20-00-louisville.html
2025-12-20,men,north-carolina,ohio-state,/cbb/boxscores/2025-12-20-15-north-carolina.html,https://www.sports-reference.com/cbb/boxscores/2025-12-20-15-north-carolina.html
2025-12-20,women,vanderbilt,texas-southern,/cbb/boxscores/2025-12-20-01-vanderbilt_w.html,https://www.sports-reference.com/cbb/boxscores/2025-12-20-01-vanderbilt_w.html
2025-12-20,women,louisville,tennessee,/cbb/boxscores/2025-12-20-10-louisville_w.html,https://www.sports-reference.com/cbb/boxscores/2025-12-20-10-louisville_w.html
2025-12-20,men,kentucky,st-johns-ny,/cbb/boxscores/2025-12-20-12-kentucky.html,https://www.sports-reference.com/cbb/boxscores/2025-12-20-12-kentucky.html
2025-12-20,men,virginia,maryland,/cbb/boxscores/2025-12-20-18-virginia.html,https://www.sports-reference.com/cbb/boxscores/2025-12-20-18-virginia.html
2025-12-20,women,princeton,george-mason,/cbb/boxscores/2025-12-20-00-george-mason_w.html,https://www.sports-reference.com/cbb/boxscores/2025-12-20-00-george-mason_w.html
2025-12-20,women,delaware,akron,/cbb/boxscores/2025-12-20-00-akron_w.html,https://www.sports-reference.com/cbb/boxscores/2025-12-20-00-akron_w.html
2025-12-20,women,binghamton,colgate,/cbb/boxscores/2025-12-20-00-binghamton_w.html,https://www.sports-reference.com/cbb/boxscores/2025-12-20-00-binghamton_w.html
2025-12-20,women,bowling-green-state,kent-state,/cbb/boxscores/2025-12-20-00-bowling-green-state_w.html,https://www.sports-reference.com/cbb/boxscores/2025-12-20-00-bowling-green-state_w.html
2025-12-20,men,central-florida,florida-gulf-coast,/cbb/boxscores/2025-12-20-00-central-florida.html,https://www.sports-reference.com/cbb/boxscores/2025-12-20-00-central-florida.html
2025-12-20,men,liberty,dayton,/cbb/boxscores/2025-12-20-00-dayton.html,https://www.sports-reference.com/cbb/boxscores/2025-12-20-00-dayton.html
2025-12-20,women,vermont,drexel,/cbb/boxscores/2025-12-20-00-drexel_w.html,https://www.sports-reference.com/cbb/boxscores/2025-12-20-00-drexel_w.html
2025-12-20,men,jacksonville-state,east-tennessee-state,/cbb/boxscores/2025-12-20-00-east-tennessee-state.html,https://www.sports-reference.com/cbb/boxscores/2025-12-20-00-east-tennessee-state.html
2025-12-20,men,florida-international,long-island-university,/cbb/boxscores/2025-12-20-00-florida-international.html,https://www.sports-reference.com/cbb/boxscores/2025-12-20-00-florida-international.html
2025-12-20,women,florida-atlantic,florida-international,/cbb/boxscores/2025-12-20-00-florida-international_w.html,https://www.sports-reference.com/cbb/boxscores/2025-12-20-00-florida-international_w.html
2025-12-20,women,florida-state,south-carolina-state,/cbb/boxscores/2025-12-20-00-florida-state_w.html,https://www.sports-reference.com/cbb/boxscores/2025-12-20-00-florida-state_w.html
2025-12-20,men,georgia-tech,lafayette,/cbb/boxscores/2025-12-20-00-georgia-tech.html,https://www.sports-reference.com/cbb/boxscores/2025-12-20-00-georgia-tech.html
2025-12-20,women,hawaii,liberty,/cbb/boxscores/2025-12-20-00-hawaii_w.html,https://www.sports-reference.com/cbb/boxscores/2025-12-20-00-hawaii_w.html
2025-12-20,women,howard,st-bonaventure,/cbb/boxscores/2025-12-20-00-howard_w.html,https://www.sports-reference.com/cbb/boxscores/2025-12-20-00-howard_w.html
2025-12-20,men,indiana,chicago-state,/cbb/boxscores/2025-12-20-00-indiana.html,https://www.sports-reference.com/cbb/boxscores/2025-12-20-00-indiana.html
2025-12-20,women,mississippi-state,la-salle,/cbb/boxscores/2025-12-20-00-la-salle_w.html,https://www.sports-reference.com/cbb/boxscores/2025-12-20-00-la-salle_w.html
2025-12-20,women,marshall,james-madison,/cbb/boxscores/2025-12-20-00-marshall_w.html,https://www.sports-reference.com/cbb/boxscores/2025-12-20-00-marshall_w.html
2025-12-20,men,kent-state,massachusetts,/cbb/boxscores/2025-12-20-00-massachusetts.html,https://www.sports-reference.com/cbb/boxscores/2025-12-20-00-massachusetts.html
2025-12-20,women,youngstown-state,massachusetts,/cbb/boxscores/2025-12-20-00-massachusetts_w.html,https://www.sports-reference.com/cbb/boxscores/2025-12-20-00-massachusetts_w.html
2025-12-20,women,new-hampshire,dartmouth,/cbb/boxscores/2025-12-20-00-new-hampshire_w.html,https://www.sports-reference.com/cbb/boxscores/2025-12-20-00-new-hampshire_w.html
2025-12-20,men,bowling-green-state,ohio,/cbb/boxscores/2025-12-20-00-ohio.html,https://www.sports-reference.com/cbb/boxscores/2025-12-20-00-ohio.html
2025-12-20,women,saint-louis,ohio,/cbb/boxscores/2025-12-20-00-ohio_w.html,https://www.sports-reference.com/cbb/boxscores/2025-12-20-00-ohio_w.html
2025-12-20,women,penn-state,virginia-commonwealth,/cbb/boxscores/2025-12-20-00-penn-state_w.html,https://www.sports-reference.com/cbb/boxscores/2025-12-20-00-penn-state_w.html
2025-12-20,men,richmond,citadel,/cbb/boxscores/2025-12-20-00-richmond.html,https://www.sports-reference.com/cbb/boxscores/2025-12-20-00-richmond.html
2025-12-20,men,rutgers,pennsylvania,/cbb/boxscores/2025-12-20-00-rutgers.html,https://www.sports-reference.com/cbb/boxscores/2025-12-20-00-rutgers.html
2025-12-20,men,syracuse,northeastern,/cbb/boxscores/2025-12-20-00-syracuse.html,https://www.sports-reference.com/cbb/boxscores/2025-12-20-00-syracuse.html
2025-12-20,women,towson,lehigh,/cbb/boxscores/2025-12-20-00-towson_w.html,https://www.sports-reference.com/cbb/boxscores/2025-12-20-00-towson_w.html
2025-12-20,men,iona,vermont,/cbb/boxscores/2025-12-20-00-vermont.html,https://www.sports-reference.com/cbb/boxscores/2025-12-20-00-vermont.html
2025-12-20,men,virginia-tech,elon,/cbb/boxscores/2025-12-20-00-virginia-tech.html,https://www.sports-reference.com/cbb/boxscores/2025-12-20-00-virginia-tech.html
2025-12-20,women,virginia,winthrop,/cbb/boxscores/2025-12-20-00-virginia_w.html,https://www.sports-reference.com/cbb/boxscores/2025-12-20-00-virginia_w.html
2025-12-20,women,arkansas,stephen-f-austin,/cbb/boxscores/2025-12-20-01-arkansas_w.html,https://www.sports-reference.com/cbb/boxscores/2025-12-20-01-arkansas_w.html
2025-12-20,women,creighton,depaul,/cbb/boxscores/2025-12-20-01-creighton_w.html,https://www.sports-reference.com/cbb/boxscores/2025-12-20-01-creighton_w.html
2025-12-20,women,austin-peay,illinois-chicago,/cbb/boxscores/2025-12-20-01-illinois-chicago_w.html,https://www.sports-reference.com/cbb/boxscores/2025-12-20-01-illinois-chicago_w.html
2025-12-20,women,milwaukee,,/cbb/boxscores/2025-12-20-01-milwaukee_w.html,https://www.sports-reference.com/cbb/boxscores/2025-12-20-01-milwaukee_w.html
2025-12-20,men,northern-illinois,central-michigan,/cbb/boxscores/2025-12-20-01-northern-illinois.html,https://www.sports-reference.com/cbb/boxscores/2025-12-20-01-northern-illinois.html
2025-12-20,men,arkansas-state,southern-mississippi,/cbb/boxscores/2025-12-20-01-southern-mississippi.html,https://www.sports-reference.com/cbb/boxscores/2025-12-20-01-southern-mississippi.html
2025-12-20,men,tennessee-martin,tennessee-tech,/cbb/boxscores/2025-12-20-01-tennessee-tech.html,https://www.sports-reference.com/cbb/boxscores/2025-12-20-01-tennessee-tech.html
2025-12-20,men,troy,marshall,/cbb/boxscores/2025-12-20-01-troy.html,https://www.sports-reference.com/cbb/boxscores/2025-12-20-01-troy.html
2025-12-20,women,air-force,nevada,/cbb/boxscores/2025-12-20-02-air-force_w.html,https://www.sports-reference.com/cbb/boxscores/2025-12-20-02-air-force_w.html
2025-12-20,men,stanford,colorado,/cbb/boxscores/2025-12-20-02-colorado.html,https://www.sports-reference.com/cbb/boxscores/2025-12-20-02-colorado.html
2025-12-20,women,colorado-state,utah-state,/cbb/boxscores/2025-12-20-02-colorado-state_w.html,https://www.sports-reference.com/cbb/boxscores/2025-12-20-02-colorado-state_w.html
2025-12-20,men,lipscomb,,/cbb/boxscores/2025-12-20-02-lipscomb.html,https://www.sports-reference.com/cbb/boxscores/2025-12-20-02-lipscomb.html
2025-12-20,men,new-mexico,san-jose-state,/cbb/boxscores/2025-12-20-02-new-mexico.html,https://www.sports-reference.com/cbb/boxscores/2025-12-20-02-new-mexico.html
2025-12-20,men,utah,eastern-washington,/cbb/boxscores/2025-12-20-02-utah.html,https://www.sports-reference.com/cbb/boxscores/2025-12-20-02-utah.html
2025-12-20,men,utah-state,colorado-state,/cbb/boxscores/2025-12-20-02-utah-state.html,https://www.sports-reference.com/cbb/boxscores/2025-12-20-02-utah-state.html
2025-12-20,men,grand-canyon,wyoming,/cbb/boxscores/2025-12-20-02-wyoming.html,https://www.sports-reference.com/cbb/boxscores/2025-12-20-02-wyoming.html
2025-12-20,women,fresno-state,wyoming,/cbb/boxscores/2025-12-20-03-fresno-state_w.html,https://www.sports-reference.com/cbb/boxscores/2025-12-20-03-fresno-state_w.html
2025-12-20,women,idaho,,/cbb/boxscores/2025-12-20-03-idaho_w.html,https://www.sports-reference.com/cbb/boxscores/2025-12-20-03-idaho_w.html
2025-12-20,women,southern-utah,nebraska-omaha,/cbb/boxscores/2025-12-20-03-nebraska-omaha_w.html,https://www.sports-reference.com/cbb/boxscores/2025-12-20-03-nebraska-omaha_w.html
2025-12-20,men,nevada,boise-state,/cbb/boxscores/2025-12-20-03-nevada.html,https://www.sports-reference.com/cbb/boxscores/2025-12-20-03-nevada.html
2025-12-20,men,nevada-las-vegas,fresno-state,/cbb/boxscores/2025-12-20-03-nevada-las-vegas.html,https://www.sports-reference.com/cbb/boxscores/2025-12-20-03-nevada-las-vegas.html
2025-12-20,women,nevada-las-vegas,new-mexico,/cbb/boxscores/2025-12-20-03-nevada-las-vegas_w.html,https://www.sports-reference.com/cbb/boxscores/2025-12-20-03-nevada-las-vegas_w.html
2025-12-20,women,saint-marys-ca,new-mexico-state,/cbb/boxscores/2025-12-20-03-saint-marys-ca_w.html,https://www.sports-reference.com/cbb/boxscores/2025-12-20-03-saint-marys-ca_w.html
2025-12-20,women,ball-state,eastern-michigan,/cbb/boxscores/2025-12-20-11-ball-state_w.html,https://www.sports-reference.com/cbb/boxscores/2025-12-20-11-ball-state_w.html
2025-12-20,women,stetson,stonehill,/cbb/boxscores/2025-12-20-11-stetson_w.html,https://www.sports-reference.com/cbb/boxscores/2025-12-20-11-stetson_w.html
2025-12-20,women,boston-university,,/cbb/boxscores/2025-12-20-12-boston-university_w.html,https://www.sports-reference.com/cbb/boxscores/2025-12-20-12-boston-university_w.html
2025-12-20,women,high-point,yale,/cbb/boxscores/2025-12-20-12-high-point_w.html,https://www.sports-reference.com/cbb/boxscores/2025-12-20-12-high-point_w.html
2025-12-20,men,kansas-state,south-dakota,/cbb/boxscores/2025-12-20-12-kansas-state.html,https://www.sports-reference.com/cbb/boxscores/2025-12-20-12-kansas-state.html
2025-12-20,men,north-carolina-at,,/cbb/boxscores/2025-12-20-12-north-carolina-at.html,https://www.sports-reference.com/cbb/boxscores/2025-12-20-12-north-carolina-at.html
2025-12-20,women,rutgers,lafayette,/cbb/boxscores/2025-12-20-12-rutgers_w.html,https://www.sports-reference.com/cbb/boxscores/2025-12-20-12-rutgers_w.html
2025-12-20,women,saint-josephs,le-moyne,/cbb/boxscores/2025-12-20-12-saint-josephs_w.html,https://www.sports-reference.com/cbb/boxscores/2025-12-20-12-saint-josephs_w.html
2025-12-20,men,toledo,,/cbb/boxscores/2025-12-20-12-toledo.html,https://www.sports-reference.com/cbb/boxscores/2025-12-20-12-toledo.html
2025-12-20,women,richmond,alabama-am,/cbb/boxscores/2025-12-20-13-alabama-am_w.html,https://www.sports-reference.com/cbb/boxscores/2025-12-20-13-alabama-am_w.html
2025-12-20,men,georgia-state,appalachian-state,/cbb/boxscores/2025-12-20-13-appalachian-state.html,https://www.sports-reference.com/cbb/boxscores/2025-12-20-13-appalachian-state.html
2025-12-20,women,william-mary,bethune-cookman,/cbb/boxscores/2025-12-20-13-bethune-cookman_w.html,https://www.sports-reference.com/cbb/boxscores/2025-12-20-13-bethune-cookman_w.html
2025-12-20,women,central-michigan,northern-illinois,/cbb/boxscores/2025-12-20-13-central-michigan_w.html,https://www.sports-reference.com/cbb/boxscores/2025-12-20-13-central-michigan_w.html
2025-12-20,women,georgia-state,coastal-carolina,/cbb/boxscores/2025-12-20-13-coastal-carolina_w.html,https://www.sports-reference.com/cbb/boxscores/2025-12-20-13-coastal-carolina_w.html
2025-12-20,men,detroit-mercy,,/cbb/boxscores/2025-12-20-13-detroit-mercy.html,https://www.sports-reference.com/cbb/boxscores/2025-12-20-13-detroit-mercy.html
2025-12-20,women,georgia-southern,appalachian-state,/cbb/boxscores/2025-12-20-13-georgia-southern_w.html,https://www.sports-reference.com/cbb/boxscores/2025-12-20-13-georgia-southern_w.html
2025-12-20,women,marquette,,/cbb/boxscores/2025-12-20-13-marquette_w.html,https://www.sports-reference.com/cbb/boxscores/2025-12-20-13-marquette_w.html
2025-12-20,women,maryland-eastern-shore,,/cbb/boxscores/2025-12-20-13-maryland-eastern-shore_w.html,https://www.sports-reference.com/cbb/boxscores/2025-12-20-13-maryland-eastern-shore_w.html
2025-12-20,women,miami-oh,green-bay,/cbb/boxscores/2025-12-20-13-miami-oh_w.html,https://www.sports-reference.com/cbb/boxscores/2025-12-20-13-miami-oh_w.html
2025-12-20,men,niagara,,/cbb/boxscores/2025-12-20-13-niagara.html,https://www.sports-reference.com/cbb/boxscores/2025-12-20-13-niagara.html
2025-12-20,men,robert-morris,saint-francis-pa,/cbb/boxscores/2025-12-20-13-saint-francis-pa.html,https://www.sports-reference.com/cbb/boxscores/2025-12-20-13-saint-francis-pa.html
2025-12-20,women,texas-state,louisiana-monroe,/cbb/boxscores/2025-12-20-13-texas-state_w.html,https://www.sports-reference.com/cbb/boxscores/2025-12-20-13-texas-state_w.html
2025-12-20,women,tulane,delaware-state,/cbb/boxscores/2025-12-20-13-tulane_w.html,https://www.sports-reference.com/cbb/boxscores/2025-12-20-13-tulane_w.html
2025-12-20,men,buffalo,western-michigan,/cbb/boxscores/2025-12-20-13-western-michigan.html,https://www.sports-reference.com/cbb/boxscores/2025-12-20-13-western-michigan.html
2025-12-20,men,youngstown-state,south-carolina-upstate,/cbb/boxscores/2025-12-20-13-youngstown-state.html,https://www.sports-reference.com/cbb/boxscores/2025-12-20-13-youngstown-state.html
2025-12-20,men,miami-oh,ball-state,/cbb/boxscores/2025-12-20-14-ball-state.html,https://www.sports-reference.com/cbb/boxscores/2025-12-20-14-ball-state.html
2025-12-20,women,bucknell,,/cbb/boxscores/2025-12-20-14-bucknell_w.html,https://www.sports-reference.com/cbb/boxscores/2025-12-20-14-bucknell_w.html
2025-12-20,women,brigham-young,central-florida,/cbb/boxscores/2025-12-20-14-central-florida_w.html,https://www.sports-reference.com/cbb/boxscores/2025-12-20-14-central-florida_w.html
2025-12-20,women,columbia,texas-san-antonio,/cbb/boxscores/2025-12-20-14-columbia_w.html,https://www.sports-reference.com/cbb/boxscores/2025-12-20-14-columbia_w.html
2025-12-20,women,mercer,detroit-mercy,/cbb/boxscores/2025-12-20-14-detroit-mercy_w.html,https://www.sports-reference.com/cbb/boxscores/2025-12-20-14-detroit-mercy_w.html
2025-12-20,women,fairleigh-dickinson,,/cbb/boxscores/2025-12-20-14-fairleigh-dickinson_w.html,https://www.sports-reference.com/cbb/boxscores/2025-12-20-14-fairleigh-dickinson_w.html
2025-12-20,men,harvard,holy-cross,/cbb/boxscores/2025-12-20-14-harvard.html,https://www.sports-reference.com/cbb/boxscores/2025-12-20-14-harvard.html
2025-12-20,men,lindenwood,,/cbb/boxscores/2025-12-20-14-lindenwood.html,https://www.sports-reference.com/cbb/boxscores/2025-12-20-14-lindenwood.html
2025-12-20,men,mercyhurst,binghamton,/cbb/boxscores/2025-12-20-14-mercyhurst.html,https://www.sports-reference.com/cbb/boxscores/2025-12-20-14-mercyhurst.html
2025-12-20,men,mississippi-state,memphis,/cbb/boxscores/2025-12-20-14-mississippi-state.html,https://www.sports-reference.com/cbb/boxscores/2025-12-20-14-mississippi-state.html
2025-12-20,women,monmouth,,/cbb/boxscores/2025-12-20-14-monmouth_w.html,https://www.sports-reference.com/cbb/boxscores/2025-12-20-14-monmouth_w.html
2025-12-20,women,montana,tarleton-state,/cbb/boxscores/2025-12-20-14-montana_w.html,https://www.sports-reference.com/cbb/boxscores/2025-12-20-14-montana_w.html
2025-12-20,women,north-carolina-at,,/cbb/boxscores/2025-12-20-14-north-carolina-at_w.html,https://www.sports-reference.com/cbb/boxscores/2025-12-20-14-north-carolina-at_w.html
2025-12-20,men,longwood,north-carolina-central,/cbb/boxscores/2025-12-20-14-north-carolina-central.html,https://www.sports-reference.com/cbb/boxscores/2025-12-20-14-north-carolina-central.html
2025-12-20,men,howard,north-carolina-wilmington,/cbb/boxscores/2025-12-20-14-north-carolina-wilmington.html,https://www.sports-reference.com/cbb/boxscores/2025-12-20-14-north-carolina-wilmington.html
2025-12-20,women,north-dakota,,/cbb/boxscores/2025-12-20-14-north-dakota_w.html,https://www.sports-reference.com/cbb/boxscores/2025-12-20-14-north-dakota_w.html
2025-12-20,men,northwestern-state,,/cbb/boxscores/2025-12-20-14-northwestern-state.html,https://www.sports-reference.com/cbb/boxscores/2025-12-20-14-northwestern-state.html
2025-12-20,men,coastal-carolina,old-dominion,/cbb/boxscores/2025-12-20-14-old-dominion.html,https://www.sports-reference.com/cbb/boxscores/2025-12-20-14-old-dominion.html
2025-12-20,men,prairie-view,,/cbb/boxscores/2025-12-20-14-prairie-view.html,https://www.sports-reference.com/cbb/boxscores/2025-12-20-14-prairie-view.html
2025-12-20,women,queens-nc,south-carolina-upstate,/cbb/boxscores/2025-12-20-14-queens-nc_w.html,https://www.sports-reference.com/cbb/boxscores/2025-12-20-14-queens-nc_w.html
2025-12-20,women,memphis,southeastern-louisiana,/cbb/boxscores/2025-12-20-14-southeastern-louisiana_w.html,https://www.sports-reference.com/cbb/boxscores/2025-12-20-14-southeastern-louisiana_w.html
2025-12-20,women,southern-indiana,morehead-state,/cbb/boxscores/2025-12-20-14-southern-indiana_w.html,https://www.sports-reference.com/cbb/boxscores/2025-12-20-14-southern-indiana_w.html
2025-12-20,women,southern-mississippi,louisiana-lafayette,/cbb/boxscores/2025-12-20-14-southern-mississippi_w.html,https://www.sports-reference.com/cbb/boxscores/2025-12-20-14-southern-mississippi_w.html
2025-12-20,men,st-bonaventure,le-moyne,/cbb/boxscores/2025-12-20-14-st-bonaventure.html,https://www.sports-reference.com/cbb/boxscores/2025-12-20-14-st-bonaventure.html
2025-12-20,women,tennessee-state,southeast-missouri-state,/cbb/boxscores/2025-12-20-14-tennessee-state_w.html,https://www.sports-reference.com/cbb/boxscores/2025-12-20-14-tennessee-state_w.html
2025-12-20,women,tennessee-tech,tennessee-martin,/cbb/boxscores/2025-12-20-14-tennessee-tech_w.html,https://www.sports-reference.com/cbb/boxscores/2025-12-20-14-tennessee-tech_w.html
2025-12-20,women,arkansas-state,south-alabama,/cbb/boxscores/2025-12-20-15-arkansas-state_w.html,https://www.sports-reference.com/cbb/boxscores/2025-12-20-15-arkansas-state_w.html
2025-12-20,women,duke,belmont,/cbb/boxscores/2025-12-20-15-belmont_w.html,https://www.sports-reference.com/cbb/boxscores/2025-12-20-15-belmont_w.html
2025-12-20,men,louisiana-lafayette,louisiana-monroe,/cbb/boxscores/2025-12-20-15-louisiana-monroe.html,https://www.sports-reference.com/cbb/boxscores/2025-12-20-15-louisiana-monroe.html
2025-12-20,women,louisiana-tech,,/cbb/boxscores/2025-12-20-15-louisiana-tech_w.html,https://www.sports-reference.com/cbb/boxscores/2025-12-20-15-louisiana-tech_w.html
2025-12-20,women,missouri-kansas-city,,/cbb/boxscores/2025-12-20-15-missouri-kansas-city_w.html,https://www.sports-reference.com/cbb/boxscores/2025-12-20-15-missouri-kansas-city_w.html
2025-12-20,women,murray-state,,/cbb/boxscores/2025-12-20-15-murray-state_w.html,https://www.sports-reference.com/cbb/boxscores/2025-12-20-15-murray-state_w.html
2025-12-20,men,denver,northern-colorado,/cbb/boxscores/2025-12-20-15-northern-colorado.html,https://www.sports-reference.com/cbb/boxscores/2025-12-20-15-northern-colorado.html
2025-12-20,women,rice,houston-baptist,/cbb/boxscores/2025-12-20-15-rice_w.html,https://www.sports-reference.com/cbb/boxscores/2025-12-20-15-rice_w.html
2025-12-20,women,southern-illinois,,/cbb/boxscores/2025-12-20-15-southern-illinois_w.html,https://www.sports-reference.com/cbb/boxscores/2025-12-20-15-southern-illinois_w.html
2025-12-20,men,texas-pan-american,,/cbb/boxscores/2025-12-20-15-texas-pan-american.html,https://www.sports-reference.com/cbb/boxscores/2025-12-20-15-texas-pan-american.html
2025-12-20,men,texas-state,south-alabama,/cbb/boxscores/2025-12-20-15-texas-state.html,https://www.sports-reference.com/cbb/boxscores/2025-12-20-15-texas-state.html
2025-12-20,women,middle-tennessee,wichita-state,/cbb/boxscores/2025-12-20-15-wichita-state_w.html,https://www.sports-reference.com/cbb/boxscores/2025-12-20-15-wichita-state_w.html
2025-12-20,women,abilene-christian,buffalo,/cbb/boxscores/2025-12-20-16-abilene-christian_w.html,https://www.sports-reference.com/cbb/boxscores/2025-12-20-16-abilene-christian_w.html
2025-12-20,men,butler,northwestern,/cbb/boxscores/2025-12-20-16-butler.html,https://www.sports-reference.com/cbb/boxscores/2025-12-20-16-butler.html
2025-12-20,women,san-diego-state,boise-state,/cbb/boxscores/2025-12-20-16-san-diego-state_w.html,https://www.sports-reference.com/cbb/boxscores/2025-12-20-16-san-diego-state_w.html
2025-12-20,men,morehead-state,southern-indiana,/cbb/boxscores/2025-12-20-16-southern-indiana.html,https://www.sports-reference.com/cbb/boxscores/2025-12-20-16-southern-indiana.html
2025-12-20,men,southeast-missouri-state,tennessee-state,/cbb/boxscores/2025-12-20-16-tennessee-state.html,https://www.sports-reference.com/cbb/boxscores/2025-12-20-16-tennessee-state.html
2025-12-20,men,utah-valley,,/cbb/boxscores/2025-12-20-16-utah-valley.html,https://www.sports-reference.com/cbb/boxscores/2025-12-20-16-utah-valley.html
2025-12-20,women,cal-state-bakersfield,eastern-washington,/cbb/boxscores/2025-12-20-17-cal-state-bakersfield_w.html,https://www.sports-reference.com/cbb/boxscores/2025-12-20-17-cal-state-bakersfield_w.html
2025-12-20,women,northern-colorado,california-davis,/cbb/boxscores/2025-12-20-17-california-davis_w.html,https://www.sports-reference.com/cbb/boxscores/2025-12-20-17-california-davis_w.html
2025-12-20,women,northern-arizona,california-san-diego,/cbb/boxscores/2025-12-20-17-california-san-diego_w.html,https://www.sports-reference.com/cbb/boxscores/2025-12-20-17-california-san-diego_w.html
2025-12-20,men,georgia-southern,james-madison,/cbb/boxscores/2025-12-20-17-georgia-southern.html,https://www.sports-reference.com/cbb/boxscores/2025-12-20-17-georgia-southern.html
2025-12-20,men,loyola-il,santa-clara,/cbb/boxscores/2025-12-20-17-loyola-il.html,https://www.sports-reference.com/cbb/boxscores/2025-12-20-17-loyola-il.html
2025-12-20,women,pepperdine,cal-state-northridge,/cbb/boxscores/2025-12-20-17-pepperdine_w.html,https://www.sports-reference.com/cbb/boxscores/2025-12-20-17-pepperdine_w.html
2025-12-20,women,san-diego,cal-state-fullerton,/cbb/boxscores/2025-12-20-17-san-diego_w.html,https://www.sports-reference.com/cbb/boxscores/2025-12-20-17-san-diego_w.html
2025-12-20,men,washington-state,mercer,/cbb/boxscores/2025-12-20-17-washington-state.html,https://www.sports-reference.com/cbb/boxscores/2025-12-20-17-washington-state.html
2025-12-20,men,iowa,bucknell,/cbb/boxscores/2025-12-20-18-iowa.html,https://www.sports-reference.com/cbb/boxscores/2025-12-20-18-iowa.html
2025-12-20,women,weber-state,loyola-marymount,/cbb/boxscores/2025-12-20-18-loyola-marymount_w.html,https://www.sports-reference.com/cbb/boxscores/2025-12-20-18-loyola-marymount_w.html
2025-12-20,women,idaho-state,utah-valley,/cbb/boxscores/2025-12-20-18-utah-valley_w.html,https://www.sports-reference.com/cbb/boxscores/2025-12-20-18-utah-valley_w.html
2025-12-20,women,alabama-birmingham,mississippi-valley-state,/cbb/boxscores/2025-12-20-19-alabama-birmingham_w.html,https://www.sports-reference.com/cbb/boxscores/2025-12-20-19-alabama-birmingham_w.html
2025-12-20,men,nebraska-omaha,lamar,/cbb/boxscores/2025-12-20-19-lamar.html,https://www.sports-reference.com/cbb/boxscores/2025-12-20-19-lamar.html
2025-12-20,men,tulane,portland-state,/cbb/boxscores/2025-12-20-19-tulane.html,https://www.sports-reference.com/cbb/boxscores/2025-12-20-19-tulane.html
2025-12-20,men,california-baptist,sacramento-state,/cbb/boxscores/2025-12-20-20-california-baptist.html,https://www.sports-reference.com/cbb/boxscores/2025-12-20-20-california-baptist.html
2025-12-20,men,creighton,marquette,/cbb/boxscores/2025-12-20-20-creighton.html,https://www.sports-reference.com/cbb/boxscores/2025-12-20-20-creighton.html
2025-12-20,men,xavier,georgetown,/cbb/boxscores/2025-12-20-20-georgetown.html,https://www.sports-reference.com/cbb/boxscores/2025-12-20-20-georgetown.html
2025-12-20,women,montana-state,hawaii,/cbb/boxscores/2025-12-20-20-hawaii_w.html,https://www.sports-reference.com/cbb/boxscores/2025-12-20-20-hawaii_w.html
2025-12-20,men,st-thomas-mn,california-riverside,/cbb/boxscores/2025-12-20-20-st-thomas-mn.html,https://www.sports-reference.com/cbb/boxscores/2025-12-20-20-st-thomas-mn.html
2025-12-20,men,texas-am-corpus-christi,,/cbb/boxscores/2025-12-20-20-texas-am-corpus-christi.html,https://www.sports-reference.com/cbb/boxscores/2025-12-20-20-texas-am-corpus-christi.html
2025-12-20,men,pepperdine,rice,/cbb/boxscores/2025-12-20-21-pepperdine.html,https://www.sports-reference.com/cbb/boxscores/2025-12-20-21-pepperdine.html
2025-12-20,men,dixie-state,weber-state,/cbb/boxscores/2025-12-20-21-weber-state.html,https://www.sports-reference.com/cbb/boxscores/2025-12-20-21-weber-state.html
2025-12-20,women,oregon-state,liberty,/cbb/boxscores/2025-12-20-23-liberty_w.html,https://www.sports-reference.com/cbb/boxscores/2025-12-20-23-liberty_w.html
2025-12-21,men,michigan,la-salle,/cbb/boxscores/2025-12-21-00-michigan.html,https://www.sports-reference.com/cbb/boxscores/2025-12-21-00-michigan.html
2025-12-21,women,texas,south-dakota-state,/cbb/boxscores/2025-12-21-15-south-dakota-state_w.html,https://www.sports-reference.com/cbb/boxscores/2025-12-21-15-south-dakota-state_w.html
2025-12-21,men,iowa-state,long-beach-state,/cbb/boxscores/2025-12-21-18-iowa-state.html,https://www.sports-reference.com/cbb/boxscores/2025-12-21-18-iowa-state.html
2025-12-21,women,louisiana-state,texas-arlington,/cbb/boxscores/2025-12-21-14-louisiana-state_w.html,https://www.sports-reference.com/cbb/boxscores/2025-12-21-14-louisiana-state_w.html
2025-12-21,men,connecticut,depaul,/cbb/boxscores/2025-12-21-16-depaul.html,https://www.sports-reference.com/cbb/boxscores/2025-12-21-16-depaul.html
2025-12-21,women,michigan,oakland,/cbb/boxscores/2025-12-21-00-michigan_w.html,https://www.sports-reference.com/cbb/boxscores/2025-12-21-00-michigan_w.html
2025-12-21,men,gonzaga,oregon,/cbb/boxscores/2025-12-21-03-gonzaga.html,https://www.sports-reference.com/cbb/boxscores/2025-12-21-03-gonzaga.html
2025-12-21,women,iowa-state,kansas,/cbb/boxscores/2025-12-21-13-iowa-state_w.html,https://www.sports-reference.com/cbb/boxscores/2025-12-21-13-iowa-state_w.html
2025-12-21,men,vanderbilt,wake-forest,/cbb/boxscores/2025-12-21-00-wake-forest.html,https://www.sports-reference.com/cbb/boxscores/2025-12-21-00-wake-forest.html
2025-12-21,women,mississippi,old-dominion,/cbb/boxscores/2025-12-21-00-old-dominion_w.html,https://www.sports-reference.com/cbb/boxscores/2025-12-21-00-old-dominion_w.html
2025-12-21,women,texas-tech,baylor,/cbb/boxscores/2025-12-21-01-baylor_w.html,https://www.sports-reference.com/cbb/boxscores/2025-12-21-01-baylor_w.html
2025-12-21,men,nebraska,north-dakota,/cbb/boxscores/2025-12-21-20-nebraska.html,https://www.sports-reference.com/cbb/boxscores/2025-12-21-20-nebraska.html
2025-12-21,men,alabama,kennesaw-state,/cbb/boxscores/2025-12-21-01-alabama.html,https://www.sports-reference.com/cbb/boxscores/2025-12-21-01-alabama.html
2025-12-21,women,north-carolina,charleston-southern,/cbb/boxscores/2025-12-21-00-north-carolina_w.html,https://www.sports-reference.com/cbb/boxscores/2025-12-21-00-north-carolina_w.html
2025-12-21,women,southern-california,california,/cbb/boxscores/2025-12-21-20-california_w.html,https://www.sports-reference.com/cbb/boxscores/2025-12-21-20-california_w.html
2025-12-21,men,tennessee,gardner-webb,/cbb/boxscores/2025-12-21-15-tennessee.html,https://www.sports-reference.com/cbb/boxscores/2025-12-21-15-tennessee.html
2025-12-21,women,notre-dame,bellarmine,/cbb/boxscores/2025-12-21-17-notre-dame_w.html,https://www.sports-reference.com/cbb/boxscores/2025-12-21-17-notre-dame_w.html
2025-12-21,women,washington,pacific,/cbb/boxscores/2025-12-21-16-pacific_w.html,https://www.sports-reference.com/cbb/boxscores/2025-12-21-16-pacific_w.html
2025-12-21,men,florida,colgate,/cbb/boxscores/2025-12-21-12-florida.html,https://www.sports-reference.com/cbb/boxscores/2025-12-21-12-florida.html
2025-12-21,women,nebraska,california-baptist,/cbb/boxscores/2025-12-21-12-nebraska_w.html,https://www.sports-reference.com/cbb/boxscores/2025-12-21-12-nebraska_w.html
2025-12-21,women,michigan-state,indiana-state,/cbb/boxscores/2025-12-21-15-indiana-state_w.html,https://www.sports-reference.com/cbb/boxscores/2025-12-21-15-indiana-state_w.html
2025-12-21,women,albany-ny,hofstra,/cbb/boxscores/2025-12-21-00-albany-ny_w.html,https://www.sports-reference.com/cbb/boxscores/2025-12-21-00-albany-ny_w.html
2025-12-21,men,boston-university,massachusetts-lowell,/cbb/boxscores/2025-12-21-00-boston-university.html,https://www.sports-reference.com/cbb/boxscores/2025-12-21-00-boston-university.html
2025-12-21,men,charlotte,illinois-chicago,/cbb/boxscores/2025-12-21-00-charlotte.html,https://www.sports-reference.com/cbb/boxscores/2025-12-21-00-charlotte.html
2025-12-21,men,clemson,cincinnati,/cbb/boxscores/2025-12-21-00-cincinnati.html,https://www.sports-reference.com/cbb/boxscores/2025-12-21-00-cincinnati.html
2025-12-21,women,oklahoma-state,cincinnati,/cbb/boxscores/2025-12-21-00-cincinnati_w.html,https://www.sports-reference.com/cbb/boxscores/2025-12-21-00-cincinnati_w.html
2025-12-21,women,north-carolina-state,davidson,/cbb/boxscores/2025-12-21-00-davidson_w.html,https://www.sports-reference.com/cbb/boxscores/2025-12-21-00-davidson_w.html
2025-12-21,women,elon,norfolk-state,/cbb/boxscores/2025-12-21-00-elon_w.html,https://www.sports-reference.com/cbb/boxscores/2025-12-21-00-elon_w.html
2025-12-21,women,west-georgia,florida-am,/cbb/boxscores/2025-12-21-00-florida-am_w.html,https://www.sports-reference.com/cbb/boxscores/2025-12-21-00-florida-am_w.html
2025-12-21,women,tulsa,florida,/cbb/boxscores/2025-12-21-00-florida_w.html,https://www.sports-reference.com/cbb/boxscores/2025-12-21-00-florida_w.html
2025-12-21,men,furman,charleston-southern,/cbb/boxscores/2025-12-21-00-furman.html,https://www.sports-reference.com/cbb/boxscores/2025-12-21-00-furman.html
2025-12-21,women,holy-cross,massachusetts-lowell,/cbb/boxscores/2025-12-21-00-holy-cross_w.html,https://www.sports-reference.com/cbb/boxscores/2025-12-21-00-holy-cross_w.html
2025-12-21,women,indiana,western-carolina,/cbb/boxscores/2025-12-21-00-indiana_w.html,https://www.sports-reference.com/cbb/boxscores/2025-12-21-00-indiana_w.html
2025-12-21,women,miami-fl,kennesaw-state,/cbb/boxscores/2025-12-21-00-miami-fl_w.html,https://www.sports-reference.com/cbb/boxscores/2025-12-21-00-miami-fl_w.html
2025-12-21,men,north-carolina-greensboro,,/cbb/boxscores/2025-12-21-00-north-carolina-greensboro.html,https://www.sports-reference.com/cbb/boxscores/2025-12-21-00-north-carolina-greensboro.html
2025-12-21,men,college-of-charleston,northern-kentucky,/cbb/boxscores/2025-12-21-00-northern-kentucky.html,https://www.sports-reference.com/cbb/boxscores/2025-12-21-00-northern-kentucky.html
2025-12-21,women,bradley,northern-kentucky,/cbb/boxscores/2025-12-21-00-northern-kentucky_w.html,https://www.sports-reference.com/cbb/boxscores/2025-12-21-00-northern-kentucky_w.html
2025-12-21,men,pittsburgh,penn-state,/cbb/boxscores/2025-12-21-00-penn-state.html,https://www.sports-reference.com/cbb/boxscores/2025-12-21-00-penn-state.html
2025-12-21,women,jacksonville-state,presbyterian,/cbb/boxscores/2025-12-21-00-presbyterian_w.html,https://www.sports-reference.com/cbb/boxscores/2025-12-21-00-presbyterian_w.html
2025-12-21,women,providence,georgetown,/cbb/boxscores/2025-12-21-00-providence_w.html,https://www.sports-reference.com/cbb/boxscores/2025-12-21-00-providence_w.html
2025-12-21,women,purdue,jackson-state,/cbb/boxscores/2025-12-21-00-purdue_w.html,https://www.sports-reference.com/cbb/boxscores/2025-12-21-00-purdue_w.html
2025-12-21,women,west-virginia,houston,/cbb/boxscores/2025-12-21-00-west-virginia_w.html,https://www.sports-reference.com/cbb/boxscores/2025-12-21-00-west-virginia_w.html
2025-12-21,men,alabama-birmingham,north-carolina-asheville,/cbb/boxscores/2025-12-21-01-alabama-birmingham.html,https://www.sports-reference.com/cbb/boxscores/2025-12-21-01-alabama-birmingham.html
2025-12-21,men,baylor,southern,/cbb/boxscores/2025-12-21-01-baylor.html,https://www.sports-reference.com/cbb/boxscores/2025-12-21-01-baylor.html
2025-12-21,men,bradley,southern-illinois,/cbb/boxscores/2025-12-21-01-bradley.html,https://www.sports-reference.com/cbb/boxscores/2025-12-21-01-bradley.html
2025-12-21,women,lindenwood,eastern-illinois,/cbb/boxscores/2025-12-21-01-eastern-illinois_w.html,https://www.sports-reference.com/cbb/boxscores/2025-12-21-01-eastern-illinois_w.html
2025-12-21,men,drake,evansville,/cbb/boxscores/2025-12-21-01-evansville.html,https://www.sports-reference.com/cbb/boxscores/2025-12-21-01-evansville.html
2025-12-21,men,illinois-state,indiana-state,/cbb/boxscores/2025-12-21-01-illinois-state.html,https://www.sports-reference.com/cbb/boxscores/2025-12-21-01-illinois-state.html
2025-12-21,men,middle-tennessee,,/cbb/boxscores/2025-12-21-01-middle-tennessee.html,https://www.sports-reference.com/cbb/boxscores/2025-12-21-01-middle-tennessee.html
2025-12-21,women,missouri,north-alabama,/cbb/boxscores/2025-12-21-01-missouri_w.html,https://www.sports-reference.com/cbb/boxscores/2025-12-21-01-missouri_w.html
2025-12-21,women,northwestern-state,lamar,/cbb/boxscores/2025-12-21-01-northwestern-state_w.html,https://www.sports-reference.com/cbb/boxscores/2025-12-21-01-northwestern-state_w.html
2025-12-21,women,southern-methodist,southern,/cbb/boxscores/2025-12-21-01-southern-methodist_w.html,https://www.sports-reference.com/cbb/boxscores/2025-12-21-01-southern-methodist_w.html
2025-12-21,women,wisconsin,iupui,/cbb/boxscores/2025-12-21-01-wisconsin_w.html,https://www.sports-reference.com/cbb/boxscores/2025-12-21-01-wisconsin_w.html
2025-12-21,women,arizona-state,colorado,/cbb/boxscores/2025-12-21-02-arizona-state_w.html,https://www.sports-reference.com/cbb/boxscores/2025-12-21-02-arizona-state_w.html
2025-12-21,men,new-mexico-state,sam-houston-state,/cbb/boxscores/2025-12-21-02-new-mexico-state.html,https://www.sports-reference.com/cbb/boxscores/2025-12-21-02-new-mexico-state.html
2025-12-21,men,idaho,cal-poly,/cbb/boxscores/2025-12-21-03-cal-poly.html,https://www.sports-reference.com/cbb/boxscores/2025-12-21-03-cal-poly.html
2025-12-21,men,california,columbia,/cbb/boxscores/2025-12-21-03-california.html,https://www.sports-reference.com/cbb/boxscores/2025-12-21-03-california.html
2025-12-21,women,weber-state,nebraska-omaha,/cbb/boxscores/2025-12-21-03-nebraska-omaha_w.html,https://www.sports-reference.com/cbb/boxscores/2025-12-21-03-nebraska-omaha_w.html
2025-12-21,men,san-francisco,morgan-state,/cbb/boxscores/2025-12-21-03-san-francisco.html,https://www.sports-reference.com/cbb/boxscores/2025-12-21-03-san-francisco.html
2025-12-21,men,southern-california,,/cbb/boxscores/2025-12-21-03-southern-california.html,https://www.sports-reference.com/cbb/boxscores/2025-12-21-03-southern-california.html
2025-12-21,women,cleveland-state,,/cbb/boxscores/2025-12-21-10-cleveland-state_w.html,https://www.sports-reference.com/cbb/boxscores/2025-12-21-10-cleveland-state_w.html
2025-12-21,women,east-tennessee-state,charlotte,/cbb/boxscores/2025-12-21-11-charlotte_w.html,https://www.sports-reference.com/cbb/boxscores/2025-12-21-11-charlotte_w.html
2025-12-21,women,american,maryland-baltimore-county,/cbb/boxscores/2025-12-21-12-american_w.html,https://www.sports-reference.com/cbb/boxscores/2025-12-21-12-american_w.html
2025-12-21,women,georgia,coppin-state,/cbb/boxscores/2025-12-21-12-coppin-state_w.html,https://www.sports-reference.com/cbb/boxscores/2025-12-21-12-coppin-state_w.html
2025-12-21,women,detroit-mercy,delaware-state,/cbb/boxscores/2025-12-21-12-delaware-state_w.html,https://www.sports-reference.com/cbb/boxscores/2025-12-21-12-delaware-state_w.html
2025-12-21,women,maine,harvard,/cbb/boxscores/2025-12-21-12-harvard_w.html,https://www.sports-reference.com/cbb/boxscores/2025-12-21-12-harvard_w.html
2025-12-21,women,akron,le-moyne,/cbb/boxscores/2025-12-21-12-le-moyne_w.html,https://www.sports-reference.com/cbb/boxscores/2025-12-21-12-le-moyne_w.html
2025-12-21,men,mount-st-marys,,/cbb/boxscores/2025-12-21-12-mount-st-marys.html,https://www.sports-reference.com/cbb/boxscores/2025-12-21-12-mount-st-marys.html
2025-12-21,men,navy,,/cbb/boxscores/2025-12-21-12-navy.html,https://www.sports-reference.com/cbb/boxscores/2025-12-21-12-navy.html
2025-12-21,women,saint-peters,niagara,/cbb/boxscores/2025-12-21-12-niagara_w.html,https://www.sports-reference.com/cbb/boxscores/2025-12-21-12-niagara_w.html
2025-12-21,men,ipfw,notre-dame,/cbb/boxscores/2025-12-21-12-notre-dame.html,https://www.sports-reference.com/cbb/boxscores/2025-12-21-12-notre-dame.html
2025-12-21,women,virginia-tech,radford,/cbb/boxscores/2025-12-21-12-virginia-tech_w.html,https://www.sports-reference.com/cbb/boxscores/2025-12-21-12-virginia-tech_w.html
2025-12-21,men,winthrop,,/cbb/boxscores/2025-12-21-12-winthrop.html,https://www.sports-reference.com/cbb/boxscores/2025-12-21-12-winthrop.html
2025-12-21,women,bryant,,/cbb/boxscores/2025-12-21-13-bryant_w.html,https://www.sports-reference.com/cbb/boxscores/2025-12-21-13-bryant_w.html
2025-12-21,women,siena,canisius,/cbb/boxscores/2025-12-21-13-canisius_w.html,https://www.sports-reference.com/cbb/boxscores/2025-12-21-13-canisius_w.html
2025-12-21,women,dayton,evansville,/cbb/boxscores/2025-12-21-13-dayton_w.html,https://www.sports-reference.com/cbb/boxscores/2025-12-21-13-dayton_w.html
2025-12-21,women,duquesne,pittsburgh,/cbb/boxscores/2025-12-21-13-duquesne_w.html,https://www.sports-reference.com/cbb/boxscores/2025-12-21-13-duquesne_w.html
2025-12-21,women,fordham,saint-francis-pa,/cbb/boxscores/2025-12-21-13-fordham_w.html,https://www.sports-reference.com/cbb/boxscores/2025-12-21-13-fordham_w.html
2025-12-21,women,george-washington,northwestern,/cbb/boxscores/2025-12-21-13-george-washington_w.html,https://www.sports-reference.com/cbb/boxscores/2025-12-21-13-george-washington_w.html
2025-12-21,men,hofstra,quinnipiac,/cbb/boxscores/2025-12-21-13-hofstra.html,https://www.sports-reference.com/cbb/boxscores/2025-12-21-13-hofstra.html
2025-12-21,women,loyola-md,morgan-state,/cbb/boxscores/2025-12-21-13-loyola-md_w.html,https://www.sports-reference.com/cbb/boxscores/2025-12-21-13-loyola-md_w.html
2025-12-21,men,marist,stony-brook,/cbb/boxscores/2025-12-21-13-marist.html,https://www.sports-reference.com/cbb/boxscores/2025-12-21-13-marist.html
2025-12-21,men,monmouth,lehigh,/cbb/boxscores/2025-12-21-13-monmouth.html,https://www.sports-reference.com/cbb/boxscores/2025-12-21-13-monmouth.html
2025-12-21,men,north-carolina-state,mississippi,/cbb/boxscores/2025-12-21-13-north-carolina-state.html,https://www.sports-reference.com/cbb/boxscores/2025-12-21-13-north-carolina-state.html
2025-12-21,women,south-florida,navy,/cbb/boxscores/2025-12-21-13-south-florida_w.html,https://www.sports-reference.com/cbb/boxscores/2025-12-21-13-south-florida_w.html
2025-12-21,women,texas-am,prairie-view,/cbb/boxscores/2025-12-21-13-texas-am_w.html,https://www.sports-reference.com/cbb/boxscores/2025-12-21-13-texas-am_w.html
2025-12-21,men,cornell,albany-ny,/cbb/boxscores/2025-12-21-14-albany-ny.html,https://www.sports-reference.com/cbb/boxscores/2025-12-21-14-albany-ny.html
2025-12-21,women,clemson,north-florida,/cbb/boxscores/2025-12-21-14-clemson_w.html,https://www.sports-reference.com/cbb/boxscores/2025-12-21-14-clemson_w.html
2025-12-21,men,delaware-state,,/cbb/boxscores/2025-12-21-14-delaware-state.html,https://www.sports-reference.com/cbb/boxscores/2025-12-21-14-delaware-state.html
2025-12-21,men,drexel,maine,/cbb/boxscores/2025-12-21-14-drexel.html,https://www.sports-reference.com/cbb/boxscores/2025-12-21-14-drexel.html
2025-12-21,women,east-carolina,campbell,/cbb/boxscores/2025-12-21-14-east-carolina_w.html,https://www.sports-reference.com/cbb/boxscores/2025-12-21-14-east-carolina_w.html
2025-12-21,women,fairfield,merrimack,/cbb/boxscores/2025-12-21-14-fairfield_w.html,https://www.sports-reference.com/cbb/boxscores/2025-12-21-14-fairfield_w.html
2025-12-21,men,george-mason,loyola-md,/cbb/boxscores/2025-12-21-14-george-mason.html,https://www.sports-reference.com/cbb/boxscores/2025-12-21-14-george-mason.html
2025-12-21,women,longwood,north-carolina-wilmington,/cbb/boxscores/2025-12-21-14-longwood_w.html,https://www.sports-reference.com/cbb/boxscores/2025-12-21-14-longwood_w.html
2025-12-21,men,manhattan,presbyterian,/cbb/boxscores/2025-12-21-14-manhattan.html,https://www.sports-reference.com/cbb/boxscores/2025-12-21-14-manhattan.html
2025-12-21,men,oklahoma-state,cal-state-fullerton,/cbb/boxscores/2025-12-21-14-oklahoma-state.html,https://www.sports-reference.com/cbb/boxscores/2025-12-21-14-oklahoma-state.html
2025-12-21,women,richmond,penn-state,/cbb/boxscores/2025-12-21-14-penn-state_w.html,https://www.sports-reference.com/cbb/boxscores/2025-12-21-14-penn-state_w.html
2025-12-21,men,radford,virginia-military-institute,/cbb/boxscores/2025-12-21-14-radford.html,https://www.sports-reference.com/cbb/boxscores/2025-12-21-14-radford.html
2025-12-21,women,sacred-heart,rider,/cbb/boxscores/2025-12-21-14-sacred-heart_w.html,https://www.sports-reference.com/cbb/boxscores/2025-12-21-14-sacred-heart_w.html
2025-12-21,women,saint-josephs,delaware,/cbb/boxscores/2025-12-21-14-saint-josephs_w.html,https://www.sports-reference.com/cbb/boxscores/2025-12-21-14-saint-josephs_w.html
2025-12-21,men,southern-methodist,central-arkansas,/cbb/boxscores/2025-12-21-14-southern-methodist.html,https://www.sports-reference.com/cbb/boxscores/2025-12-21-14-southern-methodist.html
2025-12-21,men,stephen-f-austin,,/cbb/boxscores/2025-12-21-14-stephen-f-austin.html,https://www.sports-reference.com/cbb/boxscores/2025-12-21-14-stephen-f-austin.html
2025-12-21,women,mercer,tulane,/cbb/boxscores/2025-12-21-14-tulane_w.html,https://www.sports-reference.com/cbb/boxscores/2025-12-21-14-tulane_w.html
2025-12-21,men,murray-state,valparaiso,/cbb/boxscores/2025-12-21-14-valparaiso.html,https://www.sports-reference.com/cbb/boxscores/2025-12-21-14-valparaiso.html
2025-12-21,women,alabama,troy,/cbb/boxscores/2025-12-21-15-alabama_w.html,https://www.sports-reference.com/cbb/boxscores/2025-12-21-15-alabama_w.html
2025-12-21,men,oregon-state,arizona-state,/cbb/boxscores/2025-12-21-15-arizona-state.html,https://www.sports-reference.com/cbb/boxscores/2025-12-21-15-arizona-state.html
2025-12-21,women,minnesota,drake,/cbb/boxscores/2025-12-21-15-drake_w.html,https://www.sports-reference.com/cbb/boxscores/2025-12-21-15-drake_w.html
2025-12-21,men,incarnate-word,northern-arizona,/cbb/boxscores/2025-12-21-15-incarnate-word.html,https://www.sports-reference.com/cbb/boxscores/2025-12-21-15-incarnate-word.html
2025-12-21,men,miami-fl,north-florida,/cbb/boxscores/2025-12-21-15-miami-fl.html,https://www.sports-reference.com/cbb/boxscores/2025-12-21-15-miami-fl.html
2025-12-21,women,mount-st-marys,iona,/cbb/boxscores/2025-12-21-15-mount-st-marys_w.html,https://www.sports-reference.com/cbb/boxscores/2025-12-21-15-mount-st-marys_w.html
2025-12-21,women,santa-clara,north-texas,/cbb/boxscores/2025-12-21-15-north-texas_w.html,https://www.sports-reference.com/cbb/boxscores/2025-12-21-15-north-texas_w.html
2025-12-21,men,saint-louis,new-hampshire,/cbb/boxscores/2025-12-21-15-saint-louis.html,https://www.sports-reference.com/cbb/boxscores/2025-12-21-15-saint-louis.html
2025-12-21,men,south-florida,maryland-baltimore-county,/cbb/boxscores/2025-12-21-15-south-florida.html,https://www.sports-reference.com/cbb/boxscores/2025-12-21-15-south-florida.html
2025-12-21,women,northern-iowa,st-thomas-mn,/cbb/boxscores/2025-12-21-15-st-thomas-mn_w.html,https://www.sports-reference.com/cbb/boxscores/2025-12-21-15-st-thomas-mn_w.html
2025-12-21,men,texas-am,texas-am-commerce,/cbb/boxscores/2025-12-21-16-texas-am.html,https://www.sports-reference.com/cbb/boxscores/2025-12-21-16-texas-am.html
2025-12-21,men,texas-christian,florida-am,/cbb/boxscores/2025-12-21-16-texas-christian.html,https://www.sports-reference.com/cbb/boxscores/2025-12-21-16-texas-christian.html
2025-12-21,women,gonzaga,california-riverside,/cbb/boxscores/2025-12-21-17-california-riverside_w.html,https://www.sports-reference.com/cbb/boxscores/2025-12-21-17-california-riverside_w.html
2025-12-21,men,milwaukee,cleveland-state,/cbb/boxscores/2025-12-21-17-cleveland-state.html,https://www.sports-reference.com/cbb/boxscores/2025-12-21-17-cleveland-state.html
2025-12-21,women,loyola-marymount,southern-utah,/cbb/boxscores/2025-12-21-17-loyola-marymount_w.html,https://www.sports-reference.com/cbb/boxscores/2025-12-21-17-loyola-marymount_w.html
2025-12-21,women,quinnipiac,marist,/cbb/boxscores/2025-12-21-17-marist_w.html,https://www.sports-reference.com/cbb/boxscores/2025-12-21-17-marist_w.html
2025-12-21,women,portland,portland-state,/cbb/boxscores/2025-12-21-17-portland-state_w.html,https://www.sports-reference.com/cbb/boxscores/2025-12-21-17-portland-state_w.html
2025-12-21,women,san-jose-state,sacramento-state,/cbb/boxscores/2025-12-21-17-san-jose-state_w.html,https://www.sports-reference.com/cbb/boxscores/2025-12-21-17-san-jose-state_w.html
2025-12-21,men,wichita-state,eastern-kentucky,/cbb/boxscores/2025-12-21-17-wichita-state.html,https://www.sports-reference.com/cbb/boxscores/2025-12-21-17-wichita-state.html
2025-12-21,men,california-davis,idaho-state,/cbb/boxscores/2025-12-21-18-idaho-state.html,https://www.sports-reference.com/cbb/boxscores/2025-12-21-18-idaho-state.html
2025-12-21,men,minnesota,campbell,/cbb/boxscores/2025-12-21-18-minnesota.html,https://www.sports-reference.com/cbb/boxscores/2025-12-21-18-minnesota.html
2025-12-21,women,stanford,oregon,/cbb/boxscores/2025-12-21-18-oregon_w.html,https://www.sports-reference.com/cbb/boxscores/2025-12-21-18-oregon_w.html
2025-12-21,men,california-irvine,north-dakota-state,/cbb/boxscores/2025-12-21-19-north-dakota-state.html,https://www.sports-reference.com/cbb/boxscores/2025-12-21-19-north-dakota-state.html
2025-12-21,men,pacific,nicholls-state,/cbb/boxscores/2025-12-21-19-pacific.html,https://www.sports-reference.com/cbb/boxscores/2025-12-21-19-pacific.html
2025-12-21,men,chattanooga,alabama-am,/cbb/boxscores/2025-12-21-20-alabama-am.html,https://www.sports-reference.com/cbb/boxscores/2025-12-21-20-alabama-am.html
2025-12-21,men,norfolk-state,texas-el-paso,/cbb/boxscores/2025-12-21-21-texas-el-paso.html,https://www.sports-reference.com/cbb/boxscores/2025-12-21-21-texas-el-paso.html
2025-12-22,men,arizona,bethune-cookman,/cbb/boxscores/2025-12-22-21-arizona.html,https://www.sports-reference.com/cbb/boxscores/2025-12-22-21-arizona.html
2025-12-22,women,oklahoma,north-carolina-central,/cbb/boxscores/2025-12-22-01-oklahoma_w.html,https://www.sports-reference.com/cbb/boxscores/2025-12-22-01-oklahoma_w.html
2025-12-22,men,brigham-young,eastern-washington,/cbb/boxscores/2025-12-22-21-brigham-young.html,https://www.sports-reference.com/cbb/boxscores/2025-12-22-21-brigham-young.html
2025-12-22,men,north-carolina,east-carolina,/cbb/boxscores/2025-12-22-00-north-carolina.html,https://www.sports-reference.com/cbb/boxscores/2025-12-22-00-north-carolina.html
2025-12-22,women,michigan-state,mississippi,/cbb/boxscores/2025-12-22-00-mississippi_w.html,https://www.sports-reference.com/cbb/boxscores/2025-12-22-00-mississippi_w.html
2025-12-22,men,kansas,davidson,/cbb/boxscores/2025-12-22-20-kansas.html,https://www.sports-reference.com/cbb/boxscores/2025-12-22-20-kansas.html
2025-12-22,women,ohio-state,western-michigan,/cbb/boxscores/2025-12-22-18-ohio-state_w.html,https://www.sports-reference.com/cbb/boxscores/2025-12-22-18-ohio-state_w.html
2025-12-22,men,illinois,missouri,/cbb/boxscores/2025-12-22-20-illinois.html,https://www.sports-reference.com/cbb/boxscores/2025-12-22-20-illinois.html
2025-12-22,men,virginia,american,/cbb/boxscores/2025-12-22-18-virginia.html,https://www.sports-reference.com/cbb/boxscores/2025-12-22-18-virginia.html
2025-12-22,men,georgia,west-georgia,/cbb/boxscores/2025-12-22-14-georgia.html,https://www.sports-reference.com/cbb/boxscores/2025-12-22-14-georgia.html
2025-12-22,women,tennessee,southern-indiana,/cbb/boxscores/2025-12-22-18-tennessee_w.html,https://www.sports-reference.com/cbb/boxscores/2025-12-22-18-tennessee_w.html
2025-12-22,women,princeton,temple,/cbb/boxscores/2025-12-22-11-princeton_w.html,https://www.sports-reference.com/cbb/boxscores/2025-12-22-11-princeton_w.html
2025-12-22,men,boston-college,fairleigh-dickinson,/cbb/boxscores/2025-12-22-00-boston-college.html,https://www.sports-reference.com/cbb/boxscores/2025-12-22-00-boston-college.html
2025-12-22,men,duquesne,canisius,/cbb/boxscores/2025-12-22-00-duquesne.html,https://www.sports-reference.com/cbb/boxscores/2025-12-22-00-duquesne.html
2025-12-22,men,elon,,/cbb/boxscores/2025-12-22-00-elon.html,https://www.sports-reference.com/cbb/boxscores/2025-12-22-00-elon.html
2025-12-22,men,florida-state,jacksonville,/cbb/boxscores/2025-12-22-00-florida-state.html,https://www.sports-reference.com/cbb/boxscores/2025-12-22-00-florida-state.html
2025-12-22,men,fordham,new-haven,/cbb/boxscores/2025-12-22-00-fordham.html,https://www.sports-reference.com/cbb/boxscores/2025-12-22-00-fordham.html
2025-12-22,men,indiana,siena,/cbb/boxscores/2025-12-22-00-indiana.html,https://www.sports-reference.com/cbb/boxscores/2025-12-22-00-indiana.html
2025-12-22,women,old-dominion,indiana-state,/cbb/boxscores/2025-12-22-00-indiana-state_w.html,https://www.sports-reference.com/cbb/boxscores/2025-12-22-00-indiana-state_w.html
2025-12-22,men,ohio,,/cbb/boxscores/2025-12-22-00-ohio.html,https://www.sports-reference.com/cbb/boxscores/2025-12-22-00-ohio.html
2025-12-22,men,syracuse,stonehill,/cbb/boxscores/2025-12-22-00-syracuse.html,https://www.sports-reference.com/cbb/boxscores/2025-12-22-00-syracuse.html
2025-12-22,men,temple,princeton,/cbb/boxscores/2025-12-22-00-temple.html,https://www.sports-reference.com/cbb/boxscores/2025-12-22-00-temple.html
2025-12-22,men,virginia-commonwealth,rider,/cbb/boxscores/2025-12-22-00-virginia-commonwealth.html,https://www.sports-reference.com/cbb/boxscores/2025-12-22-00-virginia-commonwealth.html
2025-12-22,women,wake-forest,gardner-webb,/cbb/boxscores/2025-12-22-00-wake-forest_w.html,https://www.sports-reference.com/cbb/boxscores/2025-12-22-00-wake-forest_w.html
2025-12-22,men,west-virginia,mississippi-valley-state,/cbb/boxscores/2025-12-22-00-west-virginia.html,https://www.sports-reference.com/cbb/boxscores/2025-12-22-00-west-virginia.html
2025-12-22,women,seton-hall,creighton,/cbb/boxscores/2025-12-22-01-creighton_w.html,https://www.sports-reference.com/cbb/boxscores/2025-12-22-01-creighton_w.html
2025-12-22,men,eastern-illinois,,/cbb/boxscores/2025-12-22-01-eastern-illinois.html,https://www.sports-reference.com/cbb/boxscores/2025-12-22-01-eastern-illinois.html
2025-12-22,men,memphis,alabama-state,/cbb/boxscores/2025-12-22-01-memphis.html,https://www.sports-reference.com/cbb/boxscores/2025-12-22-01-memphis.html
2025-12-22,women,missouri-state,central-arkansas,/cbb/boxscores/2025-12-22-01-missouri-state_w.html,https://www.sports-reference.com/cbb/boxscores/2025-12-22-01-missouri-state_w.html
2025-12-22,men,texas-arlington,oral-roberts,/cbb/boxscores/2025-12-22-01-oral-roberts.html,https://www.sports-reference.com/cbb/boxscores/2025-12-22-01-oral-roberts.html
2025-12-22,men,seattle,texas-san-antonio,/cbb/boxscores/2025-12-22-01-texas-san-antonio.html,https://www.sports-reference.com/cbb/boxscores/2025-12-22-01-texas-san-antonio.html
2025-12-22,men,abilene-christian,texas-southern,/cbb/boxscores/2025-12-22-01-texas-southern.html,https://www.sports-reference.com/cbb/boxscores/2025-12-22-01-texas-southern.html
2025-12-22,men,wisconsin,central-michigan,/cbb/boxscores/2025-12-22-01-wisconsin.html,https://www.sports-reference.com/cbb/boxscores/2025-12-22-01-wisconsin.html
2025-12-22,women,utah,arizona,/cbb/boxscores/2025-12-22-02-arizona_w.html,https://www.sports-reference.com/cbb/boxscores/2025-12-22-02-arizona_w.html
2025-12-22,women,sam-houston-state,northern-colorado,/cbb/boxscores/2025-12-22-02-northern-colorado_w.html,https://www.sports-reference.com/cbb/boxscores/2025-12-22-02-northern-colorado_w.html
2025-12-22,men,california-santa-barbara,portland,/cbb/boxscores/2025-12-22-03-california-santa-barbara.html,https://www.sports-reference.com/cbb/boxscores/2025-12-22-03-california-santa-barbara.html
2025-12-22,men,saint-marys-ca,northern-iowa,/cbb/boxscores/2025-12-22-03-saint-marys-ca.html,https://www.sports-reference.com/cbb/boxscores/2025-12-22-03-saint-marys-ca.html
2025-12-22,men,san-diego-state,,/cbb/boxscores/2025-12-22-03-san-diego-state.html,https://www.sports-reference.com/cbb/boxscores/2025-12-22-03-san-diego-state.html
2025-12-22,men,washington,san-diego,/cbb/boxscores/2025-12-22-03-washington.html,https://www.sports-reference.com/cbb/boxscores/2025-12-22-03-washington.html
2025-12-22,women,alabama-birmingham,samford,/cbb/boxscores/2025-12-22-12-alabama-birmingham_w.html,https://www.sports-reference.com/cbb/boxscores/2025-12-22-12-alabama-birmingham_w.html
2025-12-22,men,florida-international,,/cbb/boxscores/2025-12-22-12-florida-international.html,https://www.sports-reference.com/cbb/boxscores/2025-12-22-12-florida-international.html
2025-12-22,men,george-washington,,/cbb/boxscores/2025-12-22-12-george-washington.html,https://www.sports-reference.com/cbb/boxscores/2025-12-22-12-george-washington.html
2025-12-22,men,massachusetts,,/cbb/boxscores/2025-12-22-12-massachusetts.html,https://www.sports-reference.com/cbb/boxscores/2025-12-22-12-massachusetts.html
2025-12-22,men,saint-peters,,/cbb/boxscores/2025-12-22-12-saint-peters.html,https://www.sports-reference.com/cbb/boxscores/2025-12-22-12-saint-peters.html
2025-12-22,women,villanova,st-johns-ny,/cbb/boxscores/2025-12-22-12-villanova_w.html,https://www.sports-reference.com/cbb/boxscores/2025-12-22-12-villanova_w.html
2025-12-22,men,wagner,,/cbb/boxscores/2025-12-22-12-wagner.html,https://www.sports-reference.com/cbb/boxscores/2025-12-22-12-wagner.html
2025-12-22,women,florida-gulf-coast,,/cbb/boxscores/2025-12-22-13-florida-gulf-coast_w.html,https://www.sports-reference.com/cbb/boxscores/2025-12-22-13-florida-gulf-coast_w.html
2025-12-22,women,grambling,,/cbb/boxscores/2025-12-22-13-grambling_w.html,https://www.sports-reference.com/cbb/boxscores/2025-12-22-13-grambling_w.html
2025-12-22,men,western-michigan,,/cbb/boxscores/2025-12-22-13-western-michigan.html,https://www.sports-reference.com/cbb/boxscores/2025-12-22-13-western-michigan.html
2025-12-22,men,bowling-green-state,,/cbb/boxscores/2025-12-22-14-bowling-green-state.html,https://www.sports-reference.com/cbb/boxscores/2025-12-22-14-bowling-green-state.html
2025-12-22,men,butler,njit,/cbb/boxscores/2025-12-22-14-butler.html,https://www.sports-reference.com/cbb/boxscores/2025-12-22-14-butler.html
2025-12-22,men,miami-oh,,/cbb/boxscores/2025-12-22-14-miami-oh.html,https://www.sports-reference.com/cbb/boxscores/2025-12-22-14-miami-oh.html
2025-12-22,women,north-carolina-greensboro,south-carolina-state,/cbb/boxscores/2025-12-22-14-north-carolina-greensboro_w.html,https://www.sports-reference.com/cbb/boxscores/2025-12-22-14-north-carolina-greensboro_w.html
2025-12-22,men,towson,sacred-heart,/cbb/boxscores/2025-12-22-14-towson.html,https://www.sports-reference.com/cbb/boxscores/2025-12-22-14-towson.html
2025-12-22,women,western-illinois,southern-illinois-edwardsville,/cbb/boxscores/2025-12-22-14-western-illinois_w.html,https://www.sports-reference.com/cbb/boxscores/2025-12-22-14-western-illinois_w.html
2025-12-22,women,toledo,long-beach-state,/cbb/boxscores/2025-12-22-15-long-beach-state_w.html,https://www.sports-reference.com/cbb/boxscores/2025-12-22-15-long-beach-state_w.html
2025-12-22,men,montana-state,,/cbb/boxscores/2025-12-22-15-montana-state.html,https://www.sports-reference.com/cbb/boxscores/2025-12-22-15-montana-state.html
2025-12-22,men,tulsa,denver,/cbb/boxscores/2025-12-22-15-tulsa.html,https://www.sports-reference.com/cbb/boxscores/2025-12-22-15-tulsa.html
2025-12-22,men,south-carolina,south-carolina-state,/cbb/boxscores/2025-12-22-16-south-carolina.html,https://www.sports-reference.com/cbb/boxscores/2025-12-22-16-south-carolina.html
2025-12-22,men,weber-state,,/cbb/boxscores/2025-12-22-16-weber-state.html,https://www.sports-reference.com/cbb/boxscores/2025-12-22-16-weber-state.html
2025-12-22,men,southern-illinois-edwardsville,western-illinois,/cbb/boxscores/2025-12-22-16-western-illinois.html,https://www.sports-reference.com/cbb/boxscores/2025-12-22-16-western-illinois.html
2025-12-22,women,arkansas-little-rock,,/cbb/boxscores/2025-12-22-18-arkansas-little-rock_w.html,https://www.sports-reference.com/cbb/boxscores/2025-12-22-18-arkansas-little-rock_w.html
2025-12-22,men,buffalo,,/cbb/boxscores/2025-12-22-18-buffalo.html,https://www.sports-reference.com/cbb/boxscores/2025-12-22-18-buffalo.html
2025-12-22,men,georgetown,coppin-state,/cbb/boxscores/2025-12-22-18-georgetown.html,https://www.sports-reference.com/cbb/boxscores/2025-12-22-18-georgetown.html
2025-12-22,men,fairfield,,/cbb/boxscores/2025-12-22-19-fairfield.html,https://www.sports-reference.com/cbb/boxscores/2025-12-22-19-fairfield.html
2025-12-22,men,high-point,bryant,/cbb/boxscores/2025-12-22-19-high-point.html,https://www.sports-reference.com/cbb/boxscores/2025-12-22-19-high-point.html
2025-12-22,men,louisiana-state,prairie-view,/cbb/boxscores/2025-12-22-19-louisiana-state.html,https://www.sports-reference.com/cbb/boxscores/2025-12-22-19-louisiana-state.html
2025-12-22,men,louisiana-tech,,/cbb/boxscores/2025-12-22-19-louisiana-tech.html,https://www.sports-reference.com/cbb/boxscores/2025-12-22-19-louisiana-tech.html
2025-12-22,women,austin-peay,loyola-il,/cbb/boxscores/2025-12-22-19-loyola-il_w.html,https://www.sports-reference.com/cbb/boxscores/2025-12-22-19-loyola-il_w.html
2025-12-22,men,rhode-island,northeastern,/cbb/boxscores/2025-12-22-19-rhode-island.html,https://www.sports-reference.com/cbb/boxscores/2025-12-22-19-rhode-island.html
2025-12-22,men,coastal-carolina,saint-josephs,/cbb/boxscores/2025-12-22-19-saint-josephs.html,https://www.sports-reference.com/cbb/boxscores/2025-12-22-19-saint-josephs.html
2025-12-22,men,texas-el-paso,north-dakota-state,/cbb/boxscores/2025-12-22-19-texas-el-paso.html,https://www.sports-reference.com/cbb/boxscores/2025-12-22-19-texas-el-paso.html
2025-12-22,men,wright-state,eastern-michigan,/cbb/boxscores/2025-12-22-19-wright-state.html,https://www.sports-reference.com/cbb/boxscores/2025-12-22-19-wright-state.html
2025-12-22,men,arkansas-little-rock,,/cbb/boxscores/2025-12-22-20-arkansas-little-rock.html,https://www.sports-reference.com/cbb/boxscores/2025-12-22-20-arkansas-little-rock.html
2025-12-22,men,creighton,dixie-state,/cbb/boxscores/2025-12-22-20-creighton.html,https://www.sports-reference.com/cbb/boxscores/2025-12-22-20-creighton.html
2025-12-22,men,grand-canyon,iupui,/cbb/boxscores/2025-12-22-20-grand-canyon.html,https://www.sports-reference.com/cbb/boxscores/2025-12-22-20-grand-canyon.html
2025-12-22,men,north-texas,,/cbb/boxscores/2025-12-22-20-north-texas.html,https://www.sports-reference.com/cbb/boxscores/2025-12-22-20-north-texas.html
2025-12-22,men,texas,maryland-eastern-shore,/cbb/boxscores/2025-12-22-20-texas.html,https://www.sports-reference.com/cbb/boxscores/2025-12-22-20-texas.html
2025-12-22,men,california-irvine,norfolk-state,/cbb/boxscores/2025-12-22-21-norfolk-state.html,https://www.sports-reference.com/cbb/boxscores/2025-12-22-21-norfolk-state.html
2025-12-22,men,oklahoma,stetson,/cbb/boxscores/2025-12-22-21-oklahoma.html,https://www.sports-reference.com/cbb/boxscores/2025-12-22-21-oklahoma.html
2025-12-22,men,cal-state-northridge,sacramento-state,/cbb/boxscores/2025-12-22-22-cal-state-northridge.html,https://www.sports-reference.com/cbb/boxscores/2025-12-22-22-cal-state-northridge.html
2025-12-23,men,campbell,green-bay,/cbb/boxscores/2025-12-23-00-campbell.html,https://www.sports-reference.com/cbb/boxscores/2025-12-23-00-campbell.html
2025-12-23,men,ucla,california-riverside,/cbb/boxscores/2025-12-23-03-ucla.html,https://www.sports-reference.com/cbb/boxscores/2025-12-23-03-ucla.html
2025-12-23,men,kentucky,bellarmine,/cbb/boxscores/2025-12-23-13-kentucky.html,https://www.sports-reference.com/cbb/boxscores/2025-12-23-13-kentucky.html
2025-12-23,men,central-florida,florida-atlantic,/cbb/boxscores/2025-12-23-14-florida-atlantic.html,https://www.sports-reference.com/cbb/boxscores/2025-12-23-14-florida-atlantic.html
2025-12-23,men,ohio-state,grambling,/cbb/boxscores/2025-12-23-14-ohio-state.html,https://www.sports-reference.com/cbb/boxscores/2025-12-23-14-ohio-state.html
2025-12-23,men,missouri-state,lindenwood,/cbb/boxscores/2025-12-23-15-missouri-state.html,https://www.sports-reference.com/cbb/boxscores/2025-12-23-15-missouri-state.html
2025-12-23,men,cal-state-bakersfield,idaho,/cbb/boxscores/2025-12-23-17-cal-state-bakersfield.html,https://www.sports-reference.com/cbb/boxscores/2025-12-23-17-cal-state-bakersfield.html
2025-12-23,men,army,binghamton,/cbb/boxscores/2025-12-23-18-army.html,https://www.sports-reference.com/cbb/boxscores/2025-12-23-18-army.html
2025-12-23,men,loyola-marymount,morgan-state,/cbb/boxscores/2025-12-23-18-loyola-marymount.html,https://www.sports-reference.com/cbb/boxscores/2025-12-23-18-loyola-marymount.html
2025-12-23,men,st-johns-ny,harvard,/cbb/boxscores/2025-12-23-18-st-johns-ny.html,https://www.sports-reference.com/cbb/boxscores/2025-12-23-18-st-johns-ny.html
2025-12-23,men,marshall,,/cbb/boxscores/2025-12-23-19-marshall.html,https://www.sports-reference.com/cbb/boxscores/2025-12-23-19-marshall.html
2025-12-23,men,villanova,seton-hall,/cbb/boxscores/2025-12-23-19-seton-hall.html,https://www.sports-reference.com/cbb/boxscores/2025-12-23-19-seton-hall.html
2025-12-27,men,north-carolina-wilmington,,/cbb/boxscores/2025-12-27-12-north-carolina-wilmington.html,https://www.sports-reference.com/cbb/boxscores/2025-12-27-12-north-carolina-wilmington.html
2025-12-27,men,duquesne,,/cbb/boxscores/2025-12-27-14-duquesne.html,https://www.sports-reference.com/cbb/boxscores/2025-12-27-14-duquesne.html
2025-12-27,women,nebraska-omaha,,/cbb/boxscores/2025-12-27-14-nebraska-omaha_w.html,https://www.sports-reference.com/cbb/boxscores/2025-12-27-14-nebraska-omaha_w.html
2025-12-27,men,stanford,cal-state-northridge,/cbb/boxscores/2025-12-27-16-stanford.html,https://www.sports-reference.com/cbb/boxscores/2025-12-27-16-stanford.html
2025-12-28,women,connecticut,butler,/cbb/boxscores/2025-12-28-16-butler_w.html,https://www.sports-reference.com/cbb/boxscores/2025-12-28-16-butler_w.html
2025-12-28,women,texas,southeastern-louisiana,/cbb/boxscores/2025-12-28-01-texas_w.html,https://www.sports-reference.com/cbb/boxscores/2025-12-28-01-texas_w.html
2025-12-28,women,south-carolina,providence,/cbb/boxscores/2025-12-28-12-south-carolina_w.html,https://www.sports-reference.com/cbb/boxscores/2025-12-28-12-south-carolina_w.html
2025-12-28,women,ucla,ohio-state,/cbb/boxscores/2025-12-28-14-ohio-state_w.html,https://www.sports-reference.com/cbb/boxscores/2025-12-28-14-ohio-state_w.html
2025-12-28,women,louisiana-state,alabama-state,/cbb/boxscores/2025-12-28-16-louisiana-state_w.html,https://www.sports-reference.com/cbb/boxscores/2025-12-28-16-louisiana-state_w.html
2025-12-28,men,gonzaga,pepperdine,/cbb/boxscores/2025-12-28-03-pepperdine.html,https://www.sports-reference.com/cbb/boxscores/2025-12-28-03-pepperdine.html
2025-12-28,women,kentucky,hofstra,/cbb/boxscores/2025-12-28-14-kentucky_w.html,https://www.sports-reference.com/cbb/boxscores/2025-12-28-14-kentucky_w.html
2025-12-28,women,vanderbilt,stonehill,/cbb/boxscores/2025-12-28-01-vanderbilt_w.html,https://www.sports-reference.com/cbb/boxscores/2025-12-28-01-vanderbilt_w.html
2025-12-28,women,iowa,penn-state,/cbb/boxscores/2025-12-28-16-iowa_w.html,https://www.sports-reference.com/cbb/boxscores/2025-12-28-16-iowa_w.html
2025-12-28,men,texas-tech,winthrop,/cbb/boxscores/2025-12-28-01-texas-tech.html,https://www.sports-reference.com/cbb/boxscores/2025-12-28-01-texas-tech.html
2025-12-28,women,mississippi,alcorn-state,/cbb/boxscores/2025-12-28-15-mississippi_w.html,https://www.sports-reference.com/cbb/boxscores/2025-12-28-15-mississippi_w.html
2025-12-28,women,michigan-state,rutgers,/cbb/boxscores/2025-12-28-14-michigan-state_w.html,https://www.sports-reference.com/cbb/boxscores/2025-12-28-14-michigan-state_w.html
2025-12-28,men,boston-college,le-moyne,/cbb/boxscores/2025-12-28-00-boston-college.html,https://www.sports-reference.com/cbb/boxscores/2025-12-28-00-boston-college.html
2025-12-28,men,bryant,,/cbb/boxscores/2025-12-28-00-bryant.html,https://www.sports-reference.com/cbb/boxscores/2025-12-28-00-bryant.html
2025-12-28,men,liberty,florida-international,/cbb/boxscores/2025-12-28-00-florida-international.html,https://www.sports-reference.com/cbb/boxscores/2025-12-28-00-florida-international.html
2025-12-28,women,florida,furman,/cbb/boxscores/2025-12-28-00-florida_w.html,https://www.sports-reference.com/cbb/boxscores/2025-12-28-00-florida_w.html
2025-12-28,men,george-mason,pennsylvania,/cbb/boxscores/2025-12-28-00-george-mason.html,https://www.sports-reference.com/cbb/boxscores/2025-12-28-00-george-mason.html
2025-12-28,men,georgia-tech,florida-am,/cbb/boxscores/2025-12-28-00-georgia-tech.html,https://www.sports-reference.com/cbb/boxscores/2025-12-28-00-georgia-tech.html
2025-12-28,women,georgia-tech,wofford,/cbb/boxscores/2025-12-28-00-georgia-tech_w.html,https://www.sports-reference.com/cbb/boxscores/2025-12-28-00-georgia-tech_w.html
2025-12-28,men,maryland,old-dominion,/cbb/boxscores/2025-12-28-00-maryland.html,https://www.sports-reference.com/cbb/boxscores/2025-12-28-00-maryland.html
2025-12-28,women,morehead-state,,/cbb/boxscores/2025-12-28-00-morehead-state_w.html,https://www.sports-reference.com/cbb/boxscores/2025-12-28-00-morehead-state_w.html
2025-12-28,men,columbia,north-florida,/cbb/boxscores/2025-12-28-00-north-florida.html,https://www.sports-reference.com/cbb/boxscores/2025-12-28-00-north-florida.html
2025-12-28,women,ohio,,/cbb/boxscores/2025-12-28-00-ohio_w.html,https://www.sports-reference.com/cbb/boxscores/2025-12-28-00-ohio_w.html
2025-12-28,men,presbyterian,,/cbb/boxscores/2025-12-28-00-presbyterian.html,https://www.sports-reference.com/cbb/boxscores/2025-12-28-00-presbyterian.html
2025-12-28,women,illinois,purdue,/cbb/boxscores/2025-12-28-00-purdue_w.html,https://www.sports-reference.com/cbb/boxscores/2025-12-28-00-purdue_w.html
2025-12-28,men,charleston-southern,richmond,/cbb/boxscores/2025-12-28-00-richmond.html,https://www.sports-reference.com/cbb/boxscores/2025-12-28-00-richmond.html
2025-12-28,men,saint-josephs,,/cbb/boxscores/2025-12-28-00-saint-josephs.html,https://www.sports-reference.com/cbb/boxscores/2025-12-28-00-saint-josephs.html
2025-12-28,women,seton-hall,xavier,/cbb/boxscores/2025-12-28-00-seton-hall_w.html,https://www.sports-reference.com/cbb/boxscores/2025-12-28-00-seton-hall_w.html
2025-12-28,women,duke,syracuse,/cbb/boxscores/2025-12-28-00-syracuse_w.html,https://www.sports-reference.com/cbb/boxscores/2025-12-28-00-syracuse_w.html
2025-12-28,men,wofford,,/cbb/boxscores/2025-12-28-00-wofford.html,https://www.sports-reference.com/cbb/boxscores/2025-12-28-00-wofford.html
2025-12-28,women,arkansas-state,arkansas,/cbb/boxscores/2025-12-28-01-arkansas_w.html,https://www.sports-reference.com/cbb/boxscores/2025-12-28-01-arkansas_w.html
2025-12-28,men,austin-peay,,/cbb/boxscores/2025-12-28-01-austin-peay.html,https://www.sports-reference.com/cbb/boxscores/2025-12-28-01-austin-peay.html
2025-12-28,women,clemson,chicago-state,/cbb/boxscores/2025-12-28-01-chicago-state_w.html,https://www.sports-reference.com/cbb/boxscores/2025-12-28-01-chicago-state_w.html
2025-12-28,women,memphis,,/cbb/boxscores/2025-12-28-01-memphis_w.html,https://www.sports-reference.com/cbb/boxscores/2025-12-28-01-memphis_w.html
2025-12-28,women,mississippi-state,samford,/cbb/boxscores/2025-12-28-01-mississippi-state_w.html,https://www.sports-reference.com/cbb/boxscores/2025-12-28-01-mississippi-state_w.html
2025-12-28,women,missouri,missouri-kansas-city,/cbb/boxscores/2025-12-28-01-missouri_w.html,https://www.sports-reference.com/cbb/boxscores/2025-12-28-01-missouri_w.html
2025-12-28,women,saint-louis,,/cbb/boxscores/2025-12-28-01-saint-louis_w.html,https://www.sports-reference.com/cbb/boxscores/2025-12-28-01-saint-louis_w.html
2025-12-28,women,sam-houston-state,,/cbb/boxscores/2025-12-28-01-sam-houston-state_w.html,https://www.sports-reference.com/cbb/boxscores/2025-12-28-01-sam-houston-state_w.html
2025-12-28,men,northern-colorado,colorado,/cbb/boxscores/2025-12-28-02-colorado.html,https://www.sports-reference.com/cbb/boxscores/2025-12-28-02-colorado.html
2025-12-28,men,california-davis,,/cbb/boxscores/2025-12-28-03-california-davis.html,https://www.sports-reference.com/cbb/boxscores/2025-12-28-03-california-davis.html
2025-12-28,women,gonzaga,loyola-marymount,/cbb/boxscores/2025-12-28-03-gonzaga_w.html,https://www.sports-reference.com/cbb/boxscores/2025-12-28-03-gonzaga_w.html
2025-12-28,men,oregon,nebraska-omaha,/cbb/boxscores/2025-12-28-03-oregon.html,https://www.sports-reference.com/cbb/boxscores/2025-12-28-03-oregon.html
2025-12-28,men,santa-clara,oregon-state,/cbb/boxscores/2025-12-28-03-oregon-state.html,https://www.sports-reference.com/cbb/boxscores/2025-12-28-03-oregon-state.html
2025-12-28,women,pacific,seattle,/cbb/boxscores/2025-12-28-03-pacific_w.html,https://www.sports-reference.com/cbb/boxscores/2025-12-28-03-pacific_w.html
2025-12-28,women,portland,saint-marys-ca,/cbb/boxscores/2025-12-28-03-saint-marys-ca_w.html,https://www.sports-reference.com/cbb/boxscores/2025-12-28-03-saint-marys-ca_w.html
2025-12-28,men,san-diego,pacific,/cbb/boxscores/2025-12-28-03-san-diego.html,https://www.sports-reference.com/cbb/boxscores/2025-12-28-03-san-diego.html
2025-12-28,women,oregon-state,san-francisco,/cbb/boxscores/2025-12-28-03-san-francisco_w.html,https://www.sports-reference.com/cbb/boxscores/2025-12-28-03-san-francisco_w.html
2025-12-28,women,stanford,cornell,/cbb/boxscores/2025-12-28-03-stanford_w.html,https://www.sports-reference.com/cbb/boxscores/2025-12-28-03-stanford_w.html
2025-12-28,women,new-hampshire,new-haven,/cbb/boxscores/2025-12-28-13-new-hampshire_w.html,https://www.sports-reference.com/cbb/boxscores/2025-12-28-13-new-hampshire_w.html
2025-12-28,men,harvard,colgate,/cbb/boxscores/2025-12-28-14-colgate.html,https://www.sports-reference.com/cbb/boxscores/2025-12-28-14-colgate.html
2025-12-28,men,florida-gulf-coast,,/cbb/boxscores/2025-12-28-14-florida-gulf-coast.html,https://www.sports-reference.com/cbb/boxscores/2025-12-28-14-florida-gulf-coast.html
2025-12-28,women,george-washington,coppin-state,/cbb/boxscores/2025-12-28-14-george-washington_w.html,https://www.sports-reference.com/cbb/boxscores/2025-12-28-14-george-washington_w.html
2025-12-28,women,georgetown,creighton,/cbb/boxscores/2025-12-28-14-georgetown_w.html,https://www.sports-reference.com/cbb/boxscores/2025-12-28-14-georgetown_w.html
2025-12-28,men,georgia-state,,/cbb/boxscores/2025-12-28-14-georgia-state.html,https://www.sports-reference.com/cbb/boxscores/2025-12-28-14-georgia-state.html
2025-12-28,women,georgia-state,,/cbb/boxscores/2025-12-28-14-georgia-state_w.html,https://www.sports-reference.com/cbb/boxscores/2025-12-28-14-georgia-state_w.html
2025-12-28,men,high-point,,/cbb/boxscores/2025-12-28-14-high-point.html,https://www.sports-reference.com/cbb/boxscores/2025-12-28-14-high-point.html
2025-12-28,men,kansas-state,louisiana-monroe,/cbb/boxscores/2025-12-28-14-kansas-state.html,https://www.sports-reference.com/cbb/boxscores/2025-12-28-14-kansas-state.html
2025-12-28,men,mercer,,/cbb/boxscores/2025-12-28-14-mercer.html,https://www.sports-reference.com/cbb/boxscores/2025-12-28-14-mercer.html
2025-12-28,women,miami-fl,stetson,/cbb/boxscores/2025-12-28-14-miami-fl_w.html,https://www.sports-reference.com/cbb/boxscores/2025-12-28-14-miami-fl_w.html
2025-12-28,men,morehead-state,,/cbb/boxscores/2025-12-28-14-morehead-state.html,https://www.sports-reference.com/cbb/boxscores/2025-12-28-14-morehead-state.html
2025-12-28,men,north-dakota,,/cbb/boxscores/2025-12-28-14-north-dakota.html,https://www.sports-reference.com/cbb/boxscores/2025-12-28-14-north-dakota.html
2025-12-28,men,radford,,/cbb/boxscores/2025-12-28-14-radford.html,https://www.sports-reference.com/cbb/boxscores/2025-12-28-14-radford.html
2025-12-28,women,saint-josephs,,/cbb/boxscores/2025-12-28-14-saint-josephs_w.html,https://www.sports-reference.com/cbb/boxscores/2025-12-28-14-saint-josephs_w.html
2025-12-28,men,south-dakota,,/cbb/boxscores/2025-12-28-14-south-dakota.html,https://www.sports-reference.com/cbb/boxscores/2025-12-28-14-south-dakota.html
2025-12-28,men,st-thomas-mn,,/cbb/boxscores/2025-12-28-14-st-thomas-mn.html,https://www.sports-reference.com/cbb/boxscores/2025-12-28-14-st-thomas-mn.html
2025-12-28,women,vermont,dartmouth,/cbb/boxscores/2025-12-28-14-vermont_w.html,https://www.sports-reference.com/cbb/boxscores/2025-12-28-14-vermont_w.html
2025-12-28,women,west-georgia,,/cbb/boxscores/2025-12-28-14-west-georgia_w.html,https://www.sports-reference.com/cbb/boxscores/2025-12-28-14-west-georgia_w.html
2025-12-28,women,austin-peay,,/cbb/boxscores/2025-12-28-15-austin-peay_w.html,https://www.sports-reference.com/cbb/boxscores/2025-12-28-15-austin-peay_w.html
2025-12-28,men,longwood,,/cbb/boxscores/2025-12-28-15-longwood.html,https://www.sports-reference.com/cbb/boxscores/2025-12-28-15-longwood.html
2025-12-28,men,louisiana-lafayette,norfolk-state,/cbb/boxscores/2025-12-28-15-louisiana-lafayette.html,https://www.sports-reference.com/cbb/boxscores/2025-12-28-15-louisiana-lafayette.html
2025-12-28,men,saint-louis,,/cbb/boxscores/2025-12-28-15-saint-louis.html,https://www.sports-reference.com/cbb/boxscores/2025-12-28-15-saint-louis.html
2025-12-28,men,sam-houston-state,,/cbb/boxscores/2025-12-28-15-sam-houston-state.html,https://www.sports-reference.com/cbb/boxscores/2025-12-28-15-sam-houston-state.html
2025-12-28,men,southern-methodist,cal-state-fullerton,/cbb/boxscores/2025-12-28-15-southern-methodist.html,https://www.sports-reference.com/cbb/boxscores/2025-12-28-15-southern-methodist.html
2025-12-28,women,washington-state,pepperdine,/cbb/boxscores/2025-12-28-15-washington-state_w.html,https://www.sports-reference.com/cbb/boxscores/2025-12-28-15-washington-state_w.html
2025-12-28,men,new-mexico-state,,/cbb/boxscores/2025-12-28-16-new-mexico-state.html,https://www.sports-reference.com/cbb/boxscores/2025-12-28-16-new-mexico-state.html
2025-12-28,women,santa-clara,san-diego,/cbb/boxscores/2025-12-28-16-santa-clara_w.html,https://www.sports-reference.com/cbb/boxscores/2025-12-28-16-santa-clara_w.html
2025-12-28,women,cal-state-fullerton,,/cbb/boxscores/2025-12-28-17-cal-state-fullerton_w.html,https://www.sports-reference.com/cbb/boxscores/2025-12-28-17-cal-state-fullerton_w.html
2025-12-28,women,california,cal-poly,/cbb/boxscores/2025-12-28-17-california_w.html,https://www.sports-reference.com/cbb/boxscores/2025-12-28-17-california_w.html
2025-12-28,men,washington-state,portland,/cbb/boxscores/2025-12-28-17-portland.html,https://www.sports-reference.com/cbb/boxscores/2025-12-28-17-portland.html
2025-12-28,women,grand-canyon,san-jose-state,/cbb/boxscores/2025-12-28-17-san-jose-state_w.html,https://www.sports-reference.com/cbb/boxscores/2025-12-28-17-san-jose-state_w.html
2025-12-28,men,missouri-kansas-city,,/cbb/boxscores/2025-12-28-18-missouri-kansas-city.html,https://www.sports-reference.com/cbb/boxscores/2025-12-28-18-missouri-kansas-city.html
2025-12-28,men,california-san-diego,,/cbb/boxscores/2025-12-28-19-california-san-diego.html,https://www.sports-reference.com/cbb/boxscores/2025-12-28-19-california-san-diego.html
2025-12-28,men,saint-marys-ca,loyola-marymount,/cbb/boxscores/2025-12-28-19-loyola-marymount.html,https://www.sports-reference.com/cbb/boxscores/2025-12-28-19-loyola-marymount.html
2025-12-28,men,san-francisco,seattle,/cbb/boxscores/2025-12-28-20-seattle.html,https://www.sports-reference.com/cbb/boxscores/2025-12-28-20-seattle.html
2025-12-29,men,arizona,south-dakota-state,/cbb/boxscores/2025-12-29-21-arizona.html,https://www.sports-reference.com/cbb/boxscores/2025-12-29-21-arizona.html
2025-12-29,men,michigan,mcneese-state,/cbb/boxscores/2025-12-29-00-michigan.html,https://www.sports-reference.com/cbb/boxscores/2025-12-29-00-michigan.html
2025-12-29,men,iowa-state,houston-baptist,/cbb/boxscores/2025-12-29-20-iowa-state.html,https://www.sports-reference.com/cbb/boxscores/2025-12-29-20-iowa-state.html
2025-12-29,men,purdue,kent-state,/cbb/boxscores/2025-12-29-19-purdue.html,https://www.sports-reference.com/cbb/boxscores/2025-12-29-19-purdue.html
2025-12-29,women,michigan,oregon,/cbb/boxscores/2025-12-29-03-oregon_w.html,https://www.sports-reference.com/cbb/boxscores/2025-12-29-03-oregon_w.html
2025-12-29,women,maryland,wisconsin,/cbb/boxscores/2025-12-29-00-maryland_w.html,https://www.sports-reference.com/cbb/boxscores/2025-12-29-00-maryland_w.html
2025-12-29,men,houston,middle-tennessee,/cbb/boxscores/2025-12-29-01-houston.html,https://www.sports-reference.com/cbb/boxscores/2025-12-29-01-houston.html
2025-12-29,men,michigan-state,cornell,/cbb/boxscores/2025-12-29-00-michigan-state.html,https://www.sports-reference.com/cbb/boxscores/2025-12-29-00-michigan-state.html
2025-12-29,men,vanderbilt,new-haven,/cbb/boxscores/2025-12-29-01-vanderbilt.html,https://www.sports-reference.com/cbb/boxscores/2025-12-29-01-vanderbilt.html
2025-12-29,men,alabama,yale,/cbb/boxscores/2025-12-29-01-alabama.html,https://www.sports-reference.com/cbb/boxscores/2025-12-29-01-alabama.html
2025-12-29,women,north-carolina,boston-college,/cbb/boxscores/2025-12-29-00-boston-college_w.html,https://www.sports-reference.com/cbb/boxscores/2025-12-29-00-boston-college_w.html
2025-12-29,women,southern-california,nebraska,/cbb/boxscores/2025-12-29-15-nebraska_w.html,https://www.sports-reference.com/cbb/boxscores/2025-12-29-15-nebraska_w.html
2025-12-29,women,notre-dame,pittsburgh,/cbb/boxscores/2025-12-29-19-notre-dame_w.html,https://www.sports-reference.com/cbb/boxscores/2025-12-29-19-notre-dame_w.html
2025-12-29,men,arkansas,james-madison,/cbb/boxscores/2025-12-29-20-arkansas.html,https://www.sports-reference.com/cbb/boxscores/2025-12-29-20-arkansas.html
2025-12-29,men,illinois,southern,/cbb/boxscores/2025-12-29-01-illinois.html,https://www.sports-reference.com/cbb/boxscores/2025-12-29-01-illinois.html
2025-12-29,men,florida,dartmouth,/cbb/boxscores/2025-12-29-18-florida.html,https://www.sports-reference.com/cbb/boxscores/2025-12-29-18-florida.html
2025-12-29,men,georgia,long-island-university,/cbb/boxscores/2025-12-29-19-georgia.html,https://www.sports-reference.com/cbb/boxscores/2025-12-29-19-georgia.html
2025-12-29,men,iowa,massachusetts-lowell,/cbb/boxscores/2025-12-29-17-iowa.html,https://www.sports-reference.com/cbb/boxscores/2025-12-29-17-iowa.html
2025-12-29,men,akron,,/cbb/boxscores/2025-12-29-00-akron.html,https://www.sports-reference.com/cbb/boxscores/2025-12-29-00-akron.html
2025-12-29,men,cincinnati,lipscomb,/cbb/boxscores/2025-12-29-00-cincinnati.html,https://www.sports-reference.com/cbb/boxscores/2025-12-29-00-cincinnati.html
2025-12-29,men,missouri-state,delaware,/cbb/boxscores/2025-12-29-00-delaware.html,https://www.sports-reference.com/cbb/boxscores/2025-12-29-00-delaware.html
2025-12-29,men,elon,northeastern,/cbb/boxscores/2025-12-29-00-elon.html,https://www.sports-reference.com/cbb/boxscores/2025-12-29-00-elon.html
2025-12-29,women,binghamton,fairleigh-dickinson,/cbb/boxscores/2025-12-29-00-fairleigh-dickinson_w.html,https://www.sports-reference.com/cbb/boxscores/2025-12-29-00-fairleigh-dickinson_w.html
2025-12-29,men,hampton,stony-brook,/cbb/boxscores/2025-12-29-00-hampton.html,https://www.sports-reference.com/cbb/boxscores/2025-12-29-00-hampton.html
2025-12-29,men,indiana-state,belmont,/cbb/boxscores/2025-12-29-00-indiana-state.html,https://www.sports-reference.com/cbb/boxscores/2025-12-29-00-indiana-state.html
2025-12-29,women,minnesota,indiana,/cbb/boxscores/2025-12-29-00-indiana_w.html,https://www.sports-reference.com/cbb/boxscores/2025-12-29-00-indiana_w.html
2025-12-29,women,iupui,milwaukee,/cbb/boxscores/2025-12-29-00-iupui_w.html,https://www.sports-reference.com/cbb/boxscores/2025-12-29-00-iupui_w.html
2025-12-29,women,kennesaw-state,,/cbb/boxscores/2025-12-29-00-kennesaw-state_w.html,https://www.sports-reference.com/cbb/boxscores/2025-12-29-00-kennesaw-state_w.html
2025-12-29,women,long-island-university,,/cbb/boxscores/2025-12-29-00-long-island-university_w.html,https://www.sports-reference.com/cbb/boxscores/2025-12-29-00-long-island-university_w.html
2025-12-29,women,massachusetts-lowell,,/cbb/boxscores/2025-12-29-00-massachusetts-lowell_w.html,https://www.sports-reference.com/cbb/boxscores/2025-12-29-00-massachusetts-lowell_w.html
2025-12-29,women,merrimack,mount-st-marys,/cbb/boxscores/2025-12-29-00-merrimack_w.html,https://www.sports-reference.com/cbb/boxscores/2025-12-29-00-merrimack_w.html
2025-12-29,women,monmouth,,/cbb/boxscores/2025-12-29-00-monmouth_w.html,https://www.sports-reference.com/cbb/boxscores/2025-12-29-00-monmouth_w.html
2025-12-29,men,north-carolina-wilmington,north-carolina-at,/cbb/boxscores/2025-12-29-00-north-carolina-at.html,https://www.sports-reference.com/cbb/boxscores/2025-12-29-00-north-carolina-at.html
2025-12-29,men,penn-state,north-carolina-central,/cbb/boxscores/2025-12-29-00-penn-state.html,https://www.sports-reference.com/cbb/boxscores/2025-12-29-00-penn-state.html
2025-12-29,women,oakland,robert-morris,/cbb/boxscores/2025-12-29-00-robert-morris_w.html,https://www.sports-reference.com/cbb/boxscores/2025-12-29-00-robert-morris_w.html
2025-12-29,men,rutgers,delaware-state,/cbb/boxscores/2025-12-29-00-rutgers.html,https://www.sports-reference.com/cbb/boxscores/2025-12-29-00-rutgers.html
2025-12-29,women,virginia,southern-methodist,/cbb/boxscores/2025-12-29-00-virginia_w.html,https://www.sports-reference.com/cbb/boxscores/2025-12-29-00-virginia_w.html
2025-12-29,men,auburn,queens-nc,/cbb/boxscores/2025-12-29-01-auburn.html,https://www.sports-reference.com/cbb/boxscores/2025-12-29-01-auburn.html
2025-12-29,men,baylor,,/cbb/boxscores/2025-12-29-01-baylor.html,https://www.sports-reference.com/cbb/boxscores/2025-12-29-01-baylor.html
2025-12-29,men,bradley,evansville,/cbb/boxscores/2025-12-29-01-bradley.html,https://www.sports-reference.com/cbb/boxscores/2025-12-29-01-bradley.html
2025-12-29,men,illinois-state,drake,/cbb/boxscores/2025-12-29-01-drake.html,https://www.sports-reference.com/cbb/boxscores/2025-12-29-01-drake.html
2025-12-29,women,murray-state,evansville,/cbb/boxscores/2025-12-29-01-evansville_w.html,https://www.sports-reference.com/cbb/boxscores/2025-12-29-01-evansville_w.html
2025-12-29,women,drake,illinois-chicago,/cbb/boxscores/2025-12-29-01-illinois-chicago_w.html,https://www.sports-reference.com/cbb/boxscores/2025-12-29-01-illinois-chicago_w.html
2025-12-29,women,illinois-state,indiana-state,/cbb/boxscores/2025-12-29-01-illinois-state_w.html,https://www.sports-reference.com/cbb/boxscores/2025-12-29-01-illinois-state_w.html
2025-12-29,women,mcneese-state,incarnate-word,/cbb/boxscores/2025-12-29-01-incarnate-word_w.html,https://www.sports-reference.com/cbb/boxscores/2025-12-29-01-incarnate-word_w.html
2025-12-29,men,mississippi-state,alabama-state,/cbb/boxscores/2025-12-29-01-mississippi-state.html,https://www.sports-reference.com/cbb/boxscores/2025-12-29-01-mississippi-state.html
2025-12-29,men,murray-state,southern-illinois,/cbb/boxscores/2025-12-29-01-murray-state.html,https://www.sports-reference.com/cbb/boxscores/2025-12-29-01-murray-state.html
2025-12-29,men,northern-iowa,valparaiso,/cbb/boxscores/2025-12-29-01-northern-iowa.html,https://www.sports-reference.com/cbb/boxscores/2025-12-29-01-northern-iowa.html
2025-12-29,men,tarleton-state,texas-arlington,/cbb/boxscores/2025-12-29-01-texas-arlington.html,https://www.sports-reference.com/cbb/boxscores/2025-12-29-01-texas-arlington.html
2025-12-29,women,texas-southern,,/cbb/boxscores/2025-12-29-01-texas-southern_w.html,https://www.sports-reference.com/cbb/boxscores/2025-12-29-01-texas-southern_w.html
2025-12-29,men,utah-valley,california-baptist,/cbb/boxscores/2025-12-29-02-utah-valley.html,https://www.sports-reference.com/cbb/boxscores/2025-12-29-02-utah-valley.html
2025-12-29,men,washington,utah,/cbb/boxscores/2025-12-29-03-washington.html,https://www.sports-reference.com/cbb/boxscores/2025-12-29-03-washington.html
2025-12-29,women,washington,northwestern,/cbb/boxscores/2025-12-29-03-washington_w.html,https://www.sports-reference.com/cbb/boxscores/2025-12-29-03-washington_w.html
2025-12-29,women,army,howard,/cbb/boxscores/2025-12-29-12-army_w.html,https://www.sports-reference.com/cbb/boxscores/2025-12-29-12-army_w.html
2025-12-29,women,brown,,/cbb/boxscores/2025-12-29-12-brown_w.html,https://www.sports-reference.com/cbb/boxscores/2025-12-29-12-brown_w.html
2025-12-29,women,,detroit-mercy,/cbb/boxscores/2025-12-29-13-detroit-mercy_w.html,https://www.sports-reference.com/cbb/boxscores/2025-12-29-13-detroit-mercy_w.html
2025-12-29,women,eastern-kentucky,hampton,/cbb/boxscores/2025-12-29-13-eastern-kentucky_w.html,https://www.sports-reference.com/cbb/boxscores/2025-12-29-13-eastern-kentucky_w.html
2025-12-29,women,florida-am,,/cbb/boxscores/2025-12-29-13-florida-am_w.html,https://www.sports-reference.com/cbb/boxscores/2025-12-29-13-florida-am_w.html
2025-12-29,women,harvard,delaware,/cbb/boxscores/2025-12-29-13-harvard_w.html,https://www.sports-reference.com/cbb/boxscores/2025-12-29-13-harvard_w.html
2025-12-29,women,abilene-christian,,/cbb/boxscores/2025-12-29-14-abilene-christian_w.html,https://www.sports-reference.com/cbb/boxscores/2025-12-29-14-abilene-christian_w.html
2025-12-29,women,auburn,jackson-state,/cbb/boxscores/2025-12-29-14-auburn_w.html,https://www.sports-reference.com/cbb/boxscores/2025-12-29-14-auburn_w.html
2025-12-29,women,njit,delaware-state,/cbb/boxscores/2025-12-29-14-delaware-state_w.html,https://www.sports-reference.com/cbb/boxscores/2025-12-29-14-delaware-state_w.html
2025-12-29,women,columbia,florida-gulf-coast,/cbb/boxscores/2025-12-29-14-florida-gulf-coast_w.html,https://www.sports-reference.com/cbb/boxscores/2025-12-29-14-florida-gulf-coast_w.html
2025-12-29,women,georgia,charleston-southern,/cbb/boxscores/2025-12-29-14-georgia_w.html,https://www.sports-reference.com/cbb/boxscores/2025-12-29-14-georgia_w.html
2025-12-29,women,marist,sacred-heart,/cbb/boxscores/2025-12-29-14-marist_w.html,https://www.sports-reference.com/cbb/boxscores/2025-12-29-14-marist_w.html
2025-12-29,men,merrimack,sacred-heart,/cbb/boxscores/2025-12-29-14-sacred-heart.html,https://www.sports-reference.com/cbb/boxscores/2025-12-29-14-sacred-heart.html
2025-12-29,women,northern-iowa,valparaiso,/cbb/boxscores/2025-12-29-14-valparaiso_w.html,https://www.sports-reference.com/cbb/boxscores/2025-12-29-14-valparaiso_w.html
2025-12-29,women,quinnipiac,saint-peters,/cbb/boxscores/2025-12-29-15-saint-peters_w.html,https://www.sports-reference.com/cbb/boxscores/2025-12-29-15-saint-peters_w.html
2025-12-29,women,st-thomas-mn,northern-illinois,/cbb/boxscores/2025-12-29-15-st-thomas-mn_w.html,https://www.sports-reference.com/cbb/boxscores/2025-12-29-15-st-thomas-mn_w.html
2025-12-29,men,binghamton,,/cbb/boxscores/2025-12-29-16-binghamton.html,https://www.sports-reference.com/cbb/boxscores/2025-12-29-16-binghamton.html
2025-12-29,women,youngstown-state,cleveland-state,/cbb/boxscores/2025-12-29-16-cleveland-state_w.html,https://www.sports-reference.com/cbb/boxscores/2025-12-29-16-cleveland-state_w.html
2025-12-29,women,iona,rider,/cbb/boxscores/2025-12-29-16-iona_w.html,https://www.sports-reference.com/cbb/boxscores/2025-12-29-16-iona_w.html
2025-12-29,men,njit,,/cbb/boxscores/2025-12-29-16-njit.html,https://www.sports-reference.com/cbb/boxscores/2025-12-29-16-njit.html
2025-12-29,women,pennsylvania,maryland-eastern-shore,/cbb/boxscores/2025-12-29-16-pennsylvania_w.html,https://www.sports-reference.com/cbb/boxscores/2025-12-29-16-pennsylvania_w.html
2025-12-29,men,quinnipiac,marist,/cbb/boxscores/2025-12-29-16-quinnipiac.html,https://www.sports-reference.com/cbb/boxscores/2025-12-29-16-quinnipiac.html
2025-12-29,men,south-florida,,/cbb/boxscores/2025-12-29-16-south-florida.html,https://www.sports-reference.com/cbb/boxscores/2025-12-29-16-south-florida.html
2025-12-29,women,texas-am-commerce,stephen-f-austin,/cbb/boxscores/2025-12-29-17-texas-am-commerce_w.html,https://www.sports-reference.com/cbb/boxscores/2025-12-29-17-texas-am-commerce_w.html
2025-12-29,women,texas-pan-american,new-orleans,/cbb/boxscores/2025-12-29-17-texas-pan-american_w.html,https://www.sports-reference.com/cbb/boxscores/2025-12-29-17-texas-pan-american_w.html
2025-12-29,men,william-mary,towson,/cbb/boxscores/2025-12-29-17-william-mary.html,https://www.sports-reference.com/cbb/boxscores/2025-12-29-17-william-mary.html
2025-12-29,women,appalachian-state,,/cbb/boxscores/2025-12-29-18-appalachian-state_w.html,https://www.sports-reference.com/cbb/boxscores/2025-12-29-18-appalachian-state_w.html
2025-12-29,women,coastal-carolina,,/cbb/boxscores/2025-12-29-18-coastal-carolina_w.html,https://www.sports-reference.com/cbb/boxscores/2025-12-29-18-coastal-carolina_w.html
2025-12-29,men,maryland-baltimore-county,coppin-state,/cbb/boxscores/2025-12-29-18-coppin-state.html,https://www.sports-reference.com/cbb/boxscores/2025-12-29-18-coppin-state.html
2025-12-29,women,north-carolina-asheville,,/cbb/boxscores/2025-12-29-18-north-carolina-asheville_w.html,https://www.sports-reference.com/cbb/boxscores/2025-12-29-18-north-carolina-asheville_w.html
2025-12-29,women,nicholls-state,texas-am-corpus-christi,/cbb/boxscores/2025-12-29-18-texas-am-corpus-christi_w.html,https://www.sports-reference.com/cbb/boxscores/2025-12-29-18-texas-am-corpus-christi_w.html
2025-12-29,men,detroit-mercy,youngstown-state,/cbb/boxscores/2025-12-29-18-youngstown-state.html,https://www.sports-reference.com/cbb/boxscores/2025-12-29-18-youngstown-state.html
2025-12-29,men,ball-state,,/cbb/boxscores/2025-12-29-19-ball-state.html,https://www.sports-reference.com/cbb/boxscores/2025-12-29-19-ball-state.html
2025-12-29,men,cleveland-state,iupui,/cbb/boxscores/2025-12-29-19-cleveland-state.html,https://www.sports-reference.com/cbb/boxscores/2025-12-29-19-cleveland-state.html
2025-12-29,men,college-of-charleston,drexel,/cbb/boxscores/2025-12-29-19-college-of-charleston.html,https://www.sports-reference.com/cbb/boxscores/2025-12-29-19-college-of-charleston.html
2025-12-29,women,villanova,depaul,/cbb/boxscores/2025-12-29-19-depaul_w.html,https://www.sports-reference.com/cbb/boxscores/2025-12-29-19-depaul_w.html
2025-12-29,men,saint-peters,fairfield,/cbb/boxscores/2025-12-29-19-fairfield.html,https://www.sports-reference.com/cbb/boxscores/2025-12-29-19-fairfield.html
2025-12-29,men,hofstra,campbell,/cbb/boxscores/2025-12-29-19-hofstra.html,https://www.sports-reference.com/cbb/boxscores/2025-12-29-19-hofstra.html
2025-12-29,women,northern-kentucky,ipfw,/cbb/boxscores/2025-12-29-19-ipfw_w.html,https://www.sports-reference.com/cbb/boxscores/2025-12-29-19-ipfw_w.html
2025-12-29,men,jacksonville-state,western-kentucky,/cbb/boxscores/2025-12-29-19-jacksonville-state.html,https://www.sports-reference.com/cbb/boxscores/2025-12-29-19-jacksonville-state.html
2025-12-29,women,lindenwood,,/cbb/boxscores/2025-12-29-19-lindenwood_w.html,https://www.sports-reference.com/cbb/boxscores/2025-12-29-19-lindenwood_w.html
2025-12-29,women,louisiana-lafayette,,/cbb/boxscores/2025-12-29-19-louisiana-lafayette_w.html,https://www.sports-reference.com/cbb/boxscores/2025-12-29-19-louisiana-lafayette_w.html
2025-12-29,men,louisiana-tech,texas-el-paso,/cbb/boxscores/2025-12-29-19-louisiana-tech.html,https://www.sports-reference.com/cbb/boxscores/2025-12-29-19-louisiana-tech.html
2025-12-29,women,fairfield,manhattan,/cbb/boxscores/2025-12-29-19-manhattan_w.html,https://www.sports-reference.com/cbb/boxscores/2025-12-29-19-manhattan_w.html
2025-12-29,women,st-johns-ny,marquette,/cbb/boxscores/2025-12-29-19-marquette_w.html,https://www.sports-reference.com/cbb/boxscores/2025-12-29-19-marquette_w.html
2025-12-29,men,mount-st-marys,iona,/cbb/boxscores/2025-12-29-19-mount-st-marys.html,https://www.sports-reference.com/cbb/boxscores/2025-12-29-19-mount-st-marys.html
2025-12-29,women,north-carolina-wilmington,,/cbb/boxscores/2025-12-29-19-north-carolina-wilmington_w.html,https://www.sports-reference.com/cbb/boxscores/2025-12-29-19-north-carolina-wilmington_w.html
2025-12-29,men,lamar,northwestern-state,/cbb/boxscores/2025-12-29-19-northwestern-state.html,https://www.sports-reference.com/cbb/boxscores/2025-12-29-19-northwestern-state.html
2025-12-29,men,manhattan,rider,/cbb/boxscores/2025-12-29-19-rider.html,https://www.sports-reference.com/cbb/boxscores/2025-12-29-19-rider.html
2025-12-29,men,northern-kentucky,robert-morris,/cbb/boxscores/2025-12-29-19-robert-morris.html,https://www.sports-reference.com/cbb/boxscores/2025-12-29-19-robert-morris.html
2025-12-29,women,belmont,southern-illinois,/cbb/boxscores/2025-12-29-19-southern-illinois_w.html,https://www.sports-reference.com/cbb/boxscores/2025-12-29-19-southern-illinois_w.html
2025-12-29,men,stephen-f-austin,texas-am-commerce,/cbb/boxscores/2025-12-29-19-texas-am-commerce.html,https://www.sports-reference.com/cbb/boxscores/2025-12-29-19-texas-am-commerce.html
2025-12-29,men,new-orleans,texas-pan-american,/cbb/boxscores/2025-12-29-19-texas-pan-american.html,https://www.sports-reference.com/cbb/boxscores/2025-12-29-19-texas-pan-american.html
2025-12-29,men,wright-state,oakland,/cbb/boxscores/2025-12-29-19-wright-state.html,https://www.sports-reference.com/cbb/boxscores/2025-12-29-19-wright-state.html
2025-12-29,men,illinois-chicago,,/cbb/boxscores/2025-12-29-20-illinois-chicago.html,https://www.sports-reference.com/cbb/boxscores/2025-12-29-20-illinois-chicago.html
2025-12-29,men,louisiana-state,southern-mississippi,/cbb/boxscores/2025-12-29-20-louisiana-state.html,https://www.sports-reference.com/cbb/boxscores/2025-12-29-20-louisiana-state.html
2025-12-29,men,milwaukee,ipfw,/cbb/boxscores/2025-12-29-20-milwaukee.html,https://www.sports-reference.com/cbb/boxscores/2025-12-29-20-milwaukee.html
2025-12-29,men,mississippi,alcorn-state,/cbb/boxscores/2025-12-29-20-mississippi.html,https://www.sports-reference.com/cbb/boxscores/2025-12-29-20-mississippi.html
2025-12-29,women,new-mexico-state,,/cbb/boxscores/2025-12-29-20-new-mexico-state_w.html,https://www.sports-reference.com/cbb/boxscores/2025-12-29-20-new-mexico-state_w.html
2025-12-29,women,north-dakota-state,,/cbb/boxscores/2025-12-29-20-north-dakota-state_w.html,https://www.sports-reference.com/cbb/boxscores/2025-12-29-20-north-dakota-state_w.html
2025-12-29,men,northern-arizona,,/cbb/boxscores/2025-12-29-20-northern-arizona.html,https://www.sports-reference.com/cbb/boxscores/2025-12-29-20-northern-arizona.html
2025-12-29,men,oklahoma,mississippi-valley-state,/cbb/boxscores/2025-12-29-20-oklahoma.html,https://www.sports-reference.com/cbb/boxscores/2025-12-29-20-oklahoma.html
2025-12-29,men,oklahoma-state,bethune-cookman,/cbb/boxscores/2025-12-29-20-oklahoma-state.html,https://www.sports-reference.com/cbb/boxscores/2025-12-29-20-oklahoma-state.html
2025-12-29,women,oral-roberts,,/cbb/boxscores/2025-12-29-20-oral-roberts_w.html,https://www.sports-reference.com/cbb/boxscores/2025-12-29-20-oral-roberts_w.html
2025-12-29,men,south-alabama,,/cbb/boxscores/2025-12-29-20-south-alabama.html,https://www.sports-reference.com/cbb/boxscores/2025-12-29-20-south-alabama.html
2025-12-29,women,southern-utah,dixie-state,/cbb/boxscores/2025-12-29-20-southern-utah_w.html,https://www.sports-reference.com/cbb/boxscores/2025-12-29-20-southern-utah_w.html
2025-12-29,women,tarleton-state,texas-arlington,/cbb/boxscores/2025-12-29-20-tarleton-state_w.html,https://www.sports-reference.com/cbb/boxscores/2025-12-29-20-tarleton-state_w.html
2025-12-29,men,texas-am,prairie-view,/cbb/boxscores/2025-12-29-20-texas-am.html,https://www.sports-reference.com/cbb/boxscores/2025-12-29-20-texas-am.html
2025-12-29,men,nicholls-state,texas-am-corpus-christi,/cbb/boxscores/2025-12-29-20-texas-am-corpus-christi.html,https://www.sports-reference.com/cbb/boxscores/2025-12-29-20-texas-am-corpus-christi.html
2025-12-29,men,texas-christian,jackson-state,/cbb/boxscores/2025-12-29-20-texas-christian.html,https://www.sports-reference.com/cbb/boxscores/2025-12-29-20-texas-christian.html
2025-12-29,women,texas-state,,/cbb/boxscores/2025-12-29-20-texas-state_w.html,https://www.sports-reference.com/cbb/boxscores/2025-12-29-20-texas-state_w.html
2025-12-29,women,california-baptist,utah-valley,/cbb/boxscores/2025-12-29-21-california-baptist_w.html,https://www.sports-reference.com/cbb/boxscores/2025-12-29-21-california-baptist_w.html
2025-12-29,men,dixie-state,southern-utah,/cbb/boxscores/2025-12-29-21-dixie-state.html,https://www.sports-reference.com/cbb/boxscores/2025-12-29-21-dixie-state.html
2025-12-29,women,eastern-washington,,/cbb/boxscores/2025-12-29-21-eastern-washington_w.html,https://www.sports-reference.com/cbb/boxscores/2025-12-29-21-eastern-washington_w.html
2025-12-29,women,long-beach-state,,/cbb/boxscores/2025-12-29-21-long-beach-state_w.html,https://www.sports-reference.com/cbb/boxscores/2025-12-29-21-long-beach-state_w.html
2025-12-29,men,minnesota,fairleigh-dickinson,/cbb/boxscores/2025-12-29-21-minnesota.html,https://www.sports-reference.com/cbb/boxscores/2025-12-29-21-minnesota.html
2025-12-29,women,texas-el-paso,,/cbb/boxscores/2025-12-29-21-texas-el-paso_w.html,https://www.sports-reference.com/cbb/boxscores/2025-12-29-21-texas-el-paso_w.html
2025-12-29,men,nevada-las-vegas,,/cbb/boxscores/2025-12-29-22-nevada-las-vegas.html,https://www.sports-reference.com/cbb/boxscores/2025-12-29-22-nevada-las-vegas.html
2025-12-30,men,gonzaga,san-diego,/cbb/boxscores/2025-12-30-03-san-diego.html,https://www.sports-reference.com/cbb/boxscores/2025-12-30-03-san-diego.html
2025-12-30,men,north-carolina,florida-state,/cbb/boxscores/2025-12-30-00-north-carolina.html,https://www.sports-reference.com/cbb/boxscores/2025-12-30-00-north-carolina.html
2025-12-30,men,nebraska,new-hampshire,/cbb/boxscores/2025-12-30-21-nebraska.html,https://www.sports-reference.com/cbb/boxscores/2025-12-30-21-nebraska.html
2025-12-30,men,louisville,california,/cbb/boxscores/2025-12-30-21-california.html,https://www.sports-reference.com/cbb/boxscores/2025-12-30-21-california.html
2025-12-30,men,tennessee,south-carolina-state,/cbb/boxscores/2025-12-30-20-tennessee.html,https://www.sports-reference.com/cbb/boxscores/2025-12-30-20-tennessee.html
2025-12-30,men,ohio,central-michigan,/cbb/boxscores/2025-12-30-00-central-michigan.html,https://www.sports-reference.com/cbb/boxscores/2025-12-30-00-central-michigan.html
2025-12-30,women,florida-international,,/cbb/boxscores/2025-12-30-00-florida-international_w.html,https://www.sports-reference.com/cbb/boxscores/2025-12-30-00-florida-international_w.html
2025-12-30,men,miami-fl,pittsburgh,/cbb/boxscores/2025-12-30-00-miami-fl.html,https://www.sports-reference.com/cbb/boxscores/2025-12-30-00-miami-fl.html
2025-12-30,women,towson,morgan-state,/cbb/boxscores/2025-12-30-00-towson_w.html,https://www.sports-reference.com/cbb/boxscores/2025-12-30-00-towson_w.html
2025-12-30,women,texas-san-antonio,tulane,/cbb/boxscores/2025-12-30-01-texas-san-antonio_w.html,https://www.sports-reference.com/cbb/boxscores/2025-12-30-01-texas-san-antonio_w.html
2025-12-30,men,texas-southern,,/cbb/boxscores/2025-12-30-01-texas-southern.html,https://www.sports-reference.com/cbb/boxscores/2025-12-30-01-texas-southern.html
2025-12-30,women,tulsa,wichita-state,/cbb/boxscores/2025-12-30-01-tulsa_w.html,https://www.sports-reference.com/cbb/boxscores/2025-12-30-01-tulsa_w.html
2025-12-30,men,wisconsin,milwaukee,/cbb/boxscores/2025-12-30-01-wisconsin.html,https://www.sports-reference.com/cbb/boxscores/2025-12-30-01-wisconsin.html
2025-12-30,men,wyoming,air-force,/cbb/boxscores/2025-12-30-02-air-force.html,https://www.sports-reference.com/cbb/boxscores/2025-12-30-02-air-force.html
2025-12-30,men,boise-state,new-mexico,/cbb/boxscores/2025-12-30-02-boise-state.html,https://www.sports-reference.com/cbb/boxscores/2025-12-30-02-boise-state.html
2025-12-30,men,nevada,colorado-state,/cbb/boxscores/2025-12-30-02-colorado-state.html,https://www.sports-reference.com/cbb/boxscores/2025-12-30-02-colorado-state.html
2025-12-30,men,utah-state,fresno-state,/cbb/boxscores/2025-12-30-03-fresno-state.html,https://www.sports-reference.com/cbb/boxscores/2025-12-30-03-fresno-state.html
2025-12-30,women,gonzaga,pepperdine,/cbb/boxscores/2025-12-30-03-gonzaga_w.html,https://www.sports-reference.com/cbb/boxscores/2025-12-30-03-gonzaga_w.html
2025-12-30,men,oregon-state,san-francisco,/cbb/boxscores/2025-12-30-03-oregon-state.html,https://www.sports-reference.com/cbb/boxscores/2025-12-30-03-oregon-state.html
2025-12-30,women,pacific,san-diego,/cbb/boxscores/2025-12-30-03-pacific_w.html,https://www.sports-reference.com/cbb/boxscores/2025-12-30-03-pacific_w.html
2025-12-30,men,saint-marys-ca,pepperdine,/cbb/boxscores/2025-12-30-03-pepperdine.html,https://www.sports-reference.com/cbb/boxscores/2025-12-30-03-pepperdine.html
2025-12-30,women,oregon-state,saint-marys-ca,/cbb/boxscores/2025-12-30-03-saint-marys-ca_w.html,https://www.sports-reference.com/cbb/boxscores/2025-12-30-03-saint-marys-ca_w.html
2025-12-30,women,san-francisco,portland,/cbb/boxscores/2025-12-30-03-san-francisco_w.html,https://www.sports-reference.com/cbb/boxscores/2025-12-30-03-san-francisco_w.html
2025-12-30,men,san-diego-state,san-jose-state,/cbb/boxscores/2025-12-30-03-san-jose-state.html,https://www.sports-reference.com/cbb/boxscores/2025-12-30-03-san-jose-state.html
2025-12-30,men,notre-dame,stanford,/cbb/boxscores/2025-12-30-03-stanford.html,https://www.sports-reference.com/cbb/boxscores/2025-12-30-03-stanford.html
2025-12-30,women,loyola-marymount,washington-state,/cbb/boxscores/2025-12-30-03-washington-state_w.html,https://www.sports-reference.com/cbb/boxscores/2025-12-30-03-washington-state_w.html
2025-12-30,women,southeast-missouri-state,,/cbb/boxscores/2025-12-30-12-southeast-missouri-state_w.html,https://www.sports-reference.com/cbb/boxscores/2025-12-30-12-southeast-missouri-state_w.html
2025-12-30,women,pennsylvania,binghamton,/cbb/boxscores/2025-12-30-13-binghamton_w.html,https://www.sports-reference.com/cbb/boxscores/2025-12-30-13-binghamton_w.html
2025-12-30,women,dartmouth,,/cbb/boxscores/2025-12-30-13-dartmouth_w.html,https://www.sports-reference.com/cbb/boxscores/2025-12-30-13-dartmouth_w.html
2025-12-30,men,princeton,vermont,/cbb/boxscores/2025-12-30-13-princeton.html,https://www.sports-reference.com/cbb/boxscores/2025-12-30-13-princeton.html
2025-12-30,women,furman,,/cbb/boxscores/2025-12-30-14-furman_w.html,https://www.sports-reference.com/cbb/boxscores/2025-12-30-14-furman_w.html
2025-12-30,men,maine,,/cbb/boxscores/2025-12-30-14-maine.html,https://www.sports-reference.com/cbb/boxscores/2025-12-30-14-maine.html
2025-12-30,women,north-carolina-central,,/cbb/boxscores/2025-12-30-14-north-carolina-central_w.html,https://www.sports-reference.com/cbb/boxscores/2025-12-30-14-north-carolina-central_w.html
2025-12-30,women,wagner,,/cbb/boxscores/2025-12-30-14-wagner_w.html,https://www.sports-reference.com/cbb/boxscores/2025-12-30-14-wagner_w.html
2025-12-30,women,south-dakota,,/cbb/boxscores/2025-12-30-15-south-dakota_w.html,https://www.sports-reference.com/cbb/boxscores/2025-12-30-15-south-dakota_w.html
2025-12-30,women,western-carolina,,/cbb/boxscores/2025-12-30-15-western-carolina_w.html,https://www.sports-reference.com/cbb/boxscores/2025-12-30-15-western-carolina_w.html
2025-12-30,women,fairleigh-dickinson,maryland-eastern-shore,/cbb/boxscores/2025-12-30-16-fairleigh-dickinson_w.html,https://www.sports-reference.com/cbb/boxscores/2025-12-30-16-fairleigh-dickinson_w.html
2025-12-30,women,california-riverside,,/cbb/boxscores/2025-12-30-17-california-riverside_w.html,https://www.sports-reference.com/cbb/boxscores/2025-12-30-17-california-riverside_w.html
2025-12-30,women,eastern-michigan,bowling-green-state,/cbb/boxscores/2025-12-30-17-eastern-michigan_w.html,https://www.sports-reference.com/cbb/boxscores/2025-12-30-17-eastern-michigan_w.html
2025-12-30,women,north-carolina-at,,/cbb/boxscores/2025-12-30-17-north-carolina-at_w.html,https://www.sports-reference.com/cbb/boxscores/2025-12-30-17-north-carolina-at_w.html
2025-12-30,men,northwestern,howard,/cbb/boxscores/2025-12-30-17-northwestern.html,https://www.sports-reference.com/cbb/boxscores/2025-12-30-17-northwestern.html
2025-12-30,women,chattanooga,,/cbb/boxscores/2025-12-30-18-chattanooga_w.html,https://www.sports-reference.com/cbb/boxscores/2025-12-30-18-chattanooga_w.html
2025-12-30,men,east-tennessee-state,citadel,/cbb/boxscores/2025-12-30-18-citadel.html,https://www.sports-reference.com/cbb/boxscores/2025-12-30-18-citadel.html
2025-12-30,women,east-carolina,alabama-birmingham,/cbb/boxscores/2025-12-30-18-east-carolina_w.html,https://www.sports-reference.com/cbb/boxscores/2025-12-30-18-east-carolina_w.html
2025-12-30,women,jacksonville,bethune-cookman,/cbb/boxscores/2025-12-30-18-jacksonville_w.html,https://www.sports-reference.com/cbb/boxscores/2025-12-30-18-jacksonville_w.html
2025-12-30,women,le-moyne,,/cbb/boxscores/2025-12-30-18-le-moyne_w.html,https://www.sports-reference.com/cbb/boxscores/2025-12-30-18-le-moyne_w.html
2025-12-30,women,maryland-baltimore-county,,/cbb/boxscores/2025-12-30-18-maryland-baltimore-county_w.html,https://www.sports-reference.com/cbb/boxscores/2025-12-30-18-maryland-baltimore-county_w.html
2025-12-30,men,morgan-state,,/cbb/boxscores/2025-12-30-18-morgan-state.html,https://www.sports-reference.com/cbb/boxscores/2025-12-30-18-morgan-state.html
2025-12-30,women,rhode-island,richmond,/cbb/boxscores/2025-12-30-18-rhode-island_w.html,https://www.sports-reference.com/cbb/boxscores/2025-12-30-18-rhode-island_w.html
2025-12-30,men,south-carolina,albany-ny,/cbb/boxscores/2025-12-30-18-south-carolina.html,https://www.sports-reference.com/cbb/boxscores/2025-12-30-18-south-carolina.html
2025-12-30,women,tennessee-tech,tennessee-state,/cbb/boxscores/2025-12-30-18-tennessee-tech_w.html,https://www.sports-reference.com/cbb/boxscores/2025-12-30-18-tennessee-tech_w.html
2025-12-30,men,toledo,western-michigan,/cbb/boxscores/2025-12-30-18-toledo.html,https://www.sports-reference.com/cbb/boxscores/2025-12-30-18-toledo.html
2025-12-30,men,miami-oh,bowling-green-state,/cbb/boxscores/2025-12-30-19-bowling-green-state.html,https://www.sports-reference.com/cbb/boxscores/2025-12-30-19-bowling-green-state.html
2025-12-30,men,temple,charlotte,/cbb/boxscores/2025-12-30-19-charlotte.html,https://www.sports-reference.com/cbb/boxscores/2025-12-30-19-charlotte.html
2025-12-30,men,duquesne,davidson,/cbb/boxscores/2025-12-30-19-davidson.html,https://www.sports-reference.com/cbb/boxscores/2025-12-30-19-davidson.html
2025-12-30,men,eastern-michigan,massachusetts,/cbb/boxscores/2025-12-30-19-eastern-michigan.html,https://www.sports-reference.com/cbb/boxscores/2025-12-30-19-eastern-michigan.html
2025-12-30,women,elon,,/cbb/boxscores/2025-12-30-19-elon_w.html,https://www.sports-reference.com/cbb/boxscores/2025-12-30-19-elon_w.html
2025-12-30,women,north-texas,florida-atlantic,/cbb/boxscores/2025-12-30-19-florida-atlantic_w.html,https://www.sports-reference.com/cbb/boxscores/2025-12-30-19-florida-atlantic_w.html
2025-12-30,men,grambling,,/cbb/boxscores/2025-12-30-19-grambling.html,https://www.sports-reference.com/cbb/boxscores/2025-12-30-19-grambling.html
2025-12-30,men,incarnate-word,southeastern-louisiana,/cbb/boxscores/2025-12-30-19-incarnate-word.html,https://www.sports-reference.com/cbb/boxscores/2025-12-30-19-incarnate-word.html
2025-12-30,men,seton-hall,marquette,/cbb/boxscores/2025-12-30-19-marquette.html,https://www.sports-reference.com/cbb/boxscores/2025-12-30-19-marquette.html
2025-12-30,women,rice,south-florida,/cbb/boxscores/2025-12-30-19-south-florida_w.html,https://www.sports-reference.com/cbb/boxscores/2025-12-30-19-south-florida_w.html
2025-12-30,women,green-bay,wright-state,/cbb/boxscores/2025-12-30-19-wright-state_w.html,https://www.sports-reference.com/cbb/boxscores/2025-12-30-19-wright-state_w.html
2025-12-30,men,alabama-am,,/cbb/boxscores/2025-12-30-20-alabama-am.html,https://www.sports-reference.com/cbb/boxscores/2025-12-30-20-alabama-am.html
2025-12-30,men,arkansas-state,,/cbb/boxscores/2025-12-30-20-arkansas-state.html,https://www.sports-reference.com/cbb/boxscores/2025-12-30-20-arkansas-state.html
2025-12-30,men,tennessee-state,tennessee-tech,/cbb/boxscores/2025-12-30-20-tennessee-tech.html,https://www.sports-reference.com/cbb/boxscores/2025-12-30-20-tennessee-tech.html
2025-12-30,men,creighton,butler,/cbb/boxscores/2025-12-30-21-creighton.html,https://www.sports-reference.com/cbb/boxscores/2025-12-30-21-creighton.html
2025-12-30,women,santa-clara,seattle,/cbb/boxscores/2025-12-30-21-santa-clara_w.html,https://www.sports-reference.com/cbb/boxscores/2025-12-30-21-santa-clara_w.html
2025-12-30,men,long-beach-state,,/cbb/boxscores/2025-12-30-22-long-beach-state.html,https://www.sports-reference.com/cbb/boxscores/2025-12-30-22-long-beach-state.html
2025-12-30,men,loyola-marymount,pacific,/cbb/boxscores/2025-12-30-22-loyola-marymount.html,https://www.sports-reference.com/cbb/boxscores/2025-12-30-22-loyola-marymount.html
2025-12-30,men,santa-clara,portland,/cbb/boxscores/2025-12-30-22-portland.html,https://www.sports-reference.com/cbb/boxscores/2025-12-30-22-portland.html
2025-12-30,men,seattle,washington-state,/cbb/boxscores/2025-12-30-22-seattle.html,https://www.sports-reference.com/cbb/boxscores/2025-12-30-22-seattle.html
2025-12-31,women,connecticut,providence,/cbb/boxscores/2025-12-31-00-providence_w.html,https://www.sports-reference.com/cbb/boxscores/2025-12-31-00-providence_w.html
2025-12-31,women,ucla,penn-state,/cbb/boxscores/2025-12-31-00-penn-state_w.html,https://www.sports-reference.com/cbb/boxscores/2025-12-31-00-penn-state_w.html
2025-12-31,men,connecticut,xavier,/cbb/boxscores/2025-12-31-17-xavier.html,https://www.sports-reference.com/cbb/boxscores/2025-12-31-17-xavier.html
2025-12-31,men,duke,georgia-tech,/cbb/boxscores/2025-12-31-16-duke.html,https://www.sports-reference.com/cbb/boxscores/2025-12-31-16-duke.html
2025-12-31,women,texas-christian,brigham-young,/cbb/boxscores/2025-12-31-02-brigham-young_w.html,https://www.sports-reference.com/cbb/boxscores/2025-12-31-02-brigham-young_w.html
2025-12-31,women,iowa-state,houston,/cbb/boxscores/2025-12-31-14-houston_w.html,https://www.sports-reference.com/cbb/boxscores/2025-12-31-14-houston_w.html
2025-12-31,women,ohio-state,purdue,/cbb/boxscores/2025-12-31-00-purdue_w.html,https://www.sports-reference.com/cbb/boxscores/2025-12-31-00-purdue_w.html
2025-12-31,women,texas-tech,central-florida,/cbb/boxscores/2025-12-31-01-texas-tech_w.html,https://www.sports-reference.com/cbb/boxscores/2025-12-31-01-texas-tech_w.html
2025-12-31,men,virginia-tech,virginia,/cbb/boxscores/2025-12-31-14-virginia-tech.html,https://www.sports-reference.com/cbb/boxscores/2025-12-31-14-virginia-tech.html
2025-12-31,women,baylor,oklahoma-state,/cbb/boxscores/2025-12-31-01-oklahoma-state_w.html,https://www.sports-reference.com/cbb/boxscores/2025-12-31-01-oklahoma-state_w.html
2025-12-31,women,ball-state,akron,/cbb/boxscores/2025-12-31-00-akron_w.html,https://www.sports-reference.com/cbb/boxscores/2025-12-31-00-akron_w.html
2025-12-31,men,brown,,/cbb/boxscores/2025-12-31-00-brown.html,https://www.sports-reference.com/cbb/boxscores/2025-12-31-00-brown.html
2025-12-31,women,charlotte,memphis,/cbb/boxscores/2025-12-31-00-charlotte_w.html,https://www.sports-reference.com/cbb/boxscores/2025-12-31-00-charlotte_w.html
2025-12-31,women,colgate,lafayette,/cbb/boxscores/2025-12-31-00-colgate_w.html,https://www.sports-reference.com/cbb/boxscores/2025-12-31-00-colgate_w.html
2025-12-31,men,dayton,fordham,/cbb/boxscores/2025-12-31-00-dayton.html,https://www.sports-reference.com/cbb/boxscores/2025-12-31-00-dayton.html
2025-12-31,men,tulane,east-carolina,/cbb/boxscores/2025-12-31-00-east-carolina.html,https://www.sports-reference.com/cbb/boxscores/2025-12-31-00-east-carolina.html
2025-12-31,men,college-of-charleston,elon,/cbb/boxscores/2025-12-31-00-elon.html,https://www.sports-reference.com/cbb/boxscores/2025-12-31-00-elon.html
2025-12-31,women,la-salle,fordham,/cbb/boxscores/2025-12-31-00-fordham_w.html,https://www.sports-reference.com/cbb/boxscores/2025-12-31-00-fordham_w.html
2025-12-31,men,furman,mercer,/cbb/boxscores/2025-12-31-00-furman.html,https://www.sports-reference.com/cbb/boxscores/2025-12-31-00-furman.html
2025-12-31,men,hampton,towson,/cbb/boxscores/2025-12-31-00-hampton.html,https://www.sports-reference.com/cbb/boxscores/2025-12-31-00-hampton.html
2025-12-31,men,holy-cross,bucknell,/cbb/boxscores/2025-12-31-00-holy-cross.html,https://www.sports-reference.com/cbb/boxscores/2025-12-31-00-holy-cross.html
2025-12-31,women,miami-oh,kent-state,/cbb/boxscores/2025-12-31-00-kent-state_w.html,https://www.sports-reference.com/cbb/boxscores/2025-12-31-00-kent-state_w.html
2025-12-31,men,army,lehigh,/cbb/boxscores/2025-12-31-00-lehigh.html,https://www.sports-reference.com/cbb/boxscores/2025-12-31-00-lehigh.html
2025-12-31,men,longwood,winthrop,/cbb/boxscores/2025-12-31-00-longwood.html,https://www.sports-reference.com/cbb/boxscores/2025-12-31-00-longwood.html
2025-12-31,women,massachusetts,western-michigan,/cbb/boxscores/2025-12-31-00-massachusetts_w.html,https://www.sports-reference.com/cbb/boxscores/2025-12-31-00-massachusetts_w.html
2025-12-31,men,high-point,north-carolina-asheville,/cbb/boxscores/2025-12-31-00-north-carolina-asheville.html,https://www.sports-reference.com/cbb/boxscores/2025-12-31-00-north-carolina-asheville.html
2025-12-31,men,north-carolina-wilmington,drexel,/cbb/boxscores/2025-12-31-00-north-carolina-wilmington.html,https://www.sports-reference.com/cbb/boxscores/2025-12-31-00-north-carolina-wilmington.html
2025-12-31,women,radford,presbyterian,/cbb/boxscores/2025-12-31-00-presbyterian_w.html,https://www.sports-reference.com/cbb/boxscores/2025-12-31-00-presbyterian_w.html
2025-12-31,men,loyola-il,rhode-island,/cbb/boxscores/2025-12-31-00-rhode-island.html,https://www.sports-reference.com/cbb/boxscores/2025-12-31-00-rhode-island.html
2025-12-31,men,george-washington,richmond,/cbb/boxscores/2025-12-31-00-richmond.html,https://www.sports-reference.com/cbb/boxscores/2025-12-31-00-richmond.html
2025-12-31,women,seton-hall,georgetown,/cbb/boxscores/2025-12-31-00-seton-hall_w.html,https://www.sports-reference.com/cbb/boxscores/2025-12-31-00-seton-hall_w.html
2025-12-31,women,st-bonaventure,george-washington,/cbb/boxscores/2025-12-31-00-st-bonaventure_w.html,https://www.sports-reference.com/cbb/boxscores/2025-12-31-00-st-bonaventure_w.html
2025-12-31,men,clemson,syracuse,/cbb/boxscores/2025-12-31-00-syracuse.html,https://www.sports-reference.com/cbb/boxscores/2025-12-31-00-syracuse.html
2025-12-31,women,toledo,buffalo,/cbb/boxscores/2025-12-31-00-toledo_w.html,https://www.sports-reference.com/cbb/boxscores/2025-12-31-00-toledo_w.html
2025-12-31,men,villanova,depaul,/cbb/boxscores/2025-12-31-00-villanova.html,https://www.sports-reference.com/cbb/boxscores/2025-12-31-00-villanova.html
2025-12-31,men,virginia-commonwealth,st-bonaventure,/cbb/boxscores/2025-12-31-00-virginia-commonwealth.html,https://www.sports-reference.com/cbb/boxscores/2025-12-31-00-virginia-commonwealth.html
2025-12-31,men,wofford,western-carolina,/cbb/boxscores/2025-12-31-00-western-carolina.html,https://www.sports-reference.com/cbb/boxscores/2025-12-31-00-western-carolina.html
2025-12-31,women,gardner-webb,winthrop,/cbb/boxscores/2025-12-31-00-winthrop_w.html,https://www.sports-reference.com/cbb/boxscores/2025-12-31-00-winthrop_w.html
2025-12-31,men,wichita-state,alabama-birmingham,/cbb/boxscores/2025-12-31-01-alabama-birmingham.html,https://www.sports-reference.com/cbb/boxscores/2025-12-31-01-alabama-birmingham.html
2025-12-31,women,saint-louis,duquesne,/cbb/boxscores/2025-12-31-01-duquesne_w.html,https://www.sports-reference.com/cbb/boxscores/2025-12-31-01-duquesne_w.html
2025-12-31,women,northern-iowa,illinois-chicago,/cbb/boxscores/2025-12-31-01-illinois-chicago_w.html,https://www.sports-reference.com/cbb/boxscores/2025-12-31-01-illinois-chicago_w.html
2025-12-31,women,incarnate-word,southeastern-louisiana,/cbb/boxscores/2025-12-31-01-incarnate-word_w.html,https://www.sports-reference.com/cbb/boxscores/2025-12-31-01-incarnate-word_w.html
2025-12-31,men,memphis,north-texas,/cbb/boxscores/2025-12-31-01-memphis.html,https://www.sports-reference.com/cbb/boxscores/2025-12-31-01-memphis.html
2025-12-31,men,stephen-f-austin,northwestern-state,/cbb/boxscores/2025-12-31-01-northwestern-state.html,https://www.sports-reference.com/cbb/boxscores/2025-12-31-01-northwestern-state.html
2025-12-31,women,stephen-f-austin,northwestern-state,/cbb/boxscores/2025-12-31-01-northwestern-state_w.html,https://www.sports-reference.com/cbb/boxscores/2025-12-31-01-northwestern-state_w.html
2025-12-31,women,lamar,texas-am-commerce,/cbb/boxscores/2025-12-31-01-texas-am-commerce_w.html,https://www.sports-reference.com/cbb/boxscores/2025-12-31-01-texas-am-commerce_w.html
2025-12-31,men,troy,texas-state,/cbb/boxscores/2025-12-31-01-troy.html,https://www.sports-reference.com/cbb/boxscores/2025-12-31-01-troy.html
2025-12-31,women,boise-state,nevada,/cbb/boxscores/2025-12-31-02-boise-state_w.html,https://www.sports-reference.com/cbb/boxscores/2025-12-31-02-boise-state_w.html
2025-12-31,women,colorado,arizona,/cbb/boxscores/2025-12-31-02-colorado_w.html,https://www.sports-reference.com/cbb/boxscores/2025-12-31-02-colorado_w.html
2025-12-31,women,colorado-state,grand-canyon,/cbb/boxscores/2025-12-31-02-grand-canyon_w.html,https://www.sports-reference.com/cbb/boxscores/2025-12-31-02-grand-canyon_w.html
2025-12-31,women,utah-state,san-jose-state,/cbb/boxscores/2025-12-31-02-utah-state_w.html,https://www.sports-reference.com/cbb/boxscores/2025-12-31-02-utah-state_w.html
2025-12-31,women,arizona-state,utah,/cbb/boxscores/2025-12-31-02-utah_w.html,https://www.sports-reference.com/cbb/boxscores/2025-12-31-02-utah_w.html
2025-12-31,women,nevada-las-vegas,fresno-state,/cbb/boxscores/2025-12-31-03-nevada-las-vegas_w.html,https://www.sports-reference.com/cbb/boxscores/2025-12-31-03-nevada-las-vegas_w.html
2025-12-31,men,north-carolina-state,wake-forest,/cbb/boxscores/2025-12-31-12-north-carolina-state.html,https://www.sports-reference.com/cbb/boxscores/2025-12-31-12-north-carolina-state.html
2025-12-31,men,american,loyola-md,/cbb/boxscores/2025-12-31-13-american.html,https://www.sports-reference.com/cbb/boxscores/2025-12-31-13-american.html
2025-12-31,women,lehigh,army,/cbb/boxscores/2025-12-31-13-army_w.html,https://www.sports-reference.com/cbb/boxscores/2025-12-31-13-army_w.html
2025-12-31,women,holy-cross,bucknell,/cbb/boxscores/2025-12-31-13-bucknell_w.html,https://www.sports-reference.com/cbb/boxscores/2025-12-31-13-bucknell_w.html
2025-12-31,women,ohio,central-michigan,/cbb/boxscores/2025-12-31-13-central-michigan_w.html,https://www.sports-reference.com/cbb/boxscores/2025-12-31-13-central-michigan_w.html
2025-12-31,men,south-alabama,louisiana-lafayette,/cbb/boxscores/2025-12-31-13-louisiana-lafayette.html,https://www.sports-reference.com/cbb/boxscores/2025-12-31-13-louisiana-lafayette.html
2025-12-31,women,loyola-md,american,/cbb/boxscores/2025-12-31-13-loyola-md_w.html,https://www.sports-reference.com/cbb/boxscores/2025-12-31-13-loyola-md_w.html
2025-12-31,men,navy,boston-university,/cbb/boxscores/2025-12-31-13-navy.html,https://www.sports-reference.com/cbb/boxscores/2025-12-31-13-navy.html
2025-12-31,men,buffalo,northern-illinois,/cbb/boxscores/2025-12-31-13-northern-illinois.html,https://www.sports-reference.com/cbb/boxscores/2025-12-31-13-northern-illinois.html
2025-12-31,women,youngstown-state,,/cbb/boxscores/2025-12-31-13-youngstown-state_w.html,https://www.sports-reference.com/cbb/boxscores/2025-12-31-13-youngstown-state_w.html
2025-12-31,women,navy,boston-university,/cbb/boxscores/2025-12-31-14-boston-university_w.html,https://www.sports-reference.com/cbb/boxscores/2025-12-31-14-boston-university_w.html
2025-12-31,men,columbia,,/cbb/boxscores/2025-12-31-14-columbia.html,https://www.sports-reference.com/cbb/boxscores/2025-12-31-14-columbia.html
2025-12-31,men,florida-atlantic,texas-san-antonio,/cbb/boxscores/2025-12-31-14-florida-atlantic.html,https://www.sports-reference.com/cbb/boxscores/2025-12-31-14-florida-atlantic.html
2025-12-31,men,charleston-southern,gardner-webb,/cbb/boxscores/2025-12-31-14-gardner-webb.html,https://www.sports-reference.com/cbb/boxscores/2025-12-31-14-gardner-webb.html
2025-12-31,women,high-point,north-carolina-asheville,/cbb/boxscores/2025-12-31-14-high-point_w.html,https://www.sports-reference.com/cbb/boxscores/2025-12-31-14-high-point_w.html
2025-12-31,women,kansas-state,cincinnati,/cbb/boxscores/2025-12-31-14-kansas-state_w.html,https://www.sports-reference.com/cbb/boxscores/2025-12-31-14-kansas-state_w.html
2025-12-31,men,george-mason,la-salle,/cbb/boxscores/2025-12-31-14-la-salle.html,https://www.sports-reference.com/cbb/boxscores/2025-12-31-14-la-salle.html
2025-12-31,men,campbell,monmouth,/cbb/boxscores/2025-12-31-14-monmouth.html,https://www.sports-reference.com/cbb/boxscores/2025-12-31-14-monmouth.html
2025-12-31,men,appalachian-state,old-dominion,/cbb/boxscores/2025-12-31-14-old-dominion.html,https://www.sports-reference.com/cbb/boxscores/2025-12-31-14-old-dominion.html
2025-12-31,men,pennsylvania,njit,/cbb/boxscores/2025-12-31-14-pennsylvania.html,https://www.sports-reference.com/cbb/boxscores/2025-12-31-14-pennsylvania.html
2025-12-31,women,saint-josephs,virginia-commonwealth,/cbb/boxscores/2025-12-31-14-saint-josephs_w.html,https://www.sports-reference.com/cbb/boxscores/2025-12-31-14-saint-josephs_w.html
2025-12-31,women,texas-am-corpus-christi,new-orleans,/cbb/boxscores/2025-12-31-14-texas-am-corpus-christi_w.html,https://www.sports-reference.com/cbb/boxscores/2025-12-31-14-texas-am-corpus-christi_w.html
2025-12-31,men,tulsa,rice,/cbb/boxscores/2025-12-31-14-tulsa.html,https://www.sports-reference.com/cbb/boxscores/2025-12-31-14-tulsa.html
2025-12-31,men,william-mary,stony-brook,/cbb/boxscores/2025-12-31-14-william-mary.html,https://www.sports-reference.com/cbb/boxscores/2025-12-31-14-william-mary.html
2025-12-31,women,charleston-southern,south-carolina-upstate,/cbb/boxscores/2025-12-31-15-charleston-southern_w.html,https://www.sports-reference.com/cbb/boxscores/2025-12-31-15-charleston-southern_w.html
2025-12-31,women,mcneese-state,houston-baptist,/cbb/boxscores/2025-12-31-15-houston-baptist_w.html,https://www.sports-reference.com/cbb/boxscores/2025-12-31-15-houston-baptist_w.html
2025-12-31,men,colgate,lafayette,/cbb/boxscores/2025-12-31-15-lafayette.html,https://www.sports-reference.com/cbb/boxscores/2025-12-31-15-lafayette.html
2025-12-31,women,davidson,loyola-il,/cbb/boxscores/2025-12-31-15-loyola-il_w.html,https://www.sports-reference.com/cbb/boxscores/2025-12-31-15-loyola-il_w.html
2025-12-31,women,new-mexico,wyoming,/cbb/boxscores/2025-12-31-15-new-mexico_w.html,https://www.sports-reference.com/cbb/boxscores/2025-12-31-15-new-mexico_w.html
2025-12-31,men,northeastern,north-carolina-at,/cbb/boxscores/2025-12-31-15-north-carolina-at.html,https://www.sports-reference.com/cbb/boxscores/2025-12-31-15-north-carolina-at.html
2025-12-31,women,nicholls-state,texas-pan-american,/cbb/boxscores/2025-12-31-15-texas-pan-american_w.html,https://www.sports-reference.com/cbb/boxscores/2025-12-31-15-texas-pan-american_w.html
2025-12-31,men,denver,missouri-kansas-city,/cbb/boxscores/2025-12-31-16-denver.html,https://www.sports-reference.com/cbb/boxscores/2025-12-31-16-denver.html
2025-12-31,men,marshall,georgia-state,/cbb/boxscores/2025-12-31-16-marshall.html,https://www.sports-reference.com/cbb/boxscores/2025-12-31-16-marshall.html
2025-12-31,men,saint-louis,saint-josephs,/cbb/boxscores/2025-12-31-16-saint-louis.html,https://www.sports-reference.com/cbb/boxscores/2025-12-31-16-saint-louis.html
2025-12-31,women,san-diego-state,air-force,/cbb/boxscores/2025-12-31-16-san-diego-state_w.html,https://www.sports-reference.com/cbb/boxscores/2025-12-31-16-san-diego-state_w.html
2025-12-31,men,texas-am-corpus-christi,new-orleans,/cbb/boxscores/2025-12-31-16-texas-am-corpus-christi.html,https://www.sports-reference.com/cbb/boxscores/2025-12-31-16-texas-am-corpus-christi.html
2025-12-31,men,north-dakota-state,south-dakota,/cbb/boxscores/2025-12-31-17-north-dakota-state.html,https://www.sports-reference.com/cbb/boxscores/2025-12-31-17-north-dakota-state.html
2025-12-31,men,nicholls-state,texas-pan-american,/cbb/boxscores/2025-12-31-17-texas-pan-american.html,https://www.sports-reference.com/cbb/boxscores/2025-12-31-17-texas-pan-american.html
2025-12-31,women,missouri-kansas-city,nebraska-omaha,/cbb/boxscores/2025-12-31-18-missouri-kansas-city_w.html,https://www.sports-reference.com/cbb/boxscores/2025-12-31-18-missouri-kansas-city_w.html
2025-12-31,women,george-mason,dayton,/cbb/boxscores/2025-12-31-19-george-mason_w.html,https://www.sports-reference.com/cbb/boxscores/2025-12-31-19-george-mason_w.html
2025-12-31,men,radford,south-carolina-upstate,/cbb/boxscores/2025-12-31-19-south-carolina-upstate.html,https://www.sports-reference.com/cbb/boxscores/2025-12-31-19-south-carolina-upstate.html
2025-12-31,men,lamar,texas-am-commerce,/cbb/boxscores/2025-12-31-19-texas-am-commerce.html,https://www.sports-reference.com/cbb/boxscores/2025-12-31-19-texas-am-commerce.html
2025-12-31,men,st-johns-ny,georgetown,/cbb/boxscores/2025-12-31-20-georgetown.html,https://www.sports-reference.com/cbb/boxscores/2025-12-31-20-georgetown.html
2026-01-01,women,texas,missouri,/cbb/boxscores/2026-01-01-01-missouri_w.html,https://www.sports-reference.com/cbb/boxscores/2026-01-01-01-missouri_w.html
2026-01-01,women,south-carolina,alabama,/cbb/boxscores/2026-01-01-14-south-carolina_w.html,https://www.sports-reference.com/cbb/boxscores/2026-01-01-14-south-carolina_w.html
2026-01-01,women,kentucky,louisiana-state,/cbb/boxscores/2026-01-01-20-louisiana-state_w.html,https://www.sports-reference.com/cbb/boxscores/2026-01-01-20-louisiana-state_w.html
2026-01-01,women,washington,michigan,/cbb/boxscores/2026-01-01-03-washington_w.html,https://www.sports-reference.com/cbb/boxscores/2026-01-01-03-washington_w.html
2026-01-01,women,illinois,maryland,/cbb/boxscores/2026-01-01-01-illinois_w.html,https://www.sports-reference.com/cbb/boxscores/2026-01-01-01-illinois_w.html
2026-01-01,women,oklahoma,texas-am,/cbb/boxscores/2026-01-01-20-texas-am_w.html,https://www.sports-reference.com/cbb/boxscores/2026-01-01-20-texas-am_w.html
2026-01-01,women,vanderbilt,arkansas,/cbb/boxscores/2026-01-01-01-arkansas_w.html,https://www.sports-reference.com/cbb/boxscores/2026-01-01-01-arkansas_w.html
2026-01-01,women,louisville,southern-methodist,/cbb/boxscores/2026-01-01-00-louisville_w.html,https://www.sports-reference.com/cbb/boxscores/2026-01-01-00-louisville_w.html
2026-01-01,women,iowa,nebraska,/cbb/boxscores/2026-01-01-14-iowa_w.html,https://www.sports-reference.com/cbb/boxscores/2026-01-01-14-iowa_w.html
2026-01-01,women,mississippi,georgia,/cbb/boxscores/2026-01-01-19-mississippi_w.html,https://www.sports-reference.com/cbb/boxscores/2026-01-01-19-mississippi_w.html
2026-01-01,women,north-carolina,california,/cbb/boxscores/2026-01-01-00-north-carolina_w.html,https://www.sports-reference.com/cbb/boxscores/2026-01-01-00-north-carolina_w.html
2026-01-01,women,georgia-tech,notre-dame,/cbb/boxscores/2026-01-01-00-georgia-tech_w.html,https://www.sports-reference.com/cbb/boxscores/2026-01-01-00-georgia-tech_w.html
2026-01-01,women,tennessee,florida,/cbb/boxscores/2026-01-01-14-tennessee_w.html,https://www.sports-reference.com/cbb/boxscores/2026-01-01-14-tennessee_w.html
2026-01-01,women,michigan-state,indiana,/cbb/boxscores/2026-01-01-00-indiana_w.html,https://www.sports-reference.com/cbb/boxscores/2026-01-01-00-indiana_w.html
2026-01-01,women,vermont,albany-ny,/cbb/boxscores/2026-01-01-00-albany-ny_w.html,https://www.sports-reference.com/cbb/boxscores/2026-01-01-00-albany-ny_w.html
2026-01-01,men,georgia-southern,coastal-carolina,/cbb/boxscores/2026-01-01-00-coastal-carolina.html,https://www.sports-reference.com/cbb/boxscores/2026-01-01-00-coastal-carolina.html
2026-01-01,women,marshall,coastal-carolina,/cbb/boxscores/2026-01-01-00-coastal-carolina_w.html,https://www.sports-reference.com/cbb/boxscores/2026-01-01-00-coastal-carolina_w.html
2026-01-01,women,duke,boston-college,/cbb/boxscores/2026-01-01-00-duke_w.html,https://www.sports-reference.com/cbb/boxscores/2026-01-01-00-duke_w.html
2026-01-01,men,green-bay,ipfw,/cbb/boxscores/2026-01-01-00-ipfw.html,https://www.sports-reference.com/cbb/boxscores/2026-01-01-00-ipfw.html
2026-01-01,women,maine,massachusetts-lowell,/cbb/boxscores/2026-01-01-00-massachusetts-lowell_w.html,https://www.sports-reference.com/cbb/boxscores/2026-01-01-00-massachusetts-lowell_w.html
2026-01-01,men,north-carolina-greensboro,chattanooga,/cbb/boxscores/2026-01-01-00-north-carolina-greensboro.html,https://www.sports-reference.com/cbb/boxscores/2026-01-01-00-north-carolina-greensboro.html
2026-01-01,men,northern-kentucky,iupui,/cbb/boxscores/2026-01-01-00-northern-kentucky.html,https://www.sports-reference.com/cbb/boxscores/2026-01-01-00-northern-kentucky.html
2026-01-01,women,wisconsin,rutgers,/cbb/boxscores/2026-01-01-00-rutgers_w.html,https://www.sports-reference.com/cbb/boxscores/2026-01-01-00-rutgers_w.html
2026-01-01,women,sacred-heart,niagara,/cbb/boxscores/2026-01-01-00-sacred-heart_w.html,https://www.sports-reference.com/cbb/boxscores/2026-01-01-00-sacred-heart_w.html
2026-01-01,women,central-arkansas,stetson,/cbb/boxscores/2026-01-01-00-stetson_w.html,https://www.sports-reference.com/cbb/boxscores/2026-01-01-00-stetson_w.html
2026-01-01,women,syracuse,florida-state,/cbb/boxscores/2026-01-01-00-syracuse_w.html,https://www.sports-reference.com/cbb/boxscores/2026-01-01-00-syracuse_w.html
2026-01-01,men,samford,virginia-military-institute,/cbb/boxscores/2026-01-01-00-virginia-military-institute.html,https://www.sports-reference.com/cbb/boxscores/2026-01-01-00-virginia-military-institute.html
2026-01-01,women,virginia,clemson,/cbb/boxscores/2026-01-01-00-virginia_w.html,https://www.sports-reference.com/cbb/boxscores/2026-01-01-00-virginia_w.html
2026-01-01,men,west-georgia,bellarmine,/cbb/boxscores/2026-01-01-00-west-georgia.html,https://www.sports-reference.com/cbb/boxscores/2026-01-01-00-west-georgia.html
2026-01-01,women,alabama-state,arkansas-pine-bluff,/cbb/boxscores/2026-01-01-01-arkansas-pine-bluff_w.html,https://www.sports-reference.com/cbb/boxscores/2026-01-01-01-arkansas-pine-bluff_w.html
2026-01-01,men,austin-peay,north-florida,/cbb/boxscores/2026-01-01-01-austin-peay.html,https://www.sports-reference.com/cbb/boxscores/2026-01-01-01-austin-peay.html
2026-01-01,men,belmont,bradley,/cbb/boxscores/2026-01-01-01-belmont.html,https://www.sports-reference.com/cbb/boxscores/2026-01-01-01-belmont.html
2026-01-01,women,texas-southern,grambling,/cbb/boxscores/2026-01-01-01-grambling_w.html,https://www.sports-reference.com/cbb/boxscores/2026-01-01-01-grambling_w.html
2026-01-01,men,murray-state,illinois-chicago,/cbb/boxscores/2026-01-01-01-illinois-chicago.html,https://www.sports-reference.com/cbb/boxscores/2026-01-01-01-illinois-chicago.html
2026-01-01,men,illinois-state,evansville,/cbb/boxscores/2026-01-01-01-illinois-state.html,https://www.sports-reference.com/cbb/boxscores/2026-01-01-01-illinois-state.html
2026-01-01,women,west-virginia,kansas,/cbb/boxscores/2026-01-01-01-kansas_w.html,https://www.sports-reference.com/cbb/boxscores/2026-01-01-01-kansas_w.html
2026-01-01,men,lipscomb,jacksonville,/cbb/boxscores/2026-01-01-01-lipscomb.html,https://www.sports-reference.com/cbb/boxscores/2026-01-01-01-lipscomb.html
2026-01-01,women,mississippi-state,auburn,/cbb/boxscores/2026-01-01-01-mississippi-state_w.html,https://www.sports-reference.com/cbb/boxscores/2026-01-01-01-mississippi-state_w.html
2026-01-01,men,stetson,north-alabama,/cbb/boxscores/2026-01-01-01-north-alabama.html,https://www.sports-reference.com/cbb/boxscores/2026-01-01-01-north-alabama.html
2026-01-01,men,northern-iowa,indiana-state,/cbb/boxscores/2026-01-01-01-northern-iowa.html,https://www.sports-reference.com/cbb/boxscores/2026-01-01-01-northern-iowa.html
2026-01-01,women,south-dakota-state,st-thomas-mn,/cbb/boxscores/2026-01-01-01-south-dakota-state_w.html,https://www.sports-reference.com/cbb/boxscores/2026-01-01-01-south-dakota-state_w.html
2026-01-01,men,southern-illinois-edwardsville,southern-indiana,/cbb/boxscores/2026-01-01-01-southern-illinois-edwardsville.html,https://www.sports-reference.com/cbb/boxscores/2026-01-01-01-southern-illinois-edwardsville.html
2026-01-01,women,southern-indiana,southern-illinois-edwardsville,/cbb/boxscores/2026-01-01-01-southern-illinois-edwardsville_w.html,https://www.sports-reference.com/cbb/boxscores/2026-01-01-01-southern-illinois-edwardsville_w.html
2026-01-01,women,southern,prairie-view,/cbb/boxscores/2026-01-01-01-southern_w.html,https://www.sports-reference.com/cbb/boxscores/2026-01-01-01-southern_w.html
2026-01-01,men,texas-arlington,california-baptist,/cbb/boxscores/2026-01-01-01-texas-arlington.html,https://www.sports-reference.com/cbb/boxscores/2026-01-01-01-texas-arlington.html
2026-01-01,men,montana,northern-arizona,/cbb/boxscores/2026-01-01-02-montana.html,https://www.sports-reference.com/cbb/boxscores/2026-01-01-02-montana.html
2026-01-01,men,cal-poly,california-san-diego,/cbb/boxscores/2026-01-01-03-cal-poly.html,https://www.sports-reference.com/cbb/boxscores/2026-01-01-03-cal-poly.html
2026-01-01,women,oregon,northwestern,/cbb/boxscores/2026-01-01-03-oregon_w.html,https://www.sports-reference.com/cbb/boxscores/2026-01-01-03-oregon_w.html
2026-01-01,women,villanova,creighton,/cbb/boxscores/2026-01-01-12-villanova_w.html,https://www.sports-reference.com/cbb/boxscores/2026-01-01-12-villanova_w.html
2026-01-01,men,dartmouth,,/cbb/boxscores/2026-01-01-13-dartmouth.html,https://www.sports-reference.com/cbb/boxscores/2026-01-01-13-dartmouth.html
2026-01-01,women,north-carolina-greensboro,,/cbb/boxscores/2026-01-01-13-north-carolina-greensboro_w.html,https://www.sports-reference.com/cbb/boxscores/2026-01-01-13-north-carolina-greensboro_w.html
2026-01-01,women,siena,mount-st-marys,/cbb/boxscores/2026-01-01-13-siena_w.html,https://www.sports-reference.com/cbb/boxscores/2026-01-01-13-siena_w.html
2026-01-01,women,wofford,,/cbb/boxscores/2026-01-01-13-wofford_w.html,https://www.sports-reference.com/cbb/boxscores/2026-01-01-13-wofford_w.html
2026-01-01,women,marquette,xavier,/cbb/boxscores/2026-01-01-13-xavier_w.html,https://www.sports-reference.com/cbb/boxscores/2026-01-01-13-xavier_w.html
2026-01-01,men,oakland,youngstown-state,/cbb/boxscores/2026-01-01-13-youngstown-state.html,https://www.sports-reference.com/cbb/boxscores/2026-01-01-13-youngstown-state.html
2026-01-01,women,fairfield,canisius,/cbb/boxscores/2026-01-01-14-fairfield_w.html,https://www.sports-reference.com/cbb/boxscores/2026-01-01-14-fairfield_w.html
2026-01-01,women,florida-gulf-coast,north-alabama,/cbb/boxscores/2026-01-01-14-florida-gulf-coast_w.html,https://www.sports-reference.com/cbb/boxscores/2026-01-01-14-florida-gulf-coast_w.html
2026-01-01,women,indiana-state,valparaiso,/cbb/boxscores/2026-01-01-14-indiana-state_w.html,https://www.sports-reference.com/cbb/boxscores/2026-01-01-14-indiana-state_w.html
2026-01-01,women,james-madison,georgia-state,/cbb/boxscores/2026-01-01-14-james-madison_w.html,https://www.sports-reference.com/cbb/boxscores/2026-01-01-14-james-madison_w.html
2026-01-01,women,louisiana-monroe,south-alabama,/cbb/boxscores/2026-01-01-14-louisiana-monroe_w.html,https://www.sports-reference.com/cbb/boxscores/2026-01-01-14-louisiana-monroe_w.html
2026-01-01,women,north-carolina-state,stanford,/cbb/boxscores/2026-01-01-14-north-carolina-state_w.html,https://www.sports-reference.com/cbb/boxscores/2026-01-01-14-north-carolina-state_w.html
2026-01-01,men,north-dakota,oral-roberts,/cbb/boxscores/2026-01-01-14-north-dakota.html,https://www.sports-reference.com/cbb/boxscores/2026-01-01-14-north-dakota.html
2026-01-01,women,lipscomb,north-florida,/cbb/boxscores/2026-01-01-14-north-florida_w.html,https://www.sports-reference.com/cbb/boxscores/2026-01-01-14-north-florida_w.html
2026-01-01,women,old-dominion,georgia-southern,/cbb/boxscores/2026-01-01-14-old-dominion_w.html,https://www.sports-reference.com/cbb/boxscores/2026-01-01-14-old-dominion_w.html
2026-01-01,women,quinnipiac,iona,/cbb/boxscores/2026-01-01-14-quinnipiac_w.html,https://www.sports-reference.com/cbb/boxscores/2026-01-01-14-quinnipiac_w.html
2026-01-01,women,merrimack,rider,/cbb/boxscores/2026-01-01-14-rider_w.html,https://www.sports-reference.com/cbb/boxscores/2026-01-01-14-rider_w.html
2026-01-01,women,st-johns-ny,depaul,/cbb/boxscores/2026-01-01-14-st-johns-ny_w.html,https://www.sports-reference.com/cbb/boxscores/2026-01-01-14-st-johns-ny_w.html
2026-01-01,women,tennessee-martin,western-illinois,/cbb/boxscores/2026-01-01-14-tennessee-martin_w.html,https://www.sports-reference.com/cbb/boxscores/2026-01-01-14-tennessee-martin_w.html
2026-01-01,men,wright-state,milwaukee,/cbb/boxscores/2026-01-01-14-wright-state.html,https://www.sports-reference.com/cbb/boxscores/2026-01-01-14-wright-state.html
2026-01-01,women,california-san-diego,cal-poly,/cbb/boxscores/2026-01-01-15-california-san-diego_w.html,https://www.sports-reference.com/cbb/boxscores/2026-01-01-15-california-san-diego_w.html
2026-01-01,women,manhattan,saint-peters,/cbb/boxscores/2026-01-01-15-saint-peters_w.html,https://www.sports-reference.com/cbb/boxscores/2026-01-01-15-saint-peters_w.html
2026-01-01,women,arkansas-little-rock,tennessee-tech,/cbb/boxscores/2026-01-01-16-arkansas-little-rock_w.html,https://www.sports-reference.com/cbb/boxscores/2026-01-01-16-arkansas-little-rock_w.html
2026-01-01,women,denver,north-dakota,/cbb/boxscores/2026-01-01-16-denver_w.html,https://www.sports-reference.com/cbb/boxscores/2026-01-01-16-denver_w.html
2026-01-01,women,abilene-christian,dixie-state,/cbb/boxscores/2026-01-01-16-dixie-state_w.html,https://www.sports-reference.com/cbb/boxscores/2026-01-01-16-dixie-state_w.html
2026-01-01,men,lindenwood,morehead-state,/cbb/boxscores/2026-01-01-16-lindenwood.html,https://www.sports-reference.com/cbb/boxscores/2026-01-01-16-lindenwood.html
2026-01-01,men,tennessee-martin,western-illinois,/cbb/boxscores/2026-01-01-16-tennessee-martin.html,https://www.sports-reference.com/cbb/boxscores/2026-01-01-16-tennessee-martin.html
2026-01-01,women,utah-valley,tarleton-state,/cbb/boxscores/2026-01-01-16-utah-valley_w.html,https://www.sports-reference.com/cbb/boxscores/2026-01-01-16-utah-valley_w.html
2026-01-01,men,portland-state,weber-state,/cbb/boxscores/2026-01-01-16-weber-state.html,https://www.sports-reference.com/cbb/boxscores/2026-01-01-16-weber-state.html
2026-01-01,men,california-irvine,cal-state-bakersfield,/cbb/boxscores/2026-01-01-17-cal-state-bakersfield.html,https://www.sports-reference.com/cbb/boxscores/2026-01-01-17-cal-state-bakersfield.html
2026-01-01,women,california-irvine,cal-state-bakersfield,/cbb/boxscores/2026-01-01-17-california-irvine_w.html,https://www.sports-reference.com/cbb/boxscores/2026-01-01-17-california-irvine_w.html
2026-01-01,women,cal-state-fullerton,california-santa-barbara,/cbb/boxscores/2026-01-01-17-california-santa-barbara_w.html,https://www.sports-reference.com/cbb/boxscores/2026-01-01-17-california-santa-barbara_w.html
2026-01-01,women,troy,louisiana-lafayette,/cbb/boxscores/2026-01-01-17-louisiana-lafayette_w.html,https://www.sports-reference.com/cbb/boxscores/2026-01-01-17-louisiana-lafayette_w.html
2026-01-01,men,southern-mississippi,louisiana-monroe,/cbb/boxscores/2026-01-01-17-louisiana-monroe.html,https://www.sports-reference.com/cbb/boxscores/2026-01-01-17-louisiana-monroe.html
2026-01-01,women,mississippi-valley-state,alabama-am,/cbb/boxscores/2026-01-01-17-mississippi-valley-state_w.html,https://www.sports-reference.com/cbb/boxscores/2026-01-01-17-mississippi-valley-state_w.html
2026-01-01,men,south-dakota-state,nebraska-omaha,/cbb/boxscores/2026-01-01-17-south-dakota-state.html,https://www.sports-reference.com/cbb/boxscores/2026-01-01-17-south-dakota-state.html
2026-01-01,men,arkansas-little-rock,tennessee-tech,/cbb/boxscores/2026-01-01-18-arkansas-little-rock.html,https://www.sports-reference.com/cbb/boxscores/2026-01-01-18-arkansas-little-rock.html
2026-01-01,women,queens-nc,bellarmine,/cbb/boxscores/2026-01-01-18-bellarmine_w.html,https://www.sports-reference.com/cbb/boxscores/2026-01-01-18-bellarmine_w.html
2026-01-01,women,bryant,new-hampshire,/cbb/boxscores/2026-01-01-18-bryant_w.html,https://www.sports-reference.com/cbb/boxscores/2026-01-01-18-bryant_w.html
2026-01-01,women,eastern-kentucky,west-georgia,/cbb/boxscores/2026-01-01-18-eastern-kentucky_w.html,https://www.sports-reference.com/cbb/boxscores/2026-01-01-18-eastern-kentucky_w.html
2026-01-01,women,austin-peay,jacksonville,/cbb/boxscores/2026-01-01-18-jacksonville_w.html,https://www.sports-reference.com/cbb/boxscores/2026-01-01-18-jacksonville_w.html
2026-01-01,women,morehead-state,lindenwood,/cbb/boxscores/2026-01-01-18-lindenwood_w.html,https://www.sports-reference.com/cbb/boxscores/2026-01-01-18-lindenwood_w.html
2026-01-01,women,njit,maryland-baltimore-county,/cbb/boxscores/2026-01-01-18-maryland-baltimore-county_w.html,https://www.sports-reference.com/cbb/boxscores/2026-01-01-18-maryland-baltimore-county_w.html
2026-01-01,women,wake-forest,pittsburgh,/cbb/boxscores/2026-01-01-18-pittsburgh_w.html,https://www.sports-reference.com/cbb/boxscores/2026-01-01-18-pittsburgh_w.html
2026-01-01,women,southeast-missouri-state,eastern-illinois,/cbb/boxscores/2026-01-01-18-southeast-missouri-state_w.html,https://www.sports-reference.com/cbb/boxscores/2026-01-01-18-southeast-missouri-state_w.html
2026-01-01,women,miami-fl,virginia-tech,/cbb/boxscores/2026-01-01-18-virginia-tech_w.html,https://www.sports-reference.com/cbb/boxscores/2026-01-01-18-virginia-tech_w.html
2026-01-01,men,queens-nc,eastern-kentucky,/cbb/boxscores/2026-01-01-19-queens-nc.html,https://www.sports-reference.com/cbb/boxscores/2026-01-01-19-queens-nc.html
2026-01-01,women,arkansas-state,southern-mississippi,/cbb/boxscores/2026-01-01-19-southern-mississippi_w.html,https://www.sports-reference.com/cbb/boxscores/2026-01-01-19-southern-mississippi_w.html
2026-01-01,men,dixie-state,abilene-christian,/cbb/boxscores/2026-01-01-20-abilene-christian.html,https://www.sports-reference.com/cbb/boxscores/2026-01-01-20-abilene-christian.html
2026-01-01,men,hawaii,california-riverside,/cbb/boxscores/2026-01-01-20-california-riverside.html,https://www.sports-reference.com/cbb/boxscores/2026-01-01-20-california-riverside.html
2026-01-01,men,central-arkansas,florida-gulf-coast,/cbb/boxscores/2026-01-01-20-central-arkansas.html,https://www.sports-reference.com/cbb/boxscores/2026-01-01-20-central-arkansas.html
2026-01-01,women,northern-arizona,montana,/cbb/boxscores/2026-01-01-20-northern-arizona_w.html,https://www.sports-reference.com/cbb/boxscores/2026-01-01-20-northern-arizona_w.html
2026-01-01,women,montana-state,northern-colorado,/cbb/boxscores/2026-01-01-20-northern-colorado_w.html,https://www.sports-reference.com/cbb/boxscores/2026-01-01-20-northern-colorado_w.html
2026-01-01,women,north-dakota-state,oral-roberts,/cbb/boxscores/2026-01-01-20-oral-roberts_w.html,https://www.sports-reference.com/cbb/boxscores/2026-01-01-20-oral-roberts_w.html
2026-01-01,men,southeast-missouri-state,eastern-illinois,/cbb/boxscores/2026-01-01-20-southeast-missouri-state.html,https://www.sports-reference.com/cbb/boxscores/2026-01-01-20-southeast-missouri-state.html
2026-01-01,men,southern-illinois,valparaiso,/cbb/boxscores/2026-01-01-20-southern-illinois.html,https://www.sports-reference.com/cbb/boxscores/2026-01-01-20-southern-illinois.html
2026-01-01,men,utah-valley,tarleton-state,/cbb/boxscores/2026-01-01-20-tarleton-state.html,https://www.sports-reference.com/cbb/boxscores/2026-01-01-20-tarleton-state.html
2026-01-01,women,california-davis,cal-state-northridge,/cbb/boxscores/2026-01-01-21-cal-state-northridge_w.html,https://www.sports-reference.com/cbb/boxscores/2026-01-01-21-cal-state-northridge_w.html
2026-01-01,women,california-baptist,texas-arlington,/cbb/boxscores/2026-01-01-21-california-baptist_w.html,https://www.sports-reference.com/cbb/boxscores/2026-01-01-21-california-baptist_w.html
2026-01-01,men,california-davis,cal-state-northridge,/cbb/boxscores/2026-01-01-21-california-davis.html,https://www.sports-reference.com/cbb/boxscores/2026-01-01-21-california-davis.html
2026-01-01,men,idaho-state,sacramento-state,/cbb/boxscores/2026-01-01-21-idaho-state.html,https://www.sports-reference.com/cbb/boxscores/2026-01-01-21-idaho-state.html
2026-01-01,men,montana-state,northern-colorado,/cbb/boxscores/2026-01-01-21-montana-state.html,https://www.sports-reference.com/cbb/boxscores/2026-01-01-21-montana-state.html
2026-01-01,women,idaho-state,sacramento-state,/cbb/boxscores/2026-01-01-21-sacramento-state_w.html,https://www.sports-reference.com/cbb/boxscores/2026-01-01-21-sacramento-state_w.html
2026-01-01,men,cal-state-fullerton,california-santa-barbara,/cbb/boxscores/2026-01-01-22-cal-state-fullerton.html,https://www.sports-reference.com/cbb/boxscores/2026-01-01-22-cal-state-fullerton.html
2026-01-01,women,portland-state,weber-state,/cbb/boxscores/2026-01-01-22-portland-state_w.html,https://www.sports-reference.com/cbb/boxscores/2026-01-01-22-portland-state_w.html
2026-01-02,men,michigan,southern-california,/cbb/boxscores/2026-01-02-00-michigan.html,https://www.sports-reference.com/cbb/boxscores/2026-01-02-00-michigan.html
2026-01-02,men,iowa-state,west-virginia,/cbb/boxscores/2026-01-02-21-iowa-state.html,https://www.sports-reference.com/cbb/boxscores/2026-01-02-21-iowa-state.html
2026-01-02,men,gonzaga,seattle,/cbb/boxscores/2026-01-02-03-gonzaga.html,https://www.sports-reference.com/cbb/boxscores/2026-01-02-03-gonzaga.html
2026-01-02,men,nebraska,michigan-state,/cbb/boxscores/2026-01-02-21-nebraska.html,https://www.sports-reference.com/cbb/boxscores/2026-01-02-21-nebraska.html
2026-01-02,men,stanford,louisville,/cbb/boxscores/2026-01-02-03-stanford.html,https://www.sports-reference.com/cbb/boxscores/2026-01-02-03-stanford.html
2026-01-02,women,college-of-charleston,hofstra,/cbb/boxscores/2026-01-02-00-college-of-charleston_w.html,https://www.sports-reference.com/cbb/boxscores/2026-01-02-00-college-of-charleston_w.html
2026-01-02,men,jacksonville-state,delaware,/cbb/boxscores/2026-01-02-00-delaware.html,https://www.sports-reference.com/cbb/boxscores/2026-01-02-00-delaware.html
2026-01-02,men,florida-international,new-mexico-state,/cbb/boxscores/2026-01-02-00-florida-international.html,https://www.sports-reference.com/cbb/boxscores/2026-01-02-00-florida-international.html
2026-01-02,women,hampton,stony-brook,/cbb/boxscores/2026-01-02-00-hampton_w.html,https://www.sports-reference.com/cbb/boxscores/2026-01-02-00-hampton_w.html
2026-01-02,women,california-riverside,hawaii,/cbb/boxscores/2026-01-02-00-hawaii_w.html,https://www.sports-reference.com/cbb/boxscores/2026-01-02-00-hawaii_w.html
2026-01-02,women,middle-tennessee,kennesaw-state,/cbb/boxscores/2026-01-02-00-kennesaw-state_w.html,https://www.sports-reference.com/cbb/boxscores/2026-01-02-00-kennesaw-state_w.html
2026-01-02,men,liberty,kennesaw-state,/cbb/boxscores/2026-01-02-00-liberty.html,https://www.sports-reference.com/cbb/boxscores/2026-01-02-00-liberty.html
2026-01-02,men,long-island-university,central-connecticut-state,/cbb/boxscores/2026-01-02-00-long-island-university.html,https://www.sports-reference.com/cbb/boxscores/2026-01-02-00-long-island-university.html
2026-01-02,men,oregon,maryland,/cbb/boxscores/2026-01-02-00-maryland.html,https://www.sports-reference.com/cbb/boxscores/2026-01-02-00-maryland.html
2026-01-02,men,merrimack,mount-st-marys,/cbb/boxscores/2026-01-02-00-merrimack.html,https://www.sports-reference.com/cbb/boxscores/2026-01-02-00-merrimack.html
2026-01-02,women,northern-kentucky,iupui,/cbb/boxscores/2026-01-02-00-northern-kentucky_w.html,https://www.sports-reference.com/cbb/boxscores/2026-01-02-00-northern-kentucky_w.html
2026-01-02,men,ohio-state,rutgers,/cbb/boxscores/2026-01-02-00-rutgers.html,https://www.sports-reference.com/cbb/boxscores/2026-01-02-00-rutgers.html
2026-01-02,men,new-haven,stonehill,/cbb/boxscores/2026-01-02-00-stonehill.html,https://www.sports-reference.com/cbb/boxscores/2026-01-02-00-stonehill.html
2026-01-02,women,towson,campbell,/cbb/boxscores/2026-01-02-00-towson_w.html,https://www.sports-reference.com/cbb/boxscores/2026-01-02-00-towson_w.html
2026-01-02,women,jacksonville-state,western-kentucky,/cbb/boxscores/2026-01-02-01-jacksonville-state_w.html,https://www.sports-reference.com/cbb/boxscores/2026-01-02-01-jacksonville-state_w.html
2026-01-02,men,middle-tennessee,louisiana-tech,/cbb/boxscores/2026-01-02-01-middle-tennessee.html,https://www.sports-reference.com/cbb/boxscores/2026-01-02-01-middle-tennessee.html
2026-01-02,women,robert-morris,milwaukee,/cbb/boxscores/2026-01-02-01-milwaukee_w.html,https://www.sports-reference.com/cbb/boxscores/2026-01-02-01-milwaukee_w.html
2026-01-02,women,murray-state,illinois-state,/cbb/boxscores/2026-01-02-01-murray-state_w.html,https://www.sports-reference.com/cbb/boxscores/2026-01-02-01-murray-state_w.html
2026-01-02,men,western-kentucky,sam-houston-state,/cbb/boxscores/2026-01-02-01-western-kentucky.html,https://www.sports-reference.com/cbb/boxscores/2026-01-02-01-western-kentucky.html
2026-01-02,women,liberty,new-mexico-state,/cbb/boxscores/2026-01-02-02-new-mexico-state_w.html,https://www.sports-reference.com/cbb/boxscores/2026-01-02-02-new-mexico-state_w.html
2026-01-02,men,california,notre-dame,/cbb/boxscores/2026-01-02-03-california.html,https://www.sports-reference.com/cbb/boxscores/2026-01-02-03-california.html
2026-01-02,women,loyola-marymount,santa-clara,/cbb/boxscores/2026-01-02-03-loyola-marymount_w.html,https://www.sports-reference.com/cbb/boxscores/2026-01-02-03-loyola-marymount_w.html
2026-01-02,women,oregon-state,pacific,/cbb/boxscores/2026-01-02-03-oregon-state_w.html,https://www.sports-reference.com/cbb/boxscores/2026-01-02-03-oregon-state_w.html
2026-01-02,women,pepperdine,saint-marys-ca,/cbb/boxscores/2026-01-02-03-pepperdine_w.html,https://www.sports-reference.com/cbb/boxscores/2026-01-02-03-pepperdine_w.html
2026-01-02,men,saint-marys-ca,portland,/cbb/boxscores/2026-01-02-03-saint-marys-ca.html,https://www.sports-reference.com/cbb/boxscores/2026-01-02-03-saint-marys-ca.html
2026-01-02,women,san-francisco,san-diego,/cbb/boxscores/2026-01-02-03-san-diego_w.html,https://www.sports-reference.com/cbb/boxscores/2026-01-02-03-san-diego_w.html
2026-01-02,men,san-francisco,san-diego,/cbb/boxscores/2026-01-02-03-san-francisco.html,https://www.sports-reference.com/cbb/boxscores/2026-01-02-03-san-francisco.html
2026-01-02,women,gonzaga,seattle,/cbb/boxscores/2026-01-02-03-seattle_w.html,https://www.sports-reference.com/cbb/boxscores/2026-01-02-03-seattle_w.html
2026-01-02,men,washington-state,loyola-marymount,/cbb/boxscores/2026-01-02-03-washington-state.html,https://www.sports-reference.com/cbb/boxscores/2026-01-02-03-washington-state.html
2026-01-02,men,le-moyne,saint-francis-pa,/cbb/boxscores/2026-01-02-07-saint-francis-pa.html,https://www.sports-reference.com/cbb/boxscores/2026-01-02-07-saint-francis-pa.html
2026-01-02,men,cornell,,/cbb/boxscores/2026-01-02-14-cornell.html,https://www.sports-reference.com/cbb/boxscores/2026-01-02-14-cornell.html
2026-01-02,women,belmont,bradley,/cbb/boxscores/2026-01-02-15-belmont_w.html,https://www.sports-reference.com/cbb/boxscores/2026-01-02-15-belmont_w.html
2026-01-02,women,samford,,/cbb/boxscores/2026-01-02-15-samford_w.html,https://www.sports-reference.com/cbb/boxscores/2026-01-02-15-samford_w.html
2026-01-02,men,canisius,fairfield,/cbb/boxscores/2026-01-02-16-canisius.html,https://www.sports-reference.com/cbb/boxscores/2026-01-02-16-canisius.html
2026-01-02,women,long-island-university,central-connecticut-state,/cbb/boxscores/2026-01-02-16-central-connecticut-state_w.html,https://www.sports-reference.com/cbb/boxscores/2026-01-02-16-central-connecticut-state_w.html
2026-01-02,men,niagara,sacred-heart,/cbb/boxscores/2026-01-02-16-niagara.html,https://www.sports-reference.com/cbb/boxscores/2026-01-02-16-niagara.html
2026-01-02,women,fairleigh-dickinson,mercyhurst,/cbb/boxscores/2026-01-02-17-mercyhurst_w.html,https://www.sports-reference.com/cbb/boxscores/2026-01-02-17-mercyhurst_w.html
2026-01-02,women,le-moyne,saint-francis-pa,/cbb/boxscores/2026-01-02-18-le-moyne_w.html,https://www.sports-reference.com/cbb/boxscores/2026-01-02-18-le-moyne_w.html
2026-01-02,women,new-haven,stonehill,/cbb/boxscores/2026-01-02-18-new-haven_w.html,https://www.sports-reference.com/cbb/boxscores/2026-01-02-18-new-haven_w.html
2026-01-02,women,ipfw,oakland,/cbb/boxscores/2026-01-02-18-oakland_w.html,https://www.sports-reference.com/cbb/boxscores/2026-01-02-18-oakland_w.html
2026-01-02,men,wagner,chicago-state,/cbb/boxscores/2026-01-02-19-chicago-state.html,https://www.sports-reference.com/cbb/boxscores/2026-01-02-19-chicago-state.html
2026-01-02,men,robert-morris,detroit-mercy,/cbb/boxscores/2026-01-02-19-detroit-mercy.html,https://www.sports-reference.com/cbb/boxscores/2026-01-02-19-detroit-mercy.html
2026-01-02,women,drake,southern-illinois,/cbb/boxscores/2026-01-02-19-drake_w.html,https://www.sports-reference.com/cbb/boxscores/2026-01-02-19-drake_w.html
2026-01-02,women,east-tennessee-state,,/cbb/boxscores/2026-01-02-19-east-tennessee-state_w.html,https://www.sports-reference.com/cbb/boxscores/2026-01-02-19-east-tennessee-state_w.html
2026-01-02,women,monmouth,elon,/cbb/boxscores/2026-01-02-19-elon_w.html,https://www.sports-reference.com/cbb/boxscores/2026-01-02-19-elon_w.html
2026-01-02,women,green-bay,cleveland-state,/cbb/boxscores/2026-01-02-19-green-bay_w.html,https://www.sports-reference.com/cbb/boxscores/2026-01-02-19-green-bay_w.html
2026-01-02,men,iona,siena,/cbb/boxscores/2026-01-02-19-iona.html,https://www.sports-reference.com/cbb/boxscores/2026-01-02-19-iona.html
2026-01-02,women,sam-houston-state,louisiana-tech,/cbb/boxscores/2026-01-02-19-louisiana-tech_w.html,https://www.sports-reference.com/cbb/boxscores/2026-01-02-19-louisiana-tech_w.html
2026-01-02,men,manhattan,quinnipiac,/cbb/boxscores/2026-01-02-19-manhattan.html,https://www.sports-reference.com/cbb/boxscores/2026-01-02-19-manhattan.html
2026-01-02,men,mcneese-state,lamar,/cbb/boxscores/2026-01-02-19-mcneese-state.html,https://www.sports-reference.com/cbb/boxscores/2026-01-02-19-mcneese-state.html
2026-01-02,women,mercer,,/cbb/boxscores/2026-01-02-19-mercer_w.html,https://www.sports-reference.com/cbb/boxscores/2026-01-02-19-mercer_w.html
2026-01-02,men,fairleigh-dickinson,mercyhurst,/cbb/boxscores/2026-01-02-19-mercyhurst.html,https://www.sports-reference.com/cbb/boxscores/2026-01-02-19-mercyhurst.html
2026-01-02,women,william-mary,north-carolina-at,/cbb/boxscores/2026-01-02-19-north-carolina-at_w.html,https://www.sports-reference.com/cbb/boxscores/2026-01-02-19-north-carolina-at_w.html
2026-01-02,women,north-carolina-wilmington,northeastern,/cbb/boxscores/2026-01-02-19-north-carolina-wilmington_w.html,https://www.sports-reference.com/cbb/boxscores/2026-01-02-19-north-carolina-wilmington_w.html
2026-01-02,men,saint-peters,marist,/cbb/boxscores/2026-01-02-19-saint-peters.html,https://www.sports-reference.com/cbb/boxscores/2026-01-02-19-saint-peters.html
2026-01-02,women,wagner,chicago-state,/cbb/boxscores/2026-01-02-19-wagner_w.html,https://www.sports-reference.com/cbb/boxscores/2026-01-02-19-wagner_w.html
2026-01-02,women,wright-state,detroit-mercy,/cbb/boxscores/2026-01-02-19-wright-state_w.html,https://www.sports-reference.com/cbb/boxscores/2026-01-02-19-wright-state_w.html
2026-01-02,men,missouri-state,texas-el-paso,/cbb/boxscores/2026-01-02-20-missouri-state.html,https://www.sports-reference.com/cbb/boxscores/2026-01-02-20-missouri-state.html
2026-01-02,women,portland,washington-state,/cbb/boxscores/2026-01-02-21-portland_w.html,https://www.sports-reference.com/cbb/boxscores/2026-01-02-21-portland_w.html
2026-01-02,women,texas-el-paso,delaware,/cbb/boxscores/2026-01-02-21-texas-el-paso_w.html,https://www.sports-reference.com/cbb/boxscores/2026-01-02-21-texas-el-paso_w.html
2026-01-02,men,pacific,oregon-state,/cbb/boxscores/2026-01-02-22-pacific.html,https://www.sports-reference.com/cbb/boxscores/2026-01-02-22-pacific.html
2026-01-02,men,santa-clara,pepperdine,/cbb/boxscores/2026-01-02-22-santa-clara.html,https://www.sports-reference.com/cbb/boxscores/2026-01-02-22-santa-clara.html
2026-01-03,women,connecticut,seton-hall,/cbb/boxscores/2026-01-03-00-connecticut_w.html,https://www.sports-reference.com/cbb/boxscores/2026-01-03-00-connecticut_w.html
2026-01-03,men,arizona,utah,/cbb/boxscores/2026-01-03-02-utah.html,https://www.sports-reference.com/cbb/boxscores/2026-01-03-02-utah.html
2026-01-03,women,ucla,southern-california,/cbb/boxscores/2026-01-03-20-ucla_w.html,https://www.sports-reference.com/cbb/boxscores/2026-01-03-20-ucla_w.html
2026-01-03,men,purdue,wisconsin,/cbb/boxscores/2026-01-03-01-wisconsin.html,https://www.sports-reference.com/cbb/boxscores/2026-01-03-01-wisconsin.html
2026-01-03,men,duke,florida-state,/cbb/boxscores/2026-01-03-00-florida-state.html,https://www.sports-reference.com/cbb/boxscores/2026-01-03-00-florida-state.html
2026-01-03,men,houston,cincinnati,/cbb/boxscores/2026-01-03-00-cincinnati.html,https://www.sports-reference.com/cbb/boxscores/2026-01-03-00-cincinnati.html
2026-01-03,women,utah,texas-christian,/cbb/boxscores/2026-01-03-02-utah_w.html,https://www.sports-reference.com/cbb/boxscores/2026-01-03-02-utah_w.html
2026-01-03,men,brigham-young,kansas-state,/cbb/boxscores/2026-01-03-13-kansas-state.html,https://www.sports-reference.com/cbb/boxscores/2026-01-03-13-kansas-state.html
2026-01-03,men,vanderbilt,south-carolina,/cbb/boxscores/2026-01-03-14-south-carolina.html,https://www.sports-reference.com/cbb/boxscores/2026-01-03-14-south-carolina.html
2026-01-03,men,southern-methodist,north-carolina,/cbb/boxscores/2026-01-03-14-southern-methodist.html,https://www.sports-reference.com/cbb/boxscores/2026-01-03-14-southern-methodist.html
2026-01-03,men,alabama,kentucky,/cbb/boxscores/2026-01-03-01-alabama.html,https://www.sports-reference.com/cbb/boxscores/2026-01-03-01-alabama.html
2026-01-03,men,texas-tech,oklahoma-state,/cbb/boxscores/2026-01-03-01-texas-tech.html,https://www.sports-reference.com/cbb/boxscores/2026-01-03-01-texas-tech.html
2026-01-03,men,central-florida,kansas,/cbb/boxscores/2026-01-03-00-central-florida.html,https://www.sports-reference.com/cbb/boxscores/2026-01-03-00-central-florida.html
2026-01-03,men,arkansas,tennessee,/cbb/boxscores/2026-01-03-01-arkansas.html,https://www.sports-reference.com/cbb/boxscores/2026-01-03-01-arkansas.html
2026-01-03,men,illinois,penn-state,/cbb/boxscores/2026-01-03-00-penn-state.html,https://www.sports-reference.com/cbb/boxscores/2026-01-03-00-penn-state.html
2026-01-03,women,texas-tech,arizona,/cbb/boxscores/2026-01-03-01-texas-tech_w.html,https://www.sports-reference.com/cbb/boxscores/2026-01-03-01-texas-tech_w.html
2026-01-03,men,virginia,north-carolina-state,/cbb/boxscores/2026-01-03-11-north-carolina-state.html,https://www.sports-reference.com/cbb/boxscores/2026-01-03-11-north-carolina-state.html
2026-01-03,men,missouri,florida,/cbb/boxscores/2026-01-03-20-missouri.html,https://www.sports-reference.com/cbb/boxscores/2026-01-03-20-missouri.html
2026-01-03,men,georgia,auburn,/cbb/boxscores/2026-01-03-13-georgia.html,https://www.sports-reference.com/cbb/boxscores/2026-01-03-13-georgia.html
2026-01-03,women,princeton,pennsylvania,/cbb/boxscores/2026-01-03-14-pennsylvania_w.html,https://www.sports-reference.com/cbb/boxscores/2026-01-03-14-pennsylvania_w.html
2026-01-03,men,iowa,ucla,/cbb/boxscores/2026-01-03-18-iowa.html,https://www.sports-reference.com/cbb/boxscores/2026-01-03-18-iowa.html
2026-01-03,men,colgate,army,/cbb/boxscores/2026-01-03-00-army.html,https://www.sports-reference.com/cbb/boxscores/2026-01-03-00-army.html
2026-01-03,men,bethune-cookman,florida-am,/cbb/boxscores/2026-01-03-00-bethune-cookman.html,https://www.sports-reference.com/cbb/boxscores/2026-01-03-00-bethune-cookman.html
2026-01-03,women,bethune-cookman,florida-am,/cbb/boxscores/2026-01-03-00-bethune-cookman_w.html,https://www.sports-reference.com/cbb/boxscores/2026-01-03-00-bethune-cookman_w.html
2026-01-03,men,american,boston-university,/cbb/boxscores/2026-01-03-00-boston-university.html,https://www.sports-reference.com/cbb/boxscores/2026-01-03-00-boston-university.html
2026-01-03,women,central-michigan,bowling-green-state,/cbb/boxscores/2026-01-03-00-bowling-green-state_w.html,https://www.sports-reference.com/cbb/boxscores/2026-01-03-00-bowling-green-state_w.html
2026-01-03,men,bucknell,lehigh,/cbb/boxscores/2026-01-03-00-bucknell.html,https://www.sports-reference.com/cbb/boxscores/2026-01-03-00-bucknell.html
2026-01-03,men,toledo,central-michigan,/cbb/boxscores/2026-01-03-00-central-michigan.html,https://www.sports-reference.com/cbb/boxscores/2026-01-03-00-central-michigan.html
2026-01-03,men,charleston-southern,north-carolina-asheville,/cbb/boxscores/2026-01-03-00-charleston-southern.html,https://www.sports-reference.com/cbb/boxscores/2026-01-03-00-charleston-southern.html
2026-01-03,men,charlotte,wichita-state,/cbb/boxscores/2026-01-03-00-charlotte.html,https://www.sports-reference.com/cbb/boxscores/2026-01-03-00-charlotte.html
2026-01-03,women,charlotte,alabama-birmingham,/cbb/boxscores/2026-01-03-00-charlotte_w.html,https://www.sports-reference.com/cbb/boxscores/2026-01-03-00-charlotte_w.html
2026-01-03,men,wofford,citadel,/cbb/boxscores/2026-01-03-00-citadel.html,https://www.sports-reference.com/cbb/boxscores/2026-01-03-00-citadel.html
2026-01-03,men,georgia-state,coastal-carolina,/cbb/boxscores/2026-01-03-00-coastal-carolina.html,https://www.sports-reference.com/cbb/boxscores/2026-01-03-00-coastal-carolina.html
2026-01-03,women,georgia-southern,coastal-carolina,/cbb/boxscores/2026-01-03-00-coastal-carolina_w.html,https://www.sports-reference.com/cbb/boxscores/2026-01-03-00-coastal-carolina_w.html
2026-01-03,women,army,colgate,/cbb/boxscores/2026-01-03-00-colgate_w.html,https://www.sports-reference.com/cbb/boxscores/2026-01-03-00-colgate_w.html
2026-01-03,women,cornell,columbia,/cbb/boxscores/2026-01-03-00-columbia_w.html,https://www.sports-reference.com/cbb/boxscores/2026-01-03-00-columbia_w.html
2026-01-03,men,hofstra,drexel,/cbb/boxscores/2026-01-03-00-drexel.html,https://www.sports-reference.com/cbb/boxscores/2026-01-03-00-drexel.html
2026-01-03,men,virginia-commonwealth,duquesne,/cbb/boxscores/2026-01-03-00-duquesne.html,https://www.sports-reference.com/cbb/boxscores/2026-01-03-00-duquesne.html
2026-01-03,men,east-tennessee-state,mercer,/cbb/boxscores/2026-01-03-00-east-tennessee-state.html,https://www.sports-reference.com/cbb/boxscores/2026-01-03-00-east-tennessee-state.html
2026-01-03,women,saint-josephs,fordham,/cbb/boxscores/2026-01-03-00-fordham_w.html,https://www.sports-reference.com/cbb/boxscores/2026-01-03-00-fordham_w.html
2026-01-03,men,western-carolina,furman,/cbb/boxscores/2026-01-03-00-furman.html,https://www.sports-reference.com/cbb/boxscores/2026-01-03-00-furman.html
2026-01-03,men,georgia-tech,boston-college,/cbb/boxscores/2026-01-03-00-georgia-tech.html,https://www.sports-reference.com/cbb/boxscores/2026-01-03-00-georgia-tech.html
2026-01-03,men,navy,holy-cross,/cbb/boxscores/2026-01-03-00-holy-cross.html,https://www.sports-reference.com/cbb/boxscores/2026-01-03-00-holy-cross.html
2026-01-03,women,la-salle,george-washington,/cbb/boxscores/2026-01-03-00-la-salle_w.html,https://www.sports-reference.com/cbb/boxscores/2026-01-03-00-la-salle_w.html
2026-01-03,men,maryland-eastern-shore,morgan-state,/cbb/boxscores/2026-01-03-00-maryland-eastern-shore.html,https://www.sports-reference.com/cbb/boxscores/2026-01-03-00-maryland-eastern-shore.html
2026-01-03,men,massachusetts-lowell,albany-ny,/cbb/boxscores/2026-01-03-00-massachusetts-lowell.html,https://www.sports-reference.com/cbb/boxscores/2026-01-03-00-massachusetts-lowell.html
2026-01-03,women,merrimack,saint-peters,/cbb/boxscores/2026-01-03-00-merrimack_w.html,https://www.sports-reference.com/cbb/boxscores/2026-01-03-00-merrimack_w.html
2026-01-03,women,miami-oh,toledo,/cbb/boxscores/2026-01-03-00-miami-oh_w.html,https://www.sports-reference.com/cbb/boxscores/2026-01-03-00-miami-oh_w.html
2026-01-03,women,holy-cross,navy,/cbb/boxscores/2026-01-03-00-navy_w.html,https://www.sports-reference.com/cbb/boxscores/2026-01-03-00-navy_w.html
2026-01-03,men,vermont,new-hampshire,/cbb/boxscores/2026-01-03-00-new-hampshire.html,https://www.sports-reference.com/cbb/boxscores/2026-01-03-00-new-hampshire.html
2026-01-03,men,north-carolina-greensboro,samford,/cbb/boxscores/2026-01-03-00-north-carolina-greensboro.html,https://www.sports-reference.com/cbb/boxscores/2026-01-03-00-north-carolina-greensboro.html
2026-01-03,men,north-carolina-wilmington,hampton,/cbb/boxscores/2026-01-03-00-north-carolina-wilmington.html,https://www.sports-reference.com/cbb/boxscores/2026-01-03-00-north-carolina-wilmington.html
2026-01-03,women,ohio,akron,/cbb/boxscores/2026-01-03-00-ohio_w.html,https://www.sports-reference.com/cbb/boxscores/2026-01-03-00-ohio_w.html
2026-01-03,men,clemson,pittsburgh,/cbb/boxscores/2026-01-03-00-pittsburgh.html,https://www.sports-reference.com/cbb/boxscores/2026-01-03-00-pittsburgh.html
2026-01-03,men,presbyterian,south-carolina-upstate,/cbb/boxscores/2026-01-03-00-presbyterian.html,https://www.sports-reference.com/cbb/boxscores/2026-01-03-00-presbyterian.html
2026-01-03,women,charleston-southern,radford,/cbb/boxscores/2026-01-03-00-radford_w.html,https://www.sports-reference.com/cbb/boxscores/2026-01-03-00-radford_w.html
2026-01-03,men,davidson,saint-josephs,/cbb/boxscores/2026-01-03-00-saint-josephs.html,https://www.sports-reference.com/cbb/boxscores/2026-01-03-00-saint-josephs.html
2026-01-03,men,south-carolina-state,howard,/cbb/boxscores/2026-01-03-00-south-carolina-state.html,https://www.sports-reference.com/cbb/boxscores/2026-01-03-00-south-carolina-state.html
2026-01-03,women,high-point,south-carolina-upstate,/cbb/boxscores/2026-01-03-00-south-carolina-upstate_w.html,https://www.sports-reference.com/cbb/boxscores/2026-01-03-00-south-carolina-upstate_w.html
2026-01-03,women,richmond,st-bonaventure,/cbb/boxscores/2026-01-03-00-st-bonaventure_w.html,https://www.sports-reference.com/cbb/boxscores/2026-01-03-00-st-bonaventure_w.html
2026-01-03,women,stetson,north-alabama,/cbb/boxscores/2026-01-03-00-stetson_w.html,https://www.sports-reference.com/cbb/boxscores/2026-01-03-00-stetson_w.html
2026-01-03,men,temple,texas-san-antonio,/cbb/boxscores/2026-01-03-00-temple.html,https://www.sports-reference.com/cbb/boxscores/2026-01-03-00-temple.html
2026-01-03,women,texas-san-antonio,temple,/cbb/boxscores/2026-01-03-00-temple_w.html,https://www.sports-reference.com/cbb/boxscores/2026-01-03-00-temple_w.html
2026-01-03,men,monmouth,towson,/cbb/boxscores/2026-01-03-00-towson.html,https://www.sports-reference.com/cbb/boxscores/2026-01-03-00-towson.html
2026-01-03,men,virginia-military-institute,chattanooga,/cbb/boxscores/2026-01-03-00-virginia-military-institute.html,https://www.sports-reference.com/cbb/boxscores/2026-01-03-00-virginia-military-institute.html
2026-01-03,men,wake-forest,virginia-tech,/cbb/boxscores/2026-01-03-00-wake-forest.html,https://www.sports-reference.com/cbb/boxscores/2026-01-03-00-wake-forest.html
2026-01-03,women,western-michigan,buffalo,/cbb/boxscores/2026-01-03-00-western-michigan_w.html,https://www.sports-reference.com/cbb/boxscores/2026-01-03-00-western-michigan_w.html
2026-01-03,men,arkansas-pine-bluff,alabama-am,/cbb/boxscores/2026-01-03-01-arkansas-pine-bluff.html,https://www.sports-reference.com/cbb/boxscores/2026-01-03-01-arkansas-pine-bluff.html
2026-01-03,women,alabama-am,arkansas-pine-bluff,/cbb/boxscores/2026-01-03-01-arkansas-pine-bluff_w.html,https://www.sports-reference.com/cbb/boxscores/2026-01-03-01-arkansas-pine-bluff_w.html
2026-01-03,men,austin-peay,jacksonville,/cbb/boxscores/2026-01-03-01-austin-peay.html,https://www.sports-reference.com/cbb/boxscores/2026-01-03-01-austin-peay.html
2026-01-03,women,evansville,valparaiso,/cbb/boxscores/2026-01-03-01-evansville_w.html,https://www.sports-reference.com/cbb/boxscores/2026-01-03-01-evansville_w.html
2026-01-03,men,grambling,prairie-view,/cbb/boxscores/2026-01-03-01-grambling.html,https://www.sports-reference.com/cbb/boxscores/2026-01-03-01-grambling.html
2026-01-03,men,incarnate-word,houston-baptist,/cbb/boxscores/2026-01-03-01-incarnate-word.html,https://www.sports-reference.com/cbb/boxscores/2026-01-03-01-incarnate-word.html
2026-01-03,women,incarnate-word,houston-baptist,/cbb/boxscores/2026-01-03-01-incarnate-word_w.html,https://www.sports-reference.com/cbb/boxscores/2026-01-03-01-incarnate-word_w.html
2026-01-03,men,jackson-state,alcorn-state,/cbb/boxscores/2026-01-03-01-jackson-state.html,https://www.sports-reference.com/cbb/boxscores/2026-01-03-01-jackson-state.html
2026-01-03,men,lipscomb,north-florida,/cbb/boxscores/2026-01-03-01-lipscomb.html,https://www.sports-reference.com/cbb/boxscores/2026-01-03-01-lipscomb.html
2026-01-03,men,dayton,loyola-il,/cbb/boxscores/2026-01-03-01-loyola-il.html,https://www.sports-reference.com/cbb/boxscores/2026-01-03-01-loyola-il.html
2026-01-03,women,south-dakota-state,nebraska-omaha,/cbb/boxscores/2026-01-03-01-nebraska-omaha_w.html,https://www.sports-reference.com/cbb/boxscores/2026-01-03-01-nebraska-omaha_w.html
2026-01-03,women,ball-state,northern-illinois,/cbb/boxscores/2026-01-03-01-northern-illinois_w.html,https://www.sports-reference.com/cbb/boxscores/2026-01-03-01-northern-illinois_w.html
2026-01-03,men,northwestern-state,new-orleans,/cbb/boxscores/2026-01-03-01-northwestern-state.html,https://www.sports-reference.com/cbb/boxscores/2026-01-03-01-northwestern-state.html
2026-01-03,women,oklahoma-state,houston,/cbb/boxscores/2026-01-03-01-oklahoma-state_w.html,https://www.sports-reference.com/cbb/boxscores/2026-01-03-01-oklahoma-state_w.html
2026-01-03,men,memphis,rice,/cbb/boxscores/2026-01-03-01-rice.html,https://www.sports-reference.com/cbb/boxscores/2026-01-03-01-rice.html
2026-01-03,women,davidson,saint-louis,/cbb/boxscores/2026-01-03-01-saint-louis_w.html,https://www.sports-reference.com/cbb/boxscores/2026-01-03-01-saint-louis_w.html
2026-01-03,men,southern,texas-southern,/cbb/boxscores/2026-01-03-01-southern.html,https://www.sports-reference.com/cbb/boxscores/2026-01-03-01-southern.html
2026-01-03,men,morehead-state,southern-illinois-edwardsville,/cbb/boxscores/2026-01-03-01-southern-illinois-edwardsville.html,https://www.sports-reference.com/cbb/boxscores/2026-01-03-01-southern-illinois-edwardsville.html
2026-01-03,women,morehead-state,southern-illinois-edwardsville,/cbb/boxscores/2026-01-03-01-southern-illinois-edwardsville_w.html,https://www.sports-reference.com/cbb/boxscores/2026-01-03-01-southern-illinois-edwardsville_w.html
2026-01-03,women,southern,texas-southern,/cbb/boxscores/2026-01-03-01-southern_w.html,https://www.sports-reference.com/cbb/boxscores/2026-01-03-01-southern_w.html
2026-01-03,women,southern-utah,texas-arlington,/cbb/boxscores/2026-01-03-01-texas-arlington_w.html,https://www.sports-reference.com/cbb/boxscores/2026-01-03-01-texas-arlington_w.html
2026-01-03,men,troy,south-alabama,/cbb/boxscores/2026-01-03-01-troy.html,https://www.sports-reference.com/cbb/boxscores/2026-01-03-01-troy.html
2026-01-03,men,colorado,arizona-state,/cbb/boxscores/2026-01-03-02-arizona-state.html,https://www.sports-reference.com/cbb/boxscores/2026-01-03-02-arizona-state.html
2026-01-03,women,grand-canyon,boise-state,/cbb/boxscores/2026-01-03-02-boise-state_w.html,https://www.sports-reference.com/cbb/boxscores/2026-01-03-02-boise-state_w.html
2026-01-03,women,brigham-young,arizona-state,/cbb/boxscores/2026-01-03-02-brigham-young_w.html,https://www.sports-reference.com/cbb/boxscores/2026-01-03-02-brigham-young_w.html
2026-01-03,women,colorado-state,fresno-state,/cbb/boxscores/2026-01-03-02-colorado-state_w.html,https://www.sports-reference.com/cbb/boxscores/2026-01-03-02-colorado-state_w.html
2026-01-03,women,colorado,cincinnati,/cbb/boxscores/2026-01-03-02-colorado_w.html,https://www.sports-reference.com/cbb/boxscores/2026-01-03-02-colorado_w.html
2026-01-03,men,colorado-state,grand-canyon,/cbb/boxscores/2026-01-03-02-grand-canyon.html,https://www.sports-reference.com/cbb/boxscores/2026-01-03-02-grand-canyon.html
2026-01-03,men,new-mexico,wyoming,/cbb/boxscores/2026-01-03-02-new-mexico.html,https://www.sports-reference.com/cbb/boxscores/2026-01-03-02-new-mexico.html
2026-01-03,men,utah-state,san-jose-state,/cbb/boxscores/2026-01-03-02-utah-state.html,https://www.sports-reference.com/cbb/boxscores/2026-01-03-02-utah-state.html
2026-01-03,women,san-diego-state,wyoming,/cbb/boxscores/2026-01-03-02-wyoming_w.html,https://www.sports-reference.com/cbb/boxscores/2026-01-03-02-wyoming_w.html
2026-01-03,women,nevada-las-vegas,air-force,/cbb/boxscores/2026-01-03-03-air-force_w.html,https://www.sports-reference.com/cbb/boxscores/2026-01-03-03-air-force_w.html
2026-01-03,women,cal-poly,long-beach-state,/cbb/boxscores/2026-01-03-03-cal-poly_w.html,https://www.sports-reference.com/cbb/boxscores/2026-01-03-03-cal-poly_w.html
2026-01-03,women,california-davis,cal-state-bakersfield,/cbb/boxscores/2026-01-03-03-cal-state-bakersfield_w.html,https://www.sports-reference.com/cbb/boxscores/2026-01-03-03-cal-state-bakersfield_w.html
2026-01-03,men,cal-state-bakersfield,california-davis,/cbb/boxscores/2026-01-03-03-california-davis.html,https://www.sports-reference.com/cbb/boxscores/2026-01-03-03-california-davis.html
2026-01-03,women,idaho,eastern-washington,/cbb/boxscores/2026-01-03-03-eastern-washington_w.html,https://www.sports-reference.com/cbb/boxscores/2026-01-03-03-eastern-washington_w.html
2026-01-03,men,nevada,fresno-state,/cbb/boxscores/2026-01-03-03-fresno-state.html,https://www.sports-reference.com/cbb/boxscores/2026-01-03-03-fresno-state.html
2026-01-03,men,nevada-las-vegas,air-force,/cbb/boxscores/2026-01-03-03-nevada-las-vegas.html,https://www.sports-reference.com/cbb/boxscores/2026-01-03-03-nevada-las-vegas.html
2026-01-03,women,nevada,utah-state,/cbb/boxscores/2026-01-03-03-nevada_w.html,https://www.sports-reference.com/cbb/boxscores/2026-01-03-03-nevada_w.html
2026-01-03,women,sacramento-state,weber-state,/cbb/boxscores/2026-01-03-03-sacramento-state_w.html,https://www.sports-reference.com/cbb/boxscores/2026-01-03-03-sacramento-state_w.html
2026-01-03,men,san-diego-state,boise-state,/cbb/boxscores/2026-01-03-03-san-diego-state.html,https://www.sports-reference.com/cbb/boxscores/2026-01-03-03-san-diego-state.html
2026-01-03,men,villanova,butler,/cbb/boxscores/2026-01-03-12-butler.html,https://www.sports-reference.com/cbb/boxscores/2026-01-03-12-butler.html
2026-01-03,men,campbell,northeastern,/cbb/boxscores/2026-01-03-12-campbell.html,https://www.sports-reference.com/cbb/boxscores/2026-01-03-12-campbell.html
2026-01-03,men,providence,st-johns-ny,/cbb/boxscores/2026-01-03-12-st-johns-ny.html,https://www.sports-reference.com/cbb/boxscores/2026-01-03-12-st-johns-ny.html
2026-01-03,women,american,boston-university,/cbb/boxscores/2026-01-03-13-american_w.html,https://www.sports-reference.com/cbb/boxscores/2026-01-03-13-american_w.html
2026-01-03,women,dayton,duquesne,/cbb/boxscores/2026-01-03-13-dayton_w.html,https://www.sports-reference.com/cbb/boxscores/2026-01-03-13-dayton_w.html
2026-01-03,women,siena,iona,/cbb/boxscores/2026-01-03-13-iona_w.html,https://www.sports-reference.com/cbb/boxscores/2026-01-03-13-iona_w.html
2026-01-03,men,kent-state,northern-illinois,/cbb/boxscores/2026-01-03-13-kent-state.html,https://www.sports-reference.com/cbb/boxscores/2026-01-03-13-kent-state.html
2026-01-03,men,southern-mississippi,louisiana-lafayette,/cbb/boxscores/2026-01-03-13-louisiana-lafayette.html,https://www.sports-reference.com/cbb/boxscores/2026-01-03-13-louisiana-lafayette.html
2026-01-03,women,arkansas-state,louisiana-monroe,/cbb/boxscores/2026-01-03-13-louisiana-monroe_w.html,https://www.sports-reference.com/cbb/boxscores/2026-01-03-13-louisiana-monroe_w.html
2026-01-03,women,binghamton,njit,/cbb/boxscores/2026-01-03-13-njit_w.html,https://www.sports-reference.com/cbb/boxscores/2026-01-03-13-njit_w.html
2026-01-03,women,north-carolina-greensboro,,/cbb/boxscores/2026-01-03-13-north-carolina-greensboro_w.html,https://www.sports-reference.com/cbb/boxscores/2026-01-03-13-north-carolina-greensboro_w.html
2026-01-03,women,old-dominion,georgia-state,/cbb/boxscores/2026-01-03-13-old-dominion_w.html,https://www.sports-reference.com/cbb/boxscores/2026-01-03-13-old-dominion_w.html
2026-01-03,women,albany-ny,massachusetts-lowell,/cbb/boxscores/2026-01-03-14-albany-ny_w.html,https://www.sports-reference.com/cbb/boxscores/2026-01-03-14-albany-ny_w.html
2026-01-03,women,marshall,appalachian-state,/cbb/boxscores/2026-01-03-14-appalachian-state_w.html,https://www.sports-reference.com/cbb/boxscores/2026-01-03-14-appalachian-state_w.html
2026-01-03,women,arkansas-little-rock,tennessee-state,/cbb/boxscores/2026-01-03-14-arkansas-little-rock_w.html,https://www.sports-reference.com/cbb/boxscores/2026-01-03-14-arkansas-little-rock_w.html
2026-01-03,women,west-georgia,bellarmine,/cbb/boxscores/2026-01-03-14-bellarmine_w.html,https://www.sports-reference.com/cbb/boxscores/2026-01-03-14-bellarmine_w.html
2026-01-03,men,njit,binghamton,/cbb/boxscores/2026-01-03-14-binghamton.html,https://www.sports-reference.com/cbb/boxscores/2026-01-03-14-binghamton.html
2026-01-03,women,bryant,maine,/cbb/boxscores/2026-01-03-14-bryant_w.html,https://www.sports-reference.com/cbb/boxscores/2026-01-03-14-bryant_w.html
2026-01-03,men,buffalo,ball-state,/cbb/boxscores/2026-01-03-14-buffalo.html,https://www.sports-reference.com/cbb/boxscores/2026-01-03-14-buffalo.html
2026-01-03,men,central-arkansas,stetson,/cbb/boxscores/2026-01-03-14-central-arkansas.html,https://www.sports-reference.com/cbb/boxscores/2026-01-03-14-central-arkansas.html
2026-01-03,women,harvard,dartmouth,/cbb/boxscores/2026-01-03-14-dartmouth_w.html,https://www.sports-reference.com/cbb/boxscores/2026-01-03-14-dartmouth_w.html
2026-01-03,women,coppin-state,delaware-state,/cbb/boxscores/2026-01-03-14-delaware-state_w.html,https://www.sports-reference.com/cbb/boxscores/2026-01-03-14-delaware-state_w.html
2026-01-03,women,north-dakota-state,denver,/cbb/boxscores/2026-01-03-14-denver_w.html,https://www.sports-reference.com/cbb/boxscores/2026-01-03-14-denver_w.html
2026-01-03,men,depaul,xavier,/cbb/boxscores/2026-01-03-14-depaul.html,https://www.sports-reference.com/cbb/boxscores/2026-01-03-14-depaul.html
2026-01-03,women,east-carolina,memphis,/cbb/boxscores/2026-01-03-14-east-carolina_w.html,https://www.sports-reference.com/cbb/boxscores/2026-01-03-14-east-carolina_w.html
2026-01-03,women,eastern-kentucky,queens-nc,/cbb/boxscores/2026-01-03-14-eastern-kentucky_w.html,https://www.sports-reference.com/cbb/boxscores/2026-01-03-14-eastern-kentucky_w.html
2026-01-03,men,ohio,eastern-michigan,/cbb/boxscores/2026-01-03-14-eastern-michigan.html,https://www.sports-reference.com/cbb/boxscores/2026-01-03-14-eastern-michigan.html
2026-01-03,women,fairfield,niagara,/cbb/boxscores/2026-01-03-14-fairfield_w.html,https://www.sports-reference.com/cbb/boxscores/2026-01-03-14-fairfield_w.html
2026-01-03,women,rice,florida-atlantic,/cbb/boxscores/2026-01-03-14-florida-atlantic_w.html,https://www.sports-reference.com/cbb/boxscores/2026-01-03-14-florida-atlantic_w.html
2026-01-03,women,florida-gulf-coast,central-arkansas,/cbb/boxscores/2026-01-03-14-florida-gulf-coast_w.html,https://www.sports-reference.com/cbb/boxscores/2026-01-03-14-florida-gulf-coast_w.html
2026-01-03,women,furman,,/cbb/boxscores/2026-01-03-14-furman_w.html,https://www.sports-reference.com/cbb/boxscores/2026-01-03-14-furman_w.html
2026-01-03,men,george-washington,la-salle,/cbb/boxscores/2026-01-03-14-george-washington.html,https://www.sports-reference.com/cbb/boxscores/2026-01-03-14-george-washington.html
2026-01-03,women,alcorn-state,jackson-state,/cbb/boxscores/2026-01-03-14-jackson-state_w.html,https://www.sports-reference.com/cbb/boxscores/2026-01-03-14-jackson-state_w.html
2026-01-03,women,jacksonville,lipscomb,/cbb/boxscores/2026-01-03-14-jacksonville_w.html,https://www.sports-reference.com/cbb/boxscores/2026-01-03-14-jacksonville_w.html
2026-01-03,women,james-madison,texas-state,/cbb/boxscores/2026-01-03-14-james-madison_w.html,https://www.sports-reference.com/cbb/boxscores/2026-01-03-14-james-madison_w.html
2026-01-03,women,lafayette,loyola-md,/cbb/boxscores/2026-01-03-14-lafayette_w.html,https://www.sports-reference.com/cbb/boxscores/2026-01-03-14-lafayette_w.html
2026-01-03,women,lehigh,bucknell,/cbb/boxscores/2026-01-03-14-lehigh_w.html,https://www.sports-reference.com/cbb/boxscores/2026-01-03-14-lehigh_w.html
2026-01-03,women,lindenwood,southern-indiana,/cbb/boxscores/2026-01-03-14-lindenwood_w.html,https://www.sports-reference.com/cbb/boxscores/2026-01-03-14-lindenwood_w.html
2026-01-03,women,longwood,presbyterian,/cbb/boxscores/2026-01-03-14-longwood_w.html,https://www.sports-reference.com/cbb/boxscores/2026-01-03-14-longwood_w.html
2026-01-03,men,bryant,maine,/cbb/boxscores/2026-01-03-14-maine.html,https://www.sports-reference.com/cbb/boxscores/2026-01-03-14-maine.html
2026-01-03,women,marist,manhattan,/cbb/boxscores/2026-01-03-14-manhattan_w.html,https://www.sports-reference.com/cbb/boxscores/2026-01-03-14-manhattan_w.html
2026-01-03,women,maryland-eastern-shore,morgan-state,/cbb/boxscores/2026-01-03-14-maryland-eastern-shore_w.html,https://www.sports-reference.com/cbb/boxscores/2026-01-03-14-maryland-eastern-shore_w.html
2026-01-03,men,bowling-green-state,massachusetts,/cbb/boxscores/2026-01-03-14-massachusetts.html,https://www.sports-reference.com/cbb/boxscores/2026-01-03-14-massachusetts.html
2026-01-03,women,mcneese-state,lamar,/cbb/boxscores/2026-01-03-14-mcneese-state_w.html,https://www.sports-reference.com/cbb/boxscores/2026-01-03-14-mcneese-state_w.html
2026-01-03,women,northwestern-state,nicholls-state,/cbb/boxscores/2026-01-03-14-nicholls-state_w.html,https://www.sports-reference.com/cbb/boxscores/2026-01-03-14-nicholls-state_w.html
2026-01-03,women,winthrop,north-carolina-asheville,/cbb/boxscores/2026-01-03-14-north-carolina-asheville_w.html,https://www.sports-reference.com/cbb/boxscores/2026-01-03-14-north-carolina-asheville_w.html
2026-01-03,women,norfolk-state,north-carolina-central,/cbb/boxscores/2026-01-03-14-north-carolina-central_w.html,https://www.sports-reference.com/cbb/boxscores/2026-01-03-14-north-carolina-central_w.html
2026-01-03,men,north-dakota,south-dakota-state,/cbb/boxscores/2026-01-03-14-north-dakota.html,https://www.sports-reference.com/cbb/boxscores/2026-01-03-14-north-dakota.html
2026-01-03,men,north-dakota-state,oral-roberts,/cbb/boxscores/2026-01-03-14-north-dakota-state.html,https://www.sports-reference.com/cbb/boxscores/2026-01-03-14-north-dakota-state.html
2026-01-03,women,austin-peay,north-florida,/cbb/boxscores/2026-01-03-14-north-florida_w.html,https://www.sports-reference.com/cbb/boxscores/2026-01-03-14-north-florida_w.html
2026-01-03,women,quinnipiac,rider,/cbb/boxscores/2026-01-03-14-rider_w.html,https://www.sports-reference.com/cbb/boxscores/2026-01-03-14-rider_w.html
2026-01-03,women,sacred-heart,canisius,/cbb/boxscores/2026-01-03-14-sacred-heart_w.html,https://www.sports-reference.com/cbb/boxscores/2026-01-03-14-sacred-heart_w.html
2026-01-03,women,howard,south-carolina-state,/cbb/boxscores/2026-01-03-14-south-carolina-state_w.html,https://www.sports-reference.com/cbb/boxscores/2026-01-03-14-south-carolina-state_w.html
2026-01-03,women,stephen-f-austin,southeastern-louisiana,/cbb/boxscores/2026-01-03-14-southeastern-louisiana_w.html,https://www.sports-reference.com/cbb/boxscores/2026-01-03-14-southeastern-louisiana_w.html
2026-01-03,women,tennessee-martin,eastern-illinois,/cbb/boxscores/2026-01-03-14-tennessee-martin_w.html,https://www.sports-reference.com/cbb/boxscores/2026-01-03-14-tennessee-martin_w.html
2026-01-03,women,vermont,new-hampshire,/cbb/boxscores/2026-01-03-14-vermont_w.html,https://www.sports-reference.com/cbb/boxscores/2026-01-03-14-vermont_w.html
2026-01-03,men,west-georgia,eastern-kentucky,/cbb/boxscores/2026-01-03-14-west-georgia.html,https://www.sports-reference.com/cbb/boxscores/2026-01-03-14-west-georgia.html
2026-01-03,men,james-madison,arkansas-state,/cbb/boxscores/2026-01-03-15-arkansas-state.html,https://www.sports-reference.com/cbb/boxscores/2026-01-03-15-arkansas-state.html
2026-01-03,women,grambling,prairie-view,/cbb/boxscores/2026-01-03-15-grambling_w.html,https://www.sports-reference.com/cbb/boxscores/2026-01-03-15-grambling_w.html
2026-01-03,women,massachusetts,kent-state,/cbb/boxscores/2026-01-03-15-kent-state_w.html,https://www.sports-reference.com/cbb/boxscores/2026-01-03-15-kent-state_w.html
2026-01-03,men,texas-state,louisiana-monroe,/cbb/boxscores/2026-01-03-15-louisiana-monroe.html,https://www.sports-reference.com/cbb/boxscores/2026-01-03-15-louisiana-monroe.html
2026-01-03,men,miami-oh,akron,/cbb/boxscores/2026-01-03-15-miami-oh.html,https://www.sports-reference.com/cbb/boxscores/2026-01-03-15-miami-oh.html
2026-01-03,women,south-dakota,missouri-kansas-city,/cbb/boxscores/2026-01-03-15-missouri-kansas-city_w.html,https://www.sports-reference.com/cbb/boxscores/2026-01-03-15-missouri-kansas-city_w.html
2026-01-03,women,texas-am-commerce,new-orleans,/cbb/boxscores/2026-01-03-15-new-orleans_w.html,https://www.sports-reference.com/cbb/boxscores/2026-01-03-15-new-orleans_w.html
2026-01-03,men,oklahoma,mississippi,/cbb/boxscores/2026-01-03-15-oklahoma.html,https://www.sports-reference.com/cbb/boxscores/2026-01-03-15-oklahoma.html
2026-01-03,men,georgia-southern,old-dominion,/cbb/boxscores/2026-01-03-15-old-dominion.html,https://www.sports-reference.com/cbb/boxscores/2026-01-03-15-old-dominion.html
2026-01-03,women,oral-roberts,north-dakota,/cbb/boxscores/2026-01-03-15-oral-roberts_w.html,https://www.sports-reference.com/cbb/boxscores/2026-01-03-15-oral-roberts_w.html
2026-01-03,men,queens-nc,bellarmine,/cbb/boxscores/2026-01-03-15-queens-nc.html,https://www.sports-reference.com/cbb/boxscores/2026-01-03-15-queens-nc.html
2026-01-03,women,southern-mississippi,troy,/cbb/boxscores/2026-01-03-15-southern-mississippi_w.html,https://www.sports-reference.com/cbb/boxscores/2026-01-03-15-southern-mississippi_w.html
2026-01-03,women,texas-pan-american,texas-am-corpus-christi,/cbb/boxscores/2026-01-03-15-texas-pan-american_w.html,https://www.sports-reference.com/cbb/boxscores/2026-01-03-15-texas-pan-american_w.html
2026-01-03,women,tulane,wichita-state,/cbb/boxscores/2026-01-03-15-wichita-state_w.html,https://www.sports-reference.com/cbb/boxscores/2026-01-03-15-wichita-state_w.html
2026-01-03,men,abilene-christian,utah-valley,/cbb/boxscores/2026-01-03-16-abilene-christian.html,https://www.sports-reference.com/cbb/boxscores/2026-01-03-16-abilene-christian.html
2026-01-03,men,tennessee-state,arkansas-little-rock,/cbb/boxscores/2026-01-03-16-arkansas-little-rock.html,https://www.sports-reference.com/cbb/boxscores/2026-01-03-16-arkansas-little-rock.html
2026-01-03,women,california-baptist,tarleton-state,/cbb/boxscores/2026-01-03-16-california-baptist_w.html,https://www.sports-reference.com/cbb/boxscores/2026-01-03-16-california-baptist_w.html
2026-01-03,men,coppin-state,delaware-state,/cbb/boxscores/2026-01-03-16-delaware-state.html,https://www.sports-reference.com/cbb/boxscores/2026-01-03-16-delaware-state.html
2026-01-03,men,george-mason,rhode-island,/cbb/boxscores/2026-01-03-16-george-mason.html,https://www.sports-reference.com/cbb/boxscores/2026-01-03-16-george-mason.html
2026-01-03,men,lindenwood,southern-indiana,/cbb/boxscores/2026-01-03-16-lindenwood.html,https://www.sports-reference.com/cbb/boxscores/2026-01-03-16-lindenwood.html
2026-01-03,women,south-alabama,louisiana-lafayette,/cbb/boxscores/2026-01-03-16-louisiana-lafayette_w.html,https://www.sports-reference.com/cbb/boxscores/2026-01-03-16-louisiana-lafayette_w.html
2026-01-03,men,marshall,appalachian-state,/cbb/boxscores/2026-01-03-16-marshall.html,https://www.sports-reference.com/cbb/boxscores/2026-01-03-16-marshall.html
2026-01-03,women,alabama-state,mississippi-valley-state,/cbb/boxscores/2026-01-03-16-mississippi-valley-state_w.html,https://www.sports-reference.com/cbb/boxscores/2026-01-03-16-mississippi-valley-state_w.html
2026-01-03,men,nicholls-state,texas-am-commerce,/cbb/boxscores/2026-01-03-16-nicholls-state.html,https://www.sports-reference.com/cbb/boxscores/2026-01-03-16-nicholls-state.html
2026-01-03,men,north-carolina-central,norfolk-state,/cbb/boxscores/2026-01-03-16-north-carolina-central.html,https://www.sports-reference.com/cbb/boxscores/2026-01-03-16-north-carolina-central.html
2026-01-03,women,montana-state,northern-arizona,/cbb/boxscores/2026-01-03-16-northern-arizona_w.html,https://www.sports-reference.com/cbb/boxscores/2026-01-03-16-northern-arizona_w.html
2026-01-03,women,northern-colorado,montana,/cbb/boxscores/2026-01-03-16-northern-colorado_w.html,https://www.sports-reference.com/cbb/boxscores/2026-01-03-16-northern-colorado_w.html
2026-01-03,men,southeast-missouri-state,western-illinois,/cbb/boxscores/2026-01-03-16-southeast-missouri-state.html,https://www.sports-reference.com/cbb/boxscores/2026-01-03-16-southeast-missouri-state.html
2026-01-03,men,stephen-f-austin,southeastern-louisiana,/cbb/boxscores/2026-01-03-16-southeastern-louisiana.html,https://www.sports-reference.com/cbb/boxscores/2026-01-03-16-southeastern-louisiana.html
2026-01-03,men,stony-brook,north-carolina-at,/cbb/boxscores/2026-01-03-16-stony-brook.html,https://www.sports-reference.com/cbb/boxscores/2026-01-03-16-stony-brook.html
2026-01-03,men,tennessee-martin,eastern-illinois,/cbb/boxscores/2026-01-03-16-tennessee-martin.html,https://www.sports-reference.com/cbb/boxscores/2026-01-03-16-tennessee-martin.html
2026-01-03,men,texas-am,louisiana-state,/cbb/boxscores/2026-01-03-16-texas-am.html,https://www.sports-reference.com/cbb/boxscores/2026-01-03-16-texas-am.html
2026-01-03,women,utah-valley,abilene-christian,/cbb/boxscores/2026-01-03-16-utah-valley_w.html,https://www.sports-reference.com/cbb/boxscores/2026-01-03-16-utah-valley_w.html
2026-01-03,men,winthrop,gardner-webb,/cbb/boxscores/2026-01-03-16-winthrop.html,https://www.sports-reference.com/cbb/boxscores/2026-01-03-16-winthrop.html
2026-01-03,women,california-irvine,cal-state-fullerton,/cbb/boxscores/2026-01-03-17-california-irvine_w.html,https://www.sports-reference.com/cbb/boxscores/2026-01-03-17-california-irvine_w.html
2026-01-03,women,california-santa-barbara,cal-state-northridge,/cbb/boxscores/2026-01-03-17-california-santa-barbara_w.html,https://www.sports-reference.com/cbb/boxscores/2026-01-03-17-california-santa-barbara_w.html
2026-01-03,men,idaho,eastern-washington,/cbb/boxscores/2026-01-03-17-idaho.html,https://www.sports-reference.com/cbb/boxscores/2026-01-03-17-idaho.html
2026-01-03,men,lafayette,loyola-md,/cbb/boxscores/2026-01-03-17-loyola-md.html,https://www.sports-reference.com/cbb/boxscores/2026-01-03-17-loyola-md.html
2026-01-03,men,minnesota,northwestern,/cbb/boxscores/2026-01-03-17-northwestern.html,https://www.sports-reference.com/cbb/boxscores/2026-01-03-17-northwestern.html
2026-01-03,women,idaho-state,portland-state,/cbb/boxscores/2026-01-03-17-portland-state_w.html,https://www.sports-reference.com/cbb/boxscores/2026-01-03-17-portland-state_w.html
2026-01-03,women,new-mexico,san-jose-state,/cbb/boxscores/2026-01-03-17-san-jose-state_w.html,https://www.sports-reference.com/cbb/boxscores/2026-01-03-17-san-jose-state_w.html
2026-01-03,women,western-illinois,southeast-missouri-state,/cbb/boxscores/2026-01-03-17-southeast-missouri-state_w.html,https://www.sports-reference.com/cbb/boxscores/2026-01-03-17-southeast-missouri-state_w.html
2026-01-03,men,tarleton-state,california-baptist,/cbb/boxscores/2026-01-03-17-tarleton-state.html,https://www.sports-reference.com/cbb/boxscores/2026-01-03-17-tarleton-state.html
2026-01-03,men,texas-christian,baylor,/cbb/boxscores/2026-01-03-17-texas-christian.html,https://www.sports-reference.com/cbb/boxscores/2026-01-03-17-texas-christian.html
2026-01-03,men,texas-am-corpus-christi,texas-pan-american,/cbb/boxscores/2026-01-03-17-texas-pan-american.html,https://www.sports-reference.com/cbb/boxscores/2026-01-03-17-texas-pan-american.html
2026-01-03,men,portland-state,idaho-state,/cbb/boxscores/2026-01-03-18-idaho-state.html,https://www.sports-reference.com/cbb/boxscores/2026-01-03-18-idaho-state.html
2026-01-03,men,alabama-state,mississippi-valley-state,/cbb/boxscores/2026-01-03-18-mississippi-valley-state.html,https://www.sports-reference.com/cbb/boxscores/2026-01-03-18-mississippi-valley-state.html
2026-01-03,men,montana,northern-colorado,/cbb/boxscores/2026-01-03-18-montana.html,https://www.sports-reference.com/cbb/boxscores/2026-01-03-18-montana.html
2026-01-03,men,mississippi-state,texas,/cbb/boxscores/2026-01-03-18-texas.html,https://www.sports-reference.com/cbb/boxscores/2026-01-03-18-texas.html
2026-01-03,men,california-irvine,cal-state-fullerton,/cbb/boxscores/2026-01-03-19-cal-state-fullerton.html,https://www.sports-reference.com/cbb/boxscores/2026-01-03-19-cal-state-fullerton.html
2026-01-03,men,high-point,longwood,/cbb/boxscores/2026-01-03-19-high-point.html,https://www.sports-reference.com/cbb/boxscores/2026-01-03-19-high-point.html
2026-01-03,women,south-florida,north-texas,/cbb/boxscores/2026-01-03-19-south-florida_w.html,https://www.sports-reference.com/cbb/boxscores/2026-01-03-19-south-florida_w.html
2026-01-03,men,cal-state-northridge,california-santa-barbara,/cbb/boxscores/2026-01-03-20-cal-state-northridge.html,https://www.sports-reference.com/cbb/boxscores/2026-01-03-20-cal-state-northridge.html
2026-01-03,women,rhode-island,loyola-il,/cbb/boxscores/2026-01-03-20-loyola-il_w.html,https://www.sports-reference.com/cbb/boxscores/2026-01-03-20-loyola-il_w.html
2026-01-03,men,montana-state,northern-arizona,/cbb/boxscores/2026-01-03-20-montana-state.html,https://www.sports-reference.com/cbb/boxscores/2026-01-03-20-montana-state.html
2026-01-03,men,missouri-kansas-city,nebraska-omaha,/cbb/boxscores/2026-01-03-20-nebraska-omaha.html,https://www.sports-reference.com/cbb/boxscores/2026-01-03-20-nebraska-omaha.html
2026-01-03,men,florida-gulf-coast,north-alabama,/cbb/boxscores/2026-01-03-20-north-alabama.html,https://www.sports-reference.com/cbb/boxscores/2026-01-03-20-north-alabama.html
2026-01-03,men,texas-arlington,southern-utah,/cbb/boxscores/2026-01-03-20-southern-utah.html,https://www.sports-reference.com/cbb/boxscores/2026-01-03-20-southern-utah.html
2026-01-03,men,long-beach-state,cal-poly,/cbb/boxscores/2026-01-03-21-long-beach-state.html,https://www.sports-reference.com/cbb/boxscores/2026-01-03-21-long-beach-state.html
2026-01-03,men,weber-state,sacramento-state,/cbb/boxscores/2026-01-03-21-weber-state.html,https://www.sports-reference.com/cbb/boxscores/2026-01-03-21-weber-state.html
2026-01-03,men,california-san-diego,hawaii,/cbb/boxscores/2026-01-03-22-california-san-diego.html,https://www.sports-reference.com/cbb/boxscores/2026-01-03-22-california-san-diego.html
2026-01-04,women,texas,mississippi,/cbb/boxscores/2026-01-04-01-texas_w.html,https://www.sports-reference.com/cbb/boxscores/2026-01-04-01-texas_w.html
2026-01-04,women,south-carolina,florida,/cbb/boxscores/2026-01-04-00-florida_w.html,https://www.sports-reference.com/cbb/boxscores/2026-01-04-00-florida_w.html
2026-01-04,men,connecticut,marquette,/cbb/boxscores/2026-01-04-00-connecticut.html,https://www.sports-reference.com/cbb/boxscores/2026-01-04-00-connecticut.html
2026-01-04,women,vanderbilt,louisiana-state,/cbb/boxscores/2026-01-04-01-vanderbilt_w.html,https://www.sports-reference.com/cbb/boxscores/2026-01-04-01-vanderbilt_w.html
2026-01-04,women,maryland,indiana,/cbb/boxscores/2026-01-04-00-maryland_w.html,https://www.sports-reference.com/cbb/boxscores/2026-01-04-00-maryland_w.html
2026-01-04,men,gonzaga,loyola-marymount,/cbb/boxscores/2026-01-04-03-gonzaga.html,https://www.sports-reference.com/cbb/boxscores/2026-01-04-03-gonzaga.html
2026-01-04,women,oklahoma,mississippi-state,/cbb/boxscores/2026-01-04-15-oklahoma_w.html,https://www.sports-reference.com/cbb/boxscores/2026-01-04-15-oklahoma_w.html
2026-01-04,women,baylor,iowa-state,/cbb/boxscores/2026-01-04-17-iowa-state_w.html,https://www.sports-reference.com/cbb/boxscores/2026-01-04-17-iowa-state_w.html
2026-01-04,women,kentucky,missouri,/cbb/boxscores/2026-01-04-12-kentucky_w.html,https://www.sports-reference.com/cbb/boxscores/2026-01-04-12-kentucky_w.html
2026-01-04,women,louisville,virginia-tech,/cbb/boxscores/2026-01-04-00-louisville_w.html,https://www.sports-reference.com/cbb/boxscores/2026-01-04-00-louisville_w.html
2026-01-04,women,stanford,north-carolina,/cbb/boxscores/2026-01-04-00-north-carolina_w.html,https://www.sports-reference.com/cbb/boxscores/2026-01-04-00-north-carolina_w.html
2026-01-04,women,duke,notre-dame,/cbb/boxscores/2026-01-04-00-duke_w.html,https://www.sports-reference.com/cbb/boxscores/2026-01-04-00-duke_w.html
2026-01-04,women,ohio-state,rutgers,/cbb/boxscores/2026-01-04-14-ohio-state_w.html,https://www.sports-reference.com/cbb/boxscores/2026-01-04-14-ohio-state_w.html
2026-01-04,women,nebraska,purdue,/cbb/boxscores/2026-01-04-15-nebraska_w.html,https://www.sports-reference.com/cbb/boxscores/2026-01-04-15-nebraska_w.html
2026-01-04,women,tennessee,auburn,/cbb/boxscores/2026-01-04-16-auburn_w.html,https://www.sports-reference.com/cbb/boxscores/2026-01-04-16-auburn_w.html
2026-01-04,women,michigan-state,illinois,/cbb/boxscores/2026-01-04-12-michigan-state_w.html,https://www.sports-reference.com/cbb/boxscores/2026-01-04-12-michigan-state_w.html
2026-01-04,women,pittsburgh,boston-college,/cbb/boxscores/2026-01-04-00-boston-college_w.html,https://www.sports-reference.com/cbb/boxscores/2026-01-04-00-boston-college_w.html
2026-01-04,men,central-connecticut-state,new-haven,/cbb/boxscores/2026-01-04-00-central-connecticut-state.html,https://www.sports-reference.com/cbb/boxscores/2026-01-04-00-central-connecticut-state.html
2026-01-04,women,college-of-charleston,northeastern,/cbb/boxscores/2026-01-04-00-college-of-charleston_w.html,https://www.sports-reference.com/cbb/boxscores/2026-01-04-00-college-of-charleston_w.html
2026-01-04,men,delaware,kennesaw-state,/cbb/boxscores/2026-01-04-00-delaware.html,https://www.sports-reference.com/cbb/boxscores/2026-01-04-00-delaware.html
2026-01-04,men,florida-international,texas-el-paso,/cbb/boxscores/2026-01-04-00-florida-international.html,https://www.sports-reference.com/cbb/boxscores/2026-01-04-00-florida-international.html
2026-01-04,women,missouri-state,florida-international,/cbb/boxscores/2026-01-04-00-florida-international_w.html,https://www.sports-reference.com/cbb/boxscores/2026-01-04-00-florida-international_w.html
2026-01-04,women,virginia,florida-state,/cbb/boxscores/2026-01-04-00-florida-state_w.html,https://www.sports-reference.com/cbb/boxscores/2026-01-04-00-florida-state_w.html
2026-01-04,men,richmond,fordham,/cbb/boxscores/2026-01-04-00-fordham.html,https://www.sports-reference.com/cbb/boxscores/2026-01-04-00-fordham.html
2026-01-04,women,california-san-diego,hawaii,/cbb/boxscores/2026-01-04-00-hawaii_w.html,https://www.sports-reference.com/cbb/boxscores/2026-01-04-00-hawaii_w.html
2026-01-04,men,indiana,washington,/cbb/boxscores/2026-01-04-00-indiana.html,https://www.sports-reference.com/cbb/boxscores/2026-01-04-00-indiana.html
2026-01-04,women,kennesaw-state,western-kentucky,/cbb/boxscores/2026-01-04-00-kennesaw-state_w.html,https://www.sports-reference.com/cbb/boxscores/2026-01-04-00-kennesaw-state_w.html
2026-01-04,men,liberty,jacksonville-state,/cbb/boxscores/2026-01-04-00-liberty.html,https://www.sports-reference.com/cbb/boxscores/2026-01-04-00-liberty.html
2026-01-04,women,long-island-university,chicago-state,/cbb/boxscores/2026-01-04-00-long-island-university_w.html,https://www.sports-reference.com/cbb/boxscores/2026-01-04-00-long-island-university_w.html
2026-01-04,men,merrimack,manhattan,/cbb/boxscores/2026-01-04-00-merrimack.html,https://www.sports-reference.com/cbb/boxscores/2026-01-04-00-merrimack.html
2026-01-04,men,stonehill,wagner,/cbb/boxscores/2026-01-04-00-wagner.html,https://www.sports-reference.com/cbb/boxscores/2026-01-04-00-wagner.html
2026-01-04,women,syracuse,wake-forest,/cbb/boxscores/2026-01-04-00-wake-forest_w.html,https://www.sports-reference.com/cbb/boxscores/2026-01-04-00-wake-forest_w.html
2026-01-04,men,southern-illinois,belmont,/cbb/boxscores/2026-01-04-01-belmont.html,https://www.sports-reference.com/cbb/boxscores/2026-01-04-01-belmont.html
2026-01-04,women,creighton,butler,/cbb/boxscores/2026-01-04-01-creighton_w.html,https://www.sports-reference.com/cbb/boxscores/2026-01-04-01-creighton_w.html
2026-01-04,men,drake,indiana-state,/cbb/boxscores/2026-01-04-01-drake.html,https://www.sports-reference.com/cbb/boxscores/2026-01-04-01-drake.html
2026-01-04,men,northern-iowa,evansville,/cbb/boxscores/2026-01-04-01-evansville.html,https://www.sports-reference.com/cbb/boxscores/2026-01-04-01-evansville.html
2026-01-04,women,illinois-chicago,indiana-state,/cbb/boxscores/2026-01-04-01-illinois-chicago_w.html,https://www.sports-reference.com/cbb/boxscores/2026-01-04-01-illinois-chicago_w.html
2026-01-04,women,middle-tennessee,jacksonville-state,/cbb/boxscores/2026-01-04-01-jacksonville-state_w.html,https://www.sports-reference.com/cbb/boxscores/2026-01-04-01-jacksonville-state_w.html
2026-01-04,men,middle-tennessee,sam-houston-state,/cbb/boxscores/2026-01-04-01-middle-tennessee.html,https://www.sports-reference.com/cbb/boxscores/2026-01-04-01-middle-tennessee.html
2026-01-04,women,milwaukee,cleveland-state,/cbb/boxscores/2026-01-04-01-milwaukee_w.html,https://www.sports-reference.com/cbb/boxscores/2026-01-04-01-milwaukee_w.html
2026-01-04,men,murray-state,bradley,/cbb/boxscores/2026-01-04-01-murray-state.html,https://www.sports-reference.com/cbb/boxscores/2026-01-04-01-murray-state.html
2026-01-04,women,murray-state,bradley,/cbb/boxscores/2026-01-04-01-murray-state_w.html,https://www.sports-reference.com/cbb/boxscores/2026-01-04-01-murray-state_w.html
2026-01-04,men,north-texas,tulsa,/cbb/boxscores/2026-01-04-01-north-texas.html,https://www.sports-reference.com/cbb/boxscores/2026-01-04-01-north-texas.html
2026-01-04,women,georgia-tech,southern-methodist,/cbb/boxscores/2026-01-04-01-southern-methodist_w.html,https://www.sports-reference.com/cbb/boxscores/2026-01-04-01-southern-methodist_w.html
2026-01-04,men,valparaiso,illinois-chicago,/cbb/boxscores/2026-01-04-01-valparaiso.html,https://www.sports-reference.com/cbb/boxscores/2026-01-04-01-valparaiso.html
2026-01-04,women,wisconsin,penn-state,/cbb/boxscores/2026-01-04-01-wisconsin_w.html,https://www.sports-reference.com/cbb/boxscores/2026-01-04-01-wisconsin_w.html
2026-01-04,women,new-mexico-state,delaware,/cbb/boxscores/2026-01-04-02-new-mexico-state_w.html,https://www.sports-reference.com/cbb/boxscores/2026-01-04-02-new-mexico-state_w.html
2026-01-04,women,liberty,texas-el-paso,/cbb/boxscores/2026-01-04-02-texas-el-paso_w.html,https://www.sports-reference.com/cbb/boxscores/2026-01-04-02-texas-el-paso_w.html
2026-01-04,women,san-francisco,loyola-marymount,/cbb/boxscores/2026-01-04-03-loyola-marymount_w.html,https://www.sports-reference.com/cbb/boxscores/2026-01-04-03-loyola-marymount_w.html
2026-01-04,men,pacific,pepperdine,/cbb/boxscores/2026-01-04-03-pacific.html,https://www.sports-reference.com/cbb/boxscores/2026-01-04-03-pacific.html
2026-01-04,women,portland,pacific,/cbb/boxscores/2026-01-04-03-portland_w.html,https://www.sports-reference.com/cbb/boxscores/2026-01-04-03-portland_w.html
2026-01-04,men,saint-marys-ca,seattle,/cbb/boxscores/2026-01-04-03-saint-marys-ca.html,https://www.sports-reference.com/cbb/boxscores/2026-01-04-03-saint-marys-ca.html
2026-01-04,women,saint-marys-ca,san-diego,/cbb/boxscores/2026-01-04-03-san-diego_w.html,https://www.sports-reference.com/cbb/boxscores/2026-01-04-03-san-diego_w.html
2026-01-04,men,san-francisco,portland,/cbb/boxscores/2026-01-04-03-san-francisco.html,https://www.sports-reference.com/cbb/boxscores/2026-01-04-03-san-francisco.html
2026-01-04,women,washington-state,seattle,/cbb/boxscores/2026-01-04-03-seattle_w.html,https://www.sports-reference.com/cbb/boxscores/2026-01-04-03-seattle_w.html
2026-01-04,men,washington-state,oregon-state,/cbb/boxscores/2026-01-04-03-washington-state.html,https://www.sports-reference.com/cbb/boxscores/2026-01-04-03-washington-state.html
2026-01-04,men,canisius,sacred-heart,/cbb/boxscores/2026-01-04-12-canisius.html,https://www.sports-reference.com/cbb/boxscores/2026-01-04-12-canisius.html
2026-01-04,men,seton-hall,creighton,/cbb/boxscores/2026-01-04-12-seton-hall.html,https://www.sports-reference.com/cbb/boxscores/2026-01-04-12-seton-hall.html
2026-01-04,women,george-mason,virginia-commonwealth,/cbb/boxscores/2026-01-04-12-virginia-commonwealth_w.html,https://www.sports-reference.com/cbb/boxscores/2026-01-04-12-virginia-commonwealth_w.html
2026-01-04,women,elon,hampton,/cbb/boxscores/2026-01-04-13-elon_w.html,https://www.sports-reference.com/cbb/boxscores/2026-01-04-13-elon_w.html
2026-01-04,women,mercyhurst,le-moyne,/cbb/boxscores/2026-01-04-13-le-moyne_w.html,https://www.sports-reference.com/cbb/boxscores/2026-01-04-13-le-moyne_w.html
2026-01-04,women,new-haven,central-connecticut-state,/cbb/boxscores/2026-01-04-13-new-haven_w.html,https://www.sports-reference.com/cbb/boxscores/2026-01-04-13-new-haven_w.html
2026-01-04,women,monmouth,north-carolina-at,/cbb/boxscores/2026-01-04-13-north-carolina-at_w.html,https://www.sports-reference.com/cbb/boxscores/2026-01-04-13-north-carolina-at_w.html
2026-01-04,women,hofstra,north-carolina-wilmington,/cbb/boxscores/2026-01-04-13-north-carolina-wilmington_w.html,https://www.sports-reference.com/cbb/boxscores/2026-01-04-13-north-carolina-wilmington_w.html
2026-01-04,women,northern-kentucky,detroit-mercy,/cbb/boxscores/2026-01-04-13-northern-kentucky_w.html,https://www.sports-reference.com/cbb/boxscores/2026-01-04-13-northern-kentucky_w.html
2026-01-04,women,fairleigh-dickinson,saint-francis-pa,/cbb/boxscores/2026-01-04-13-saint-francis-pa_w.html,https://www.sports-reference.com/cbb/boxscores/2026-01-04-13-saint-francis-pa_w.html
2026-01-04,men,alabama-birmingham,south-florida,/cbb/boxscores/2026-01-04-13-south-florida.html,https://www.sports-reference.com/cbb/boxscores/2026-01-04-13-south-florida.html
2026-01-04,men,st-thomas-mn,denver,/cbb/boxscores/2026-01-04-13-st-thomas-mn.html,https://www.sports-reference.com/cbb/boxscores/2026-01-04-13-st-thomas-mn.html
2026-01-04,men,tulane,florida-atlantic,/cbb/boxscores/2026-01-04-13-tulane.html,https://www.sports-reference.com/cbb/boxscores/2026-01-04-13-tulane.html
2026-01-04,women,stony-brook,william-mary,/cbb/boxscores/2026-01-04-13-william-mary_w.html,https://www.sports-reference.com/cbb/boxscores/2026-01-04-13-william-mary_w.html
2026-01-04,women,belmont,illinois-state,/cbb/boxscores/2026-01-04-14-belmont_w.html,https://www.sports-reference.com/cbb/boxscores/2026-01-04-14-belmont_w.html
2026-01-04,women,kansas,central-florida,/cbb/boxscores/2026-01-04-14-central-florida_w.html,https://www.sports-reference.com/cbb/boxscores/2026-01-04-14-central-florida_w.html
2026-01-04,men,long-island-university,chicago-state,/cbb/boxscores/2026-01-04-14-chicago-state.html,https://www.sports-reference.com/cbb/boxscores/2026-01-04-14-chicago-state.html
2026-01-04,women,campbell,drexel,/cbb/boxscores/2026-01-04-14-drexel_w.html,https://www.sports-reference.com/cbb/boxscores/2026-01-04-14-drexel_w.html
2026-01-04,women,xavier,georgetown,/cbb/boxscores/2026-01-04-14-georgetown_w.html,https://www.sports-reference.com/cbb/boxscores/2026-01-04-14-georgetown_w.html
2026-01-04,women,georgia,texas-am,/cbb/boxscores/2026-01-04-14-georgia_w.html,https://www.sports-reference.com/cbb/boxscores/2026-01-04-14-georgia_w.html
2026-01-04,women,green-bay,robert-morris,/cbb/boxscores/2026-01-04-14-green-bay_w.html,https://www.sports-reference.com/cbb/boxscores/2026-01-04-14-green-bay_w.html
2026-01-04,men,ipfw,cleveland-state,/cbb/boxscores/2026-01-04-14-ipfw.html,https://www.sports-reference.com/cbb/boxscores/2026-01-04-14-ipfw.html
2026-01-04,men,wright-state,iupui,/cbb/boxscores/2026-01-04-14-iupui.html,https://www.sports-reference.com/cbb/boxscores/2026-01-04-14-iupui.html
2026-01-04,women,west-virginia,kansas-state,/cbb/boxscores/2026-01-04-14-kansas-state_w.html,https://www.sports-reference.com/cbb/boxscores/2026-01-04-14-kansas-state_w.html
2026-01-04,men,marist,iona,/cbb/boxscores/2026-01-04-14-marist.html,https://www.sports-reference.com/cbb/boxscores/2026-01-04-14-marist.html
2026-01-04,men,mercyhurst,le-moyne,/cbb/boxscores/2026-01-04-14-mercyhurst.html,https://www.sports-reference.com/cbb/boxscores/2026-01-04-14-mercyhurst.html
2026-01-04,women,clemson,miami-fl,/cbb/boxscores/2026-01-04-14-miami-fl_w.html,https://www.sports-reference.com/cbb/boxscores/2026-01-04-14-miami-fl_w.html
2026-01-04,men,fairfield,niagara,/cbb/boxscores/2026-01-04-14-niagara.html,https://www.sports-reference.com/cbb/boxscores/2026-01-04-14-niagara.html
2026-01-04,women,north-carolina-state,california,/cbb/boxscores/2026-01-04-14-north-carolina-state_w.html,https://www.sports-reference.com/cbb/boxscores/2026-01-04-14-north-carolina-state_w.html
2026-01-04,men,quinnipiac,mount-st-marys,/cbb/boxscores/2026-01-04-14-quinnipiac.html,https://www.sports-reference.com/cbb/boxscores/2026-01-04-14-quinnipiac.html
2026-01-04,men,siena,rider,/cbb/boxscores/2026-01-04-14-rider.html,https://www.sports-reference.com/cbb/boxscores/2026-01-04-14-rider.html
2026-01-04,women,wagner,stonehill,/cbb/boxscores/2026-01-04-14-stonehill_w.html,https://www.sports-reference.com/cbb/boxscores/2026-01-04-14-stonehill_w.html
2026-01-04,women,alabama,arkansas,/cbb/boxscores/2026-01-04-15-alabama_w.html,https://www.sports-reference.com/cbb/boxscores/2026-01-04-15-alabama_w.html
2026-01-04,women,providence,depaul,/cbb/boxscores/2026-01-04-15-depaul_w.html,https://www.sports-reference.com/cbb/boxscores/2026-01-04-15-depaul_w.html
2026-01-04,men,missouri-state,new-mexico-state,/cbb/boxscores/2026-01-04-15-missouri-state.html,https://www.sports-reference.com/cbb/boxscores/2026-01-04-15-missouri-state.html
2026-01-04,women,northern-iowa,southern-illinois,/cbb/boxscores/2026-01-04-15-northern-iowa_w.html,https://www.sports-reference.com/cbb/boxscores/2026-01-04-15-northern-iowa_w.html
2026-01-04,men,oakland,robert-morris,/cbb/boxscores/2026-01-04-15-oakland.html,https://www.sports-reference.com/cbb/boxscores/2026-01-04-15-oakland.html
2026-01-04,men,western-kentucky,louisiana-tech,/cbb/boxscores/2026-01-04-15-western-kentucky.html,https://www.sports-reference.com/cbb/boxscores/2026-01-04-15-western-kentucky.html
2026-01-04,women,marquette,villanova,/cbb/boxscores/2026-01-04-16-marquette_w.html,https://www.sports-reference.com/cbb/boxscores/2026-01-04-16-marquette_w.html
2026-01-04,men,northern-kentucky,youngstown-state,/cbb/boxscores/2026-01-04-16-northern-kentucky.html,https://www.sports-reference.com/cbb/boxscores/2026-01-04-16-northern-kentucky.html
2026-01-04,men,saint-francis-pa,fairleigh-dickinson,/cbb/boxscores/2026-01-04-16-saint-francis-pa.html,https://www.sports-reference.com/cbb/boxscores/2026-01-04-16-saint-francis-pa.html
2026-01-04,women,santa-clara,gonzaga,/cbb/boxscores/2026-01-04-16-santa-clara_w.html,https://www.sports-reference.com/cbb/boxscores/2026-01-04-16-santa-clara_w.html
2026-01-04,men,santa-clara,san-diego,/cbb/boxscores/2026-01-04-19-santa-clara.html,https://www.sports-reference.com/cbb/boxscores/2026-01-04-19-santa-clara.html
2026-01-05,women,michigan,minnesota,/cbb/boxscores/2026-01-05-00-michigan_w.html,https://www.sports-reference.com/cbb/boxscores/2026-01-05-00-michigan_w.html
2026-01-05,men,nebraska,ohio-state,/cbb/boxscores/2026-01-05-00-ohio-state.html,https://www.sports-reference.com/cbb/boxscores/2026-01-05-00-ohio-state.html
2026-01-05,men,michigan-state,southern-california,/cbb/boxscores/2026-01-05-00-michigan-state.html,https://www.sports-reference.com/cbb/boxscores/2026-01-05-00-michigan-state.html
2026-01-05,women,iowa,northwestern,/cbb/boxscores/2026-01-05-20-northwestern_w.html,https://www.sports-reference.com/cbb/boxscores/2026-01-05-20-northwestern_w.html
2026-01-05,men,dartmouth,harvard,/cbb/boxscores/2026-01-05-00-harvard.html,https://www.sports-reference.com/cbb/boxscores/2026-01-05-00-harvard.html
2026-01-05,men,rutgers,oregon,/cbb/boxscores/2026-01-05-00-rutgers.html,https://www.sports-reference.com/cbb/boxscores/2026-01-05-00-rutgers.html
2026-01-05,men,arkansas-pine-bluff,alabama-state,/cbb/boxscores/2026-01-05-01-arkansas-pine-bluff.html,https://www.sports-reference.com/cbb/boxscores/2026-01-05-01-arkansas-pine-bluff.html
2026-01-05,men,grambling,texas-southern,/cbb/boxscores/2026-01-05-01-grambling.html,https://www.sports-reference.com/cbb/boxscores/2026-01-05-01-grambling.html
2026-01-05,men,columbia,cornell,/cbb/boxscores/2026-01-05-17-cornell.html,https://www.sports-reference.com/cbb/boxscores/2026-01-05-17-cornell.html
2026-01-05,women,brown,yale,/cbb/boxscores/2026-01-05-17-yale_w.html,https://www.sports-reference.com/cbb/boxscores/2026-01-05-17-yale_w.html
2026-01-05,women,youngstown-state,oakland,/cbb/boxscores/2026-01-05-18-youngstown-state_w.html,https://www.sports-reference.com/cbb/boxscores/2026-01-05-18-youngstown-state_w.html
2026-01-05,men,yale,brown,/cbb/boxscores/2026-01-05-19-brown.html,https://www.sports-reference.com/cbb/boxscores/2026-01-05-19-brown.html
2026-01-05,men,college-of-charleston,william-mary,/cbb/boxscores/2026-01-05-19-college-of-charleston.html,https://www.sports-reference.com/cbb/boxscores/2026-01-05-19-college-of-charleston.html
2026-01-05,men,green-bay,milwaukee,/cbb/boxscores/2026-01-05-19-green-bay.html,https://www.sports-reference.com/cbb/boxscores/2026-01-05-19-green-bay.html
2026-01-05,women,ipfw,iupui,/cbb/boxscores/2026-01-05-19-ipfw_w.html,https://www.sports-reference.com/cbb/boxscores/2026-01-05-19-ipfw_w.html
2026-01-05,men,mcneese-state,stephen-f-austin,/cbb/boxscores/2026-01-05-19-mcneese-state.html,https://www.sports-reference.com/cbb/boxscores/2026-01-05-19-mcneese-state.html
2026-01-05,men,nicholls-state,northwestern-state,/cbb/boxscores/2026-01-05-19-nicholls-state.html,https://www.sports-reference.com/cbb/boxscores/2026-01-05-19-nicholls-state.html
2026-01-05,men,princeton,pennsylvania,/cbb/boxscores/2026-01-05-19-princeton.html,https://www.sports-reference.com/cbb/boxscores/2026-01-05-19-princeton.html
2026-01-05,men,southeastern-louisiana,lamar,/cbb/boxscores/2026-01-05-19-southeastern-louisiana.html,https://www.sports-reference.com/cbb/boxscores/2026-01-05-19-southeastern-louisiana.html
2026-01-05,men,prairie-view,southern,/cbb/boxscores/2026-01-05-19-southern.html,https://www.sports-reference.com/cbb/boxscores/2026-01-05-19-southern.html
2026-01-05,men,texas-pan-american,incarnate-word,/cbb/boxscores/2026-01-05-19-texas-pan-american.html,https://www.sports-reference.com/cbb/boxscores/2026-01-05-19-texas-pan-american.html
2026-01-05,men,texas-am-corpus-christi,houston-baptist,/cbb/boxscores/2026-01-05-20-houston-baptist.html,https://www.sports-reference.com/cbb/boxscores/2026-01-05-20-houston-baptist.html
2026-01-05,men,alabama-am,mississippi-valley-state,/cbb/boxscores/2026-01-05-20-mississippi-valley-state.html,https://www.sports-reference.com/cbb/boxscores/2026-01-05-20-mississippi-valley-state.html
2026-01-05,men,new-orleans,texas-am-commerce,/cbb/boxscores/2026-01-05-20-new-orleans.html,https://www.sports-reference.com/cbb/boxscores/2026-01-05-20-new-orleans.html
2026-01-06,men,michigan,penn-state,/cbb/boxscores/2026-01-06-00-penn-state.html,https://www.sports-reference.com/cbb/boxscores/2026-01-06-00-penn-state.html
2026-01-06,men,duke,louisville,/cbb/boxscores/2026-01-06-00-louisville.html,https://www.sports-reference.com/cbb/boxscores/2026-01-06-00-louisville.html
2026-01-06,men,houston,texas-tech,/cbb/boxscores/2026-01-06-01-houston.html,https://www.sports-reference.com/cbb/boxscores/2026-01-06-01-houston.html
2026-01-06,men,florida,georgia,/cbb/boxscores/2026-01-06-19-florida.html,https://www.sports-reference.com/cbb/boxscores/2026-01-06-19-florida.html
2026-01-06,men,minnesota,iowa,/cbb/boxscores/2026-01-06-20-minnesota.html,https://www.sports-reference.com/cbb/boxscores/2026-01-06-20-minnesota.html
2026-01-06,women,oregon,southern-california,/cbb/boxscores/2026-01-06-03-southern-california_w.html,https://www.sports-reference.com/cbb/boxscores/2026-01-06-03-southern-california_w.html
2026-01-06,men,tennessee,texas,/cbb/boxscores/2026-01-06-21-tennessee.html,https://www.sports-reference.com/cbb/boxscores/2026-01-06-21-tennessee.html
2026-01-06,men,kansas,texas-christian,/cbb/boxscores/2026-01-06-21-kansas.html,https://www.sports-reference.com/cbb/boxscores/2026-01-06-21-kansas.html
2026-01-06,men,oklahoma-state,central-florida,/cbb/boxscores/2026-01-06-20-oklahoma-state.html,https://www.sports-reference.com/cbb/boxscores/2026-01-06-20-oklahoma-state.html
2026-01-06,men,akron,central-michigan,/cbb/boxscores/2026-01-06-00-akron.html,https://www.sports-reference.com/cbb/boxscores/2026-01-06-00-akron.html
2026-01-06,women,south-florida,alabama-birmingham,/cbb/boxscores/2026-01-06-00-alabama-birmingham_w.html,https://www.sports-reference.com/cbb/boxscores/2026-01-06-00-alabama-birmingham_w.html
2026-01-06,men,north-carolina-state,boston-college,/cbb/boxscores/2026-01-06-00-boston-college.html,https://www.sports-reference.com/cbb/boxscores/2026-01-06-00-boston-college.html
2026-01-06,men,dayton,george-washington,/cbb/boxscores/2026-01-06-00-dayton.html,https://www.sports-reference.com/cbb/boxscores/2026-01-06-00-dayton.html
2026-01-06,men,syracuse,georgia-tech,/cbb/boxscores/2026-01-06-00-georgia-tech.html,https://www.sports-reference.com/cbb/boxscores/2026-01-06-00-georgia-tech.html
2026-01-06,men,ohio,massachusetts,/cbb/boxscores/2026-01-06-00-ohio.html,https://www.sports-reference.com/cbb/boxscores/2026-01-06-00-ohio.html
2026-01-06,men,west-virginia,cincinnati,/cbb/boxscores/2026-01-06-00-west-virginia.html,https://www.sports-reference.com/cbb/boxscores/2026-01-06-00-west-virginia.html
2026-01-06,women,north-texas,east-carolina,/cbb/boxscores/2026-01-06-01-north-texas_w.html,https://www.sports-reference.com/cbb/boxscores/2026-01-06-01-north-texas_w.html
2026-01-06,men,toledo,northern-illinois,/cbb/boxscores/2026-01-06-01-northern-illinois.html,https://www.sports-reference.com/cbb/boxscores/2026-01-06-01-northern-illinois.html
2026-01-06,men,southern-illinois-edwardsville,lindenwood,/cbb/boxscores/2026-01-06-01-southern-illinois-edwardsville.html,https://www.sports-reference.com/cbb/boxscores/2026-01-06-01-southern-illinois-edwardsville.html
2026-01-06,women,lindenwood,southern-illinois-edwardsville,/cbb/boxscores/2026-01-06-01-southern-illinois-edwardsville_w.html,https://www.sports-reference.com/cbb/boxscores/2026-01-06-01-southern-illinois-edwardsville_w.html
2026-01-06,men,wisconsin,ucla,/cbb/boxscores/2026-01-06-01-wisconsin.html,https://www.sports-reference.com/cbb/boxscores/2026-01-06-01-wisconsin.html
2026-01-06,men,utah-state,air-force,/cbb/boxscores/2026-01-06-02-air-force.html,https://www.sports-reference.com/cbb/boxscores/2026-01-06-02-air-force.html
2026-01-06,men,new-mexico,colorado-state,/cbb/boxscores/2026-01-06-02-colorado-state.html,https://www.sports-reference.com/cbb/boxscores/2026-01-06-02-colorado-state.html
2026-01-06,men,fresno-state,san-jose-state,/cbb/boxscores/2026-01-06-03-san-jose-state.html,https://www.sports-reference.com/cbb/boxscores/2026-01-06-03-san-jose-state.html
2026-01-06,men,eastern-michigan,ball-state,/cbb/boxscores/2026-01-06-19-ball-state.html,https://www.sports-reference.com/cbb/boxscores/2026-01-06-19-ball-state.html
2026-01-06,men,st-johns-ny,butler,/cbb/boxscores/2026-01-06-19-butler.html,https://www.sports-reference.com/cbb/boxscores/2026-01-06-19-butler.html
2026-01-06,men,kent-state,bowling-green-state,/cbb/boxscores/2026-01-06-19-kent-state.html,https://www.sports-reference.com/cbb/boxscores/2026-01-06-19-kent-state.html
2026-01-06,men,south-carolina,louisiana-state,/cbb/boxscores/2026-01-06-19-louisiana-state.html,https://www.sports-reference.com/cbb/boxscores/2026-01-06-19-louisiana-state.html
2026-01-06,men,miami-oh,western-michigan,/cbb/boxscores/2026-01-06-19-miami-oh.html,https://www.sports-reference.com/cbb/boxscores/2026-01-06-19-miami-oh.html
2026-01-06,women,tulsa,tulane,/cbb/boxscores/2026-01-06-19-tulane_w.html,https://www.sports-reference.com/cbb/boxscores/2026-01-06-19-tulane_w.html
2026-01-06,women,temple,wichita-state,/cbb/boxscores/2026-01-06-19-wichita-state_w.html,https://www.sports-reference.com/cbb/boxscores/2026-01-06-19-wichita-state_w.html
2026-01-06,women,arizona,brigham-young,/cbb/boxscores/2026-01-06-20-arizona_w.html,https://www.sports-reference.com/cbb/boxscores/2026-01-06-20-arizona_w.html
2026-01-06,men,depaul,georgetown,/cbb/boxscores/2026-01-06-20-depaul.html,https://www.sports-reference.com/cbb/boxscores/2026-01-06-20-depaul.html
2026-01-06,men,texas-am,auburn,/cbb/boxscores/2026-01-06-21-auburn.html,https://www.sports-reference.com/cbb/boxscores/2026-01-06-21-auburn.html
2026-01-06,men,wyoming,nevada-las-vegas,/cbb/boxscores/2026-01-06-22-wyoming.html,https://www.sports-reference.com/cbb/boxscores/2026-01-06-22-wyoming.html
2026-01-06,men,san-diego-state,nevada,/cbb/boxscores/2026-01-06-23-nevada.html,https://www.sports-reference.com/cbb/boxscores/2026-01-06-23-nevada.html
2026-01-07,women,connecticut,st-johns-ny,/cbb/boxscores/2026-01-07-19-connecticut_w.html,https://www.sports-reference.com/cbb/boxscores/2026-01-07-19-connecticut_w.html
2026-01-07,men,arizona,kansas-state,/cbb/boxscores/2026-01-07-21-arizona.html,https://www.sports-reference.com/cbb/boxscores/2026-01-07-21-arizona.html
2026-01-07,men,iowa-state,baylor,/cbb/boxscores/2026-01-07-01-baylor.html,https://www.sports-reference.com/cbb/boxscores/2026-01-07-01-baylor.html
2026-01-07,men,connecticut,providence,/cbb/boxscores/2026-01-07-00-providence.html,https://www.sports-reference.com/cbb/boxscores/2026-01-07-00-providence.html
2026-01-07,men,purdue,washington,/cbb/boxscores/2026-01-07-20-purdue.html,https://www.sports-reference.com/cbb/boxscores/2026-01-07-20-purdue.html
2026-01-07,men,brigham-young,arizona-state,/cbb/boxscores/2026-01-07-02-brigham-young.html,https://www.sports-reference.com/cbb/boxscores/2026-01-07-02-brigham-young.html
2026-01-07,women,cincinnati,iowa-state,/cbb/boxscores/2026-01-07-00-cincinnati_w.html,https://www.sports-reference.com/cbb/boxscores/2026-01-07-00-cincinnati_w.html
2026-01-07,men,vanderbilt,alabama,/cbb/boxscores/2026-01-07-21-vanderbilt.html,https://www.sports-reference.com/cbb/boxscores/2026-01-07-21-vanderbilt.html
2026-01-07,women,texas-christian,oklahoma-state,/cbb/boxscores/2026-01-07-01-texas-christian_w.html,https://www.sports-reference.com/cbb/boxscores/2026-01-07-01-texas-christian_w.html
2026-01-07,men,arkansas,mississippi,/cbb/boxscores/2026-01-07-21-mississippi.html,https://www.sports-reference.com/cbb/boxscores/2026-01-07-21-mississippi.html
2026-01-07,women,texas-tech,west-virginia,/cbb/boxscores/2026-01-07-00-west-virginia_w.html,https://www.sports-reference.com/cbb/boxscores/2026-01-07-00-west-virginia_w.html
2026-01-07,women,ohio-state,illinois,/cbb/boxscores/2026-01-07-01-illinois_w.html,https://www.sports-reference.com/cbb/boxscores/2026-01-07-01-illinois_w.html
2026-01-07,men,virginia,california,/cbb/boxscores/2026-01-07-21-virginia.html,https://www.sports-reference.com/cbb/boxscores/2026-01-07-21-virginia.html
2026-01-07,men,clemson,southern-methodist,/cbb/boxscores/2026-01-07-00-clemson.html,https://www.sports-reference.com/cbb/boxscores/2026-01-07-00-clemson.html
2026-01-07,men,loyola-md,army,/cbb/boxscores/2026-01-07-00-army.html,https://www.sports-reference.com/cbb/boxscores/2026-01-07-00-army.html
2026-01-07,women,ball-state,toledo,/cbb/boxscores/2026-01-07-00-ball-state_w.html,https://www.sports-reference.com/cbb/boxscores/2026-01-07-00-ball-state_w.html
2026-01-07,women,georgetown,butler,/cbb/boxscores/2026-01-07-00-butler_w.html,https://www.sports-reference.com/cbb/boxscores/2026-01-07-00-butler_w.html
2026-01-07,men,colgate,american,/cbb/boxscores/2026-01-07-00-colgate.html,https://www.sports-reference.com/cbb/boxscores/2026-01-07-00-colgate.html
2026-01-07,women,st-bonaventure,duquesne,/cbb/boxscores/2026-01-07-00-duquesne_w.html,https://www.sports-reference.com/cbb/boxscores/2026-01-07-00-duquesne_w.html
2026-01-07,men,east-tennessee-state,virginia-military-institute,/cbb/boxscores/2026-01-07-00-east-tennessee-state.html,https://www.sports-reference.com/cbb/boxscores/2026-01-07-00-east-tennessee-state.html
2026-01-07,men,george-mason,fordham,/cbb/boxscores/2026-01-07-00-fordham.html,https://www.sports-reference.com/cbb/boxscores/2026-01-07-00-fordham.html
2026-01-07,women,north-carolina-asheville,gardner-webb,/cbb/boxscores/2026-01-07-00-gardner-webb_w.html,https://www.sports-reference.com/cbb/boxscores/2026-01-07-00-gardner-webb_w.html
2026-01-07,women,george-mason,la-salle,/cbb/boxscores/2026-01-07-00-george-mason_w.html,https://www.sports-reference.com/cbb/boxscores/2026-01-07-00-george-mason_w.html
2026-01-07,women,lehigh,holy-cross,/cbb/boxscores/2026-01-07-00-holy-cross_w.html,https://www.sports-reference.com/cbb/boxscores/2026-01-07-00-holy-cross_w.html
2026-01-07,men,marshall,james-madison,/cbb/boxscores/2026-01-07-00-james-madison.html,https://www.sports-reference.com/cbb/boxscores/2026-01-07-00-james-madison.html
2026-01-07,women,marshall,old-dominion,/cbb/boxscores/2026-01-07-00-marshall_w.html,https://www.sports-reference.com/cbb/boxscores/2026-01-07-00-marshall_w.html
2026-01-07,men,indiana,maryland,/cbb/boxscores/2026-01-07-00-maryland.html,https://www.sports-reference.com/cbb/boxscores/2026-01-07-00-maryland.html
2026-01-07,men,mercer,citadel,/cbb/boxscores/2026-01-07-00-mercer.html,https://www.sports-reference.com/cbb/boxscores/2026-01-07-00-mercer.html
2026-01-07,women,miami-oh,massachusetts,/cbb/boxscores/2026-01-07-00-miami-oh_w.html,https://www.sports-reference.com/cbb/boxscores/2026-01-07-00-miami-oh_w.html
2026-01-07,women,high-point,presbyterian,/cbb/boxscores/2026-01-07-00-presbyterian_w.html,https://www.sports-reference.com/cbb/boxscores/2026-01-07-00-presbyterian_w.html
2026-01-07,men,la-salle,rhode-island,/cbb/boxscores/2026-01-07-00-rhode-island.html,https://www.sports-reference.com/cbb/boxscores/2026-01-07-00-rhode-island.html
2026-01-07,women,richmond,fordham,/cbb/boxscores/2026-01-07-00-richmond_w.html,https://www.sports-reference.com/cbb/boxscores/2026-01-07-00-richmond_w.html
2026-01-07,women,winthrop,south-carolina-upstate,/cbb/boxscores/2026-01-07-00-south-carolina-upstate_w.html,https://www.sports-reference.com/cbb/boxscores/2026-01-07-00-south-carolina-upstate_w.html
2026-01-07,men,temple,east-carolina,/cbb/boxscores/2026-01-07-00-temple.html,https://www.sports-reference.com/cbb/boxscores/2026-01-07-00-temple.html
2026-01-07,men,creighton,villanova,/cbb/boxscores/2026-01-07-00-villanova.html,https://www.sports-reference.com/cbb/boxscores/2026-01-07-00-villanova.html
2026-01-07,men,saint-louis,virginia-commonwealth,/cbb/boxscores/2026-01-07-00-virginia-commonwealth.html,https://www.sports-reference.com/cbb/boxscores/2026-01-07-00-virginia-commonwealth.html
2026-01-07,men,miami-fl,wake-forest,/cbb/boxscores/2026-01-07-00-wake-forest.html,https://www.sports-reference.com/cbb/boxscores/2026-01-07-00-wake-forest.html
2026-01-07,women,western-michigan,akron,/cbb/boxscores/2026-01-07-00-western-michigan_w.html,https://www.sports-reference.com/cbb/boxscores/2026-01-07-00-western-michigan_w.html
2026-01-07,men,wofford,north-carolina-greensboro,/cbb/boxscores/2026-01-07-00-wofford.html,https://www.sports-reference.com/cbb/boxscores/2026-01-07-00-wofford.html
2026-01-07,men,florida-atlantic,alabama-birmingham,/cbb/boxscores/2026-01-07-01-alabama-birmingham.html,https://www.sports-reference.com/cbb/boxscores/2026-01-07-01-alabama-birmingham.html
2026-01-07,men,bradley,drake,/cbb/boxscores/2026-01-07-01-bradley.html,https://www.sports-reference.com/cbb/boxscores/2026-01-07-01-bradley.html
2026-01-07,men,murray-state,evansville,/cbb/boxscores/2026-01-07-01-evansville.html,https://www.sports-reference.com/cbb/boxscores/2026-01-07-01-evansville.html
2026-01-07,men,illinois-chicago,southern-illinois,/cbb/boxscores/2026-01-07-01-illinois-chicago.html,https://www.sports-reference.com/cbb/boxscores/2026-01-07-01-illinois-chicago.html
2026-01-07,women,utah,kansas,/cbb/boxscores/2026-01-07-01-kansas_w.html,https://www.sports-reference.com/cbb/boxscores/2026-01-07-01-kansas_w.html
2026-01-07,men,davidson,loyola-il,/cbb/boxscores/2026-01-07-01-loyola-il.html,https://www.sports-reference.com/cbb/boxscores/2026-01-07-01-loyola-il.html
2026-01-07,women,memphis,florida-atlantic,/cbb/boxscores/2026-01-07-01-memphis_w.html,https://www.sports-reference.com/cbb/boxscores/2026-01-07-01-memphis_w.html
2026-01-07,men,south-florida,north-texas,/cbb/boxscores/2026-01-07-01-north-texas.html,https://www.sports-reference.com/cbb/boxscores/2026-01-07-01-north-texas.html
2026-01-07,men,belmont,northern-iowa,/cbb/boxscores/2026-01-07-01-northern-iowa.html,https://www.sports-reference.com/cbb/boxscores/2026-01-07-01-northern-iowa.html
2026-01-07,women,rice,charlotte,/cbb/boxscores/2026-01-07-01-rice_w.html,https://www.sports-reference.com/cbb/boxscores/2026-01-07-01-rice_w.html
2026-01-07,women,virginia-commonwealth,saint-louis,/cbb/boxscores/2026-01-07-01-saint-louis_w.html,https://www.sports-reference.com/cbb/boxscores/2026-01-07-01-saint-louis_w.html
2026-01-07,men,samford,western-carolina,/cbb/boxscores/2026-01-07-01-samford.html,https://www.sports-reference.com/cbb/boxscores/2026-01-07-01-samford.html
2026-01-07,men,charlotte,texas-san-antonio,/cbb/boxscores/2026-01-07-01-texas-san-antonio.html,https://www.sports-reference.com/cbb/boxscores/2026-01-07-01-texas-san-antonio.html
2026-01-07,women,troy,texas-state,/cbb/boxscores/2026-01-07-01-troy_w.html,https://www.sports-reference.com/cbb/boxscores/2026-01-07-01-troy_w.html
2026-01-07,men,rice,wichita-state,/cbb/boxscores/2026-01-07-01-wichita-state.html,https://www.sports-reference.com/cbb/boxscores/2026-01-07-01-wichita-state.html
2026-01-07,women,boise-state,air-force,/cbb/boxscores/2026-01-07-02-air-force_w.html,https://www.sports-reference.com/cbb/boxscores/2026-01-07-02-air-force_w.html
2026-01-07,women,arizona-state,central-florida,/cbb/boxscores/2026-01-07-02-arizona-state_w.html,https://www.sports-reference.com/cbb/boxscores/2026-01-07-02-arizona-state_w.html
2026-01-07,men,colorado,utah,/cbb/boxscores/2026-01-07-02-colorado.html,https://www.sports-reference.com/cbb/boxscores/2026-01-07-02-colorado.html
2026-01-07,women,new-mexico,colorado-state,/cbb/boxscores/2026-01-07-02-colorado-state_w.html,https://www.sports-reference.com/cbb/boxscores/2026-01-07-02-colorado-state_w.html
2026-01-07,women,fresno-state,san-jose-state,/cbb/boxscores/2026-01-07-03-fresno-state_w.html,https://www.sports-reference.com/cbb/boxscores/2026-01-07-03-fresno-state_w.html
2026-01-07,women,nevada-las-vegas,utah-state,/cbb/boxscores/2026-01-07-03-nevada-las-vegas_w.html,https://www.sports-reference.com/cbb/boxscores/2026-01-07-03-nevada-las-vegas_w.html
2026-01-07,women,nevada,wyoming,/cbb/boxscores/2026-01-07-03-nevada_w.html,https://www.sports-reference.com/cbb/boxscores/2026-01-07-03-nevada_w.html
2026-01-07,women,lafayette,boston-university,/cbb/boxscores/2026-01-07-11-boston-university_w.html,https://www.sports-reference.com/cbb/boxscores/2026-01-07-11-boston-university_w.html
2026-01-07,women,central-michigan,kent-state,/cbb/boxscores/2026-01-07-11-central-michigan_w.html,https://www.sports-reference.com/cbb/boxscores/2026-01-07-11-central-michigan_w.html
2026-01-07,women,rhode-island,george-washington,/cbb/boxscores/2026-01-07-11-george-washington_w.html,https://www.sports-reference.com/cbb/boxscores/2026-01-07-11-george-washington_w.html
2026-01-07,women,american,colgate,/cbb/boxscores/2026-01-07-18-american_w.html,https://www.sports-reference.com/cbb/boxscores/2026-01-07-18-american_w.html
2026-01-07,women,coastal-carolina,appalachian-state,/cbb/boxscores/2026-01-07-18-appalachian-state_w.html,https://www.sports-reference.com/cbb/boxscores/2026-01-07-18-appalachian-state_w.html
2026-01-07,women,navy,bucknell,/cbb/boxscores/2026-01-07-18-bucknell_w.html,https://www.sports-reference.com/cbb/boxscores/2026-01-07-18-bucknell_w.html
2026-01-07,women,northern-illinois,buffalo,/cbb/boxscores/2026-01-07-18-buffalo_w.html,https://www.sports-reference.com/cbb/boxscores/2026-01-07-18-buffalo_w.html
2026-01-07,women,longwood,charleston-southern,/cbb/boxscores/2026-01-07-18-charleston-southern_w.html,https://www.sports-reference.com/cbb/boxscores/2026-01-07-18-charleston-southern_w.html
2026-01-07,women,davidson,saint-josephs,/cbb/boxscores/2026-01-07-18-davidson_w.html,https://www.sports-reference.com/cbb/boxscores/2026-01-07-18-davidson_w.html
2026-01-07,women,georgia-southern,james-madison,/cbb/boxscores/2026-01-07-18-georgia-southern_w.html,https://www.sports-reference.com/cbb/boxscores/2026-01-07-18-georgia-southern_w.html
2026-01-07,men,lehigh,holy-cross,/cbb/boxscores/2026-01-07-18-lehigh.html,https://www.sports-reference.com/cbb/boxscores/2026-01-07-18-lehigh.html
2026-01-07,men,north-carolina-asheville,longwood,/cbb/boxscores/2026-01-07-18-north-carolina-asheville.html,https://www.sports-reference.com/cbb/boxscores/2026-01-07-18-north-carolina-asheville.html
2026-01-07,men,winthrop,charleston-southern,/cbb/boxscores/2026-01-07-18-winthrop.html,https://www.sports-reference.com/cbb/boxscores/2026-01-07-18-winthrop.html
2026-01-07,men,ipfw,youngstown-state,/cbb/boxscores/2026-01-07-18-youngstown-state.html,https://www.sports-reference.com/cbb/boxscores/2026-01-07-18-youngstown-state.html
2026-01-07,men,furman,chattanooga,/cbb/boxscores/2026-01-07-19-chattanooga.html,https://www.sports-reference.com/cbb/boxscores/2026-01-07-19-chattanooga.html
2026-01-07,women,cleveland-state,wright-state,/cbb/boxscores/2026-01-07-19-cleveland-state_w.html,https://www.sports-reference.com/cbb/boxscores/2026-01-07-19-cleveland-state_w.html
2026-01-07,women,loyola-il,dayton,/cbb/boxscores/2026-01-07-19-dayton_w.html,https://www.sports-reference.com/cbb/boxscores/2026-01-07-19-dayton_w.html
2026-01-07,men,high-point,gardner-webb,/cbb/boxscores/2026-01-07-19-high-point.html,https://www.sports-reference.com/cbb/boxscores/2026-01-07-19-high-point.html
2026-01-07,women,kansas-state,houston,/cbb/boxscores/2026-01-07-19-houston_w.html,https://www.sports-reference.com/cbb/boxscores/2026-01-07-19-houston_w.html
2026-01-07,men,jacksonville-state,florida-international,/cbb/boxscores/2026-01-07-19-jacksonville-state.html,https://www.sports-reference.com/cbb/boxscores/2026-01-07-19-jacksonville-state.html
2026-01-07,men,kennesaw-state,missouri-state,/cbb/boxscores/2026-01-07-19-kennesaw-state.html,https://www.sports-reference.com/cbb/boxscores/2026-01-07-19-kennesaw-state.html
2026-01-07,men,missouri,kentucky,/cbb/boxscores/2026-01-07-19-kentucky.html,https://www.sports-reference.com/cbb/boxscores/2026-01-07-19-kentucky.html
2026-01-07,men,boston-university,lafayette,/cbb/boxscores/2026-01-07-19-lafayette.html,https://www.sports-reference.com/cbb/boxscores/2026-01-07-19-lafayette.html
2026-01-07,women,army,loyola-md,/cbb/boxscores/2026-01-07-19-loyola-md_w.html,https://www.sports-reference.com/cbb/boxscores/2026-01-07-19-loyola-md_w.html
2026-01-07,men,marquette,xavier,/cbb/boxscores/2026-01-07-19-marquette.html,https://www.sports-reference.com/cbb/boxscores/2026-01-07-19-marquette.html
2026-01-07,men,mississippi-state,oklahoma,/cbb/boxscores/2026-01-07-19-mississippi-state.html,https://www.sports-reference.com/cbb/boxscores/2026-01-07-19-mississippi-state.html
2026-01-07,men,navy,bucknell,/cbb/boxscores/2026-01-07-19-navy.html,https://www.sports-reference.com/cbb/boxscores/2026-01-07-19-navy.html
2026-01-07,women,ohio,eastern-michigan,/cbb/boxscores/2026-01-07-19-ohio_w.html,https://www.sports-reference.com/cbb/boxscores/2026-01-07-19-ohio_w.html
2026-01-07,men,radford,presbyterian,/cbb/boxscores/2026-01-07-19-radford.html,https://www.sports-reference.com/cbb/boxscores/2026-01-07-19-radford.html
2026-01-07,men,saint-josephs,duquesne,/cbb/boxscores/2026-01-07-19-saint-josephs.html,https://www.sports-reference.com/cbb/boxscores/2026-01-07-19-saint-josephs.html
2026-01-07,men,richmond,st-bonaventure,/cbb/boxscores/2026-01-07-19-st-bonaventure.html,https://www.sports-reference.com/cbb/boxscores/2026-01-07-19-st-bonaventure.html
2026-01-07,men,stanford,virginia-tech,/cbb/boxscores/2026-01-07-19-virginia-tech.html,https://www.sports-reference.com/cbb/boxscores/2026-01-07-19-virginia-tech.html
2026-01-07,men,arkansas-state,troy,/cbb/boxscores/2026-01-07-20-arkansas-state.html,https://www.sports-reference.com/cbb/boxscores/2026-01-07-20-arkansas-state.html
2026-01-07,men,valparaiso,illinois-state,/cbb/boxscores/2026-01-07-20-valparaiso.html,https://www.sports-reference.com/cbb/boxscores/2026-01-07-20-valparaiso.html
2026-01-07,women,san-diego-state,grand-canyon,/cbb/boxscores/2026-01-07-21-san-diego-state_w.html,https://www.sports-reference.com/cbb/boxscores/2026-01-07-21-san-diego-state_w.html
2026-01-07,men,st-thomas-mn,south-dakota,/cbb/boxscores/2026-01-07-21-st-thomas-mn.html,https://www.sports-reference.com/cbb/boxscores/2026-01-07-21-st-thomas-mn.html
2026-01-07,men,grand-canyon,boise-state,/cbb/boxscores/2026-01-07-23-boise-state.html,https://www.sports-reference.com/cbb/boxscores/2026-01-07-23-boise-state.html
2026-01-08,women,texas,auburn,/cbb/boxscores/2026-01-08-01-texas_w.html,https://www.sports-reference.com/cbb/boxscores/2026-01-08-01-texas_w.html
2026-01-08,women,south-carolina,arkansas,/cbb/boxscores/2026-01-08-01-arkansas_w.html,https://www.sports-reference.com/cbb/boxscores/2026-01-08-01-arkansas_w.html
2026-01-08,women,mississippi,oklahoma,/cbb/boxscores/2026-01-08-01-oklahoma_w.html,https://www.sports-reference.com/cbb/boxscores/2026-01-08-01-oklahoma_w.html
2026-01-08,women,alabama,kentucky,/cbb/boxscores/2026-01-08-19-alabama_w.html,https://www.sports-reference.com/cbb/boxscores/2026-01-08-19-alabama_w.html
2026-01-08,women,vanderbilt,missouri,/cbb/boxscores/2026-01-08-01-vanderbilt_w.html,https://www.sports-reference.com/cbb/boxscores/2026-01-08-01-vanderbilt_w.html
2026-01-08,women,maryland,rutgers,/cbb/boxscores/2026-01-08-00-rutgers_w.html,https://www.sports-reference.com/cbb/boxscores/2026-01-08-00-rutgers_w.html
2026-01-08,men,gonzaga,santa-clara,/cbb/boxscores/2026-01-08-03-gonzaga.html,https://www.sports-reference.com/cbb/boxscores/2026-01-08-03-gonzaga.html
2026-01-08,women,michigan,penn-state,/cbb/boxscores/2026-01-08-00-penn-state_w.html,https://www.sports-reference.com/cbb/boxscores/2026-01-08-00-penn-state_w.html
2026-01-08,women,louisville,miami-fl,/cbb/boxscores/2026-01-08-19-miami-fl_w.html,https://www.sports-reference.com/cbb/boxscores/2026-01-08-19-miami-fl_w.html
2026-01-08,women,louisiana-state,georgia,/cbb/boxscores/2026-01-08-18-georgia_w.html,https://www.sports-reference.com/cbb/boxscores/2026-01-08-18-georgia_w.html
2026-01-08,men,michigan-state,northwestern,/cbb/boxscores/2026-01-08-18-michigan-state.html,https://www.sports-reference.com/cbb/boxscores/2026-01-08-18-michigan-state.html
2026-01-08,women,michigan-state,washington,/cbb/boxscores/2026-01-08-03-washington_w.html,https://www.sports-reference.com/cbb/boxscores/2026-01-08-03-washington_w.html
2026-01-08,women,baylor,colorado,/cbb/boxscores/2026-01-08-01-baylor_w.html,https://www.sports-reference.com/cbb/boxscores/2026-01-08-01-baylor_w.html
2026-01-08,men,illinois,rutgers,/cbb/boxscores/2026-01-08-01-illinois.html,https://www.sports-reference.com/cbb/boxscores/2026-01-08-01-illinois.html
2026-01-08,women,tennessee,mississippi-state,/cbb/boxscores/2026-01-08-01-mississippi-state_w.html,https://www.sports-reference.com/cbb/boxscores/2026-01-08-01-mississippi-state_w.html
2026-01-08,women,nebraska,indiana,/cbb/boxscores/2026-01-08-20-nebraska_w.html,https://www.sports-reference.com/cbb/boxscores/2026-01-08-20-nebraska_w.html
2026-01-08,men,bellarmine,central-arkansas,/cbb/boxscores/2026-01-08-00-bellarmine.html,https://www.sports-reference.com/cbb/boxscores/2026-01-08-00-bellarmine.html
2026-01-08,women,southern,bethune-cookman,/cbb/boxscores/2026-01-08-00-bethune-cookman_w.html,https://www.sports-reference.com/cbb/boxscores/2026-01-08-00-bethune-cookman_w.html
2026-01-08,women,binghamton,vermont,/cbb/boxscores/2026-01-08-00-binghamton_w.html,https://www.sports-reference.com/cbb/boxscores/2026-01-08-00-binghamton_w.html
2026-01-08,men,massachusetts-lowell,bryant,/cbb/boxscores/2026-01-08-00-bryant.html,https://www.sports-reference.com/cbb/boxscores/2026-01-08-00-bryant.html
2026-01-08,men,campbell,hampton,/cbb/boxscores/2026-01-08-00-campbell.html,https://www.sports-reference.com/cbb/boxscores/2026-01-08-00-campbell.html
2026-01-08,men,old-dominion,coastal-carolina,/cbb/boxscores/2026-01-08-00-coastal-carolina.html,https://www.sports-reference.com/cbb/boxscores/2026-01-08-00-coastal-carolina.html
2026-01-08,women,louisiana-tech,delaware,/cbb/boxscores/2026-01-08-00-delaware_w.html,https://www.sports-reference.com/cbb/boxscores/2026-01-08-00-delaware_w.html
2026-01-08,women,milwaukee,detroit-mercy,/cbb/boxscores/2026-01-08-00-detroit-mercy_w.html,https://www.sports-reference.com/cbb/boxscores/2026-01-08-00-detroit-mercy_w.html
2026-01-08,men,drexel,stony-brook,/cbb/boxscores/2026-01-08-00-drexel.html,https://www.sports-reference.com/cbb/boxscores/2026-01-08-00-drexel.html
2026-01-08,men,eastern-kentucky,north-alabama,/cbb/boxscores/2026-01-08-00-eastern-kentucky.html,https://www.sports-reference.com/cbb/boxscores/2026-01-08-00-eastern-kentucky.html
2026-01-08,men,fairleigh-dickinson,chicago-state,/cbb/boxscores/2026-01-08-00-fairleigh-dickinson.html,https://www.sports-reference.com/cbb/boxscores/2026-01-08-00-fairleigh-dickinson.html
2026-01-08,women,texas-am,florida,/cbb/boxscores/2026-01-08-00-florida_w.html,https://www.sports-reference.com/cbb/boxscores/2026-01-08-00-florida_w.html
2026-01-08,women,virginia,georgia-tech,/cbb/boxscores/2026-01-08-00-georgia-tech_w.html,https://www.sports-reference.com/cbb/boxscores/2026-01-08-00-georgia-tech_w.html
2026-01-08,men,queens-nc,jacksonville,/cbb/boxscores/2026-01-08-00-jacksonville.html,https://www.sports-reference.com/cbb/boxscores/2026-01-08-00-jacksonville.html
2026-01-08,men,le-moyne,new-haven,/cbb/boxscores/2026-01-08-00-le-moyne.html,https://www.sports-reference.com/cbb/boxscores/2026-01-08-00-le-moyne.html
2026-01-08,men,long-island-university,mercyhurst,/cbb/boxscores/2026-01-08-00-long-island-university.html,https://www.sports-reference.com/cbb/boxscores/2026-01-08-00-long-island-university.html
2026-01-08,women,maine,maryland-baltimore-county,/cbb/boxscores/2026-01-08-00-maine_w.html,https://www.sports-reference.com/cbb/boxscores/2026-01-08-00-maine_w.html
2026-01-08,women,morgan-state,north-carolina-central,/cbb/boxscores/2026-01-08-00-morgan-state_w.html,https://www.sports-reference.com/cbb/boxscores/2026-01-08-00-morgan-state_w.html
2026-01-08,women,iona,niagara,/cbb/boxscores/2026-01-08-00-niagara_w.html,https://www.sports-reference.com/cbb/boxscores/2026-01-08-00-niagara_w.html
2026-01-08,men,elon,north-carolina-at,/cbb/boxscores/2026-01-08-00-north-carolina-at.html,https://www.sports-reference.com/cbb/boxscores/2026-01-08-00-north-carolina-at.html
2026-01-08,women,seton-hall,providence,/cbb/boxscores/2026-01-08-00-providence_w.html,https://www.sports-reference.com/cbb/boxscores/2026-01-08-00-providence_w.html
2026-01-08,women,robert-morris,ipfw,/cbb/boxscores/2026-01-08-00-robert-morris_w.html,https://www.sports-reference.com/cbb/boxscores/2026-01-08-00-robert-morris_w.html
2026-01-08,women,virginia-tech,syracuse,/cbb/boxscores/2026-01-08-00-syracuse_w.html,https://www.sports-reference.com/cbb/boxscores/2026-01-08-00-syracuse_w.html
2026-01-08,men,hofstra,towson,/cbb/boxscores/2026-01-08-00-towson.html,https://www.sports-reference.com/cbb/boxscores/2026-01-08-00-towson.html
2026-01-08,men,saint-francis-pa,wagner,/cbb/boxscores/2026-01-08-00-wagner.html,https://www.sports-reference.com/cbb/boxscores/2026-01-08-00-wagner.html
2026-01-08,women,west-georgia,north-florida,/cbb/boxscores/2026-01-08-00-west-georgia_w.html,https://www.sports-reference.com/cbb/boxscores/2026-01-08-00-west-georgia_w.html
2026-01-08,women,florida-gulf-coast,austin-peay,/cbb/boxscores/2026-01-08-01-austin-peay_w.html,https://www.sports-reference.com/cbb/boxscores/2026-01-08-01-austin-peay_w.html
2026-01-08,women,jacksonville-state,florida-international,/cbb/boxscores/2026-01-08-01-florida-international_w.html,https://www.sports-reference.com/cbb/boxscores/2026-01-08-01-florida-international_w.html
2026-01-08,women,illinois-state,illinois-chicago,/cbb/boxscores/2026-01-08-01-illinois-state_w.html,https://www.sports-reference.com/cbb/boxscores/2026-01-08-01-illinois-state_w.html
2026-01-08,women,missouri-state,kennesaw-state,/cbb/boxscores/2026-01-08-01-missouri-state_w.html,https://www.sports-reference.com/cbb/boxscores/2026-01-08-01-missouri-state_w.html
2026-01-08,men,nebraska-omaha,north-dakota,/cbb/boxscores/2026-01-08-01-nebraska-omaha.html,https://www.sports-reference.com/cbb/boxscores/2026-01-08-01-nebraska-omaha.html
2026-01-08,women,north-dakota,nebraska-omaha,/cbb/boxscores/2026-01-08-01-north-dakota_w.html,https://www.sports-reference.com/cbb/boxscores/2026-01-08-01-north-dakota_w.html
2026-01-08,men,sam-houston-state,delaware,/cbb/boxscores/2026-01-08-01-sam-houston-state.html,https://www.sports-reference.com/cbb/boxscores/2026-01-08-01-sam-houston-state.html
2026-01-08,men,arkansas-little-rock,southern-illinois-edwardsville,/cbb/boxscores/2026-01-08-01-southern-illinois-edwardsville.html,https://www.sports-reference.com/cbb/boxscores/2026-01-08-01-southern-illinois-edwardsville.html
2026-01-08,women,arkansas-little-rock,southern-illinois-edwardsville,/cbb/boxscores/2026-01-08-01-southern-illinois-edwardsville_w.html,https://www.sports-reference.com/cbb/boxscores/2026-01-08-01-southern-illinois-edwardsville_w.html
2026-01-08,women,st-thomas-mn,denver,/cbb/boxscores/2026-01-08-01-st-thomas-mn_w.html,https://www.sports-reference.com/cbb/boxscores/2026-01-08-01-st-thomas-mn_w.html
2026-01-08,women,texas-southern,mississippi-valley-state,/cbb/boxscores/2026-01-08-01-texas-southern_w.html,https://www.sports-reference.com/cbb/boxscores/2026-01-08-01-texas-southern_w.html
2026-01-08,women,new-mexico-state,western-kentucky,/cbb/boxscores/2026-01-08-01-western-kentucky_w.html,https://www.sports-reference.com/cbb/boxscores/2026-01-08-01-western-kentucky_w.html
2026-01-08,men,new-mexico-state,western-kentucky,/cbb/boxscores/2026-01-08-02-new-mexico-state.html,https://www.sports-reference.com/cbb/boxscores/2026-01-08-02-new-mexico-state.html
2026-01-08,men,utah-valley,southern-utah,/cbb/boxscores/2026-01-08-02-utah-valley.html,https://www.sports-reference.com/cbb/boxscores/2026-01-08-02-utah-valley.html
2026-01-08,women,duke,california,/cbb/boxscores/2026-01-08-03-california_w.html,https://www.sports-reference.com/cbb/boxscores/2026-01-08-03-california_w.html
2026-01-08,men,loyola-marymount,san-francisco,/cbb/boxscores/2026-01-08-03-loyola-marymount.html,https://www.sports-reference.com/cbb/boxscores/2026-01-08-03-loyola-marymount.html
2026-01-08,men,ohio-state,oregon,/cbb/boxscores/2026-01-08-03-oregon.html,https://www.sports-reference.com/cbb/boxscores/2026-01-08-03-oregon.html
2026-01-08,men,oregon-state,seattle,/cbb/boxscores/2026-01-08-03-oregon-state.html,https://www.sports-reference.com/cbb/boxscores/2026-01-08-03-oregon-state.html
2026-01-08,women,saint-marys-ca,pacific,/cbb/boxscores/2026-01-08-03-pacific_w.html,https://www.sports-reference.com/cbb/boxscores/2026-01-08-03-pacific_w.html
2026-01-08,women,loyola-marymount,pepperdine,/cbb/boxscores/2026-01-08-03-pepperdine_w.html,https://www.sports-reference.com/cbb/boxscores/2026-01-08-03-pepperdine_w.html
2026-01-08,men,san-diego,pepperdine,/cbb/boxscores/2026-01-08-03-san-diego.html,https://www.sports-reference.com/cbb/boxscores/2026-01-08-03-san-diego.html
2026-01-08,women,santa-clara,san-francisco,/cbb/boxscores/2026-01-08-03-san-francisco_w.html,https://www.sports-reference.com/cbb/boxscores/2026-01-08-03-san-francisco_w.html
2026-01-08,women,seattle,san-diego,/cbb/boxscores/2026-01-08-03-seattle_w.html,https://www.sports-reference.com/cbb/boxscores/2026-01-08-03-seattle_w.html
2026-01-08,women,stanford,wake-forest,/cbb/boxscores/2026-01-08-03-stanford_w.html,https://www.sports-reference.com/cbb/boxscores/2026-01-08-03-stanford_w.html
2026-01-08,women,oregon-state,washington-state,/cbb/boxscores/2026-01-08-03-washington-state_w.html,https://www.sports-reference.com/cbb/boxscores/2026-01-08-03-washington-state_w.html
2026-01-08,women,manhattan,canisius,/cbb/boxscores/2026-01-08-11-canisius_w.html,https://www.sports-reference.com/cbb/boxscores/2026-01-08-11-canisius_w.html
2026-01-08,women,quinnipiac,mount-st-marys,/cbb/boxscores/2026-01-08-11-mount-st-marys_w.html,https://www.sports-reference.com/cbb/boxscores/2026-01-08-11-mount-st-marys_w.html
2026-01-08,women,rider,siena,/cbb/boxscores/2026-01-08-11-siena_w.html,https://www.sports-reference.com/cbb/boxscores/2026-01-08-11-siena_w.html
2026-01-08,women,villanova,xavier,/cbb/boxscores/2026-01-08-11-villanova_w.html,https://www.sports-reference.com/cbb/boxscores/2026-01-08-11-villanova_w.html
2026-01-08,women,texas-am-commerce,texas-am-corpus-christi,/cbb/boxscores/2026-01-08-15-texas-am-commerce_w.html,https://www.sports-reference.com/cbb/boxscores/2026-01-08-15-texas-am-commerce_w.html
2026-01-08,women,morehead-state,tennessee-martin,/cbb/boxscores/2026-01-08-17-morehead-state_w.html,https://www.sports-reference.com/cbb/boxscores/2026-01-08-17-morehead-state_w.html
2026-01-08,women,chattanooga,wofford,/cbb/boxscores/2026-01-08-18-chattanooga_w.html,https://www.sports-reference.com/cbb/boxscores/2026-01-08-18-chattanooga_w.html
2026-01-08,women,eastern-illinois,tennessee-tech,/cbb/boxscores/2026-01-08-18-eastern-illinois_w.html,https://www.sports-reference.com/cbb/boxscores/2026-01-08-18-eastern-illinois_w.html
2026-01-08,women,howard,delaware-state,/cbb/boxscores/2026-01-08-18-howard_w.html,https://www.sports-reference.com/cbb/boxscores/2026-01-08-18-howard_w.html
2026-01-08,women,louisiana-monroe,louisiana-lafayette,/cbb/boxscores/2026-01-08-18-louisiana-lafayette_w.html,https://www.sports-reference.com/cbb/boxscores/2026-01-08-18-louisiana-lafayette_w.html
2026-01-08,men,maryland-baltimore-county,maine,/cbb/boxscores/2026-01-08-18-maryland-baltimore-county.html,https://www.sports-reference.com/cbb/boxscores/2026-01-08-18-maryland-baltimore-county.html
2026-01-08,women,bryant,massachusetts-lowell,/cbb/boxscores/2026-01-08-18-massachusetts-lowell_w.html,https://www.sports-reference.com/cbb/boxscores/2026-01-08-18-massachusetts-lowell_w.html
2026-01-08,women,long-island-university,mercyhurst,/cbb/boxscores/2026-01-08-18-mercyhurst_w.html,https://www.sports-reference.com/cbb/boxscores/2026-01-08-18-mercyhurst_w.html
2026-01-08,women,njit,new-hampshire,/cbb/boxscores/2026-01-08-18-new-hampshire_w.html,https://www.sports-reference.com/cbb/boxscores/2026-01-08-18-new-hampshire_w.html
2026-01-08,women,le-moyne,new-haven,/cbb/boxscores/2026-01-08-18-new-haven_w.html,https://www.sports-reference.com/cbb/boxscores/2026-01-08-18-new-haven_w.html
2026-01-08,women,notre-dame,boston-college,/cbb/boxscores/2026-01-08-18-notre-dame_w.html,https://www.sports-reference.com/cbb/boxscores/2026-01-08-18-notre-dame_w.html
2026-01-08,women,green-bay,oakland,/cbb/boxscores/2026-01-08-18-oakland_w.html,https://www.sports-reference.com/cbb/boxscores/2026-01-08-18-oakland_w.html
2026-01-08,women,jacksonville,queens-nc,/cbb/boxscores/2026-01-08-18-queens-nc_w.html,https://www.sports-reference.com/cbb/boxscores/2026-01-08-18-queens-nc_w.html
2026-01-08,women,fairfield,saint-peters,/cbb/boxscores/2026-01-08-18-saint-peters_w.html,https://www.sports-reference.com/cbb/boxscores/2026-01-08-18-saint-peters_w.html
2026-01-08,women,southern-indiana,southeast-missouri-state,/cbb/boxscores/2026-01-08-18-southern-indiana_w.html,https://www.sports-reference.com/cbb/boxscores/2026-01-08-18-southern-indiana_w.html
2026-01-08,women,stonehill,central-connecticut-state,/cbb/boxscores/2026-01-08-18-stonehill_w.html,https://www.sports-reference.com/cbb/boxscores/2026-01-08-18-stonehill_w.html
2026-01-08,women,mercer,western-carolina,/cbb/boxscores/2026-01-08-18-western-carolina_w.html,https://www.sports-reference.com/cbb/boxscores/2026-01-08-18-western-carolina_w.html
2026-01-08,women,western-illinois,tennessee-state,/cbb/boxscores/2026-01-08-18-western-illinois_w.html,https://www.sports-reference.com/cbb/boxscores/2026-01-08-18-western-illinois_w.html
2026-01-08,women,abilene-christian,tarleton-state,/cbb/boxscores/2026-01-08-19-abilene-christian_w.html,https://www.sports-reference.com/cbb/boxscores/2026-01-08-19-abilene-christian_w.html
2026-01-08,women,alabama-am,jackson-state,/cbb/boxscores/2026-01-08-19-alabama-am_w.html,https://www.sports-reference.com/cbb/boxscores/2026-01-08-19-alabama-am_w.html
2026-01-08,women,alcorn-state,alabama-state,/cbb/boxscores/2026-01-08-19-alabama-state_w.html,https://www.sports-reference.com/cbb/boxscores/2026-01-08-19-alabama-state_w.html
2026-01-08,women,central-arkansas,bellarmine,/cbb/boxscores/2026-01-08-19-central-arkansas_w.html,https://www.sports-reference.com/cbb/boxscores/2026-01-08-19-central-arkansas_w.html
2026-01-08,men,central-connecticut-state,stonehill,/cbb/boxscores/2026-01-08-19-central-connecticut-state.html,https://www.sports-reference.com/cbb/boxscores/2026-01-08-19-central-connecticut-state.html
2026-01-08,women,fairleigh-dickinson,chicago-state,/cbb/boxscores/2026-01-08-19-chicago-state_w.html,https://www.sports-reference.com/cbb/boxscores/2026-01-08-19-chicago-state_w.html
2026-01-08,women,south-carolina-state,coppin-state,/cbb/boxscores/2026-01-08-19-coppin-state_w.html,https://www.sports-reference.com/cbb/boxscores/2026-01-08-19-coppin-state_w.html
2026-01-08,women,furman,east-tennessee-state,/cbb/boxscores/2026-01-08-19-east-tennessee-state_w.html,https://www.sports-reference.com/cbb/boxscores/2026-01-08-19-east-tennessee-state_w.html
2026-01-08,women,florida-am,grambling,/cbb/boxscores/2026-01-08-19-florida-am_w.html,https://www.sports-reference.com/cbb/boxscores/2026-01-08-19-florida-am_w.html
2026-01-08,men,austin-peay,florida-gulf-coast,/cbb/boxscores/2026-01-08-19-florida-gulf-coast.html,https://www.sports-reference.com/cbb/boxscores/2026-01-08-19-florida-gulf-coast.html
2026-01-08,men,appalachian-state,georgia-state,/cbb/boxscores/2026-01-08-19-georgia-state.html,https://www.sports-reference.com/cbb/boxscores/2026-01-08-19-georgia-state.html
2026-01-08,women,lamar,houston-baptist,/cbb/boxscores/2026-01-08-19-lamar_w.html,https://www.sports-reference.com/cbb/boxscores/2026-01-08-19-lamar_w.html
2026-01-08,women,sam-houston-state,liberty,/cbb/boxscores/2026-01-08-19-liberty_w.html,https://www.sports-reference.com/cbb/boxscores/2026-01-08-19-liberty_w.html
2026-01-08,women,lipscomb,stetson,/cbb/boxscores/2026-01-08-19-lipscomb_w.html,https://www.sports-reference.com/cbb/boxscores/2026-01-08-19-lipscomb_w.html
2026-01-08,men,liberty,louisiana-tech,/cbb/boxscores/2026-01-08-19-louisiana-tech.html,https://www.sports-reference.com/cbb/boxscores/2026-01-08-19-louisiana-tech.html
2026-01-08,women,mcneese-state,nicholls-state,/cbb/boxscores/2026-01-08-19-mcneese-state_w.html,https://www.sports-reference.com/cbb/boxscores/2026-01-08-19-mcneese-state_w.html
2026-01-08,women,merrimack,marist,/cbb/boxscores/2026-01-08-19-merrimack_w.html,https://www.sports-reference.com/cbb/boxscores/2026-01-08-19-merrimack_w.html
2026-01-08,women,middle-tennessee,texas-el-paso,/cbb/boxscores/2026-01-08-19-middle-tennessee_w.html,https://www.sports-reference.com/cbb/boxscores/2026-01-08-19-middle-tennessee_w.html
2026-01-08,men,monmouth,william-mary,/cbb/boxscores/2026-01-08-19-monmouth.html,https://www.sports-reference.com/cbb/boxscores/2026-01-08-19-monmouth.html
2026-01-08,men,tennessee-martin,morehead-state,/cbb/boxscores/2026-01-08-19-morehead-state.html,https://www.sports-reference.com/cbb/boxscores/2026-01-08-19-morehead-state.html
2026-01-08,men,njit,new-hampshire,/cbb/boxscores/2026-01-08-19-njit.html,https://www.sports-reference.com/cbb/boxscores/2026-01-08-19-njit.html
2026-01-08,women,maryland-eastern-shore,norfolk-state,/cbb/boxscores/2026-01-08-19-norfolk-state_w.html,https://www.sports-reference.com/cbb/boxscores/2026-01-08-19-norfolk-state_w.html
2026-01-08,women,eastern-kentucky,north-alabama,/cbb/boxscores/2026-01-08-19-north-alabama_w.html,https://www.sports-reference.com/cbb/boxscores/2026-01-08-19-north-alabama_w.html
2026-01-08,women,north-carolina-greensboro,samford,/cbb/boxscores/2026-01-08-19-north-carolina-greensboro_w.html,https://www.sports-reference.com/cbb/boxscores/2026-01-08-19-north-carolina-greensboro_w.html
2026-01-08,men,west-georgia,north-florida,/cbb/boxscores/2026-01-08-19-north-florida.html,https://www.sports-reference.com/cbb/boxscores/2026-01-08-19-north-florida.html
2026-01-08,men,north-carolina-wilmington,northeastern,/cbb/boxscores/2026-01-08-19-northeastern.html,https://www.sports-reference.com/cbb/boxscores/2026-01-08-19-northeastern.html
2026-01-08,women,texas-pan-american,northwestern-state,/cbb/boxscores/2026-01-08-19-northwestern-state_w.html,https://www.sports-reference.com/cbb/boxscores/2026-01-08-19-northwestern-state_w.html
2026-01-08,women,arkansas-pine-bluff,prairie-view,/cbb/boxscores/2026-01-08-19-prairie-view_w.html,https://www.sports-reference.com/cbb/boxscores/2026-01-08-19-prairie-view_w.html
2026-01-08,women,saint-francis-pa,wagner,/cbb/boxscores/2026-01-08-19-saint-francis-pa_w.html,https://www.sports-reference.com/cbb/boxscores/2026-01-08-19-saint-francis-pa_w.html
2026-01-08,women,new-orleans,southeastern-louisiana,/cbb/boxscores/2026-01-08-19-southeastern-louisiana_w.html,https://www.sports-reference.com/cbb/boxscores/2026-01-08-19-southeastern-louisiana_w.html
2026-01-08,women,evansville,southern-illinois,/cbb/boxscores/2026-01-08-19-southern-illinois_w.html,https://www.sports-reference.com/cbb/boxscores/2026-01-08-19-southern-illinois_w.html
2026-01-08,women,stephen-f-austin,incarnate-word,/cbb/boxscores/2026-01-08-19-stephen-f-austin_w.html,https://www.sports-reference.com/cbb/boxscores/2026-01-08-19-stephen-f-austin_w.html
2026-01-08,men,stetson,lipscomb,/cbb/boxscores/2026-01-08-19-stetson.html,https://www.sports-reference.com/cbb/boxscores/2026-01-08-19-stetson.html
2026-01-08,women,bradley,valparaiso,/cbb/boxscores/2026-01-08-19-valparaiso_w.html,https://www.sports-reference.com/cbb/boxscores/2026-01-08-19-valparaiso_w.html
2026-01-08,men,vermont,binghamton,/cbb/boxscores/2026-01-08-19-vermont.html,https://www.sports-reference.com/cbb/boxscores/2026-01-08-19-vermont.html
2026-01-08,women,purdue,wisconsin,/cbb/boxscores/2026-01-08-19-wisconsin_w.html,https://www.sports-reference.com/cbb/boxscores/2026-01-08-19-wisconsin_w.html
2026-01-08,women,northern-kentucky,youngstown-state,/cbb/boxscores/2026-01-08-19-youngstown-state_w.html,https://www.sports-reference.com/cbb/boxscores/2026-01-08-19-youngstown-state_w.html
2026-01-08,women,clemson,north-carolina-state,/cbb/boxscores/2026-01-08-20-clemson_w.html,https://www.sports-reference.com/cbb/boxscores/2026-01-08-20-clemson_w.html
2026-01-08,men,eastern-illinois,tennessee-tech,/cbb/boxscores/2026-01-08-20-eastern-illinois.html,https://www.sports-reference.com/cbb/boxscores/2026-01-08-20-eastern-illinois.html
2026-01-08,men,louisiana-lafayette,louisiana-monroe,/cbb/boxscores/2026-01-08-20-louisiana-lafayette.html,https://www.sports-reference.com/cbb/boxscores/2026-01-08-20-louisiana-lafayette.html
2026-01-08,women,marquette,creighton,/cbb/boxscores/2026-01-08-20-marquette_w.html,https://www.sports-reference.com/cbb/boxscores/2026-01-08-20-marquette_w.html
2026-01-08,women,minnesota,northwestern,/cbb/boxscores/2026-01-08-20-minnesota_w.html,https://www.sports-reference.com/cbb/boxscores/2026-01-08-20-minnesota_w.html
2026-01-08,men,north-dakota-state,missouri-kansas-city,/cbb/boxscores/2026-01-08-20-missouri-kansas-city.html,https://www.sports-reference.com/cbb/boxscores/2026-01-08-20-missouri-kansas-city.html
2026-01-08,women,north-dakota-state,missouri-kansas-city,/cbb/boxscores/2026-01-08-20-north-dakota-state_w.html,https://www.sports-reference.com/cbb/boxscores/2026-01-08-20-north-dakota-state_w.html
2026-01-08,men,weber-state,northern-arizona,/cbb/boxscores/2026-01-08-20-northern-arizona.html,https://www.sports-reference.com/cbb/boxscores/2026-01-08-20-northern-arizona.html
2026-01-08,women,arkansas-state,south-alabama,/cbb/boxscores/2026-01-08-20-south-alabama_w.html,https://www.sports-reference.com/cbb/boxscores/2026-01-08-20-south-alabama_w.html
2026-01-08,men,south-dakota-state,denver,/cbb/boxscores/2026-01-08-20-south-dakota-state.html,https://www.sports-reference.com/cbb/boxscores/2026-01-08-20-south-dakota-state.html
2026-01-08,women,oral-roberts,south-dakota,/cbb/boxscores/2026-01-08-20-south-dakota_w.html,https://www.sports-reference.com/cbb/boxscores/2026-01-08-20-south-dakota_w.html
2026-01-08,men,southeast-missouri-state,southern-indiana,/cbb/boxscores/2026-01-08-20-southern-indiana.html,https://www.sports-reference.com/cbb/boxscores/2026-01-08-20-southern-indiana.html
2026-01-08,men,southern-mississippi,texas-state,/cbb/boxscores/2026-01-08-20-southern-mississippi.html,https://www.sports-reference.com/cbb/boxscores/2026-01-08-20-southern-mississippi.html
2026-01-08,women,southern-utah,utah-valley,/cbb/boxscores/2026-01-08-20-southern-utah_w.html,https://www.sports-reference.com/cbb/boxscores/2026-01-08-20-southern-utah_w.html
2026-01-08,men,abilene-christian,tarleton-state,/cbb/boxscores/2026-01-08-20-tarleton-state.html,https://www.sports-reference.com/cbb/boxscores/2026-01-08-20-tarleton-state.html
2026-01-08,women,northern-arizona,weber-state,/cbb/boxscores/2026-01-08-20-weber-state_w.html,https://www.sports-reference.com/cbb/boxscores/2026-01-08-20-weber-state_w.html
2026-01-08,men,tennessee-state,western-illinois,/cbb/boxscores/2026-01-08-20-western-illinois.html,https://www.sports-reference.com/cbb/boxscores/2026-01-08-20-western-illinois.html
2026-01-08,women,cal-state-northridge,cal-poly,/cbb/boxscores/2026-01-08-21-cal-poly_w.html,https://www.sports-reference.com/cbb/boxscores/2026-01-08-21-cal-poly_w.html
2026-01-08,men,cal-state-bakersfield,california-riverside,/cbb/boxscores/2026-01-08-21-cal-state-bakersfield.html,https://www.sports-reference.com/cbb/boxscores/2026-01-08-21-cal-state-bakersfield.html
2026-01-08,women,california-santa-barbara,california-davis,/cbb/boxscores/2026-01-08-21-california-davis_w.html,https://www.sports-reference.com/cbb/boxscores/2026-01-08-21-california-davis_w.html
2026-01-08,women,california-riverside,cal-state-bakersfield,/cbb/boxscores/2026-01-08-21-california-riverside_w.html,https://www.sports-reference.com/cbb/boxscores/2026-01-08-21-california-riverside_w.html
2026-01-08,men,california-davis,california-santa-barbara,/cbb/boxscores/2026-01-08-21-california-santa-barbara.html,https://www.sports-reference.com/cbb/boxscores/2026-01-08-21-california-santa-barbara.html
2026-01-08,women,california-baptist,dixie-state,/cbb/boxscores/2026-01-08-21-dixie-state_w.html,https://www.sports-reference.com/cbb/boxscores/2026-01-08-21-dixie-state_w.html
2026-01-08,men,montana-state,eastern-washington,/cbb/boxscores/2026-01-08-21-eastern-washington.html,https://www.sports-reference.com/cbb/boxscores/2026-01-08-21-eastern-washington.html
2026-01-08,men,montana,idaho,/cbb/boxscores/2026-01-08-21-idaho.html,https://www.sports-reference.com/cbb/boxscores/2026-01-08-21-idaho.html
2026-01-08,women,northern-colorado,idaho-state,/cbb/boxscores/2026-01-08-21-idaho-state_w.html,https://www.sports-reference.com/cbb/boxscores/2026-01-08-21-idaho-state_w.html
2026-01-08,women,california-irvine,long-beach-state,/cbb/boxscores/2026-01-08-21-long-beach-state_w.html,https://www.sports-reference.com/cbb/boxscores/2026-01-08-21-long-beach-state_w.html
2026-01-08,women,montana-state,eastern-washington,/cbb/boxscores/2026-01-08-21-montana-state_w.html,https://www.sports-reference.com/cbb/boxscores/2026-01-08-21-montana-state_w.html
2026-01-08,women,idaho,montana,/cbb/boxscores/2026-01-08-21-montana_w.html,https://www.sports-reference.com/cbb/boxscores/2026-01-08-21-montana_w.html
2026-01-08,men,northern-colorado,idaho-state,/cbb/boxscores/2026-01-08-21-northern-colorado.html,https://www.sports-reference.com/cbb/boxscores/2026-01-08-21-northern-colorado.html
2026-01-08,men,texas-el-paso,middle-tennessee,/cbb/boxscores/2026-01-08-21-texas-el-paso.html,https://www.sports-reference.com/cbb/boxscores/2026-01-08-21-texas-el-paso.html
2026-01-08,women,california-san-diego,cal-state-fullerton,/cbb/boxscores/2026-01-08-22-cal-state-fullerton_w.html,https://www.sports-reference.com/cbb/boxscores/2026-01-08-22-cal-state-fullerton_w.html
2026-01-08,men,cal-state-northridge,cal-poly,/cbb/boxscores/2026-01-08-22-cal-state-northridge.html,https://www.sports-reference.com/cbb/boxscores/2026-01-08-22-cal-state-northridge.html
2026-01-08,men,california-baptist,dixie-state,/cbb/boxscores/2026-01-08-22-california-baptist.html,https://www.sports-reference.com/cbb/boxscores/2026-01-08-22-california-baptist.html
2026-01-08,men,california-irvine,long-beach-state,/cbb/boxscores/2026-01-08-22-california-irvine.html,https://www.sports-reference.com/cbb/boxscores/2026-01-08-22-california-irvine.html
2026-01-08,men,cal-state-fullerton,california-san-diego,/cbb/boxscores/2026-01-08-22-california-san-diego.html,https://www.sports-reference.com/cbb/boxscores/2026-01-08-22-california-san-diego.html
2026-01-08,men,portland,pacific,/cbb/boxscores/2026-01-08-22-portland.html,https://www.sports-reference.com/cbb/boxscores/2026-01-08-22-portland.html
2026-01-09,women,monmouth,north-carolina-wilmington,/cbb/boxscores/2026-01-09-00-monmouth_w.html,https://www.sports-reference.com/cbb/boxscores/2026-01-09-00-monmouth_w.html
2026-01-09,women,north-carolina-at,northeastern,/cbb/boxscores/2026-01-09-00-northeastern_w.html,https://www.sports-reference.com/cbb/boxscores/2026-01-09-00-northeastern_w.html
2026-01-09,women,stony-brook,drexel,/cbb/boxscores/2026-01-09-00-stony-brook_w.html,https://www.sports-reference.com/cbb/boxscores/2026-01-09-00-stony-brook_w.html
2026-01-09,women,murray-state,northern-iowa,/cbb/boxscores/2026-01-09-01-murray-state_w.html,https://www.sports-reference.com/cbb/boxscores/2026-01-09-01-murray-state_w.html
2026-01-09,women,tulsa,temple,/cbb/boxscores/2026-01-09-01-tulsa_w.html,https://www.sports-reference.com/cbb/boxscores/2026-01-09-01-tulsa_w.html
2026-01-09,men,youngstown-state,,/cbb/boxscores/2026-01-09-11-youngstown-state.html,https://www.sports-reference.com/cbb/boxscores/2026-01-09-11-youngstown-state.html
2026-01-09,women,towson,hofstra,/cbb/boxscores/2026-01-09-18-hofstra_w.html,https://www.sports-reference.com/cbb/boxscores/2026-01-09-18-hofstra_w.html
2026-01-09,men,miami-oh,toledo,/cbb/boxscores/2026-01-09-18-toledo.html,https://www.sports-reference.com/cbb/boxscores/2026-01-09-18-toledo.html
2026-01-09,women,belmont,drake,/cbb/boxscores/2026-01-09-19-belmont_w.html,https://www.sports-reference.com/cbb/boxscores/2026-01-09-19-belmont_w.html
2026-01-09,women,campbell,elon,/cbb/boxscores/2026-01-09-19-campbell_w.html,https://www.sports-reference.com/cbb/boxscores/2026-01-09-19-campbell_w.html
2026-01-09,men,wright-state,detroit-mercy,/cbb/boxscores/2026-01-09-19-detroit-mercy.html,https://www.sports-reference.com/cbb/boxscores/2026-01-09-19-detroit-mercy.html
2026-01-09,men,fairfield,rider,/cbb/boxscores/2026-01-09-19-fairfield.html,https://www.sports-reference.com/cbb/boxscores/2026-01-09-19-fairfield.html
2026-01-09,men,green-bay,iupui,/cbb/boxscores/2026-01-09-19-green-bay.html,https://www.sports-reference.com/cbb/boxscores/2026-01-09-19-green-bay.html
2026-01-09,men,iona,niagara,/cbb/boxscores/2026-01-09-19-iona.html,https://www.sports-reference.com/cbb/boxscores/2026-01-09-19-iona.html
2026-01-09,men,canisius,manhattan,/cbb/boxscores/2026-01-09-19-manhattan.html,https://www.sports-reference.com/cbb/boxscores/2026-01-09-19-manhattan.html
2026-01-09,men,mount-st-marys,saint-peters,/cbb/boxscores/2026-01-09-19-mount-st-marys.html,https://www.sports-reference.com/cbb/boxscores/2026-01-09-19-mount-st-marys.html
2026-01-09,men,oakland,cleveland-state,/cbb/boxscores/2026-01-09-19-oakland.html,https://www.sports-reference.com/cbb/boxscores/2026-01-09-19-oakland.html
2026-01-09,men,marist,sacred-heart,/cbb/boxscores/2026-01-09-19-sacred-heart.html,https://www.sports-reference.com/cbb/boxscores/2026-01-09-19-sacred-heart.html
2026-01-09,men,merrimack,siena,/cbb/boxscores/2026-01-09-19-siena.html,https://www.sports-reference.com/cbb/boxscores/2026-01-09-19-siena.html
2026-01-09,women,college-of-charleston,william-mary,/cbb/boxscores/2026-01-09-19-william-mary_w.html,https://www.sports-reference.com/cbb/boxscores/2026-01-09-19-william-mary_w.html
2026-01-09,men,akron,bowling-green-state,/cbb/boxscores/2026-01-09-20-bowling-green-state.html,https://www.sports-reference.com/cbb/boxscores/2026-01-09-20-bowling-green-state.html
2026-01-09,men,northern-kentucky,milwaukee,/cbb/boxscores/2026-01-09-20-milwaukee.html,https://www.sports-reference.com/cbb/boxscores/2026-01-09-20-milwaukee.html
2026-01-09,men,southern-california,minnesota,/cbb/boxscores/2026-01-09-20-minnesota.html,https://www.sports-reference.com/cbb/boxscores/2026-01-09-20-minnesota.html
2026-01-09,men,colorado-state,nevada-las-vegas,/cbb/boxscores/2026-01-09-22-colorado-state.html,https://www.sports-reference.com/cbb/boxscores/2026-01-09-22-colorado-state.html
2026-01-10,men,arizona,texas-christian,/cbb/boxscores/2026-01-10-16-texas-christian.html,https://www.sports-reference.com/cbb/boxscores/2026-01-10-16-texas-christian.html
2026-01-10,men,wisconsin,michigan,/cbb/boxscores/2026-01-10-00-michigan.html,https://www.sports-reference.com/cbb/boxscores/2026-01-10-00-michigan.html
2026-01-10,men,iowa-state,oklahoma-state,/cbb/boxscores/2026-01-10-16-iowa-state.html,https://www.sports-reference.com/cbb/boxscores/2026-01-10-16-iowa-state.html
2026-01-10,men,connecticut,depaul,/cbb/boxscores/2026-01-10-00-connecticut.html,https://www.sports-reference.com/cbb/boxscores/2026-01-10-00-connecticut.html
2026-01-10,men,purdue,penn-state,/cbb/boxscores/2026-01-10-14-purdue.html,https://www.sports-reference.com/cbb/boxscores/2026-01-10-14-purdue.html
2026-01-10,men,duke,southern-methodist,/cbb/boxscores/2026-01-10-14-duke.html,https://www.sports-reference.com/cbb/boxscores/2026-01-10-14-duke.html
2026-01-10,men,houston,baylor,/cbb/boxscores/2026-01-10-01-baylor.html,https://www.sports-reference.com/cbb/boxscores/2026-01-10-01-baylor.html
2026-01-10,men,brigham-young,utah,/cbb/boxscores/2026-01-10-02-utah.html,https://www.sports-reference.com/cbb/boxscores/2026-01-10-02-utah.html
2026-01-10,men,nebraska,indiana,/cbb/boxscores/2026-01-10-00-indiana.html,https://www.sports-reference.com/cbb/boxscores/2026-01-10-00-indiana.html
2026-01-10,men,vanderbilt,louisiana-state,/cbb/boxscores/2026-01-10-01-vanderbilt.html,https://www.sports-reference.com/cbb/boxscores/2026-01-10-01-vanderbilt.html
2026-01-10,men,texas,alabama,/cbb/boxscores/2026-01-10-01-alabama.html,https://www.sports-reference.com/cbb/boxscores/2026-01-10-01-alabama.html
2026-01-10,men,texas-tech,colorado,/cbb/boxscores/2026-01-10-02-colorado.html,https://www.sports-reference.com/cbb/boxscores/2026-01-10-02-colorado.html
2026-01-10,men,auburn,arkansas,/cbb/boxscores/2026-01-10-18-auburn.html,https://www.sports-reference.com/cbb/boxscores/2026-01-10-18-auburn.html
2026-01-10,women,texas-tech,cincinnati,/cbb/boxscores/2026-01-10-00-cincinnati_w.html,https://www.sports-reference.com/cbb/boxscores/2026-01-10-00-cincinnati_w.html
2026-01-10,men,north-carolina,wake-forest,/cbb/boxscores/2026-01-10-00-north-carolina.html,https://www.sports-reference.com/cbb/boxscores/2026-01-10-00-north-carolina.html
2026-01-10,men,georgia,south-carolina,/cbb/boxscores/2026-01-10-14-south-carolina.html,https://www.sports-reference.com/cbb/boxscores/2026-01-10-14-south-carolina.html
2026-01-10,men,louisville,boston-college,/cbb/boxscores/2026-01-10-00-louisville.html,https://www.sports-reference.com/cbb/boxscores/2026-01-10-00-louisville.html
2026-01-10,men,florida,tennessee,/cbb/boxscores/2026-01-10-12-florida.html,https://www.sports-reference.com/cbb/boxscores/2026-01-10-12-florida.html
2026-01-10,men,west-virginia,kansas,/cbb/boxscores/2026-01-10-00-west-virginia.html,https://www.sports-reference.com/cbb/boxscores/2026-01-10-00-west-virginia.html
2026-01-10,men,virginia,stanford,/cbb/boxscores/2026-01-10-14-virginia.html,https://www.sports-reference.com/cbb/boxscores/2026-01-10-14-virginia.html
2026-01-10,women,princeton,yale,/cbb/boxscores/2026-01-10-14-yale_w.html,https://www.sports-reference.com/cbb/boxscores/2026-01-10-14-yale_w.html
2026-01-10,women,miami-oh,akron,/cbb/boxscores/2026-01-10-00-akron_w.html,https://www.sports-reference.com/cbb/boxscores/2026-01-10-00-akron_w.html
2026-01-10,men,albany-ny,bryant,/cbb/boxscores/2026-01-10-00-albany-ny.html,https://www.sports-reference.com/cbb/boxscores/2026-01-10-00-albany-ny.html
2026-01-10,men,north-alabama,bellarmine,/cbb/boxscores/2026-01-10-00-bellarmine.html,https://www.sports-reference.com/cbb/boxscores/2026-01-10-00-bellarmine.html
2026-01-10,men,bethune-cookman,grambling,/cbb/boxscores/2026-01-10-00-bethune-cookman.html,https://www.sports-reference.com/cbb/boxscores/2026-01-10-00-bethune-cookman.html
2026-01-10,women,grambling,bethune-cookman,/cbb/boxscores/2026-01-10-00-bethune-cookman_w.html,https://www.sports-reference.com/cbb/boxscores/2026-01-10-00-bethune-cookman_w.html
2026-01-10,men,boston-university,army,/cbb/boxscores/2026-01-10-00-boston-university.html,https://www.sports-reference.com/cbb/boxscores/2026-01-10-00-boston-university.html
2026-01-10,men,bucknell,loyola-md,/cbb/boxscores/2026-01-10-00-bucknell.html,https://www.sports-reference.com/cbb/boxscores/2026-01-10-00-bucknell.html
2026-01-10,men,central-michigan,kent-state,/cbb/boxscores/2026-01-10-00-central-michigan.html,https://www.sports-reference.com/cbb/boxscores/2026-01-10-00-central-michigan.html
2026-01-10,men,high-point,charleston-southern,/cbb/boxscores/2026-01-10-00-charleston-southern.html,https://www.sports-reference.com/cbb/boxscores/2026-01-10-00-charleston-southern.html
2026-01-10,men,citadel,western-carolina,/cbb/boxscores/2026-01-10-00-citadel.html,https://www.sports-reference.com/cbb/boxscores/2026-01-10-00-citadel.html
2026-01-10,men,coastal-carolina,appalachian-state,/cbb/boxscores/2026-01-10-00-coastal-carolina.html,https://www.sports-reference.com/cbb/boxscores/2026-01-10-00-coastal-carolina.html
2026-01-10,men,lehigh,colgate,/cbb/boxscores/2026-01-10-00-colgate.html,https://www.sports-reference.com/cbb/boxscores/2026-01-10-00-colgate.html
2026-01-10,men,norfolk-state,delaware-state,/cbb/boxscores/2026-01-10-00-delaware-state.html,https://www.sports-reference.com/cbb/boxscores/2026-01-10-00-delaware-state.html
2026-01-10,women,sam-houston-state,delaware,/cbb/boxscores/2026-01-10-00-delaware_w.html,https://www.sports-reference.com/cbb/boxscores/2026-01-10-00-delaware_w.html
2026-01-10,men,east-tennessee-state,north-carolina-greensboro,/cbb/boxscores/2026-01-10-00-east-tennessee-state.html,https://www.sports-reference.com/cbb/boxscores/2026-01-10-00-east-tennessee-state.html
2026-01-10,women,wofford,east-tennessee-state,/cbb/boxscores/2026-01-10-00-east-tennessee-state_w.html,https://www.sports-reference.com/cbb/boxscores/2026-01-10-00-east-tennessee-state_w.html
2026-01-10,men,eastern-kentucky,central-arkansas,/cbb/boxscores/2026-01-10-00-eastern-kentucky.html,https://www.sports-reference.com/cbb/boxscores/2026-01-10-00-eastern-kentucky.html
2026-01-10,men,elon,campbell,/cbb/boxscores/2026-01-10-00-elon.html,https://www.sports-reference.com/cbb/boxscores/2026-01-10-00-elon.html
2026-01-10,women,fairleigh-dickinson,new-haven,/cbb/boxscores/2026-01-10-00-fairleigh-dickinson_w.html,https://www.sports-reference.com/cbb/boxscores/2026-01-10-00-fairleigh-dickinson_w.html
2026-01-10,men,florida-am,southern,/cbb/boxscores/2026-01-10-00-florida-am.html,https://www.sports-reference.com/cbb/boxscores/2026-01-10-00-florida-am.html
2026-01-10,women,florida-international,kennesaw-state,/cbb/boxscores/2026-01-10-00-florida-international_w.html,https://www.sports-reference.com/cbb/boxscores/2026-01-10-00-florida-international_w.html
2026-01-10,men,north-carolina-state,florida-state,/cbb/boxscores/2026-01-10-00-florida-state.html,https://www.sports-reference.com/cbb/boxscores/2026-01-10-00-florida-state.html
2026-01-10,men,furman,virginia-military-institute,/cbb/boxscores/2026-01-10-00-furman.html,https://www.sports-reference.com/cbb/boxscores/2026-01-10-00-furman.html
2026-01-10,men,george-mason,virginia-commonwealth,/cbb/boxscores/2026-01-10-00-george-mason.html,https://www.sports-reference.com/cbb/boxscores/2026-01-10-00-george-mason.html
2026-01-10,women,holy-cross,american,/cbb/boxscores/2026-01-10-00-holy-cross_w.html,https://www.sports-reference.com/cbb/boxscores/2026-01-10-00-holy-cross_w.html
2026-01-10,men,evansville,indiana-state,/cbb/boxscores/2026-01-10-00-indiana-state.html,https://www.sports-reference.com/cbb/boxscores/2026-01-10-00-indiana-state.html
2026-01-10,men,jacksonville,west-georgia,/cbb/boxscores/2026-01-10-00-jacksonville.html,https://www.sports-reference.com/cbb/boxscores/2026-01-10-00-jacksonville.html
2026-01-10,men,james-madison,old-dominion,/cbb/boxscores/2026-01-10-00-james-madison.html,https://www.sports-reference.com/cbb/boxscores/2026-01-10-00-james-madison.html
2026-01-10,men,central-connecticut-state,le-moyne,/cbb/boxscores/2026-01-10-00-le-moyne.html,https://www.sports-reference.com/cbb/boxscores/2026-01-10-00-le-moyne.html
2026-01-10,men,longwood,presbyterian,/cbb/boxscores/2026-01-10-00-longwood.html,https://www.sports-reference.com/cbb/boxscores/2026-01-10-00-longwood.html
2026-01-10,women,maine,njit,/cbb/boxscores/2026-01-10-00-maine_w.html,https://www.sports-reference.com/cbb/boxscores/2026-01-10-00-maine_w.html
2026-01-10,women,marshall,coastal-carolina,/cbb/boxscores/2026-01-10-00-marshall_w.html,https://www.sports-reference.com/cbb/boxscores/2026-01-10-00-marshall_w.html
2026-01-10,men,massachusetts,ball-state,/cbb/boxscores/2026-01-10-00-massachusetts.html,https://www.sports-reference.com/cbb/boxscores/2026-01-10-00-massachusetts.html
2026-01-10,women,south-florida,memphis,/cbb/boxscores/2026-01-10-00-memphis_w.html,https://www.sports-reference.com/cbb/boxscores/2026-01-10-00-memphis_w.html
2026-01-10,men,mercer,wofford,/cbb/boxscores/2026-01-10-00-mercer.html,https://www.sports-reference.com/cbb/boxscores/2026-01-10-00-mercer.html
2026-01-10,men,miami-fl,georgia-tech,/cbb/boxscores/2026-01-10-00-miami-fl.html,https://www.sports-reference.com/cbb/boxscores/2026-01-10-00-miami-fl.html
2026-01-10,women,maryland-baltimore-county,new-hampshire,/cbb/boxscores/2026-01-10-00-new-hampshire_w.html,https://www.sports-reference.com/cbb/boxscores/2026-01-10-00-new-hampshire_w.html
2026-01-10,women,oakland,milwaukee,/cbb/boxscores/2026-01-10-00-oakland_w.html,https://www.sports-reference.com/cbb/boxscores/2026-01-10-00-oakland_w.html
2026-01-10,men,pennsylvania,brown,/cbb/boxscores/2026-01-10-00-pennsylvania.html,https://www.sports-reference.com/cbb/boxscores/2026-01-10-00-pennsylvania.html
2026-01-10,men,syracuse,pittsburgh,/cbb/boxscores/2026-01-10-00-pittsburgh.html,https://www.sports-reference.com/cbb/boxscores/2026-01-10-00-pittsburgh.html
2026-01-10,men,princeton,yale,/cbb/boxscores/2026-01-10-00-princeton.html,https://www.sports-reference.com/cbb/boxscores/2026-01-10-00-princeton.html
2026-01-10,women,rhode-island,st-bonaventure,/cbb/boxscores/2026-01-10-00-rhode-island_w.html,https://www.sports-reference.com/cbb/boxscores/2026-01-10-00-rhode-island_w.html
2026-01-10,women,richmond,davidson,/cbb/boxscores/2026-01-10-00-richmond_w.html,https://www.sports-reference.com/cbb/boxscores/2026-01-10-00-richmond_w.html
2026-01-10,women,northern-kentucky,robert-morris,/cbb/boxscores/2026-01-10-00-robert-morris_w.html,https://www.sports-reference.com/cbb/boxscores/2026-01-10-00-robert-morris_w.html
2026-01-10,women,long-island-university,saint-francis-pa,/cbb/boxscores/2026-01-10-00-saint-francis-pa_w.html,https://www.sports-reference.com/cbb/boxscores/2026-01-10-00-saint-francis-pa_w.html
2026-01-10,men,fordham,st-bonaventure,/cbb/boxscores/2026-01-10-00-st-bonaventure.html,https://www.sports-reference.com/cbb/boxscores/2026-01-10-00-st-bonaventure.html
2026-01-10,men,austin-peay,stetson,/cbb/boxscores/2026-01-10-00-stetson.html,https://www.sports-reference.com/cbb/boxscores/2026-01-10-00-stetson.html
2026-01-10,women,toledo,western-michigan,/cbb/boxscores/2026-01-10-00-toledo_w.html,https://www.sports-reference.com/cbb/boxscores/2026-01-10-00-toledo_w.html
2026-01-10,men,mercyhurst,wagner,/cbb/boxscores/2026-01-10-00-wagner.html,https://www.sports-reference.com/cbb/boxscores/2026-01-10-00-wagner.html
2026-01-10,women,winthrop,charleston-southern,/cbb/boxscores/2026-01-10-00-winthrop_w.html,https://www.sports-reference.com/cbb/boxscores/2026-01-10-00-winthrop_w.html
2026-01-10,women,florida-atlantic,alabama-birmingham,/cbb/boxscores/2026-01-10-01-alabama-birmingham_w.html,https://www.sports-reference.com/cbb/boxscores/2026-01-10-01-alabama-birmingham_w.html
2026-01-10,men,bradley,northern-iowa,/cbb/boxscores/2026-01-10-01-bradley.html,https://www.sports-reference.com/cbb/boxscores/2026-01-10-01-bradley.html
2026-01-10,women,eastern-kentucky,central-arkansas,/cbb/boxscores/2026-01-10-01-central-arkansas_w.html,https://www.sports-reference.com/cbb/boxscores/2026-01-10-01-central-arkansas_w.html
2026-01-10,men,belmont,drake,/cbb/boxscores/2026-01-10-01-drake.html,https://www.sports-reference.com/cbb/boxscores/2026-01-10-01-drake.html
2026-01-10,women,florida-am,southern,/cbb/boxscores/2026-01-10-01-florida-am_w.html,https://www.sports-reference.com/cbb/boxscores/2026-01-10-01-florida-am_w.html
2026-01-10,men,illinois-chicago,illinois-state,/cbb/boxscores/2026-01-10-01-illinois-state.html,https://www.sports-reference.com/cbb/boxscores/2026-01-10-01-illinois-state.html
2026-01-10,men,north-dakota,missouri-kansas-city,/cbb/boxscores/2026-01-10-01-missouri-kansas-city.html,https://www.sports-reference.com/cbb/boxscores/2026-01-10-01-missouri-kansas-city.html
2026-01-10,women,missouri-state,jacksonville-state,/cbb/boxscores/2026-01-10-01-missouri-state_w.html,https://www.sports-reference.com/cbb/boxscores/2026-01-10-01-missouri-state_w.html
2026-01-10,men,murray-state,valparaiso,/cbb/boxscores/2026-01-10-01-murray-state.html,https://www.sports-reference.com/cbb/boxscores/2026-01-10-01-murray-state.html
2026-01-10,men,north-dakota-state,nebraska-omaha,/cbb/boxscores/2026-01-10-01-nebraska-omaha.html,https://www.sports-reference.com/cbb/boxscores/2026-01-10-01-nebraska-omaha.html
2026-01-10,women,bowling-green-state,northern-illinois,/cbb/boxscores/2026-01-10-01-northern-illinois_w.html,https://www.sports-reference.com/cbb/boxscores/2026-01-10-01-northern-illinois_w.html
2026-01-10,men,northwestern-state,texas-am-corpus-christi,/cbb/boxscores/2026-01-10-01-northwestern-state.html,https://www.sports-reference.com/cbb/boxscores/2026-01-10-01-northwestern-state.html
2026-01-10,women,northwestern-state,texas-am-corpus-christi,/cbb/boxscores/2026-01-10-01-northwestern-state_w.html,https://www.sports-reference.com/cbb/boxscores/2026-01-10-01-northwestern-state_w.html
2026-01-10,men,liberty,sam-houston-state,/cbb/boxscores/2026-01-10-01-sam-houston-state.html,https://www.sports-reference.com/cbb/boxscores/2026-01-10-01-sam-houston-state.html
2026-01-10,women,south-dakota-state,oral-roberts,/cbb/boxscores/2026-01-10-01-south-dakota-state_w.html,https://www.sports-reference.com/cbb/boxscores/2026-01-10-01-south-dakota-state_w.html
2026-01-10,women,south-dakota,st-thomas-mn,/cbb/boxscores/2026-01-10-01-st-thomas-mn_w.html,https://www.sports-reference.com/cbb/boxscores/2026-01-10-01-st-thomas-mn_w.html
2026-01-10,women,texas-san-antonio,charlotte,/cbb/boxscores/2026-01-10-01-texas-san-antonio_w.html,https://www.sports-reference.com/cbb/boxscores/2026-01-10-01-texas-san-antonio_w.html
2026-01-10,men,arkansas-pine-bluff,texas-southern,/cbb/boxscores/2026-01-10-01-texas-southern.html,https://www.sports-reference.com/cbb/boxscores/2026-01-10-01-texas-southern.html
2026-01-10,women,texas-southern,arkansas-pine-bluff,/cbb/boxscores/2026-01-10-01-texas-southern_w.html,https://www.sports-reference.com/cbb/boxscores/2026-01-10-01-texas-southern_w.html
2026-01-10,women,troy,arkansas-state,/cbb/boxscores/2026-01-10-01-troy_w.html,https://www.sports-reference.com/cbb/boxscores/2026-01-10-01-troy_w.html
2026-01-10,women,western-illinois,tennessee-tech,/cbb/boxscores/2026-01-10-01-western-illinois_w.html,https://www.sports-reference.com/cbb/boxscores/2026-01-10-01-western-illinois_w.html
2026-01-10,women,western-kentucky,texas-el-paso,/cbb/boxscores/2026-01-10-01-western-kentucky_w.html,https://www.sports-reference.com/cbb/boxscores/2026-01-10-01-western-kentucky_w.html
2026-01-10,men,new-mexico,air-force,/cbb/boxscores/2026-01-10-02-air-force.html,https://www.sports-reference.com/cbb/boxscores/2026-01-10-02-air-force.html
2026-01-10,men,arizona-state,kansas-state,/cbb/boxscores/2026-01-10-02-arizona-state.html,https://www.sports-reference.com/cbb/boxscores/2026-01-10-02-arizona-state.html
2026-01-10,women,central-florida,arizona,/cbb/boxscores/2026-01-10-02-arizona_w.html,https://www.sports-reference.com/cbb/boxscores/2026-01-10-02-arizona_w.html
2026-01-10,men,utah-state,boise-state,/cbb/boxscores/2026-01-10-02-boise-state.html,https://www.sports-reference.com/cbb/boxscores/2026-01-10-02-boise-state.html
2026-01-10,women,boise-state,colorado-state,/cbb/boxscores/2026-01-10-02-boise-state_w.html,https://www.sports-reference.com/cbb/boxscores/2026-01-10-02-boise-state_w.html
2026-01-10,men,grand-canyon,san-jose-state,/cbb/boxscores/2026-01-10-02-grand-canyon.html,https://www.sports-reference.com/cbb/boxscores/2026-01-10-02-grand-canyon.html
2026-01-10,women,grand-canyon,fresno-state,/cbb/boxscores/2026-01-10-02-grand-canyon_w.html,https://www.sports-reference.com/cbb/boxscores/2026-01-10-02-grand-canyon_w.html
2026-01-10,women,montana-state,idaho,/cbb/boxscores/2026-01-10-02-montana-state_w.html,https://www.sports-reference.com/cbb/boxscores/2026-01-10-02-montana-state_w.html
2026-01-10,men,middle-tennessee,new-mexico-state,/cbb/boxscores/2026-01-10-02-new-mexico-state.html,https://www.sports-reference.com/cbb/boxscores/2026-01-10-02-new-mexico-state.html
2026-01-10,women,san-diego-state,utah-state,/cbb/boxscores/2026-01-10-02-utah-state_w.html,https://www.sports-reference.com/cbb/boxscores/2026-01-10-02-utah-state_w.html
2026-01-10,women,nevada-las-vegas,wyoming,/cbb/boxscores/2026-01-10-02-wyoming_w.html,https://www.sports-reference.com/cbb/boxscores/2026-01-10-02-wyoming_w.html
2026-01-10,men,cal-poly,california-davis,/cbb/boxscores/2026-01-10-03-cal-poly.html,https://www.sports-reference.com/cbb/boxscores/2026-01-10-03-cal-poly.html
2026-01-10,women,gonzaga,portland,/cbb/boxscores/2026-01-10-03-gonzaga_w.html,https://www.sports-reference.com/cbb/boxscores/2026-01-10-03-gonzaga_w.html
2026-01-10,women,oregon-state,seattle,/cbb/boxscores/2026-01-10-03-oregon-state_w.html,https://www.sports-reference.com/cbb/boxscores/2026-01-10-03-oregon-state_w.html
2026-01-10,men,san-francisco,pepperdine,/cbb/boxscores/2026-01-10-03-pepperdine.html,https://www.sports-reference.com/cbb/boxscores/2026-01-10-03-pepperdine.html
2026-01-10,men,saint-marys-ca,washington-state,/cbb/boxscores/2026-01-10-03-saint-marys-ca.html,https://www.sports-reference.com/cbb/boxscores/2026-01-10-03-saint-marys-ca.html
2026-01-10,men,san-diego-state,fresno-state,/cbb/boxscores/2026-01-10-03-san-diego-state.html,https://www.sports-reference.com/cbb/boxscores/2026-01-10-03-san-diego-state.html
2026-01-10,women,san-diego,pepperdine,/cbb/boxscores/2026-01-10-03-san-diego_w.html,https://www.sports-reference.com/cbb/boxscores/2026-01-10-03-san-diego_w.html
2026-01-10,men,ucla,maryland,/cbb/boxscores/2026-01-10-03-ucla.html,https://www.sports-reference.com/cbb/boxscores/2026-01-10-03-ucla.html
2026-01-10,women,santa-clara,washington-state,/cbb/boxscores/2026-01-10-03-washington-state_w.html,https://www.sports-reference.com/cbb/boxscores/2026-01-10-03-washington-state_w.html
2026-01-10,women,appalachian-state,southern-mississippi,/cbb/boxscores/2026-01-10-13-appalachian-state_w.html,https://www.sports-reference.com/cbb/boxscores/2026-01-10-13-appalachian-state_w.html
2026-01-10,women,army,boston-university,/cbb/boxscores/2026-01-10-13-army_w.html,https://www.sports-reference.com/cbb/boxscores/2026-01-10-13-army_w.html
2026-01-10,women,iona,canisius,/cbb/boxscores/2026-01-10-13-canisius_w.html,https://www.sports-reference.com/cbb/boxscores/2026-01-10-13-canisius_w.html
2026-01-10,women,le-moyne,central-connecticut-state,/cbb/boxscores/2026-01-10-13-central-connecticut-state_w.html,https://www.sports-reference.com/cbb/boxscores/2026-01-10-13-central-connecticut-state_w.html
2026-01-10,women,cornell,dartmouth,/cbb/boxscores/2026-01-10-13-dartmouth_w.html,https://www.sports-reference.com/cbb/boxscores/2026-01-10-13-dartmouth_w.html
2026-01-10,women,green-bay,detroit-mercy,/cbb/boxscores/2026-01-10-13-detroit-mercy_w.html,https://www.sports-reference.com/cbb/boxscores/2026-01-10-13-detroit-mercy_w.html
2026-01-10,women,georgia-southern,old-dominion,/cbb/boxscores/2026-01-10-13-georgia-southern_w.html,https://www.sports-reference.com/cbb/boxscores/2026-01-10-13-georgia-southern_w.html
2026-01-10,women,georgia-state,james-madison,/cbb/boxscores/2026-01-10-13-georgia-state_w.html,https://www.sports-reference.com/cbb/boxscores/2026-01-10-13-georgia-state_w.html
2026-01-10,men,troy,louisiana-lafayette,/cbb/boxscores/2026-01-10-13-louisiana-lafayette.html,https://www.sports-reference.com/cbb/boxscores/2026-01-10-13-louisiana-lafayette.html
2026-01-10,men,maryland-baltimore-county,new-hampshire,/cbb/boxscores/2026-01-10-13-maryland-baltimore-county.html,https://www.sports-reference.com/cbb/boxscores/2026-01-10-13-maryland-baltimore-county.html
2026-01-10,women,massachusetts,central-michigan,/cbb/boxscores/2026-01-10-13-massachusetts_w.html,https://www.sports-reference.com/cbb/boxscores/2026-01-10-13-massachusetts_w.html
2026-01-10,women,mercyhurst,wagner,/cbb/boxscores/2026-01-10-13-mercyhurst_w.html,https://www.sports-reference.com/cbb/boxscores/2026-01-10-13-mercyhurst_w.html
2026-01-10,women,middle-tennessee,new-mexico-state,/cbb/boxscores/2026-01-10-13-middle-tennessee_w.html,https://www.sports-reference.com/cbb/boxscores/2026-01-10-13-middle-tennessee_w.html
2026-01-10,women,morehead-state,southeast-missouri-state,/cbb/boxscores/2026-01-10-13-morehead-state_w.html,https://www.sports-reference.com/cbb/boxscores/2026-01-10-13-morehead-state_w.html
2026-01-10,men,new-haven,fairleigh-dickinson,/cbb/boxscores/2026-01-10-13-new-haven.html,https://www.sports-reference.com/cbb/boxscores/2026-01-10-13-new-haven.html
2026-01-10,men,western-michigan,eastern-michigan,/cbb/boxscores/2026-01-10-13-western-michigan.html,https://www.sports-reference.com/cbb/boxscores/2026-01-10-13-western-michigan.html
2026-01-10,women,abilene-christian,texas-arlington,/cbb/boxscores/2026-01-10-14-abilene-christian_w.html,https://www.sports-reference.com/cbb/boxscores/2026-01-10-14-abilene-christian_w.html
2026-01-10,women,jackson-state,alabama-state,/cbb/boxscores/2026-01-10-14-alabama-state_w.html,https://www.sports-reference.com/cbb/boxscores/2026-01-10-14-alabama-state_w.html
2026-01-10,men,massachusetts-lowell,binghamton,/cbb/boxscores/2026-01-10-14-binghamton.html,https://www.sports-reference.com/cbb/boxscores/2026-01-10-14-binghamton.html
2026-01-10,women,brown,pennsylvania,/cbb/boxscores/2026-01-10-14-brown_w.html,https://www.sports-reference.com/cbb/boxscores/2026-01-10-14-brown_w.html
2026-01-10,women,bryant,albany-ny,/cbb/boxscores/2026-01-10-14-bryant_w.html,https://www.sports-reference.com/cbb/boxscores/2026-01-10-14-bryant_w.html
2026-01-10,women,ohio,buffalo,/cbb/boxscores/2026-01-10-14-buffalo_w.html,https://www.sports-reference.com/cbb/boxscores/2026-01-10-14-buffalo_w.html
2026-01-10,women,chattanooga,furman,/cbb/boxscores/2026-01-10-14-chattanooga_w.html,https://www.sports-reference.com/cbb/boxscores/2026-01-10-14-chattanooga_w.html
2026-01-10,women,chicago-state,stonehill,/cbb/boxscores/2026-01-10-14-chicago-state_w.html,https://www.sports-reference.com/cbb/boxscores/2026-01-10-14-chicago-state_w.html
2026-01-10,men,harvard,columbia,/cbb/boxscores/2026-01-10-14-columbia.html,https://www.sports-reference.com/cbb/boxscores/2026-01-10-14-columbia.html
2026-01-10,women,coppin-state,north-carolina-central,/cbb/boxscores/2026-01-10-14-coppin-state_w.html,https://www.sports-reference.com/cbb/boxscores/2026-01-10-14-coppin-state_w.html
2026-01-10,men,dartmouth,cornell,/cbb/boxscores/2026-01-10-14-cornell.html,https://www.sports-reference.com/cbb/boxscores/2026-01-10-14-cornell.html
2026-01-10,men,st-johns-ny,creighton,/cbb/boxscores/2026-01-10-14-creighton.html,https://www.sports-reference.com/cbb/boxscores/2026-01-10-14-creighton.html
2026-01-10,men,rhode-island,davidson,/cbb/boxscores/2026-01-10-14-davidson.html,https://www.sports-reference.com/cbb/boxscores/2026-01-10-14-davidson.html
2026-01-10,women,norfolk-state,delaware-state,/cbb/boxscores/2026-01-10-14-delaware-state_w.html,https://www.sports-reference.com/cbb/boxscores/2026-01-10-14-delaware-state_w.html
2026-01-10,men,drexel,william-mary,/cbb/boxscores/2026-01-10-14-drexel.html,https://www.sports-reference.com/cbb/boxscores/2026-01-10-14-drexel.html
2026-01-10,women,eastern-illinois,tennessee-state,/cbb/boxscores/2026-01-10-14-eastern-illinois_w.html,https://www.sports-reference.com/cbb/boxscores/2026-01-10-14-eastern-illinois_w.html
2026-01-10,women,kent-state,eastern-michigan,/cbb/boxscores/2026-01-10-14-eastern-michigan_w.html,https://www.sports-reference.com/cbb/boxscores/2026-01-10-14-eastern-michigan_w.html
2026-01-10,women,dayton,fordham,/cbb/boxscores/2026-01-10-14-fordham_w.html,https://www.sports-reference.com/cbb/boxscores/2026-01-10-14-fordham_w.html
2026-01-10,women,gardner-webb,south-carolina-upstate,/cbb/boxscores/2026-01-10-14-gardner-webb_w.html,https://www.sports-reference.com/cbb/boxscores/2026-01-10-14-gardner-webb_w.html
2026-01-10,women,columbia,harvard,/cbb/boxscores/2026-01-10-14-harvard_w.html,https://www.sports-reference.com/cbb/boxscores/2026-01-10-14-harvard_w.html
2026-01-10,women,high-point,radford,/cbb/boxscores/2026-01-10-14-high-point_w.html,https://www.sports-reference.com/cbb/boxscores/2026-01-10-14-high-point_w.html
2026-01-10,men,hofstra,monmouth,/cbb/boxscores/2026-01-10-14-hofstra.html,https://www.sports-reference.com/cbb/boxscores/2026-01-10-14-hofstra.html
2026-01-10,women,brigham-young,houston,/cbb/boxscores/2026-01-10-14-houston_w.html,https://www.sports-reference.com/cbb/boxscores/2026-01-10-14-houston_w.html
2026-01-10,women,navy,lafayette,/cbb/boxscores/2026-01-10-14-lafayette_w.html,https://www.sports-reference.com/cbb/boxscores/2026-01-10-14-lafayette_w.html
2026-01-10,women,lehigh,colgate,/cbb/boxscores/2026-01-10-14-lehigh_w.html,https://www.sports-reference.com/cbb/boxscores/2026-01-10-14-lehigh_w.html
2026-01-10,women,lindenwood,arkansas-little-rock,/cbb/boxscores/2026-01-10-14-lindenwood_w.html,https://www.sports-reference.com/cbb/boxscores/2026-01-10-14-lindenwood_w.html
2026-01-10,women,florida-gulf-coast,lipscomb,/cbb/boxscores/2026-01-10-14-lipscomb_w.html,https://www.sports-reference.com/cbb/boxscores/2026-01-10-14-lipscomb_w.html
2026-01-10,women,loyola-md,bucknell,/cbb/boxscores/2026-01-10-14-loyola-md_w.html,https://www.sports-reference.com/cbb/boxscores/2026-01-10-14-loyola-md_w.html
2026-01-10,women,marist,rider,/cbb/boxscores/2026-01-10-14-marist_w.html,https://www.sports-reference.com/cbb/boxscores/2026-01-10-14-marist_w.html
2026-01-10,men,villanova,marquette,/cbb/boxscores/2026-01-10-14-marquette.html,https://www.sports-reference.com/cbb/boxscores/2026-01-10-14-marquette.html
2026-01-10,women,maryland-eastern-shore,howard,/cbb/boxscores/2026-01-10-14-maryland-eastern-shore_w.html,https://www.sports-reference.com/cbb/boxscores/2026-01-10-14-maryland-eastern-shore_w.html
2026-01-10,women,binghamton,massachusetts-lowell,/cbb/boxscores/2026-01-10-14-massachusetts-lowell_w.html,https://www.sports-reference.com/cbb/boxscores/2026-01-10-14-massachusetts-lowell_w.html
2026-01-10,women,mcneese-state,southeastern-louisiana,/cbb/boxscores/2026-01-10-14-mcneese-state_w.html,https://www.sports-reference.com/cbb/boxscores/2026-01-10-14-mcneese-state_w.html
2026-01-10,women,south-carolina-state,morgan-state,/cbb/boxscores/2026-01-10-14-morgan-state_w.html,https://www.sports-reference.com/cbb/boxscores/2026-01-10-14-morgan-state_w.html
2026-01-10,men,navy,lafayette,/cbb/boxscores/2026-01-10-14-navy.html,https://www.sports-reference.com/cbb/boxscores/2026-01-10-14-navy.html
2026-01-10,women,manhattan,niagara,/cbb/boxscores/2026-01-10-14-niagara_w.html,https://www.sports-reference.com/cbb/boxscores/2026-01-10-14-niagara_w.html
2026-01-10,men,maine,njit,/cbb/boxscores/2026-01-10-14-njit.html,https://www.sports-reference.com/cbb/boxscores/2026-01-10-14-njit.html
2026-01-10,women,longwood,north-carolina-asheville,/cbb/boxscores/2026-01-10-14-north-carolina-asheville_w.html,https://www.sports-reference.com/cbb/boxscores/2026-01-10-14-north-carolina-asheville_w.html
2026-01-10,women,north-carolina-greensboro,mercer,/cbb/boxscores/2026-01-10-14-north-carolina-greensboro_w.html,https://www.sports-reference.com/cbb/boxscores/2026-01-10-14-north-carolina-greensboro_w.html
2026-01-10,women,north-dakota-state,nebraska-omaha,/cbb/boxscores/2026-01-10-14-north-dakota-state_w.html,https://www.sports-reference.com/cbb/boxscores/2026-01-10-14-north-dakota-state_w.html
2026-01-10,men,queens-nc,north-florida,/cbb/boxscores/2026-01-10-14-north-florida.html,https://www.sports-reference.com/cbb/boxscores/2026-01-10-14-north-florida.html
2026-01-10,men,towson,northeastern,/cbb/boxscores/2026-01-10-14-northeastern.html,https://www.sports-reference.com/cbb/boxscores/2026-01-10-14-northeastern.html
2026-01-10,men,ohio,buffalo,/cbb/boxscores/2026-01-10-14-ohio.html,https://www.sports-reference.com/cbb/boxscores/2026-01-10-14-ohio.html
2026-01-10,women,north-florida,queens-nc,/cbb/boxscores/2026-01-10-14-queens-nc_w.html,https://www.sports-reference.com/cbb/boxscores/2026-01-10-14-queens-nc_w.html
2026-01-10,men,north-carolina-asheville,radford,/cbb/boxscores/2026-01-10-14-radford.html,https://www.sports-reference.com/cbb/boxscores/2026-01-10-14-radford.html
2026-01-10,women,saint-josephs,la-salle,/cbb/boxscores/2026-01-10-14-saint-josephs_w.html,https://www.sports-reference.com/cbb/boxscores/2026-01-10-14-saint-josephs_w.html
2026-01-10,women,mount-st-marys,saint-peters,/cbb/boxscores/2026-01-10-14-saint-peters_w.html,https://www.sports-reference.com/cbb/boxscores/2026-01-10-14-saint-peters_w.html
2026-01-10,women,merrimack,siena,/cbb/boxscores/2026-01-10-14-siena_w.html,https://www.sports-reference.com/cbb/boxscores/2026-01-10-14-siena_w.html
2026-01-10,men,winthrop,south-carolina-upstate,/cbb/boxscores/2026-01-10-14-south-carolina-upstate.html,https://www.sports-reference.com/cbb/boxscores/2026-01-10-14-south-carolina-upstate.html
2026-01-10,men,south-dakota,denver,/cbb/boxscores/2026-01-10-14-south-dakota.html,https://www.sports-reference.com/cbb/boxscores/2026-01-10-14-south-dakota.html
2026-01-10,women,st-johns-ny,butler,/cbb/boxscores/2026-01-10-14-st-johns-ny_w.html,https://www.sports-reference.com/cbb/boxscores/2026-01-10-14-st-johns-ny_w.html
2026-01-10,men,stonehill,chicago-state,/cbb/boxscores/2026-01-10-14-stonehill.html,https://www.sports-reference.com/cbb/boxscores/2026-01-10-14-stonehill.html
2026-01-10,women,samford,western-carolina,/cbb/boxscores/2026-01-10-14-western-carolina_w.html,https://www.sports-reference.com/cbb/boxscores/2026-01-10-14-western-carolina_w.html
2026-01-10,women,youngstown-state,ipfw,/cbb/boxscores/2026-01-10-14-youngstown-state_w.html,https://www.sports-reference.com/cbb/boxscores/2026-01-10-14-youngstown-state_w.html
2026-01-10,women,alabama-am,alcorn-state,/cbb/boxscores/2026-01-10-15-alabama-am_w.html,https://www.sports-reference.com/cbb/boxscores/2026-01-10-15-alabama-am_w.html
2026-01-10,men,arkansas-state,texas-state,/cbb/boxscores/2026-01-10-15-arkansas-state.html,https://www.sports-reference.com/cbb/boxscores/2026-01-10-15-arkansas-state.html
2026-01-10,women,stetson,austin-peay,/cbb/boxscores/2026-01-10-15-austin-peay_w.html,https://www.sports-reference.com/cbb/boxscores/2026-01-10-15-austin-peay_w.html
2026-01-10,women,depaul,georgetown,/cbb/boxscores/2026-01-10-15-depaul_w.html,https://www.sports-reference.com/cbb/boxscores/2026-01-10-15-depaul_w.html
2026-01-10,men,george-washington,loyola-il,/cbb/boxscores/2026-01-10-15-george-washington.html,https://www.sports-reference.com/cbb/boxscores/2026-01-10-15-george-washington.html
2026-01-10,men,louisiana-tech,delaware,/cbb/boxscores/2026-01-10-15-louisiana-tech.html,https://www.sports-reference.com/cbb/boxscores/2026-01-10-15-louisiana-tech.html
2026-01-10,men,morehead-state,southeast-missouri-state,/cbb/boxscores/2026-01-10-15-morehead-state.html,https://www.sports-reference.com/cbb/boxscores/2026-01-10-15-morehead-state.html
2026-01-10,women,nevada,new-mexico,/cbb/boxscores/2026-01-10-15-new-mexico_w.html,https://www.sports-reference.com/cbb/boxscores/2026-01-10-15-new-mexico_w.html
2026-01-10,women,nicholls-state,new-orleans,/cbb/boxscores/2026-01-10-15-new-orleans_w.html,https://www.sports-reference.com/cbb/boxscores/2026-01-10-15-new-orleans_w.html
2026-01-10,women,north-alabama,bellarmine,/cbb/boxscores/2026-01-10-15-north-alabama_w.html,https://www.sports-reference.com/cbb/boxscores/2026-01-10-15-north-alabama_w.html
2026-01-10,women,missouri-kansas-city,north-dakota,/cbb/boxscores/2026-01-10-15-north-dakota_w.html,https://www.sports-reference.com/cbb/boxscores/2026-01-10-15-north-dakota_w.html
2026-01-10,women,quinnipiac,sacred-heart,/cbb/boxscores/2026-01-10-15-quinnipiac_w.html,https://www.sports-reference.com/cbb/boxscores/2026-01-10-15-quinnipiac_w.html
2026-01-10,women,south-alabama,louisiana-monroe,/cbb/boxscores/2026-01-10-15-south-alabama_w.html,https://www.sports-reference.com/cbb/boxscores/2026-01-10-15-south-alabama_w.html
2026-01-10,men,southern-mississippi,louisiana-monroe,/cbb/boxscores/2026-01-10-15-southern-mississippi.html,https://www.sports-reference.com/cbb/boxscores/2026-01-10-15-southern-mississippi.html
2026-01-10,women,stephen-f-austin,houston-baptist,/cbb/boxscores/2026-01-10-15-stephen-f-austin_w.html,https://www.sports-reference.com/cbb/boxscores/2026-01-10-15-stephen-f-austin_w.html
2026-01-10,men,texas-am,oklahoma,/cbb/boxscores/2026-01-10-15-texas-am.html,https://www.sports-reference.com/cbb/boxscores/2026-01-10-15-texas-am.html
2026-01-10,women,texas-pan-american,texas-am-commerce,/cbb/boxscores/2026-01-10-15-texas-am-commerce_w.html,https://www.sports-reference.com/cbb/boxscores/2026-01-10-15-texas-am-commerce_w.html
2026-01-10,men,texas-arlington,abilene-christian,/cbb/boxscores/2026-01-10-15-texas-arlington.html,https://www.sports-reference.com/cbb/boxscores/2026-01-10-15-texas-arlington.html
2026-01-10,women,north-texas,tulane,/cbb/boxscores/2026-01-10-15-tulane_w.html,https://www.sports-reference.com/cbb/boxscores/2026-01-10-15-tulane_w.html
2026-01-10,men,south-florida,tulsa,/cbb/boxscores/2026-01-10-15-tulsa.html,https://www.sports-reference.com/cbb/boxscores/2026-01-10-15-tulsa.html
2026-01-10,women,east-carolina,wichita-state,/cbb/boxscores/2026-01-10-15-wichita-state_w.html,https://www.sports-reference.com/cbb/boxscores/2026-01-10-15-wichita-state_w.html
2026-01-10,men,jackson-state,alabama-state,/cbb/boxscores/2026-01-10-16-alabama-state.html,https://www.sports-reference.com/cbb/boxscores/2026-01-10-16-alabama-state.html
2026-01-10,men,holy-cross,american,/cbb/boxscores/2026-01-10-16-american.html,https://www.sports-reference.com/cbb/boxscores/2026-01-10-16-american.html
2026-01-10,men,chattanooga,samford,/cbb/boxscores/2026-01-10-16-chattanooga.html,https://www.sports-reference.com/cbb/boxscores/2026-01-10-16-chattanooga.html
2026-01-10,men,north-carolina-central,coppin-state,/cbb/boxscores/2026-01-10-16-coppin-state.html,https://www.sports-reference.com/cbb/boxscores/2026-01-10-16-coppin-state.html
2026-01-10,women,dixie-state,utah-valley,/cbb/boxscores/2026-01-10-16-dixie-state_w.html,https://www.sports-reference.com/cbb/boxscores/2026-01-10-16-dixie-state_w.html
2026-01-10,men,eastern-illinois,tennessee-state,/cbb/boxscores/2026-01-10-16-eastern-illinois.html,https://www.sports-reference.com/cbb/boxscores/2026-01-10-16-eastern-illinois.html
2026-01-10,men,lipscomb,florida-gulf-coast,/cbb/boxscores/2026-01-10-16-florida-gulf-coast.html,https://www.sports-reference.com/cbb/boxscores/2026-01-10-16-florida-gulf-coast.html
2026-01-10,men,georgia-state,marshall,/cbb/boxscores/2026-01-10-16-georgia-state.html,https://www.sports-reference.com/cbb/boxscores/2026-01-10-16-georgia-state.html
2026-01-10,women,idaho-state,northern-arizona,/cbb/boxscores/2026-01-10-16-idaho-state_w.html,https://www.sports-reference.com/cbb/boxscores/2026-01-10-16-idaho-state_w.html
2026-01-10,men,saint-louis,la-salle,/cbb/boxscores/2026-01-10-16-la-salle.html,https://www.sports-reference.com/cbb/boxscores/2026-01-10-16-la-salle.html
2026-01-10,women,lamar,incarnate-word,/cbb/boxscores/2026-01-10-16-lamar_w.html,https://www.sports-reference.com/cbb/boxscores/2026-01-10-16-lamar_w.html
2026-01-10,men,arkansas-little-rock,lindenwood,/cbb/boxscores/2026-01-10-16-lindenwood.html,https://www.sports-reference.com/cbb/boxscores/2026-01-10-16-lindenwood.html
2026-01-10,men,long-island-university,saint-francis-pa,/cbb/boxscores/2026-01-10-16-long-island-university.html,https://www.sports-reference.com/cbb/boxscores/2026-01-10-16-long-island-university.html
2026-01-10,women,texas-state,louisiana-lafayette,/cbb/boxscores/2026-01-10-16-louisiana-lafayette_w.html,https://www.sports-reference.com/cbb/boxscores/2026-01-10-16-louisiana-lafayette_w.html
2026-01-10,men,maryland-eastern-shore,howard,/cbb/boxscores/2026-01-10-16-maryland-eastern-shore.html,https://www.sports-reference.com/cbb/boxscores/2026-01-10-16-maryland-eastern-shore.html
2026-01-10,women,eastern-washington,montana,/cbb/boxscores/2026-01-10-16-montana_w.html,https://www.sports-reference.com/cbb/boxscores/2026-01-10-16-montana_w.html
2026-01-10,men,morgan-state,south-carolina-state,/cbb/boxscores/2026-01-10-16-morgan-state.html,https://www.sports-reference.com/cbb/boxscores/2026-01-10-16-morgan-state.html
2026-01-10,women,mississippi-valley-state,prairie-view,/cbb/boxscores/2026-01-10-16-prairie-view_w.html,https://www.sports-reference.com/cbb/boxscores/2026-01-10-16-prairie-view_w.html
2026-01-10,women,sacramento-state,portland-state,/cbb/boxscores/2026-01-10-16-sacramento-state_w.html,https://www.sports-reference.com/cbb/boxscores/2026-01-10-16-sacramento-state_w.html
2026-01-10,men,western-kentucky,texas-el-paso,/cbb/boxscores/2026-01-10-16-texas-el-paso.html,https://www.sports-reference.com/cbb/boxscores/2026-01-10-16-texas-el-paso.html
2026-01-10,men,utah-valley,dixie-state,/cbb/boxscores/2026-01-10-16-utah-valley.html,https://www.sports-reference.com/cbb/boxscores/2026-01-10-16-utah-valley.html
2026-01-10,men,virginia-tech,california,/cbb/boxscores/2026-01-10-16-virginia-tech.html,https://www.sports-reference.com/cbb/boxscores/2026-01-10-16-virginia-tech.html
2026-01-10,women,northern-colorado,weber-state,/cbb/boxscores/2026-01-10-16-weber-state_w.html,https://www.sports-reference.com/cbb/boxscores/2026-01-10-16-weber-state_w.html
2026-01-10,men,tennessee-tech,western-illinois,/cbb/boxscores/2026-01-10-16-western-illinois.html,https://www.sports-reference.com/cbb/boxscores/2026-01-10-16-western-illinois.html
2026-01-10,men,xavier,providence,/cbb/boxscores/2026-01-10-16-xavier.html,https://www.sports-reference.com/cbb/boxscores/2026-01-10-16-xavier.html
2026-01-10,men,alcorn-state,alabama-am,/cbb/boxscores/2026-01-10-17-alabama-am.html,https://www.sports-reference.com/cbb/boxscores/2026-01-10-17-alabama-am.html
2026-01-10,women,cal-state-bakersfield,long-beach-state,/cbb/boxscores/2026-01-10-17-cal-state-bakersfield_w.html,https://www.sports-reference.com/cbb/boxscores/2026-01-10-17-cal-state-bakersfield_w.html
2026-01-10,women,cal-state-fullerton,cal-state-northridge,/cbb/boxscores/2026-01-10-17-cal-state-northridge_w.html,https://www.sports-reference.com/cbb/boxscores/2026-01-10-17-cal-state-northridge_w.html
2026-01-10,women,california-davis,cal-poly,/cbb/boxscores/2026-01-10-17-california-davis_w.html,https://www.sports-reference.com/cbb/boxscores/2026-01-10-17-california-davis_w.html
2026-01-10,women,california-irvine,hawaii,/cbb/boxscores/2026-01-10-17-california-irvine_w.html,https://www.sports-reference.com/cbb/boxscores/2026-01-10-17-california-irvine_w.html
2026-01-10,men,college-of-charleston,hampton,/cbb/boxscores/2026-01-10-17-college-of-charleston.html,https://www.sports-reference.com/cbb/boxscores/2026-01-10-17-college-of-charleston.html
2026-01-10,men,eastern-washington,montana,/cbb/boxscores/2026-01-10-17-eastern-washington.html,https://www.sports-reference.com/cbb/boxscores/2026-01-10-17-eastern-washington.html
2026-01-10,men,idaho,montana-state,/cbb/boxscores/2026-01-10-17-idaho.html,https://www.sports-reference.com/cbb/boxscores/2026-01-10-17-idaho.html
2026-01-10,women,utah,kansas-state,/cbb/boxscores/2026-01-10-17-kansas-state_w.html,https://www.sports-reference.com/cbb/boxscores/2026-01-10-17-kansas-state_w.html
2026-01-10,men,kennesaw-state,jacksonville-state,/cbb/boxscores/2026-01-10-17-kennesaw-state.html,https://www.sports-reference.com/cbb/boxscores/2026-01-10-17-kennesaw-state.html
2026-01-10,men,mcneese-state,southeastern-louisiana,/cbb/boxscores/2026-01-10-17-mcneese-state.html,https://www.sports-reference.com/cbb/boxscores/2026-01-10-17-mcneese-state.html
2026-01-10,men,missouri-state,florida-international,/cbb/boxscores/2026-01-10-17-missouri-state.html,https://www.sports-reference.com/cbb/boxscores/2026-01-10-17-missouri-state.html
2026-01-10,men,portland-state,sacramento-state,/cbb/boxscores/2026-01-10-17-portland-state.html,https://www.sports-reference.com/cbb/boxscores/2026-01-10-17-portland-state.html
2026-01-10,women,air-force,san-jose-state,/cbb/boxscores/2026-01-10-17-san-jose-state_w.html,https://www.sports-reference.com/cbb/boxscores/2026-01-10-17-san-jose-state_w.html
2026-01-10,men,south-alabama,georgia-southern,/cbb/boxscores/2026-01-10-17-south-alabama.html,https://www.sports-reference.com/cbb/boxscores/2026-01-10-17-south-alabama.html
2026-01-10,men,tulane,texas-san-antonio,/cbb/boxscores/2026-01-10-17-texas-san-antonio.html,https://www.sports-reference.com/cbb/boxscores/2026-01-10-17-texas-san-antonio.html
2026-01-10,men,seton-hall,georgetown,/cbb/boxscores/2026-01-10-18-georgetown.html,https://www.sports-reference.com/cbb/boxscores/2026-01-10-18-georgetown.html
2026-01-10,men,mississippi,missouri,/cbb/boxscores/2026-01-10-18-mississippi.html,https://www.sports-reference.com/cbb/boxscores/2026-01-10-18-mississippi.html
2026-01-10,men,nicholls-state,new-orleans,/cbb/boxscores/2026-01-10-18-new-orleans.html,https://www.sports-reference.com/cbb/boxscores/2026-01-10-18-new-orleans.html
2026-01-10,men,clemson,notre-dame,/cbb/boxscores/2026-01-10-18-notre-dame.html,https://www.sports-reference.com/cbb/boxscores/2026-01-10-18-notre-dame.html
2026-01-10,men,prairie-view,mississippi-valley-state,/cbb/boxscores/2026-01-10-18-prairie-view.html,https://www.sports-reference.com/cbb/boxscores/2026-01-10-18-prairie-view.html
2026-01-10,women,southern-indiana,tennessee-martin,/cbb/boxscores/2026-01-10-18-southern-indiana_w.html,https://www.sports-reference.com/cbb/boxscores/2026-01-10-18-southern-indiana_w.html
2026-01-10,men,stephen-f-austin,houston-baptist,/cbb/boxscores/2026-01-10-18-stephen-f-austin.html,https://www.sports-reference.com/cbb/boxscores/2026-01-10-18-stephen-f-austin.html
2026-01-10,men,north-carolina-wilmington,stony-brook,/cbb/boxscores/2026-01-10-18-stony-brook.html,https://www.sports-reference.com/cbb/boxscores/2026-01-10-18-stony-brook.html
2026-01-10,men,texas-am-commerce,texas-pan-american,/cbb/boxscores/2026-01-10-18-texas-am-commerce.html,https://www.sports-reference.com/cbb/boxscores/2026-01-10-18-texas-am-commerce.html
2026-01-10,men,cal-state-fullerton,cal-state-northridge,/cbb/boxscores/2026-01-10-19-cal-state-fullerton.html,https://www.sports-reference.com/cbb/boxscores/2026-01-10-19-cal-state-fullerton.html
2026-01-10,women,california-san-diego,california-riverside,/cbb/boxscores/2026-01-10-19-california-san-diego_w.html,https://www.sports-reference.com/cbb/boxscores/2026-01-10-19-california-san-diego_w.html
2026-01-10,men,lamar,incarnate-word,/cbb/boxscores/2026-01-10-19-lamar.html,https://www.sports-reference.com/cbb/boxscores/2026-01-10-19-lamar.html
2026-01-10,men,long-beach-state,cal-state-bakersfield,/cbb/boxscores/2026-01-10-19-long-beach-state.html,https://www.sports-reference.com/cbb/boxscores/2026-01-10-19-long-beach-state.html
2026-01-10,men,pacific,san-diego,/cbb/boxscores/2026-01-10-19-pacific.html,https://www.sports-reference.com/cbb/boxscores/2026-01-10-19-pacific.html
2026-01-10,men,santa-clara,loyola-marymount,/cbb/boxscores/2026-01-10-19-santa-clara.html,https://www.sports-reference.com/cbb/boxscores/2026-01-10-19-santa-clara.html
2026-01-10,women,southern-illinois,valparaiso,/cbb/boxscores/2026-01-10-19-southern-illinois_w.html,https://www.sports-reference.com/cbb/boxscores/2026-01-10-19-southern-illinois_w.html
2026-01-10,women,west-georgia,jacksonville,/cbb/boxscores/2026-01-10-19-west-georgia_w.html,https://www.sports-reference.com/cbb/boxscores/2026-01-10-19-west-georgia_w.html
2026-01-10,men,california-baptist,southern-utah,/cbb/boxscores/2026-01-10-20-california-baptist.html,https://www.sports-reference.com/cbb/boxscores/2026-01-10-20-california-baptist.html
2026-01-10,men,california-san-diego,california-riverside,/cbb/boxscores/2026-01-10-20-california-riverside.html,https://www.sports-reference.com/cbb/boxscores/2026-01-10-20-california-riverside.html
2026-01-10,men,kentucky,mississippi-state,/cbb/boxscores/2026-01-10-20-kentucky.html,https://www.sports-reference.com/cbb/boxscores/2026-01-10-20-kentucky.html
2026-01-10,men,idaho-state,northern-arizona,/cbb/boxscores/2026-01-10-20-northern-arizona.html,https://www.sports-reference.com/cbb/boxscores/2026-01-10-20-northern-arizona.html
2026-01-10,men,weber-state,northern-colorado,/cbb/boxscores/2026-01-10-20-northern-colorado.html,https://www.sports-reference.com/cbb/boxscores/2026-01-10-20-northern-colorado.html
2026-01-10,men,st-thomas-mn,oral-roberts,/cbb/boxscores/2026-01-10-20-oral-roberts.html,https://www.sports-reference.com/cbb/boxscores/2026-01-10-20-oral-roberts.html
2026-01-10,men,portland,oregon-state,/cbb/boxscores/2026-01-10-20-portland.html,https://www.sports-reference.com/cbb/boxscores/2026-01-10-20-portland.html
2026-01-10,men,tennessee-martin,southern-indiana,/cbb/boxscores/2026-01-10-20-southern-indiana.html,https://www.sports-reference.com/cbb/boxscores/2026-01-10-20-southern-indiana.html
2026-01-10,women,california-baptist,southern-utah,/cbb/boxscores/2026-01-10-20-southern-utah_w.html,https://www.sports-reference.com/cbb/boxscores/2026-01-10-20-southern-utah_w.html
2026-01-10,men,nevada,wyoming,/cbb/boxscores/2026-01-10-22-nevada.html,https://www.sports-reference.com/cbb/boxscores/2026-01-10-22-nevada.html
2026-01-11,women,connecticut,creighton,/cbb/boxscores/2026-01-11-01-creighton_w.html,https://www.sports-reference.com/cbb/boxscores/2026-01-11-01-creighton_w.html
2026-01-11,women,louisiana-state,texas,/cbb/boxscores/2026-01-11-15-louisiana-state_w.html,https://www.sports-reference.com/cbb/boxscores/2026-01-11-15-louisiana-state_w.html
2026-01-11,women,south-carolina,georgia,/cbb/boxscores/2026-01-11-14-georgia_w.html,https://www.sports-reference.com/cbb/boxscores/2026-01-11-14-georgia_w.html
2026-01-11,women,ucla,nebraska,/cbb/boxscores/2026-01-11-19-nebraska_w.html,https://www.sports-reference.com/cbb/boxscores/2026-01-11-19-nebraska_w.html
2026-01-11,women,kentucky,oklahoma,/cbb/boxscores/2026-01-11-16-kentucky_w.html,https://www.sports-reference.com/cbb/boxscores/2026-01-11-16-kentucky_w.html
2026-01-11,women,vanderbilt,texas-am,/cbb/boxscores/2026-01-11-15-texas-am_w.html,https://www.sports-reference.com/cbb/boxscores/2026-01-11-15-texas-am_w.html
2026-01-11,women,ohio-state,maryland,/cbb/boxscores/2026-01-11-00-maryland_w.html,https://www.sports-reference.com/cbb/boxscores/2026-01-11-00-maryland_w.html
2026-01-11,women,michigan,wisconsin,/cbb/boxscores/2026-01-11-00-michigan_w.html,https://www.sports-reference.com/cbb/boxscores/2026-01-11-00-michigan_w.html
2026-01-11,women,louisville,pittsburgh,/cbb/boxscores/2026-01-11-14-louisville_w.html,https://www.sports-reference.com/cbb/boxscores/2026-01-11-14-louisville_w.html
2026-01-11,women,west-virginia,iowa-state,/cbb/boxscores/2026-01-11-15-iowa-state_w.html,https://www.sports-reference.com/cbb/boxscores/2026-01-11-15-iowa-state_w.html
2026-01-11,women,texas-christian,arizona-state,/cbb/boxscores/2026-01-11-01-texas-christian_w.html,https://www.sports-reference.com/cbb/boxscores/2026-01-11-01-texas-christian_w.html
2026-01-11,women,iowa,indiana,/cbb/boxscores/2026-01-11-00-indiana_w.html,https://www.sports-reference.com/cbb/boxscores/2026-01-11-00-indiana_w.html
2026-01-11,women,michigan-state,oregon,/cbb/boxscores/2026-01-11-03-oregon_w.html,https://www.sports-reference.com/cbb/boxscores/2026-01-11-03-oregon_w.html
2026-01-11,women,baylor,kansas,/cbb/boxscores/2026-01-11-01-baylor_w.html,https://www.sports-reference.com/cbb/boxscores/2026-01-11-01-baylor_w.html
2026-01-11,women,mississippi,mississippi-state,/cbb/boxscores/2026-01-11-18-mississippi_w.html,https://www.sports-reference.com/cbb/boxscores/2026-01-11-18-mississippi_w.html
2026-01-11,women,tennessee,arkansas,/cbb/boxscores/2026-01-11-14-tennessee_w.html,https://www.sports-reference.com/cbb/boxscores/2026-01-11-14-tennessee_w.html
2026-01-11,women,minnesota,southern-california,/cbb/boxscores/2026-01-11-15-minnesota_w.html,https://www.sports-reference.com/cbb/boxscores/2026-01-11-15-minnesota_w.html
2026-01-11,women,notre-dame,north-carolina,/cbb/boxscores/2026-01-11-13-notre-dame_w.html,https://www.sports-reference.com/cbb/boxscores/2026-01-11-13-notre-dame_w.html
2026-01-11,women,purdue,washington,/cbb/boxscores/2026-01-11-00-purdue_w.html,https://www.sports-reference.com/cbb/boxscores/2026-01-11-00-purdue_w.html
2026-01-11,women,georgia-tech,clemson,/cbb/boxscores/2026-01-11-00-georgia-tech_w.html,https://www.sports-reference.com/cbb/boxscores/2026-01-11-00-georgia-tech_w.html
2026-01-11,women,college-of-charleston,hampton,/cbb/boxscores/2026-01-11-00-hampton_w.html,https://www.sports-reference.com/cbb/boxscores/2026-01-11-00-hampton_w.html
2026-01-11,women,northeastern,monmouth,/cbb/boxscores/2026-01-11-00-northeastern_w.html,https://www.sports-reference.com/cbb/boxscores/2026-01-11-00-northeastern_w.html
2026-01-11,women,illinois,penn-state,/cbb/boxscores/2026-01-11-00-penn-state_w.html,https://www.sports-reference.com/cbb/boxscores/2026-01-11-00-penn-state_w.html
2026-01-11,women,villanova,providence,/cbb/boxscores/2026-01-11-00-providence_w.html,https://www.sports-reference.com/cbb/boxscores/2026-01-11-00-providence_w.html
2026-01-11,women,stony-brook,north-carolina-at,/cbb/boxscores/2026-01-11-00-stony-brook_w.html,https://www.sports-reference.com/cbb/boxscores/2026-01-11-00-stony-brook_w.html
2026-01-11,women,towson,north-carolina-wilmington,/cbb/boxscores/2026-01-11-00-towson_w.html,https://www.sports-reference.com/cbb/boxscores/2026-01-11-00-towson_w.html
2026-01-11,women,virginia-commonwealth,duquesne,/cbb/boxscores/2026-01-11-00-virginia-commonwealth_w.html,https://www.sports-reference.com/cbb/boxscores/2026-01-11-00-virginia-commonwealth_w.html
2026-01-11,women,illinois-state,evansville,/cbb/boxscores/2026-01-11-01-illinois-state_w.html,https://www.sports-reference.com/cbb/boxscores/2026-01-11-01-illinois-state_w.html
2026-01-11,women,murray-state,drake,/cbb/boxscores/2026-01-11-01-murray-state_w.html,https://www.sports-reference.com/cbb/boxscores/2026-01-11-01-murray-state_w.html
2026-01-11,women,oklahoma-state,colorado,/cbb/boxscores/2026-01-11-01-oklahoma-state_w.html,https://www.sports-reference.com/cbb/boxscores/2026-01-11-01-oklahoma-state_w.html
2026-01-11,women,california,wake-forest,/cbb/boxscores/2026-01-11-03-california_w.html,https://www.sports-reference.com/cbb/boxscores/2026-01-11-03-california_w.html
2026-01-11,women,duke,stanford,/cbb/boxscores/2026-01-11-03-stanford_w.html,https://www.sports-reference.com/cbb/boxscores/2026-01-11-03-stanford_w.html
2026-01-11,women,george-mason,george-washington,/cbb/boxscores/2026-01-11-12-george-washington_w.html,https://www.sports-reference.com/cbb/boxscores/2026-01-11-12-george-washington_w.html
2026-01-11,women,virginia-tech,boston-college,/cbb/boxscores/2026-01-11-12-virginia-tech_w.html,https://www.sports-reference.com/cbb/boxscores/2026-01-11-12-virginia-tech_w.html
2026-01-11,women,iupui,wright-state,/cbb/boxscores/2026-01-11-13-iupui_w.html,https://www.sports-reference.com/cbb/boxscores/2026-01-11-13-iupui_w.html
2026-01-11,women,louisiana-tech,liberty,/cbb/boxscores/2026-01-11-13-liberty_w.html,https://www.sports-reference.com/cbb/boxscores/2026-01-11-13-liberty_w.html
2026-01-11,women,campbell,william-mary,/cbb/boxscores/2026-01-11-14-campbell_w.html,https://www.sports-reference.com/cbb/boxscores/2026-01-11-14-campbell_w.html
2026-01-11,women,drexel,hofstra,/cbb/boxscores/2026-01-11-14-drexel_w.html,https://www.sports-reference.com/cbb/boxscores/2026-01-11-14-drexel_w.html
2026-01-11,women,loyola-il,saint-louis,/cbb/boxscores/2026-01-11-14-loyola-il_w.html,https://www.sports-reference.com/cbb/boxscores/2026-01-11-14-loyola-il_w.html
2026-01-11,women,miami-fl,florida-state,/cbb/boxscores/2026-01-11-14-miami-fl_w.html,https://www.sports-reference.com/cbb/boxscores/2026-01-11-14-miami-fl_w.html
2026-01-11,women,syracuse,virginia,/cbb/boxscores/2026-01-11-14-virginia_w.html,https://www.sports-reference.com/cbb/boxscores/2026-01-11-14-virginia_w.html
2026-01-11,women,auburn,florida,/cbb/boxscores/2026-01-11-15-auburn_w.html,https://www.sports-reference.com/cbb/boxscores/2026-01-11-15-auburn_w.html
2026-01-11,women,belmont,northern-iowa,/cbb/boxscores/2026-01-11-15-belmont_w.html,https://www.sports-reference.com/cbb/boxscores/2026-01-11-15-belmont_w.html
2026-01-11,women,bradley,indiana-state,/cbb/boxscores/2026-01-11-15-bradley_w.html,https://www.sports-reference.com/cbb/boxscores/2026-01-11-15-bradley_w.html
2026-01-11,women,northwestern,rutgers,/cbb/boxscores/2026-01-11-15-northwestern_w.html,https://www.sports-reference.com/cbb/boxscores/2026-01-11-15-northwestern_w.html
2026-01-11,women,north-carolina-state,southern-methodist,/cbb/boxscores/2026-01-11-18-north-carolina-state_w.html,https://www.sports-reference.com/cbb/boxscores/2026-01-11-18-north-carolina-state_w.html
2026-01-12,women,alabama,missouri,/cbb/boxscores/2026-01-12-01-missouri_w.html,https://www.sports-reference.com/cbb/boxscores/2026-01-12-01-missouri_w.html
2026-01-13,women,texas-tech,houston,/cbb/boxscores/2026-01-13-01-texas-tech_w.html,https://www.sports-reference.com/cbb/boxscores/2026-01-13-01-texas-tech_w.html
2026-01-13,women,cornell,,/cbb/boxscores/2026-01-13-00-cornell_w.html,https://www.sports-reference.com/cbb/boxscores/2026-01-13-00-cornell_w.html
2026-01-13,women,east-carolina,tulsa,/cbb/boxscores/2026-01-13-00-east-carolina_w.html,https://www.sports-reference.com/cbb/boxscores/2026-01-13-00-east-carolina_w.html
2026-01-13,women,tulane,temple,/cbb/boxscores/2026-01-13-00-temple_w.html,https://www.sports-reference.com/cbb/boxscores/2026-01-13-00-temple_w.html
2026-01-13,women,north-texas,memphis,/cbb/boxscores/2026-01-13-01-north-texas_w.html,https://www.sports-reference.com/cbb/boxscores/2026-01-13-01-north-texas_w.html
2026-01-13,women,western-illinois,eastern-illinois,/cbb/boxscores/2026-01-13-18-eastern-illinois_w.html,https://www.sports-reference.com/cbb/boxscores/2026-01-13-18-eastern-illinois_w.html
2026-01-13,women,xavier,depaul,/cbb/boxscores/2026-01-13-18-xavier_w.html,https://www.sports-reference.com/cbb/boxscores/2026-01-13-18-xavier_w.html
2026-01-13,women,florida-atlantic,wichita-state,/cbb/boxscores/2026-01-13-19-florida-atlantic_w.html,https://www.sports-reference.com/cbb/boxscores/2026-01-13-19-florida-atlantic_w.html
2026-01-13,women,georgetown,st-johns-ny,/cbb/boxscores/2026-01-13-19-georgetown_w.html,https://www.sports-reference.com/cbb/boxscores/2026-01-13-19-georgetown_w.html
2026-01-13,women,south-florida,texas-san-antonio,/cbb/boxscores/2026-01-13-19-south-florida_w.html,https://www.sports-reference.com/cbb/boxscores/2026-01-13-19-south-florida_w.html
