"team","player","pid"
"college-of-charleston","Taylor Barbot","college-of-charleston_tayl1"
"college-of-charleston","Tyja Beans","college-of-charleston_tyja1"
"college-of-charleston","Taryn Barbot","college-of-charleston_tary1"
"college-of-charleston","Sophia Tougas","college-of-charleston_soph1"
"college-of-charleston","Chynell Mitchell","college-of-charleston_chyn1"
"college-of-charleston","Leah Philpotts","college-of-charleston_leah1"
"college-of-charleston","Marissa Brown","college-of-charleston_mari1"
"college-of-charleston","Grace Ezebilo","college-of-charleston_grac1"
"college-of-charleston","Anilys Rolon","college-of-charleston_anil1"
"college-of-charleston","Camila De Pool","college-of-charleston_cami1"
"college-of-charleston","Dani McTeer","college-of-charleston_dani1"
"college-of-charleston","Alana Philpotts","college-of-charleston_alan1"
"college-of-charleston","Naylee Cortes","college-of-charleston_nayl1"
"delaware","Kendall Scott","delaware_kend1"
"delaware","Safiatu Kolliegbo","delaware_safi1"
"delaware","Laylay Fantroy","delaware_layl1"
"delaware","Grace Sundback","delaware_grac1"
"delaware","Ande'a Cherisier","delaware_ande1"
"delaware","Arantxa Portalez","delaware_aran1"
"delaware","Kailah Correa","delaware_kail1"
"delaware","Claudia Clement","delaware_clau1"
"delaware","Trinity Vance","delaware_trin1"
"delaware","Jiya Perry","delaware_jiya1"
"florida-am","Miya Giles-Jones","florida-am_miya1"
"florida-am","Tahnyjia Purifoy","florida-am_tahn1"
"florida-am","Shaniyah McCarthy","florida-am_shan1"
"florida-am","Breazia Robinson","florida-am_brea1"
"florida-am","Za'Naria Robinson","florida-am_zana1"
"florida-am","Cornelia Ellington","florida-am_corn1"
"florida-am","ZiKeyah Carter","florida-am_zike1"
"florida-am","Jordan Boddie","florida-am_jord1"
"florida-am","Aina Subirats","florida-am_aina1"
"florida-am","Thailan Payne","florida-am_thai1"
"florida-am","Brooklyn Swann","florida-am_broo1"
"florida-am","Zana Justice","florida-am_zana2"
"florida-am","Niah Rhodes","florida-am_niah1"
"florida-am","April Hooks","florida-am_apri1"
"florida-state","Amaya Bonner","florida-state_amay1"
"florida-state","Pania Davis","florida-state_pani1"
"florida-state","Allie Kubek","florida-state_alli1"
"florida-state","Jasmine Shavers","florida-state_jasm1"
"florida-state","Sydney Bowles","florida-state_sydn1"
"florida-state","Tatum Greene","florida-state_tatu1"
"florida-state","Emma Risch","florida-state_emma1"
"florida-state","Solè Williams","florida-state_solw1"
"florida-state","Kemariah Gerton","florida-state_kema1"
"florida-state","Avery Treadwell","florida-state_aver1"
"florida","Liv McGill","florida_livm1"
"florida","Laila Reynolds","florida_lail1"
"florida","Caterina Piatti","florida_cate1"
"florida","Me'Arah O'Neal","florida_mear1"
"florida","Alexia Dizeko","florida_alex1"
"florida","Nyadieng Yiech","florida_nyad1"
"florida","Gift Ezekiel","florida_gift1"
"florida","Sarah Deng","florida_sara1"
"florida","Emilija Dakic","florida_emil1"
"florida","KN'isha Godfrey","florida_knis1"
"north-florida","Karyzma Pierre","north-florida_kary1"
"north-florida","Jamisyn Stinson","north-florida_jami1"
"north-florida","Georgi Buzzetti","north-florida_geor1"
"north-florida","Alonya Waldon","north-florida_alon1"
"north-florida","Elle Blatchford","north-florida_elle1"
"north-florida","Megan Verbeeten","north-florida_mega1"
"north-florida","Abby Knauff","north-florida_abby1"
"north-florida","Jamison Cardwell","north-florida_jami2"
"north-florida","Nicole Carreno","north-florida_nico1"
"north-florida","Soraya Ogaldez","north-florida_sora1"
"north-florida","Dezuray McGill","north-florida_dezu1"
"north-florida","Claire Davis","north-florida_clai1"
"indiana-state","Samiyah Briggs","indiana-state_sami1"
"indiana-state","Amerie Flowers","indiana-state_amer1"
"indiana-state","Da'Naria Washington","indiana-state_dana1"
"indiana-state","Kennedy Claybrooks","indiana-state_kenn1"
"indiana-state","Kayla Smith","indiana-state_kayl1"
"indiana-state","Tierney Kelsey","indiana-state_tier1"
"indiana-state","Jayci Allen","indiana-state_jayc1"
"indiana-state","Clemisha Prackett","indiana-state_clem1"
"indiana-state","Ruth Sodipe","indiana-state_ruth1"
"indiana-state","Kennedi Ard","indiana-state_kenn2"
"iupui","Nevaeh Foster","iupui_neva1"
"iupui","Olivia Smith","iupui_oliv1"
"iupui","Ariana Williams","iupui_aria1"
"iupui","Hailey Smith","iupui_hail1"
"iupui","Sydney Bolden","iupui_sydn1"
"iupui","Destini Craig","iupui_dest1"
"iupui","Kamara Mills","iupui_kama1"
"iupui","E'Zaria Adams","iupui_ezar1"
"iupui","Julia Hall","iupui_juli1"
"iupui","Jemma Amoore","iupui_jemm1"
"iupui","Denali Craig-Edwards","iupui_dena1"
"buffalo","Anaya Coleman","buffalo_anay1"
"buffalo","Gabby McDuffie","buffalo_gabb1"
"buffalo","Aniya Rowe","buffalo_aniy1"
"buffalo","Paula Lopez","buffalo_paul1"
"buffalo","Ally Carman","buffalo_ally1"
"buffalo","Meg Lucas","buffalo_megl1"
"buffalo","Deana Thompson","buffalo_dean1"
"buffalo","Diann Jackson","buffalo_dian1"
"buffalo","Elizabeth Field","buffalo_eliz1"
"buffalo","Amber Howard","buffalo_ambe1"
"buffalo","Janyah Bohanon","buffalo_jany1"
"marshall","Peyton Ilderton","marshall_peyt1"
"marshall","Timaya Lewis-Eutsey","marshall_tima1"
"marshall","Olivia Olson","marshall_oliv1"
"marshall","Meredith Maier","marshall_mere1"
"marshall","TreShondra Williams","marshall_tres1"
"marshall","Timberlynn Yeast","marshall_timb1"
"marshall","Blessing King","marshall_bles1"
"marshall","Kassie Ingram","marshall_kass1"
"marshall","Ni'Kiah Chesterfield","marshall_niki1"
"marshall","Aarionna Redman","marshall_aari1"
"marshall","Leyocha Marigney","marshall_leyo1"
"loyola-md","Lex Therien","loyola-md_lext1"
"loyola-md","Kailey Kalet","loyola-md_kail1"
"loyola-md","Kimmie Hicks","loyola-md_kimm1"
"loyola-md","Cristina Garcia","loyola-md_cris1"
"loyola-md","Koi Sims","loyola-md_kois1"
"loyola-md","Avery Simmons","loyola-md_aver1"
"loyola-md","Amandine Amorich","loyola-md_aman1"
"loyola-md","Whitley Watkins","loyola-md_whit1"
"loyola-md","Gabby Betton","loyola-md_gabb1"
"loyola-md","Sydney Bass","loyola-md_sydn1"
"loyola-md","Olivia Shaughnessy","loyola-md_oliv1"
"loyola-md","Marta Espinal","loyola-md_mart1"
"loyola-md","Ally Lovisolo","loyola-md_ally1"
"maryland","Yarden Garzon","maryland_yard1"
"maryland","Saylor Poffenbarger","maryland_sayl1"
"maryland","Lea Bartelme","maryland_leab1"
"maryland","Oluchi Okananwa","maryland_oluc1"
"maryland","Isimenme Ozzy-Momodu","maryland_isim1"
"maryland","Addi Mack","maryland_addi1"
"maryland","Kyndal Walker","maryland_kynd1"
"maryland","Rainey Welson","maryland_rain1"
"maryland","Marya Boiko","maryland_mary1"
"maryland","Mir McLean","maryland_mirm1"
"maryland","Ava McKennie","maryland_avam1"
"maryland","Breanna Williams","maryland_brea1"
"maryland","Nicole Fritea","maryland_nico1"
"bucknell","Tuana Coskun","bucknell_tuan1"
"bucknell","Reese Zemitis","bucknell_rees1"
"bucknell","Elana Weisman","bucknell_elan1"
"bucknell","Isabella Casey","bucknell_isab1"
"bucknell","Anna Kunzwiler","bucknell_anna1"
"bucknell","Ella Kreuzer","bucknell_ella1"
"bucknell","Kaila Richards","bucknell_kail1"
"bucknell","Elena Houghton","bucknell_elen1"
"bucknell","Desirae Ashton","bucknell_desi1"
"bucknell","Mariah Hardy","bucknell_mari1"
"bucknell","Marisa Smith","bucknell_mari2"
"penn-state","Kiyomi McMiller","penn-state_kiyo1"
"penn-state","Gracie Merkle","penn-state_grac1"
"penn-state","Viktoria Ranisavljevic","penn-state_vikt1"
"penn-state","Moriah Murray","penn-state_mori1"
"penn-state","Vitoria Santana","penn-state_vito1"
"penn-state","Amiya Evans","penn-state_amiy1"
"penn-state","Shayla Smith","penn-state_shay1"
"penn-state","Nyla McFadden","penn-state_nyla1"
"penn-state","Shaelyn Steele","penn-state_shae1"
"penn-state","Rachael Okokoh","penn-state_rach1"
"presbyterian","Aretha Linger","presbyterian_aret1"
"presbyterian","Ore Ogunwolere","presbyterian_oreo1"
"presbyterian","Shelby Fiddler","presbyterian_shel1"
"presbyterian","Krystal Haddock","presbyterian_krys1"
"presbyterian","Morgan Boyd","presbyterian_morg1"
"presbyterian","Daniella Velez","presbyterian_dani1"
"presbyterian","Allie Sykes","presbyterian_alli1"
"presbyterian","Jacia Cunningham","presbyterian_jaci1"
"presbyterian","Yolanda Floyd","presbyterian_yola1"
"presbyterian","Amani Williams","presbyterian_aman1"
"presbyterian","Aminata Tal","presbyterian_amin1"
"presbyterian","Laetitia Kamdoum","presbyterian_laet1"
"presbyterian","Samantha Mullock","presbyterian_sama1"
"fairleigh-dickinson","Ava Renninger","fairleigh-dickinson_avar1"
"fairleigh-dickinson","Kailee McDonald","fairleigh-dickinson_kail1"
"fairleigh-dickinson","Leah Crosby","fairleigh-dickinson_leah1"
"fairleigh-dickinson","Rebecca Osei-Owusu","fairleigh-dickinson_rebe1"
"fairleigh-dickinson","Madlena Gerke","fairleigh-dickinson_madl1"
"fairleigh-dickinson","Reese Downey","fairleigh-dickinson_rees1"
"fairleigh-dickinson","Joi Johnson","fairleigh-dickinson_joij1"
"fairleigh-dickinson","Akeelah Lafleur","fairleigh-dickinson_akee1"
"fairleigh-dickinson","Bella Toomey","fairleigh-dickinson_bell1"
"fairleigh-dickinson","Tyler Edwards","fairleigh-dickinson_tyle1"
"fairleigh-dickinson","Jada Elston","fairleigh-dickinson_jada1"
"purdue","Hila Karsh","purdue_hila1"
"purdue","Madison Layden-Zay","purdue_madi1"
"purdue","Tara Daye","purdue_tara1"
"purdue","Lana McCarthy","purdue_lana1"
"purdue","Nya Smith","purdue_nyas1"
"purdue","Kiki Smith","purdue_kiki1"
"purdue","Saige Stahl","purdue_saig1"
"purdue","Kendall Puryear","purdue_kend1"
"purdue","Taylor Feldman","purdue_tayl1"
"purdue","Avery Gordon","purdue_aver1"
"george-mason","Zahirah Walton","george-mason_zahi1"
"george-mason","Maliyah Johnson","george-mason_mali1"
"george-mason","Louis Volker","george-mason_loui1"
"george-mason","Jada Brown","george-mason_jada1"
"george-mason","Kennedy Harris","george-mason_kenn1"
"george-mason","Page Greenburg","george-mason_page1"
"george-mason","Mary Amoateng","george-mason_mary1"
"george-mason","Sanyiah Littlejohn-Short","george-mason_sany1"
"george-mason","Makayla Johnson","george-mason_maka1"
"george-mason","Sara Blair","george-mason_sara1"
"george-mason","Leah Keyes","george-mason_leah1"
"temple","Kaylah Turner","temple_kayl1"
"temple","Tristen Taylor","temple_tris1"
"temple","Saniyah Craig","temple_sani1"
"temple","Jaleesa Molina","temple_jale1"
"temple","Savannah Curry","temple_sava1"
"temple","Kelian Cedano","temple_keli1"
"temple","Felicia Jacobs","temple_feli1"
"temple","Brianna Mead","temple_bria1"
"temple","Drew Alexander","temple_drew1"
"temple","Khloe Miller","temple_khlo1"
"temple","Ariana Meriedy","temple_aria1"
"radford","Joi Williams","radford_joiw1"
"radford","Ellie Taylor","radford_elli1"
"radford","Georgia Simonsen","radford_geor1"
"radford","Cate Carlson","radford_cate1"
"radford","Angelina Nice","radford_ange1"
"radford","Adelyn Traylor-Walker","radford_adel1"
"radford","Anaiah Jenkins","radford_anai1"
"radford","Kirah Dandridge","radford_kira1"
"radford","Lindsee Williams","radford_lind1"
"radford","Cherish Haywood","radford_cher1"
"radford","Anna Stromberg","radford_anna1"
"wake-forest","Grace Oliver","wake-forest_grac1"
"wake-forest","Mary Carter","wake-forest_mary1"
"wake-forest","Aurora Sørbye","wake-forest_auro1"
"wake-forest","Milan Brown","wake-forest_mila1"
"wake-forest","Kennedy Moore","wake-forest_kenn1"
"wake-forest","Opal Bird","wake-forest_opal1"
"wake-forest","Raven Preston","wake-forest_rave1"
"wake-forest","Madisyn Jordan","wake-forest_madi1"
"wake-forest","Caitlyn Jones","wake-forest_cait1"
"wake-forest","Grace Galbavy","wake-forest_grac2"
"wake-forest","Emily Johns","wake-forest_emil1"
"illinois-chicago","Jessica Carrothers","illinois-chicago_jess1"
"illinois-chicago","Julia Coleman","illinois-chicago_juli1"
"illinois-chicago","Chantrel Clayton","illinois-chicago_chan1"
"illinois-chicago","Sara Zabrecky","illinois-chicago_sara1"
"illinois-chicago","Amelia Strong","illinois-chicago_amel1"
"illinois-chicago","Samantha Serrano","illinois-chicago_sama1"
"illinois-chicago","Crystal Ortiz","illinois-chicago_crys1"
"illinois-chicago","Marissa Green","illinois-chicago_mari1"
"illinois-chicago","London Walker-George","illinois-chicago_lond1"
"robert-morris","Eva Levingston","robert-morris_eval1"
"robert-morris","Aislin Malcolm","robert-morris_aisl1"
"robert-morris","Noa Givon","robert-morris_noag1"
"robert-morris","Bailey Kuhns","robert-morris_bail1"
"robert-morris","Jada Lee","robert-morris_jada1"
"robert-morris","Myriam Traore","robert-morris_myri1"
"robert-morris","Mallory Daly","robert-morris_mall1"
"robert-morris","Jennica Suggs","robert-morris_jenn1"
"robert-morris","Layke Fields","robert-morris_layk1"
"robert-morris","Markeli Jones-Tynes","robert-morris_mark1"
"robert-morris","Ava Leroux","robert-morris_aval1"
"robert-morris","Dania McClain","robert-morris_dani1"
"robert-morris","Sanai Troutman","robert-morris_sana1"
"robert-morris","London Creach","robert-morris_lond1"
"dayton","Jayda Johnson","dayton_jayd1"
"dayton","Nayo Lear","dayton_nayo1"
"dayton","Olivia Leung","dayton_oliv1"
"dayton","Fatima Ibrahim","dayton_fati1"
"dayton","Ajok Madol","dayton_ajok1"
"dayton","Molly O'Riordan","dayton_moll1"
"dayton","Jordyn Poole","dayton_jord1"
"dayton","Shantavia Dawkins","dayton_shan1"
"dayton","Eleanor Monyek","dayton_elea1"
"illinois-state","Jaeden Pratt","illinois-state_jaed1"
"illinois-state","Trista Fayta","illinois-state_tris1"
"illinois-state","Addison Martin","illinois-state_addi1"
"illinois-state","Bella Finnegan","illinois-state_bell1"
"illinois-state","Doneelah Washington","illinois-state_done1"
"illinois-state","Nevaeh Thomas","illinois-state_neva1"
"illinois-state","Jordan Fenske","illinois-state_jord1"
"illinois-state","Grace Nelson","illinois-state_grac1"
"illinois-state","Zanyra Adams","illinois-state_zany1"
"illinois-state","Madison Austin","illinois-state_madi1"
"illinois-state","De'Shawnti Thomas","illinois-state_desh1"
"illinois-state","Morgan Bruno","illinois-state_morg1"
"loyola-il","Alexa Kinas","loyola-il_alex1"
"loyola-il","Rosalie Mercille","loyola-il_rosa1"
"loyola-il","Kira Chivers","loyola-il_kira1"
"loyola-il","Clara Djoko","loyola-il_clar1"
"loyola-il","Brooklyn Vaughn","loyola-il_broo1"
"loyola-il","Audrey Deptula","loyola-il_audr1"
"loyola-il","Alex-Anne Bessette","loyola-il_alex2"
"loyola-il","Kendall Hendrix","loyola-il_kend1"
"loyola-il","Roisin Grandberry","loyola-il_rois1"
"loyola-il","Nevaeh Dickman","loyola-il_neva1"
"loyola-il","Daniella Matus","loyola-il_dani1"
"milwaukee","Jorey Buwalda","milwaukee_jore1"
"milwaukee","Payton Rechlicz","milwaukee_payt1"
"milwaukee","Jada Williams","milwaukee_jada1"
"milwaukee","Sophia Rampulla","milwaukee_soph1"
"milwaukee","Madison Fitzgibbon","milwaukee_madi1"
"milwaukee","Valérie Cassidy-De Falco","milwaukee_valr1"
"milwaukee","Micayla Silas","milwaukee_mica1"
"milwaukee","Grace Lomen","milwaukee_grac1"
"milwaukee","Izzy Pugh","milwaukee_izzy1"
"milwaukee","Tierney Madigan","milwaukee_tier1"
"milwaukee","Rita Gomes","milwaukee_rita1"
"milwaukee","Cece McNair","milwaukee_cece1"
"milwaukee","Kendall Barnes","milwaukee_kend1"
"davidson","Katie Donovan","davidson_kati1"
"davidson","Charlise Dunn","davidson_char1"
"davidson","Kyra Bruyndoncx","davidson_kyra1"
"davidson","Edina Strausz","davidson_edin1"
"davidson","Emilie Bessell","davidson_emil1"
"davidson","Ines Garcia Monje","davidson_ines1"
"davidson","Sienna Dauer","davidson_sien1"
"davidson","Elena Alvarez Castellanos","davidson_elen1"
"davidson","Angeliki Ziaka","davidson_ange1"
"davidson","Candice Lienafa","davidson_cand1"
"davidson","Jasmine Timmerson","davidson_jasm1"
"mississippi-state","Destiney McPhaul","mississippi-state_dest1"
"mississippi-state","Kharyssa Richardson","mississippi-state_khar1"
"mississippi-state","Favour Nwaedozi","mississippi-state_favo1"
"mississippi-state","Trayanna Crisp","mississippi-state_tray1"
"mississippi-state","Chandler Prater","mississippi-state_chan1"
"mississippi-state","Madison Francis","mississippi-state_madi1"
"mississippi-state","Jaylah Lampley","mississippi-state_jayl1"
"mississippi-state","Awa Fane","mississippi-state_awaf1"
"missouri-state","Kaemyn Bekemeier","missouri-state_kaem1"
"missouri-state","Maycee James","missouri-state_mayc1"
"missouri-state","Cady Pauley","missouri-state_cady1"
"missouri-state","Faith Lee","missouri-state_fait1"
"missouri-state","Lainie Douglas","missouri-state_lain1"
"missouri-state","Maiesha Washington","missouri-state_maie1"
"missouri-state","Audrey Hopkins","missouri-state_audr1"
"missouri-state","Kendal Brueggen","missouri-state_kend1"
"missouri-state","JaNyla Bush","missouri-state_jany1"
"missouri-state","Zoe Canfield","missouri-state_zoec1"
"saint-louis","Alexia Nelson","saint-louis_alex1"
"saint-louis","Zya Nugent","saint-louis_zyan1"
"saint-louis","Hannah Wallace","saint-louis_hann1"
"saint-louis","Alyssa Koerkenmeier","saint-louis_alys1"
"saint-louis","Jahda Denis","saint-louis_jahd1"
"saint-louis","Zhykera Brown","saint-louis_zhyk1"
"saint-louis","Jasaiyah Wallace","saint-louis_jasa1"
"saint-louis","Jada Tiggett","saint-louis_jada1"
"saint-louis","Mia Bergstrom","saint-louis_miab1"
"saint-louis","Isabel Tillett","saint-louis_isab1"
"central-arkansas","Shae Littleford","central-arkansas_shae1"
"central-arkansas","Bree Stephens","central-arkansas_bree1"
"central-arkansas","Paris Santacaterina","central-arkansas_pari1"
"central-arkansas","Cheyanne Kemp","central-arkansas_chey1"
"central-arkansas","Julianna Gibson","central-arkansas_juli1"
"central-arkansas","Linda Amaning","central-arkansas_lind1"
"central-arkansas","Jenna Cook","central-arkansas_jenn1"
"central-arkansas","Laylah Reese","central-arkansas_layl1"
"central-arkansas","Emerie Bohanon","central-arkansas_emer1"
"central-arkansas","Alexis Cox","central-arkansas_alex1"
"central-arkansas","Kamryn Griffin","central-arkansas_kamr1"
"missouri","Jordana Reisma","missouri_jord1"
"missouri","Shannon Dowell","missouri_shan1"
"missouri","Grace Slaughter","missouri_grac1"
"missouri","Abbey Schreacke","missouri_abbe1"
"missouri","Lisa Thompson","missouri_lisa1"
"missouri","Jayla Smith","missouri_jayl1"
"missouri","Chloe Sotell","missouri_chlo1"
"missouri","Reka Toman","missouri_reka1"
"missouri","Ma'Riya Vincent","missouri_mari1"
"new-orleans","Jayla Kimbrough","new-orleans_jayl1"
"new-orleans","Shanihya Brown","new-orleans_shan1"
"new-orleans","Aaliyah Ellis","new-orleans_aali1"
"new-orleans","Trinity Bane","new-orleans_trin1"
"new-orleans","Chenai Mushore","new-orleans_chen1"
"new-orleans","Braille Washington","new-orleans_brai1"
"new-orleans","Jayla Owen","new-orleans_jayl2"
"new-orleans","Lauren Banks","new-orleans_laur1"
"new-orleans","Hailee Brennen","new-orleans_hail1"
"new-orleans","Mikayla Johnson","new-orleans_mika1"
"new-orleans","Mariah Hart","new-orleans_mari1"
"new-orleans","Sharon Smith","new-orleans_shar1"
"new-orleans","Logan Johnson","new-orleans_loga1"
"oklahoma-state","Amari Whiting","oklahoma-state_amar1"
"oklahoma-state","Micah Gray","oklahoma-state_mica1"
"oklahoma-state","Haleigh Timmer","oklahoma-state_hale1"
"oklahoma-state","Stailee Heard","oklahoma-state_stai1"
"oklahoma-state","Achol Akot","oklahoma-state_acho1"
"oklahoma-state","Jadyn Wooten","oklahoma-state_jady1"
"oklahoma-state","Lena Girardi","oklahoma-state_lena1"
"oklahoma-state","Praise Egharevba","oklahoma-state_prai1"
"oklahoma-state","Faith Acker","oklahoma-state_fait1"
"oklahoma-state","Tyla Heard","oklahoma-state_tyla1"
"oklahoma-state","Favour Onoh","oklahoma-state_favo1"
"oklahoma-state","Wilnie Joseph","oklahoma-state_wiln1"
"belmont","Jailyn Banks","belmont_jail1"
"belmont","Tuti Jones","belmont_tuti1"
"belmont","Avery Strickland","belmont_aver1"
"belmont","Kyrah Brodie","belmont_kyra1"
"belmont","Quinn Eubank","belmont_quin1"
"belmont","Sanaa Tripp","belmont_sana1"
"belmont","Emily La Chapell","belmont_emil1"
"belmont","Hilary Fuller","belmont_hila1"
"belmont","Kensley Feltner","belmont_kens1"
"belmont","Leah West","belmont_leah1"
"oklahoma","Aaliyah Chavez","oklahoma_aali1"
"oklahoma","Payton Verhulst","oklahoma_payt1"
"oklahoma","Sahara Williams","oklahoma_saha1"
"oklahoma","Raegan Beers","oklahoma_raeg1"
"oklahoma","Zya Vann","oklahoma_zyav1"
"oklahoma","Brooklyn Stewart","oklahoma_broo1"
"oklahoma","Beatrice Culliton","oklahoma_beat1"
"oklahoma","Keziah Lofton","oklahoma_kezi1"
"oklahoma","Caya Smith","oklahoma_caya1"
"oklahoma","Emma Tolan","oklahoma_emma1"
"southern-illinois-edwardsville","Rory Conboy","southern-illinois-edwardsville_rory1"
"southern-illinois-edwardsville","Emiyah Cobb","southern-illinois-edwardsville_emiy1"
"southern-illinois-edwardsville","Macy Silvey","southern-illinois-edwardsville_macy1"
"southern-illinois-edwardsville","Adebukola Akomolafe","southern-illinois-edwardsville_adeb1"
"southern-illinois-edwardsville","Lauren Miller","southern-illinois-edwardsville_laur1"
"southern-illinois-edwardsville","Kiyoko Proctor","southern-illinois-edwardsville_kiyo1"
"southern-illinois-edwardsville","Jaiden Bryant","southern-illinois-edwardsville_jaid1"
"southern-illinois-edwardsville","Adriana Blazquez","southern-illinois-edwardsville_adri1"
"southern-illinois-edwardsville","Ava Gugliuzza","southern-illinois-edwardsville_avag1"
"southern-illinois-edwardsville","Meegan Fahy","southern-illinois-edwardsville_meeg1"
"southern-illinois-edwardsville","Sy'Rae Stemmons","southern-illinois-edwardsville_syra1"
"southern-illinois-edwardsville","Syanne Mohamed","southern-illinois-edwardsville_syan1"
"southern-illinois-edwardsville","Kyra Williams","southern-illinois-edwardsville_kyra1"
"toledo","Evalyse Cole","toledo_eval1"
"toledo","Kendall Carruthers","toledo_kend1"
"toledo","Miriam Diala","toledo_miri1"
"toledo","Patricia Anumgba","toledo_patr1"
"toledo","Cadence Dykstra","toledo_cade1"
"toledo","Faith Fedd-Robinson","toledo_fait1"
"toledo","Ella Weaver","toledo_ella1"
"toledo","Lizzy Puot","toledo_lizz1"
"toledo","Evyn Carrier","toledo_evyn1"
"toledo","Elisha Dykstra","toledo_elis1"
"toledo","Camryn Vanden Bosch","toledo_camr1"
"troy","Rachel Leggett","troy_rach1"
"troy","Zay Dyer","troy_zayd1"
"troy","Fortuna Ngnawo","troy_fort1"
"troy","Emani Jenkins","troy_eman1"
"troy","Ashley Baez","troy_ashl1"
"troy","Leilani Guion","troy_leil1"
"troy","Saniya Jackson","troy_sani1"
"troy","Shakirah Edwards","troy_shak1"
"troy","Detavia Salter","troy_deta1"
"troy","Kamesha Moore","troy_kame1"
"troy","Lana Korićanac","troy_lana1"
"arizona-state","McKinna Brackens","arizona-state_mcki1"
"arizona-state","Gabby Elliott","arizona-state_gabb1"
"arizona-state","Last-Tear Poa","arizona-state_last1"
"arizona-state","Marley Washenitz","arizona-state_marl1"
"arizona-state","Heloisa Carrera","arizona-state_helo1"
"arizona-state","Jyah LoVett","arizona-state_jyah1"
"arizona-state","Amaya Williams","arizona-state_amay1"
"arizona-state","Martina Fantini","arizona-state_mart1"
"arizona-state","Deborah Davenport","arizona-state_debo1"
"arizona-state","Makayla Moore","arizona-state_maka1"
"coppin-state","Khila Morris","coppin-state_khil1"
"coppin-state","Paris McBride","coppin-state_pari1"
"coppin-state","Sydney Burris","coppin-state_sydn1"
"coppin-state","Jahcelyn Hartfield","coppin-state_jahc1"
"coppin-state","Erin Henry","coppin-state_erin1"
"coppin-state","Princess Nwachukwu","coppin-state_prin1"
"coppin-state","Skylar Barnes","coppin-state_skyl1"
"coppin-state","Kylie Wells","coppin-state_kyli1"
"coppin-state","Shanaii Gamble","coppin-state_shan1"
"coppin-state","Kyley Gary-Grayson","coppin-state_kyle1"
"coppin-state","Jordyn Adderly","coppin-state_jord1"
"utah","Maty Wilke","utah_maty1"
"utah","Lani White","utah_lani1"
"utah","Brooke Walker","utah_broo1"
"utah","Reese Ross","utah_rees1"
"utah","Evelina Otto","utah_evel1"
"utah","LA Sneed","utah_lasn1"
"utah","Avery Hjelmstad","utah_aver1"
"utah","Sam Crispe","utah_samc1"
"utah","Kamryn Mafua","utah_kamr1"
"utah","Grace Foster","utah_grac1"
"utah","Alyssa Blanck","utah_alys1"
"eastern-washington","Ella Gallatin","eastern-washington_ella1"
"eastern-washington","Kourtney Grossman","eastern-washington_kour1"
"eastern-washington","Caitie Gingras","eastern-washington_cait1"
"eastern-washington","Elyn Bowers","eastern-washington_elyn1"
"eastern-washington","Jaecy Eggers","eastern-washington_jaec1"
"eastern-washington","Emily McElmurry","eastern-washington_emil1"
"eastern-washington","Brielle Magnuson","eastern-washington_brie1"
"eastern-washington","Bella Hays","eastern-washington_bell1"
"eastern-washington","Paris Kirk","eastern-washington_pari1"
"eastern-washington","Madeline Gibbs","eastern-washington_made1"
"eastern-washington","Léa-line Romain","eastern-washington_lali1"
"eastern-washington","Autumn Agnew","eastern-washington_autu1"
"eastern-washington","Addison Hall","eastern-washington_addi1"
"nevada","Ahrray Young","nevada_ahrr1"
"nevada","Skylar Durley","nevada_skyl1"
"nevada","Izzy Sullivan","nevada_izzy1"
"nevada","Imbie Jones","nevada_imbi1"
"nevada","Amelia Raidaveta","nevada_amel1"
"nevada","Britain Backus","nevada_brit1"
"nevada","Makayla Carter","nevada_maka1"
"nevada","Tahj-Monet Bloom","nevada_tahj1"
"nevada","Chloe Williams","nevada_chlo1"
"nevada","Gabby Ramos","nevada_gabb1"
"nevada","Maia Rosarion","nevada_maia1"
"nevada","Elle Motherway","nevada_elle1"
"nevada","Kendra Hicks","nevada_kend1"
"oregon","Mia Jacobs","oregon_miaj1"
"oregon","Katie Fiso","oregon_kati1"
"oregon","Elisa Mevius","oregon_elis1"
"oregon","Sofia Bell","oregon_sofi1"
"oregon","Sarah Rambus","oregon_sara1"
"oregon","Ari Long","oregon_aril1"
"oregon","Amina Muhammad","oregon_amin1"
"oregon","Ehis Etute","oregon_ehis1"
"oregon","Astera Tuhina","oregon_aste1"
"oregon","Avary Cain","oregon_avar1"
"oregon","Janiyah Williams","oregon_jani1"
"oregon","Sara Barhoum","oregon_sara2"
"oregon","Filippa Tilliander","oregon_fili1"
"west-georgia","Sydne Tolbert","west-georgia_sydn1"
"west-georgia","Jasmine Jones","west-georgia_jasm1"
"west-georgia","Asia Donald","west-georgia_asia1"
"west-georgia","Gal-la Font","west-georgia_gall1"
"west-georgia","Anya McKenzie","west-georgia_anya1"
"west-georgia","Tayah Morgan","west-georgia_taya1"
"west-georgia","Becca Ledford","west-georgia_becc1"
"west-georgia","Georgia Gray","west-georgia_geor1"
"north-carolina-greensboro","Jeni Levine","north-carolina-greensboro_jeni1"
"north-carolina-greensboro","Tasia Johnson","north-carolina-greensboro_tasi1"
"north-carolina-greensboro","Jaila Lee","north-carolina-greensboro_jail1"
"north-carolina-greensboro","Makiah Asidanya","north-carolina-greensboro_maki1"
"north-carolina-greensboro","Rylan Moffitt","north-carolina-greensboro_ryla1"
"north-carolina-greensboro","Leyla Minor","north-carolina-greensboro_leyl1"
"north-carolina-greensboro","Kristina Rakotobe","north-carolina-greensboro_kris1"
"north-carolina-greensboro","Ciara Harris","north-carolina-greensboro_ciar1"
"north-carolina-greensboro","Salimata Traore","north-carolina-greensboro_sali1"
"north-carolina-greensboro","Joelle Davis","north-carolina-greensboro_joel1"
"stanford","Hailee Swain","stanford_hail1"
"stanford","Nunu Agara","stanford_nunu1"
"stanford","Talana Lepolo","stanford_tala1"
"stanford","Lara Somfai","stanford_lara1"
"stanford","Courtney Ogden","stanford_cour1"
"stanford","Chloe Clardy","stanford_chlo1"
"stanford","Alexandra Eschmeyer","stanford_alex1"
"stanford","Mary Ashley Stevenson","stanford_mary1"
"stanford","Shay Ijiwoye","stanford_shay1"
"stanford","Harper Peterson","stanford_harp1"
"stanford","Carly Amborn","stanford_carl1"
"stanford","Nora Ezike","stanford_nora1"
"idaho","Kyra Gardner","idaho_kyra1"
"idaho","Hope Hassmann","idaho_hope1"
"idaho","Ana Pinheiro","idaho_anap1"
"idaho","Ella Uriarte","idaho_ella1"
"idaho","Lorena Barbosa","idaho_lore1"
"idaho","Ana Beatriz Passos Alves da Silva","idaho_anab1"
"idaho","Mary McMorris","idaho_mary1"
"idaho","Sarah Brans","idaho_sara1"
"idaho","Débora Reis Dos Santos","idaho_dbor1"
"idaho","Katlin Kangur","idaho_katl1"
"idaho","Niveya Henley","idaho_nive1"
"washington-state","Eleonora Villa","washington-state_eleo1"
"washington-state","Mackenzie Chatfield","washington-state_mack1"
"washington-state","Charlotte Abraham","washington-state_char1"
"washington-state","Tanja Valancic","washington-state_tanj1"
"washington-state","Alex Covill","washington-state_alex1"
"washington-state","Marta Alsina","washington-state_mart1"
"washington-state","Keandra Koorits","washington-state_kean1"
"washington-state","Malia Ruud","washington-state_mali1"
"washington-state","Jean Chiu","washington-state_jean1"
"seattle","Dylan Mogel","seattle_dyla1"
"seattle","Sydnie Rodriguez","seattle_sydn1"
"seattle","Tamia Stricklin","seattle_tami1"
"seattle","Ella Brubaker","seattle_ella1"
"seattle","Andjela Bigovic","seattle_andj1"
"seattle","Jana Vesic","seattle_jana1"
"seattle","Chloe Emanga","seattle_chlo1"
"seattle","Lucy Larson","seattle_lucy1"
"seattle","Lucija Milkovic","seattle_luci1"
"seattle","Aaliyah Ibarra","seattle_aali1"
"seattle","Fia Proctor","seattle_fiap1"
"washington","Hannah Stines","washington_hann1"
"washington","Teagan Brown","washington_teag1"
"washington","Avery Howell","washington_aver1"
"washington","Sayvia Sellers","washington_sayv1"
"washington","Yulia Grabovskaia","washington_yuli1"
"washington","Chloe Briggs","washington_chlo1"
"washington","Devin Coppinger","washington_devi1"
"washington","Sienna Harvey","washington_sien1"
"washington","Shayla Gillmer","washington_shay1"
"washington","Olivia Anderson","washington_oliv1"
"washington","Brynn McGaughy","washington_bryn1"
"washington","Nina Cain","washington_nina1"
"kentucky","Clara Strack","kentucky_clar1"
"kentucky","Tonie Morgan","kentucky_toni1"
"kentucky","Amelia Hassett","kentucky_amel1"
"kentucky","Jordan Obi","kentucky_jord1"
"kentucky","Teonni Key","kentucky_teon1"
"kentucky","Asia Boone","kentucky_asia1"
"kentucky","Kaelyn Carroll","kentucky_kael1"
"kentucky","Josie Gilvin","kentucky_josi1"
"kentucky","Lexi Blue","kentucky_lexi1"
"morehead-state","Marie Sepp","morehead-state_mari1"
"morehead-state","Kateryna Dike","morehead-state_kate1"
"morehead-state","Anja Ekstrom","morehead-state_anja1"
"morehead-state","Laura Toffali","morehead-state_laur1"
"morehead-state","Millie Pearson","morehead-state_mill1"
"morehead-state","Landon Forbes","morehead-state_land1"
"morehead-state","Violet McNece","morehead-state_viol1"
"morehead-state","Josefine Enander","morehead-state_jose1"
"morehead-state","Irene Fernandez Pavesio","morehead-state_iren1"
"morehead-state","Circe Rubio Remolar","morehead-state_circ1"
"morehead-state","Minna Ersdala","morehead-state_minn1"
"butler","Saniya Jackson","butler_sani1"
"butler","Lily Zeinstra","butler_lily1"
"butler","Kennedy Langham","butler_kenn1"
"butler","Mallory Miller","butler_mall1"
"butler","Caroline Dotsey","butler_caro1"
"butler","Anna Wypych","butler_anna1"
"butler","Nevaeh Jackson","butler_neva1"
"butler","Addison Baxter","butler_addi1"
"butler","Lilly Stoddard","butler_lill1"
"wright-state","Claire Henson","wright-state_clai1"
"wright-state","Lauren Scott","wright-state_laur1"
"wright-state","Chloe Chard Peloquin","wright-state_chlo1"
"wright-state","Breezie Williams","wright-state_bree1"
"wright-state","Abbie Riddle","wright-state_abbi1"
"wright-state","Rylee Sagester","wright-state_ryle1"
"wright-state","Olivia Brown","wright-state_oliv1"
"wright-state","Ellie Magestro-Kennedy","wright-state_elli1"
"wright-state","Florrie Cotterill","wright-state_flor1"
"wright-state","Elaina Rager","wright-state_elai1"
"wright-state","Grace Okih","wright-state_grac1"
"wright-state","Maja Dilén","wright-state_maja1"
"clemson","Mia Moore","clemson_miam1"
"clemson","Rachael Rose","clemson_rach1"
"clemson","Raven Thompson","clemson_rave1"
"clemson","Taylor Johnson-Matthews","clemson_tayl1"
"clemson","DeMeara Hinds","clemson_deme1"
"clemson","Hannah Kohn","clemson_hann1"
"clemson","Rusne Augustinaite","clemson_rusn1"
"clemson","Hadley Periman","clemson_hadl1"
"clemson","Holland Harris","clemson_holl1"
"clemson","Morgan Lee","clemson_morg1"
"clemson","Morgan Miller","clemson_morg2"
"clemson","Amaia Jackson","clemson_amai1"
"south-carolina-upstate","Cassie Gallagher","south-carolina-upstate_cass1"
"south-carolina-upstate","Gwen Jenkins","south-carolina-upstate_gwen1"
"south-carolina-upstate","Vera Soderblom","south-carolina-upstate_vera1"
"south-carolina-upstate","Lexi Castator","south-carolina-upstate_lexi1"
"south-carolina-upstate","Zora Fray-Chinn","south-carolina-upstate_zora1"
"south-carolina-upstate","Aubrie Kierscht","south-carolina-upstate_aubr1"
"south-carolina-upstate","Kinley Paterson","south-carolina-upstate_kinl1"
"south-carolina-upstate","Emma Blair","south-carolina-upstate_emma1"
"south-carolina-upstate","Macy Wike","south-carolina-upstate_macy1"
"south-carolina-upstate","Zoe Richardson","south-carolina-upstate_zoer1"
"south-carolina-upstate","Aijah Palmore","south-carolina-upstate_aija1"
"south-carolina-upstate","Madison Miller","south-carolina-upstate_madi1"
"south-carolina-upstate","Jessa Troy","south-carolina-upstate_jess1"
"iona","Naomi Barnwell","iona_naom1"
"iona","Mya Zaccagnini","iona_myaz1"
"iona","Claudia Fiel","iona_clau1"
"iona","Isabellah Middleton","iona_isab1"
"iona","Zoey Ward","iona_zoey1"
"iona","Ale Civera","iona_alec1"
"iona","Ella Fajardo","iona_ella1"
"iona","Johanna Flores Holguin","iona_joha1"
"iona","Adrianna Gonzalez","iona_adri1"
"middle-tennessee","Alayna Contreras","middle-tennessee_alay1"
"middle-tennessee","Savannah Davis","middle-tennessee_sava1"
"middle-tennessee","Blair Baugus","middle-tennessee_blai1"
"middle-tennessee","Yu Han Lin","middle-tennessee_yuha1"
"middle-tennessee","Macie Phifer","middle-tennessee_maci1"
"middle-tennessee","Stanislava Kabernick","middle-tennessee_stan1"
"middle-tennessee","Kirston Verhulst","middle-tennessee_kirs1"
"middle-tennessee","Nicole Dominguez Gureeva","middle-tennessee_nico1"
"middle-tennessee","Jenna McClendon","middle-tennessee_jenn1"
"middle-tennessee","Carsyn Swaney","middle-tennessee_cars1"
"tennessee-state","Aaniya Webb","tennessee-state_aani1"
"tennessee-state","XaiOnna Whitfield","tennessee-state_xaio1"
"tennessee-state","Somah Kamara","tennessee-state_soma1"
"tennessee-state","Erin Martin","tennessee-state_erin1"
"tennessee-state","Brianna Wooldridge","tennessee-state_bria1"
"tennessee-state","Kiki Roberts","tennessee-state_kiki1"
"tennessee-state","Shalance Montoya","tennessee-state_shal1"
"tennessee-state","Genisis Harris","tennessee-state_geni1"
"tennessee-state","Zoe Young","tennessee-state_zoey1"
"tennessee-state","Amiyah Ferguson","tennessee-state_amiy1"
"north-carolina-central","Najah Lane","north-carolina-central_naja1"
"north-carolina-central","Shakiria Foster","north-carolina-central_shak1"
"north-carolina-central","Victoria Morris","north-carolina-central_vict1"
"north-carolina-central","Aniya Finger","north-carolina-central_aniy1"
"north-carolina-central","Kendall Alexander","north-carolina-central_kend1"
"north-carolina-central","Morgan Callahan","north-carolina-central_morg1"
"north-carolina-central","Aysia Hinton","north-carolina-central_aysi1"
"north-carolina-central","Amaya Harris","north-carolina-central_amay1"
"north-carolina-central","Nia Young","north-carolina-central_niay1"
"north-carolina-central","Aaliyah Grant","north-carolina-central_aali1"
"north-carolina-central","Dianna Blake","north-carolina-central_dian1"
"north-carolina-central","Tierney Coleman","north-carolina-central_tier1"
"north-carolina","Elina Aarnisalo","north-carolina_elin1"
"north-carolina","Ciera Toomey","north-carolina_cier1"
"north-carolina","Indya Nivar","north-carolina_indy1"
"north-carolina","Nyla Harris","north-carolina_nyla1"
"north-carolina","Reniya Kelly","north-carolina_reni1"
"north-carolina","Nyla Brooks","north-carolina_nyla2"
"north-carolina","Laila Hull","north-carolina_lail1"
"north-carolina","Taissa Queiroz","north-carolina_tais1"
"north-carolina","Taliyah Henderson","north-carolina_tali1"
"north-carolina","Jordan Zubich","north-carolina_jord1"
"north-carolina","Liza Astakhova","north-carolina_liza1"
"north-carolina","Sydney Barker","north-carolina_sydn1"
"oakland","Layla Gold","oakland_layl1"
"oakland","Lianna Baxter","oakland_lian1"
"oakland","Angelina Smith","oakland_ange1"
"oakland","Filippa Goula","oakland_fili1"
"oakland","Makenzie Luehring","oakland_make1"
"oakland","Cali Denson","oakland_cali1"
"oakland","Jasmine Dupree-Hebert","oakland_jasm1"
"oakland","Karinna Trotter","oakland_kari1"
"oakland","Sereniti Roberts-Adams","oakland_sere1"
"oakland","Kyra Lawrence","oakland_kyra1"
"oakland","Aalyssa Rogers","oakland_aaly1"
"youngstown-state","Sophia Gregory","youngstown-state_soph1"
"youngstown-state","Erica King","youngstown-state_eric1"
"youngstown-state","Danielle Cameron","youngstown-state_dani1"
"youngstown-state","Sarah Baker","youngstown-state_sara1"
"youngstown-state","Casey Santoro","youngstown-state_case1"
"youngstown-state","Faith Burch","youngstown-state_fait1"
"youngstown-state","Brooke Adkins","youngstown-state_broo1"
"youngstown-state","Hayden Barrier","youngstown-state_hayd1"
"youngstown-state","Paulina Hernandez","youngstown-state_paul1"
"youngstown-state","Dacia Lewandowski","youngstown-state_daci1"
"youngstown-state","Bella Samz","youngstown-state_bell1"
"youngstown-state","Ashlynn Van Tassell","youngstown-state_ashl1"
"baylor","Darianna Littlepage-Buggs","baylor_dari1"
"baylor","Taliah Scott","baylor_tali1"
"baylor","Kiersten Johnson","baylor_kier1"
"baylor","Jana Van Gytenbeek","baylor_jana1"
"baylor","Bella Fontleroy","baylor_bell1"
"baylor","Kyla Abraham","baylor_kyla1"
"baylor","Marcayla Johnson","baylor_marc1"
"baylor","Yuting Deng","baylor_yuti1"
"baylor","Kiera Pemberton","baylor_kier2"
"duke","Taina Mair","duke_tain1"
"duke","Toby Fournier","duke_toby1"
"duke","Jadyn Donovan","duke_jady1"
"duke","Ashlon Jackson","duke_ashl1"
"duke","Delaney Thomas","duke_dela1"
"duke","Riley Nelson","duke_rile1"
"duke","Jordan Wood","duke_jord1"
"chattanooga","Caia Elisaldez","chattanooga_caia1"
"chattanooga","Gianna Corbitt","chattanooga_gian1"
"chattanooga","Falon Bedke","chattanooga_falo1"
"chattanooga","Izzy McPherson","chattanooga_izzy1"
"chattanooga","Kalifa Ford","chattanooga_kali1"
"chattanooga","Sarah Owona","chattanooga_sara1"
"chattanooga","London Weaver","chattanooga_lond1"
"chattanooga","Frode Flos Van der Schans","chattanooga_frod1"
"chattanooga","Ava Card","chattanooga_avac1"
"chattanooga","Evie Bruce","chattanooga_evie1"
"chattanooga","Kami Wilson","chattanooga_kami1"
"iowa-state","Audi Crooks","iowa-state_audi1"
"iowa-state","Addy Brown","iowa-state_addy1"
"iowa-state","Arianna Jackson","iowa-state_aria1"
"iowa-state","Mackenzie Hare","iowa-state_mack1"
"iowa-state","Jada Williams","iowa-state_jada1"
"iowa-state","Sydney Harris","iowa-state_sydn1"
"iowa-state","Reese Beaty","iowa-state_rees1"
"iowa-state","Evangelia Paulk","iowa-state_evan1"
"iowa-state","Alisa Williams","iowa-state_alis1"
"iowa-state","Lilly Taulelei","iowa-state_lill1"
"iowa-state","Reagan Wilson","iowa-state_reag1"
"iowa-state","Freya Jensen","iowa-state_frey1"
"iowa-state","Aili Tanke","iowa-state_aili1"
"st-thomas-mn","Alyssa Sand","st-thomas-mn_alys1"
"st-thomas-mn","Faith Feuerbach","st-thomas-mn_fait1"
"st-thomas-mn","Abbey Vallance","st-thomas-mn_abbe1"
"st-thomas-mn","Savannah McGowan","st-thomas-mn_sava1"
"st-thomas-mn","Jada Hood","st-thomas-mn_jada1"
"st-thomas-mn","Autumn McCall","st-thomas-mn_autu1"
"st-thomas-mn","Lydia Aalsma","st-thomas-mn_lydi1"
"st-thomas-mn","Laura Hauge","st-thomas-mn_laur1"
"st-thomas-mn","Savannah Gage","st-thomas-mn_sava2"
"st-thomas-mn","Savanah Gardner","st-thomas-mn_sava3"
"st-thomas-mn","Addison Schliewe","st-thomas-mn_addi1"
"jacksonville-state","Makala Hobdy","jacksonville-state_maka1"
"jacksonville-state","Maria Sanchez Ponce","jacksonville-state_mari1"
"jacksonville-state","Mya Barnes","jacksonville-state_myab1"
"jacksonville-state","Eden Sample","jacksonville-state_eden1"
"jacksonville-state","Adriana Jones","jacksonville-state_adri1"
"jacksonville-state","Kyera Thornsbury","jacksonville-state_kyer1"
"jacksonville-state","Masa Buzic","jacksonville-state_masa1"
"jacksonville-state","Mina Djurdjevic","jacksonville-state_mina1"
"jacksonville-state","Abril Ricart Mensah","jacksonville-state_abri1"
"jacksonville-state","Vitória Carvalho","jacksonville-state_vitr1"
"jacksonville-state","Brooklyn McDaniel","jacksonville-state_broo1"
"marquette","Halle Vice","marquette_hall1"
"marquette","Skylar Forbes","marquette_skyl1"
"marquette","Jaidynn Mason","marquette_jaid1"
"marquette","Olivia Porter","marquette_oliv1"
"marquette","Lee Volker","marquette_leev1"
"marquette","Kennedi Perkins","marquette_kenn1"
"marquette","Jordan Meulemans","marquette_jord1"
"marquette","Jada Bediako","marquette_jada1"
"marquette","Charia Smith","marquette_char1"
"marquette","Bridget Utberg","marquette_brid1"
"marquette","Kam Herring","marquette_kamh1"
"marquette","Ayuen Akot","marquette_ayue1"
"marquette","Abbey Cracknell","marquette_abbe1"
"winthrop","Mya Pierfax","winthrop_myap1"
"winthrop","Cori Lard","winthrop_cori1"
"winthrop","Amourie Porter","winthrop_amou1"
"winthrop","Madison Ruff","winthrop_madi1"
"winthrop","Naomi Wilson","winthrop_naom1"
"winthrop","Ryiah Wilson","winthrop_ryia1"
"winthrop","Uniyah Franklin","winthrop_uniy1"
"winthrop","Tocarra Johnson","winthrop_toca1"
"winthrop","Persais Williams","winthrop_pers1"
"winthrop","Mya Hamilton","winthrop_myah1"
"mcneese-state","Dakota Howard","mcneese-state_dako1"
"mcneese-state","Arianna Patton","mcneese-state_aria1"
"mcneese-state","Allasia Washington","mcneese-state_alla1"
"mcneese-state","Jen Pierre","mcneese-state_jenp1"
"mcneese-state","Lexi Alexander","mcneese-state_lexi1"
"mcneese-state","Tyreona Sibley","mcneese-state_tyre1"
"mcneese-state","Avari Berry","mcneese-state_avar1"
"mcneese-state","Carley Hamilton","mcneese-state_carl1"
"mcneese-state","Mo'Nique Joseph","mcneese-state_moni1"
"mcneese-state","Kaili Chamberlin","mcneese-state_kail1"
"mcneese-state","Jamari Bell","mcneese-state_jama1"
"mcneese-state","A'Yiana Flemings","mcneese-state_ayia1"
"arkansas-pine-bluff","Indiya Bowen","arkansas-pine-bluff_indi1"
"arkansas-pine-bluff","Jasmine Davis","arkansas-pine-bluff_jasm1"
"arkansas-pine-bluff","Briontanay Marshall","arkansas-pine-bluff_brio1"
"arkansas-pine-bluff","Jailah Pelly","arkansas-pine-bluff_jail1"
"arkansas-pine-bluff","Khaniah Gardner","arkansas-pine-bluff_khan1"
"arkansas-pine-bluff","Tyra Taylor","arkansas-pine-bluff_tyra1"
"arkansas-pine-bluff","Jayla Cornelius","arkansas-pine-bluff_jayl1"
"arkansas-pine-bluff","Ruth Banjoko","arkansas-pine-bluff_ruth1"
"memphis","Jordan Hunter","memphis_jord1"
"memphis","Chae Harris","memphis_chae1"
"memphis","Cori Allen","memphis_cori1"
"memphis","Tamya Smith","memphis_tamy1"
"memphis","Kennedi Alexander","memphis_kenn1"
"memphis","Daejah Richmond","memphis_daej1"
"memphis","Paris Gaines","memphis_pari1"
"memphis","Amauri Williams","memphis_amau1"
"memphis","Bailey Gilmore","memphis_bail1"
"memphis","Brooklyn Alexander","memphis_broo1"
"memphis","Brooklynn Charlo","memphis_broo2"
"memphis","JahNaesia Spiers","memphis_jahn1"
"mississippi","Sira Thienou","mississippi_sira1"
"mississippi","Christeen Iwuala","mississippi_chri1"
"mississippi","Cotie McMahon","mississippi_coti1"
"mississippi","Latasha Lattimore","mississippi_lata1"
"mississippi","Kaitlin Peterson","mississippi_kait1"
"mississippi","Debreasha Powe","mississippi_debr1"
"mississippi","Denim DeShields","mississippi_deni1"
"mississippi","J'Adore Young","mississippi_jado1"
"mississippi","Jayla Murray","mississippi_jayl1"
"mississippi","Tianna Thompson","mississippi_tian1"
"mississippi","Lauren Jacobs","mississippi_laur1"
"mississippi","Desrae Kyles","mississippi_desr1"
"norfolk-state","Anjanae Richardson","norfolk-state_anja1"
"norfolk-state","Da'Brya Clark","norfolk-state_dabr1"
"norfolk-state","Cire Worley","norfolk-state_cire1"
"norfolk-state","Jasha Clinton","norfolk-state_jash1"
"norfolk-state","Carmen Kweti","norfolk-state_carm1"
"norfolk-state","Ciara Bailey","norfolk-state_ciar1"
"norfolk-state","Jenesis Hill","norfolk-state_jene1"
"norfolk-state","Iyanna Rogers","norfolk-state_iyan1"
"norfolk-state","Niyah Gaston","norfolk-state_niya1"
"norfolk-state","LeAire Nicks","norfolk-state_leai1"
"oral-roberts","Jalei Oglesby","oral-roberts_jale1"
"oral-roberts","Anna Trusty","oral-roberts_anna1"
"oral-roberts","Gentry Baldwin","oral-roberts_gent1"
"oral-roberts","Kayten Donley","oral-roberts_kayt1"
"oral-roberts","A'Maya Holton","oral-roberts_amay1"
"oral-roberts","Preslee Hartsock","oral-roberts_pres1"
"oral-roberts","Hannah Coons","oral-roberts_hann1"
"oral-roberts","Alana Shetlar","oral-roberts_alan1"
"oral-roberts","Azailah Funches","oral-roberts_azai1"
"oral-roberts","Bella Edwards","oral-roberts_bell1"
"oral-roberts","Taylor Jackson","oral-roberts_tayl1"
"oral-roberts","Ari Gordon","oral-roberts_arig1"
"samford","Briana Rivera","samford_bria1"
"samford","Frances Morris","samford_fran1"
"samford","Aubrey Blankenship","samford_aubr1"
"samford","Jada Knight","samford_jada1"
"samford","Emily Bowman","samford_emil1"
"samford","Carla Baguda","samford_carl1"
"samford","Sierra Godbolt","samford_sier1"
"samford","Avary Brewer","samford_avar1"
"samford","Alyssa Tarpley","samford_alys1"
"samford","Kaylee Yarbrough","samford_kayl1"
"samford","Sydney Martin","samford_sydn1"
"samford","Yael Maayan","samford_yael1"
"samford","Camryn Register","samford_camr1"
"stephen-f-austin","Myka Perry","stephen-f-austin_myka1"
"stephen-f-austin","Harmanie Dominguez","stephen-f-austin_harm1"
"stephen-f-austin","Key Roseby","stephen-f-austin_keyr1"
"stephen-f-austin","Kaylinn Kemp","stephen-f-austin_kayl1"
"stephen-f-austin","Makana Gardner","stephen-f-austin_maka1"
"stephen-f-austin","Anika Hyland","stephen-f-austin_anik1"
"stephen-f-austin","Lydia Cooke-Wiggins","stephen-f-austin_lydi1"
"stephen-f-austin","Aziyah Farrier","stephen-f-austin_aziy1"
"alabama-birmingham","Cali Smallwood","alabama-birmingham_cali1"
"alabama-birmingham","Riley Talbert","alabama-birmingham_rile1"
"alabama-birmingham","Eleecia Carter","alabama-birmingham_elee1"
"alabama-birmingham","Sofia Munoz","alabama-birmingham_sofi1"
"alabama-birmingham","Molly Moffitt","alabama-birmingham_moll1"
"alabama-birmingham","Jordan Rosier","alabama-birmingham_jord1"
"alabama-birmingham","Ashlyn Howard","alabama-birmingham_ashl1"
"alabama-birmingham","Mari Miller","alabama-birmingham_mari1"
"alabama-birmingham","Monae' Duffy","alabama-birmingham_mona1"
"alabama-birmingham","Samari Taylor","alabama-birmingham_sama1"
"drake","Abbie Aalsma","drake_abbi1"
"drake","Grace Knutson","drake_grac1"
"drake","Maggie Taylor","drake_magg1"
"drake","Anna Becker","drake_anna1"
"drake","Ava Hawthorne","drake_avah1"
"drake","Peyton McCabe","drake_peyt1"
"drake","Shannon Fornshell","drake_shan1"
"drake","Quinn Vice","drake_quin1"
"drake","Brooklin Dailey","drake_broo1"
"drake","Lexi Carlsen","drake_lexi1"
"drake","Taedyn Gray","drake_taed1"
"eastern-illinois","Clara Glad","eastern-illinois_clar1"
"eastern-illinois","Ava Stoller","eastern-illinois_avas1"
"eastern-illinois","Ella Lune","eastern-illinois_ella1"
"eastern-illinois","Abbie Boutilier","eastern-illinois_abbi1"
"eastern-illinois","Lalani Ellis","eastern-illinois_lala1"
"eastern-illinois","Meioshe Mason","eastern-illinois_meio1"
"eastern-illinois","Nyah Hardy","eastern-illinois_nyah1"
"eastern-illinois","Charita Lewis","eastern-illinois_char1"
"eastern-illinois","Sydney-James Desroches","eastern-illinois_sydn1"
"eastern-illinois","Kennedy Davis","eastern-illinois_kenn1"
"eastern-illinois","Alanna Phillipo","eastern-illinois_alan1"
"eastern-illinois","Olivia Thostenson","eastern-illinois_oliv1"
"eastern-illinois","Adriana Arroyo","eastern-illinois_adri1"
"nebraska","Jessica Petrie","nebraska_jess1"
"nebraska","Britt Prince","nebraska_brit1"
"nebraska","Hailey Weaver","nebraska_hail1"
"nebraska","Callin Hake","nebraska_call1"
"nebraska","Petra Bozan","nebraska_petr1"
"nebraska","Emily Fisher","nebraska_emil1"
"nebraska","Claire Johnson","nebraska_clai1"
"nebraska","Logan Nissley","nebraska_loga1"
"nebraska","Amiah Hargrove","nebraska_amia1"
"nebraska","Kennadi Williams","nebraska_kenn1"
"nebraska","Alanna Neale","nebraska_alan1"
"northwestern-state","Carla Celaya","northwestern-state_carl1"
"northwestern-state","Nya Valentine","northwestern-state_nyav1"
"northwestern-state","Vernell Atamah","northwestern-state_vern1"
"northwestern-state","Clarence-Emmanuelle Djuela","northwestern-state_clar1"
"northwestern-state","Tiara Abron","northwestern-state_tiar1"
"northwestern-state","Jay Scott","northwestern-state_jays1"
"northwestern-state","Payton Miller","northwestern-state_payt1"
"northwestern-state","Dasia Turner","northwestern-state_dasi1"
"northwestern-state","Stephie Salumu","northwestern-state_step1"
"northwestern-state","Mika Jarrett","northwestern-state_mika1"
"northwestern-state","Cimiya Rideaux","northwestern-state_cimi1"
"northwestern-state","Alexis Calderon","northwestern-state_alex1"
"northwestern-state","Joceline Geara","northwestern-state_joce1"
"northwestern-state","Momina Kassim","northwestern-state_momi1"
"boise-state","Natalie Pasco","boise-state_nata1"
"boise-state","Tatum Thompson","boise-state_tatu1"
"boise-state","Mya Hansen","boise-state_myah1"
"boise-state","Dani Bayes","boise-state_dani1"
"boise-state","Libby Hutton","boise-state_libb1"
"boise-state","Madeline Cooke","boise-state_made1"
"boise-state","Morgan Maldonado","boise-state_morg1"
"boise-state","Keirra Thompson","boise-state_keir1"
"boise-state","Mason Borcherding","boise-state_maso1"
"duquesne","Alexis Bordas","duquesne_alex1"
"duquesne","Faith Walker","duquesne_fait1"
"duquesne","Mackenzie Blackford","duquesne_mack1"
"duquesne","Raevin Washington","duquesne_raev1"
"duquesne","Gabby Grantham-Medley","duquesne_gabb1"
"duquesne","Fatou Sane","duquesne_fato1"
"duquesne","Dunja Zecevic","duquesne_dunj1"
"duquesne","Kellie McConnell","duquesne_kell1"
"duquesne","Reina Green","duquesne_rein1"
"duquesne","Nadia Moore","duquesne_nadi1"
"duquesne","Maja Rohkohl","duquesne_maja1"
"saint-francis-pa","Aleah James","saint-francis-pa_alea1"
"saint-francis-pa","Sonia Sato","saint-francis-pa_soni1"
"saint-francis-pa","Cassandra Hawthorne","saint-francis-pa_cass1"
"saint-francis-pa","Shelby Ricks","saint-francis-pa_shel1"
"saint-francis-pa","Makyiah Ward","saint-francis-pa_maky1"
"saint-francis-pa","Sajol Thornhill","saint-francis-pa_sajo1"
"saint-francis-pa","Zaiha Minnis","saint-francis-pa_zaih1"
"le-moyne","Eli Clark","le-moyne_elic1"
"le-moyne","Sierra Linnin","le-moyne_sier1"
"le-moyne","Kayden Clark","le-moyne_kayd1"
"le-moyne","Ashley Buragas","le-moyne_ashl1"
"le-moyne","Jessica Wangolo","le-moyne_jess1"
"le-moyne","Peyton Dincher","le-moyne_peyt1"
"le-moyne","Michelina Lombardi","le-moyne_mich1"
"le-moyne","Sydney Postell","le-moyne_sydn1"
"le-moyne","Ava Johnson","le-moyne_avaj1"
"le-moyne","Rachel Lynch","le-moyne_rach1"
"le-moyne","Amya McLeod","le-moyne_amya1"
"st-johns-ny","Skye Owen","st-johns-ny_skye1"
"st-johns-ny","Beautiful Waheed","st-johns-ny_beau1"
"st-johns-ny","Jailah Donald","st-johns-ny_jail1"
"st-johns-ny","Shaulana Wagner","st-johns-ny_shau1"
"st-johns-ny","Sa'Mya Wyatt","st-johns-ny_samy1"
"st-johns-ny","Brooke Moore","st-johns-ny_broo1"
"st-johns-ny","Daniela Abies","st-johns-ny_dani1"
"st-johns-ny","Kylie Lavelle","st-johns-ny_kyli1"
"st-johns-ny","Janeya Grant","st-johns-ny_jane1"
"st-johns-ny","Julie Bahati","st-johns-ny_juli1"
"st-johns-ny","A'riel Little","st-johns-ny_arie1"
"st-johns-ny","Kyla Hayes","st-johns-ny_kyla1"
"california","Taylor Barnes","california_tayl1"
"california","Lulu Laditan-Twidale","california_lulu1"
"california","Sakima Walker","california_saki1"
"california","Aliyahna Morris","california_aliy1"
"california","Mjracle Sheppard","california_mjra1"
"california","Lola Donez","california_lola1"
"california","Claudia Langarita","california_clau1"
"california","Gisella Maul","california_gise1"
"california","Naya Ojukwu","california_naya1"
"california","Grace McCallop","california_grac1"
"vanderbilt","Mikayla Blakes","vanderbilt_mika1"
"vanderbilt","Aubrey Galvan","vanderbilt_aubr1"
"vanderbilt","Justine Pissott","vanderbilt_just1"
"vanderbilt","Sacha Washington","vanderbilt_sach1"
"vanderbilt","Ndjakalenga Mwenentanda","vanderbilt_ndja1"
"vanderbilt","Aiyana Mitchell","vanderbilt_aiya1"
"vanderbilt","Aga Makurat","vanderbilt_agam1"
"vanderbilt","Aalyah Del Rosario","vanderbilt_aaly1"
"vanderbilt","Jada Brown","vanderbilt_jada1"
"texas-am-commerce","Ahmya Boyce","texas-am-commerce_ahmy1"
"texas-am-commerce","Reza Po","texas-am-commerce_reza1"
"texas-am-commerce","Cora Horvath","texas-am-commerce_cora1"
"texas-am-commerce","Alva Hedrich","texas-am-commerce_alva1"
"texas-am-commerce","Tiani Ellison","texas-am-commerce_tian1"
"texas-am-commerce","Rezia Castillo","texas-am-commerce_rezi1"
"texas-am-commerce","Nina Horvath","texas-am-commerce_nina1"
"texas-am-commerce","Sarah Gatwech","texas-am-commerce_sara1"
"texas-am-commerce","Terrayah McCoy","texas-am-commerce_terr1"
"texas-am-commerce","J'Unti Franklin","texas-am-commerce_junt1"
"texas-am-commerce","Nyaluak Dak","texas-am-commerce_nyal1"
"texas-am-commerce","Trinity Moreland","texas-am-commerce_trin1"
"prairie-view","Jacque Giron","prairie-view_jacq1"
"prairie-view","CJ Wilson","prairie-view_cjwi1"
"prairie-view","Alana Shields","prairie-view_alan1"
"prairie-view","Crystal Schultz","prairie-view_crys1"
"prairie-view","Mercy Wamet","prairie-view_merc1"
"prairie-view","Krislyn Biscette","prairie-view_kris1"
"prairie-view","Preston Young","prairie-view_pres1"
"prairie-view","Laila Robinson","prairie-view_lail1"
"prairie-view","Margan Allen","prairie-view_marg1"
"prairie-view","Marckalia Celestine","prairie-view_marc1"
"texas-el-paso","Sirviva Legions","texas-el-paso_sirv1"
"texas-el-paso","Ivane Tensaie","texas-el-paso_ivan1"
"texas-el-paso","Portia Adams","texas-el-paso_port1"
"texas-el-paso","Delma Zita","texas-el-paso_delm1"
"texas-el-paso","Ndack Mbengue","texas-el-paso_ndac1"
"texas-el-paso","Mary Moses Amaniyo","texas-el-paso_mary1"
"texas-el-paso","Heaven Samayoa-Mathis","texas-el-paso_heav1"
"texas-el-paso","Tatiana Collazo","texas-el-paso_tati1"
"texas-el-paso","Brooklyn Terry","texas-el-paso_broo1"
"texas-el-paso","Irene Asensio","texas-el-paso_iren1"
"texas-el-paso","Aaliyah Davis","texas-el-paso_aali1"
"texas-el-paso","Aolani Woldai","texas-el-paso_aola1"
"texas-el-paso","Osadebamwen Igbinedion Omoruyi","texas-el-paso_osad1"
"massachusetts-lowell","Sabrina Larsson","massachusetts-lowell_sabr1"
"massachusetts-lowell","Paris Gilmore","massachusetts-lowell_pari1"
"massachusetts-lowell","Maddie Rice","massachusetts-lowell_madd1"
"massachusetts-lowell","Jaini Edmonds","massachusetts-lowell_jain1"
"massachusetts-lowell","Klimentina Modeva","massachusetts-lowell_klim1"
"massachusetts-lowell","Adna Halilbasic","massachusetts-lowell_adna1"
"massachusetts-lowell","Tyanna Medina","massachusetts-lowell_tyan1"
"massachusetts-lowell","Anabel LaTorre Ciria","massachusetts-lowell_anab1"
"long-island-university","Janessa Williams","long-island-university_jane1"
"long-island-university","Kadidia Toure","long-island-university_kadi1"
"long-island-university","Kionna Gaines","long-island-university_kion1"
"long-island-university","Isabella Tanedo","long-island-university_isab1"
"long-island-university","Hannah Humphrey","long-island-university_hann1"
"long-island-university","Laura Molnárová","long-island-university_laur1"
"long-island-university","Solangelei Akridge","long-island-university_sola1"
"long-island-university","Leila Nunez","long-island-university_leil1"
"long-island-university","Saran Diallo Toure","long-island-university_sara1"
"northeastern","Yirsy Quéliz","northeastern_yirs1"
"northeastern","Camryn Collins","northeastern_camr1"
"northeastern","Taylor Holohan","northeastern_tayl1"
"northeastern","Nariyah Simmons","northeastern_nari1"
"northeastern","Justice Tramble","northeastern_just1"
"northeastern","Morgan Matthews","northeastern_morg1"
"northeastern","Alyssa Staten","northeastern_alys1"
"northeastern","Andrea Martinez","northeastern_andr1"
"northeastern","Maria Sánchez Pitarch","northeastern_mari1"
"northeastern","Kailee Beaudion-Foliaki","northeastern_kail1"
"northeastern","Lindsey Lemay","northeastern_lind1"
"alabama","Karly Weathers","alabama_karl1"
"alabama","Jessica Timmons","alabama_jess1"
"alabama","Diana Collins","alabama_dian1"
"alabama","Ta'Mia Scott","alabama_tami1"
"alabama","Essence Cody","alabama_esse1"
"alabama","Alancia Ramsey","alabama_alan1"
"alabama","Lourdes Da Silva Costa","alabama_lour1"
"alabama","Naomi Jones","alabama_naom1"
"alabama","Leah Brooks","alabama_leah1"
"stetson","Mary McMillan","stetson_mary1"
"stetson","Cameron Thomas","stetson_came1"
"stetson","Promise Keshi","stetson_prom1"
"stetson","Aleah Sorrentino","stetson_alea1"
"stetson","Rose Caso","stetson_rose1"
"stetson","Jorah Eppley","stetson_jora1"
"stetson","Candela Garcia-Escribano","stetson_cand1"
"stetson","Favour Anyaele","stetson_favo1"
"stetson","Sophie Locatelli","stetson_soph1"
"stetson","Eva Bradshaw","stetson_evab1"
"army","Kya Smith","army_kyas1"
"army","Reese Ericson","army_rees1"
"army","Camryn Tade","army_camr1"
"army","Taylor Wilson","army_tayl1"
"army","Brooke Wilson","army_broo1"
"army","Reganne Reardon","army_rega1"
"army","Soleil Montrose","army_sole1"
"army","Stella Chartrand","army_stel1"
"army","Audrey Annee","army_audr1"
"army","Jane Preston","army_jane1"
"army","Landry Sherrer","army_land1"
"army","Kelly Cramer","army_kell1"
"binghamton","Leah Middleton","binghamton_leah1"
"binghamton","Kaia Goode","binghamton_kaia1"
"binghamton","Kendall Bennett","binghamton_kend1"
"binghamton","Bella Pucci","binghamton_bell1"
"binghamton","Yanniah Boyd","binghamton_yann1"
"binghamton","Meghan Casey","binghamton_megh1"
"binghamton","Carletta Bennett","binghamton_carl1"
"binghamton","Daysha Salgado","binghamton_days1"
"binghamton","Ashley Redd","binghamton_ashl1"
"binghamton","Klarissa Goode","binghamton_klar1"
"binghamton","Leah Fowler","binghamton_leah2"
"auburn","Ja'Mia Harris","auburn_jami1"
"auburn","Khady Leye","auburn_khad1"
"auburn","Kaitlyn Duhon","auburn_kait1"
"auburn","A'riel Jackson","auburn_arie1"
"auburn","Mya Petticord","auburn_myap1"
"auburn","Harissoum Coulibaly","auburn_hari1"
"auburn","Clara Koulibaly","auburn_clar1"
"auburn","Syriah Daniels","auburn_syri1"
"auburn","Sania Richardson","auburn_sani1"
"auburn","Angena Belloso","auburn_ange1"
"charlotte","Asianae Nicholson","charlotte_asia1"
"charlotte","Zoe Best","charlotte_zoeb1"
"charlotte","Tanajah Hayes","charlotte_tana1"
"charlotte","Janavia Gage","charlotte_jana1"
"charlotte","Princess Anderson","charlotte_prin1"
"charlotte","Imani Smith","charlotte_iman1"
"charlotte","Karen Nimo","charlotte_kare1"
"charlotte","Caitlin Staley","charlotte_cait1"
"charlotte","Daphane White","charlotte_daph1"
"charlotte","Caroline Thiel","charlotte_caro1"
"charlotte","Taliah Cornish","charlotte_tali1"
"charlotte","Tylissa Henderson","charlotte_tyli1"
"george-washington","Gabby Reynolds","george-washington_gabb1"
"george-washington","Mia James","george-washington_miaj1"
"george-washington","Sara Lewis","george-washington_sara1"
"george-washington","Kamari Sims","george-washington_kama1"
"george-washington","Emma Theodorsson","george-washington_emma1"
"george-washington","Tanah Becker","george-washington_tana1"
"george-washington","Colleen Phiri","george-washington_coll1"
"george-washington","Jaeda Wilson","george-washington_jaed1"
"george-washington","Silvia Gonzalez","george-washington_silv1"
"george-washington","Caia Loving","george-washington_caia1"
"george-washington","Payton Dulin","george-washington_payt1"
"george-washington","Natalia Sierra-Vargas","george-washington_nata1"
"alabama-state","Charlese McClendon","alabama-state_char1"
"alabama-state","Ny'Keria Flowers","alabama-state_nyke1"
"alabama-state","Amari Franklin","alabama-state_amar1"
"alabama-state","Ashley Gray","alabama-state_ashl1"
"alabama-state","Takaya Walters-Norman","alabama-state_taka1"
"alabama-state","Kaitlyn Bryant","alabama-state_kait1"
"alabama-state","Clearia Peterson","alabama-state_clea1"
"alabama-state","Shamya Reid","alabama-state_sham1"
"alabama-state","Caylee Simpson","alabama-state_cayl1"
"alabama-state","Taylor Smith","alabama-state_tayl1"
"alabama-state","Kaia Ponder","alabama-state_kaia1"
"alabama-state","Alanah Pooler","alabama-state_alan1"
"alabama-state","Jacqueline Osei","alabama-state_jacq1"
"alabama-state","Meagan Scott","alabama-state_meag1"
"alabama-state","Talayah Hamilton","alabama-state_tala1"
"georgia","Dani Carnegie","georgia_dani1"
"georgia","Trinity Turner","georgia_trin1"
"georgia","Rylie Theuerkauf","georgia_ryli1"
"georgia","Mia Woolfolk","georgia_miaw1"
"georgia","Vera Ojenuwa","georgia_vera1"
"georgia","Enjulina Gonzalez","georgia_enju1"
"georgia","Zhen Craft","georgia_zhen1"
"georgia","Miyah Verse","georgia_miya1"
"georgia","Jocelyn Faison","georgia_joce1"
"georgia","Aicha Ndour","georgia_aich1"
"hofstra","Micaela Carter","hofstra_mica1"
"hofstra","Alarice Gooden","hofstra_alar1"
"hofstra","Emma Von Essen","hofstra_emma1"
"hofstra","Sandra Magolico","hofstra_sand1"
"hofstra","Ayen Angoi","hofstra_ayen1"
"hofstra","Sana'a Garrett","hofstra_sana1"
"hofstra","Deivejon Harris","hofstra_deiv1"
"hofstra","Ema Karim","hofstra_emak1"
"hofstra","Maddie Pounds","hofstra_madd1"
"hofstra","Michaela Hodge","hofstra_mich1"
"hofstra","Olivia VanPatten","hofstra_oliv1"
"hofstra","Kiyanna Blacks-Stewart","hofstra_kiya1"
"hofstra","Syniya Barton","hofstra_syni1"
"miami-fl","Gal Raviv","miami-fl_galr1"
"miami-fl","Ahnay Adams","miami-fl_ahna1"
"miami-fl","Amarachi Kimpson","miami-fl_amar1"
"miami-fl","Ra Shaya Kyle","miami-fl_rash1"
"miami-fl","Jessica Peterson","miami-fl_jess1"
"miami-fl","Vittoria Blasigh","miami-fl_vitt1"
"miami-fl","Natalie Wetzel","miami-fl_nata1"
"miami-fl","Candace Kpetikou","miami-fl_cand1"
"miami-fl","Simone Pelish","miami-fl_simo1"
"miami-fl","Meredith Tippner","miami-fl_mere1"
"miami-fl","Soma Okolo","miami-fl_soma1"
"miami-fl","Danielle Osho","miami-fl_dani1"
"miami-fl","Mya Kone","miami-fl_myak1"
"campbell","Hadleigh Dill","campbell_hadl1"
"campbell","Jasmine Nivar","campbell_jasm1"
"campbell","Jasmine Felton","campbell_jasm2"
"campbell","Olivia Tucker","campbell_oliv1"
"campbell","Ciara Alexander","campbell_ciar1"
"campbell","Gianni Boone","campbell_gian1"
"campbell","Ashleigh Battle","campbell_ashl1"
"campbell","N'na Konate","campbell_nnak1"
"campbell","Emerson Thompson","campbell_emer1"
"campbell","Peris Smith","campbell_peri1"
"tulane","Amira Mabry","tulane_amir1"
"tulane","Kendall Sneed","tulane_kend1"
"tulane","Sadie Shores","tulane_sadi1"
"tulane","Jayda Brown","tulane_jayd1"
"tulane","Tamiah Robinson","tulane_tami1"
"tulane","CC Mays","tulane_ccma1"
"tulane","Kanija Daniel","tulane_kani1"
"tulane","Dyllan Hanna","tulane_dyll1"
"tulane","Mecailin Marshall","tulane_meca1"
"tulane","Jordyn Weaver","tulane_jord1"
"tulane","Kayla Hampton","tulane_kayl1"
"appalachian-state","Emma Smith","appalachian-state_emma1"
"appalachian-state","Jayden McBride","appalachian-state_jayd1"
"appalachian-state","Daisia Mitchell","appalachian-state_dais1"
"appalachian-state","Emily Hege","appalachian-state_emil1"
"appalachian-state","Feryal Defne Atli","appalachian-state_fery1"
"appalachian-state","Zoe McCrary","appalachian-state_zoem1"
"appalachian-state","Elena Pericic","appalachian-state_elen1"
"appalachian-state","Jada Burton","appalachian-state_jada1"
"appalachian-state","Addie Biel","appalachian-state_addi1"
"appalachian-state","Isa Roman","appalachian-state_isar1"
"appalachian-state","Riley Stoker","appalachian-state_rile1"
"appalachian-state","Marta Gutierrez","appalachian-state_mart1"
"western-michigan","De'Ahna Richardson","western-michigan_deah1"
"western-michigan","Alli Carlson","western-michigan_alli1"
"western-michigan","D'Myjah Bolds","western-michigan_dmyj1"
"western-michigan","Nile Muguira Orbe","western-michigan_nile1"
"western-michigan","Kailey Starks","western-michigan_kail1"
"western-michigan","Alli Harness","western-michigan_alli2"
"western-michigan","Irene Trujillo Suarez","western-michigan_iren1"
"western-michigan","Ariana Wilkes","western-michigan_aria1"
"western-michigan","Emma Dibarboure","western-michigan_emma1"
"western-michigan","Olivia Flynn","western-michigan_oliv1"
"austin-peay","Jade Rucker","austin-peay_jade1"
"austin-peay","Anovia Sheals","austin-peay_anov1"
"austin-peay","Veronaye Charlton","austin-peay_vero1"
"austin-peay","Mya Williams","austin-peay_myaw1"
"austin-peay","Ines Gnahore","austin-peay_ines1"
"austin-peay","Jim'Miyah Branton","austin-peay_jimm1"
"austin-peay","Janiah Newell","austin-peay_jani1"
"austin-peay","Kyra Perkins","austin-peay_kyra1"
"austin-peay","Mckenzie Neal","austin-peay_mcke1"
"austin-peay","Jeanine Brandsma","austin-peay_jean1"
"austin-peay","Maeva Fotsa","austin-peay_maev1"
"bellarmine","Kendall Wingler","bellarmine_kend1"
"bellarmine","Triniti Ralston","bellarmine_trin1"
"bellarmine","Ashlee Harris","bellarmine_ashl1"
"bellarmine","Kayce Hyman","bellarmine_kayc1"
"bellarmine","Rose Jamison","bellarmine_rose1"
"bellarmine","Rachel Shropshire","bellarmine_rach1"
"bellarmine","Haya Abdel Aal","bellarmine_haya1"
"bellarmine","Ava Smith","bellarmine_avas1"
"bellarmine","Andrea Chiquemba","bellarmine_andr1"
"bellarmine","Patricia Sherrill","bellarmine_patr1"
"boston-college","Athena Tomlinson","boston-college_athe1"
"boston-college","Kayla Rolph","boston-college_kayl1"
"boston-college","Lily Carmody","boston-college_lily1"
"boston-college","Teionni McDaniel","boston-college_teio1"
"boston-college","Amirah Anderson","boston-college_amir1"
"boston-college","Jocelyne Grier","boston-college_joce1"
"boston-college","Erin Houpt","boston-college_erin1"
"boston-college","Ava McGee","boston-college_avam1"
"boston-college","Kaia Henderson","boston-college_kaia1"
"holy-cross","Meg Cahalan","holy-cross_megc1"
"holy-cross","Mary-Elizabeth Donnelly","holy-cross_mary1"
"holy-cross","Simone Foreman","holy-cross_simo1"
"holy-cross","Kaitlyn Flanagan","holy-cross_kait1"
"holy-cross","Hannah Griffin","holy-cross_hann1"
"holy-cross","Kendall Eddy","holy-cross_kend1"
"holy-cross","Asia Wilson","holy-cross_asia1"
"holy-cross","Janie Bachmann","holy-cross_jani1"
"holy-cross","Brianna McDermott","holy-cross_bria1"
"boston-university","Allison Schwertner","boston-university_alli1"
"boston-university","Anete Adler","boston-university_anet1"
"boston-university","Inés Monteagudo","boston-university_insm1"
"boston-university","Bella McLaughlin","boston-university_bell1"
"boston-university","Audrey Ericksen","boston-university_audr1"
"boston-university","Anastasiia Semenova","boston-university_anas1"
"boston-university","Hildur Gunnsteinsdóttir","boston-university_hild1"
"boston-university","Taylor Williams","boston-university_tayl1"
"boston-university","Rose Azmoudeh","boston-university_rose1"
"quinnipiac","Jackie Grisdale","quinnipiac_jack1"
"quinnipiac","Anna Foley","quinnipiac_anna1"
"quinnipiac","Karson Martin","quinnipiac_kars1"
"quinnipiac","Paige Girardi","quinnipiac_paig1"
"quinnipiac","Ella O'Donnell","quinnipiac_ella1"
"quinnipiac","Sydney Ryan","quinnipiac_sydn1"
"quinnipiac","Ella Ryan","quinnipiac_ella2"
"quinnipiac","Emma Lizotte","quinnipiac_emma1"
"quinnipiac","Maria Kealy","quinnipiac_mari1"
"bryant","Nia Scott","bryant_nias1"
"bryant","Mimi Rubino","bryant_mimi1"
"bryant","Mia Mancini","bryant_miam1"
"bryant","Maranda Nyborg","bryant_mara1"
"bryant","Izzy Adams","bryant_izzy1"
"bryant","Martina Boba","bryant_mart1"
"bryant","Rose Nelson","bryant_rose1"
"bryant","Abbey Lindsey","bryant_abbe1"
"bryant","Jaida Guerra","bryant_jaid1"
"bryant","Giselle Davis","bryant_gise1"
"bryant","Madara Liepniece","bryant_mada1"
"bryant","Azanah Campbell","bryant_azan1"
"central-connecticut-state","Lucia Noin","central-connecticut-state_luci1"
"central-connecticut-state","Cierra Pearson","central-connecticut-state_cier1"
"central-connecticut-state","Na-kyah Williams","central-connecticut-state_naky1"
"central-connecticut-state","Kayla Henry","central-connecticut-state_kayl1"
"central-connecticut-state","Kiyah Lewis","central-connecticut-state_kiya1"
"central-connecticut-state","Jessica Farrell","central-connecticut-state_jess1"
"central-connecticut-state","Christa Ramos","central-connecticut-state_chri1"
"central-connecticut-state","Jah'Nae Stevens","central-connecticut-state_jahn1"
"central-connecticut-state","Mia Toure","central-connecticut-state_miat1"
"central-connecticut-state","Trinty Barnes","central-connecticut-state_trin1"
"central-connecticut-state","Nicora Patrick","central-connecticut-state_nico1"
"central-connecticut-state","Ilektra Lykaki","central-connecticut-state_ilek1"
"central-connecticut-state","Reyda Ayva","central-connecticut-state_reyd1"
"bethune-cookman","Tyler Butler","bethune-cookman_tyle1"
"bethune-cookman","Daimoni Dorsey","bethune-cookman_daim1"
"bethune-cookman","Chanelle McDonald","bethune-cookman_chan1"
"bethune-cookman","Shomari Phillips","bethune-cookman_shom1"
"bethune-cookman","Alexandria Johnson","bethune-cookman_alex1"
"bethune-cookman","Jordan Brooks","bethune-cookman_jord1"
"bethune-cookman","Keiara Gregory","bethune-cookman_keia1"
"bethune-cookman","Dariasia Pitts","bethune-cookman_dari1"
"bethune-cookman","Kailyn Peters","bethune-cookman_kail1"
"bethune-cookman","Indigo Brown","bethune-cookman_indi1"
"bethune-cookman","Madison Holden","bethune-cookman_madi1"
"bethune-cookman","Mya Johnson","bethune-cookman_myaj1"
"central-florida","Leah Harmon","central-florida_leah1"
"central-florida","Jacorriah Bracey","central-florida_jaco1"
"central-florida","Khyala Ngodu","central-florida_khya1"
"central-florida","Mahogany Chandler-Roberts","central-florida_maho1"
"central-florida","Kristol Ayson","central-florida_kris1"
"central-florida","Samari Bankhead","central-florida_sama1"
"central-florida","Jasmynne Gibson","central-florida_jasm1"
"central-florida","Kayanna Cox","central-florida_kaya1"
"central-florida","Summer Yancy","central-florida_summ1"
"central-florida","Savannah Scott","central-florida_sava1"
"central-florida","Meja Hänsel","central-florida_meja1"
"central-florida","Logan Reed","central-florida_loga1"
"central-florida","Felicia Schölander","central-florida_feli1"
"central-florida","Audreonia Benson","central-florida_audr1"
"coastal-carolina","Kristin Williams","coastal-carolina_kris1"
"coastal-carolina","Olivia Klanac","coastal-carolina_oliv1"
"coastal-carolina","Paige Bradley","coastal-carolina_paig1"
"coastal-carolina","Tessa Grady","coastal-carolina_tess1"
"coastal-carolina","Tracey Hueston","coastal-carolina_trac1"
"coastal-carolina","Baylee Lowder","coastal-carolina_bayl1"
"coastal-carolina","Tateyoina Harris","coastal-carolina_tate1"
"coastal-carolina","Kinsea Grimes","coastal-carolina_kins1"
"coastal-carolina","J'yana Salton","coastal-carolina_jyan1"
"coastal-carolina","Hennessey Luu-Brown","coastal-carolina_henn1"
"miami-oh","Tamar Singer","miami-oh_tama1"
"miami-oh","Amber Scalia","miami-oh_ambe1"
"miami-oh","Amber Tretter","miami-oh_ambe2"
"miami-oh","Clara Gonzalez Planella","miami-oh_clar1"
"miami-oh","Ilse de Vries","miami-oh_ilse1"
"miami-oh","Núria Jurjo","miami-oh_nria1"
"miami-oh","Macie Taylor","miami-oh_maci1"
"miami-oh","Brooke Blumenfeld","miami-oh_broo1"
"miami-oh","Mio Sakano","miami-oh_mios1"
"miami-oh","Emily VanTimmeren","miami-oh_emil1"
"east-carolina","Anzhané Hutton","east-carolina_anzh1"
"east-carolina","Kennedy Fauntleroy","east-carolina_kenn1"
"east-carolina","Savannah Brooks","east-carolina_sava1"
"east-carolina","Keanna Rembert","east-carolina_kean1"
"east-carolina","Jayla Hearp","east-carolina_jayl1"
"east-carolina","Taylor Barner","east-carolina_tayl1"
"east-carolina","Olivia Hilliard","east-carolina_oliv1"
"east-carolina","Mildred Dibua","east-carolina_mild1"
"east-carolina","Bobbi Smith","east-carolina_bobb1"
"east-carolina","Zaniah Zellous","east-carolina_zani1"
"north-carolina-wilmington","Kylah Silver","north-carolina-wilmington_kyla1"
"north-carolina-wilmington","Icyss Storm","north-carolina-wilmington_icys1"
"north-carolina-wilmington","Kate Hollifield","north-carolina-wilmington_kate1"
"north-carolina-wilmington","Tia Dobson","north-carolina-wilmington_tiad1"
"north-carolina-wilmington","McCall King","north-carolina-wilmington_mcca1"
"north-carolina-wilmington","Torin Rogers","north-carolina-wilmington_tori1"
"north-carolina-wilmington","Rori Cox","north-carolina-wilmington_rori1"
"north-carolina-wilmington","Paige Smith","north-carolina-wilmington_paig1"
"north-carolina-wilmington","Mary Ferrito","north-carolina-wilmington_mary1"
"north-carolina-wilmington","Ebbony Wilson","north-carolina-wilmington_ebbo1"
"fordham","Alexis Black","fordham_alex1"
"fordham","Tia Morgan","fordham_tiam1"
"fordham","Ornella Niankan","fordham_orne1"
"fordham","Lakresha Edwards","fordham_lakr1"
"fordham","Precious Omoshola","fordham_prec1"
"fordham","Kaila Berry","fordham_kail1"
"fordham","Ugne Sirtautaite","fordham_ugne1"
"fordham","Carryn Easley","fordham_carr1"
"fordham","Maysen Hill","fordham_mays1"
"fordham","London Liley","fordham_lond1"
"fordham","Emma Wilson-Saltos","fordham_emma1"
"central-michigan","Nekhu Mitchell","central-michigan_nekh1"
"central-michigan","Rylan Buschell","central-michigan_ryla1"
"central-michigan","Madi Morson","central-michigan_madi1"
"central-michigan","Ayanna-Sarai Darrington","central-michigan_ayan1"
"central-michigan","Zareia Chevre","central-michigan_zare1"
"central-michigan","Taylor Anderson","central-michigan_tayl1"
"central-michigan","Demetria Prewitt","central-michigan_deme1"
"central-michigan","Taylor Johnson","central-michigan_tayl2"
"central-michigan","Jayda Mosley","central-michigan_jayd1"
"central-michigan","Lilah Turnbull","central-michigan_lila1"
"georgia-southern","Destiny Garrett","georgia-southern_dest1"
"georgia-southern","McKenna Eddings","georgia-southern_mcke1"
"georgia-southern","Jashanti Simmons","georgia-southern_jash1"
"georgia-southern","Liv Fuller","georgia-southern_livf1"
"georgia-southern","Kishyah Anderson","georgia-southern_kish1"
"georgia-southern","Kyla Bryant","georgia-southern_kyla1"
"georgia-southern","Lia Anderson","georgia-southern_liaa1"
"georgia-southern","Jamiria Jones","georgia-southern_jami1"
"georgia-southern","Kayla Cleaveland","georgia-southern_kayl1"
"georgia-southern","Nevaeh Brown","georgia-southern_neva1"
"georgia-southern","Courtenay Lee","georgia-southern_cour1"
"georgia-state","Crystal Henderson","georgia-state_crys1"
"georgia-state","Cheyenne Holloman","georgia-state_chey1"
"georgia-state","Ariana Dyson","georgia-state_aria1"
"georgia-state","Morgan Robinson-Nwagwu","georgia-state_morg1"
"georgia-state","Kaleigh Addie","georgia-state_kale1"
"georgia-state","Gabbie Grooms","georgia-state_gabb1"
"georgia-state","Grace Lanier","georgia-state_grac1"
"georgia-state","Monna Julkunen","georgia-state_monn1"
"georgia-state","Savannah Robinson-Holmes","georgia-state_sava1"
"georgia-state","Eghosa Obasuyi","georgia-state_egho1"
"georgia-state","Nari Powers","georgia-state_nari1"
"charleston-southern","Alaina Nettles","charleston-southern_alai1"
"charleston-southern","Caelan Ellis","charleston-southern_cael1"
"charleston-southern","Tyonna Bailey","charleston-southern_tyon1"
"charleston-southern","Nevaeh Jones","charleston-southern_neva1"
"charleston-southern","Asha Sra","charleston-southern_asha1"
"charleston-southern","Thelma Barbitch","charleston-southern_thel1"
"charleston-southern","Aïssé Coulibaly","charleston-southern_assc1"
"charleston-southern","Sydney Bradley","charleston-southern_sydn1"
"charleston-southern","Mya Dotson","charleston-southern_myad1"
"charleston-southern","Alba Garcia-Valcarcel Bezos","charleston-southern_alba1"
"jacksonville","Makiya Miller","jacksonville_maki1"
"jacksonville","Priscilla Williams","jacksonville_pris1"
"jacksonville","Tatum Brown","jacksonville_tatu1"
"jacksonville","Kali Howard","jacksonville_kali1"
"jacksonville","Aniah Smith","jacksonville_ania1"
"jacksonville","Comari Mitchell","jacksonville_coma1"
"jacksonville","Bailey Burns","jacksonville_bail1"
"jacksonville","Mychal White","jacksonville_mych1"
"jacksonville","Sharmela Reid","jacksonville_shar1"
"jacksonville","Mariah Knight","jacksonville_mari1"
"jacksonville","Carmaya Bowman","jacksonville_carm1"
"jacksonville","Kimora Hester","jacksonville_kimo1"
"james-madison","Ashanti Barnes-Williams","james-madison_asha1"
"james-madison","Peyton McDaniel","james-madison_peyt1"
"james-madison","Zakiya Stephenson","james-madison_zaki1"
"james-madison","Bree Robinson","james-madison_bree1"
"james-madison","Grace McDonough","james-madison_grac1"
"james-madison","Brianna McLeod","james-madison_bria1"
"james-madison","Delilah Soltys","james-madison_deli1"
"james-madison","Regina Walton","james-madison_regi1"
"james-madison","Angela Williams","james-madison_ange1"
"james-madison","Maddie Oliver","james-madison_madd1"
"kent-state","Mya Babbitt","kent-state_myab1"
"kent-state","Riley Rismiller","kent-state_rile1"
"kent-state","Corynne Hauser","kent-state_cory1"
"kent-state","Janae Tyler","kent-state_jana1"
"kent-state","Dionna Gray","kent-state_dion1"
"kent-state","Emory Klatt","kent-state_emor1"
"kent-state","Anna Campanelli","kent-state_anna1"
"kent-state","Meghan Murray","kent-state_megh1"
"kent-state","Tatiana Thomas","kent-state_tati1"
"kent-state","Caitlyn Holmes","kent-state_cait1"
"kent-state","Rylee Kalocay","kent-state_ryle1"
"kent-state","Bianca Juzzo","kent-state_bian1"
"maryland-baltimore-county","Carmen Yanez","maryland-baltimore-county_carm1"
"maryland-baltimore-county","Gabby Scott","maryland-baltimore-county_gabb1"
"maryland-baltimore-county","Tiara Bellamy","maryland-baltimore-county_tiar1"
"maryland-baltimore-county","Jade Tillman","maryland-baltimore-county_jade1"
"maryland-baltimore-county","Delaney Yarborough","maryland-baltimore-county_dela1"
"maryland-baltimore-county","Dagny Slomack","maryland-baltimore-county_dagn1"
"maryland-baltimore-county","Lauren Thompson","maryland-baltimore-county_laur1"
"maryland-baltimore-county","Heidi Williams","maryland-baltimore-county_heid1"
"maryland-baltimore-county","Kennedy Austin","maryland-baltimore-county_kenn1"
"maryland-baltimore-county","Alaina Williams","maryland-baltimore-county_alai1"
"maryland-baltimore-county","Maisie Crowley","maryland-baltimore-county_mais1"
"new-hampshire","Eva DeChent","new-hampshire_evad1"
"new-hampshire","Elizabeth Lavoie","new-hampshire_eliz1"
"new-hampshire","Katie Ledden","new-hampshire_kati1"
"new-hampshire","Camryn Fauria","new-hampshire_camr1"
"new-hampshire","Kenzie Matulonis","new-hampshire_kenz1"
"new-hampshire","Carolina Williams","new-hampshire_caro1"
"new-hampshire","Maggie Cavanaugh","new-hampshire_magg1"
"new-hampshire","Kassidy Thompson","new-hampshire_kass1"
"new-hampshire","Lucia Melero","new-hampshire_luci1"
"new-hampshire","Jamie Kent","new-hampshire_jami1"
"new-hampshire","Sydney Lusher","new-hampshire_sydn1"
"new-hampshire","Alia Cordone","new-hampshire_alia1"
"new-hampshire","Averie Harding","new-hampshire_aver1"
"mercer","Micah O'Dell","mercer_mica1"
"mercer","Ariana Bennett","mercer_aria1"
"mercer","Talia Kemp","mercer_tali1"
"mercer","Nahawa Diarra Berthe","mercer_naha1"
"mercer","Abby Holtman","mercer_abby1"
"mercer","Talia Harris","mercer_tali2"
"mercer","Remi-Hope Drantmann","mercer_remi1"
"mercer","Elena Cabello","mercer_elen1"
"mercer","Rania Curry","mercer_rani1"
"mercer","Stephanie Utomi","mercer_step1"
"north-carolina-asheville","Nia Green","north-carolina-asheville_niag1"
"north-carolina-asheville","Journee McDaniel","north-carolina-asheville_jour1"
"north-carolina-asheville","Aileen Marquez","north-carolina-asheville_aile1"
"north-carolina-asheville","D'Yanna Maxey","north-carolina-asheville_dyan1"
"north-carolina-asheville","Clementina Odom","north-carolina-asheville_clem1"
"north-carolina-asheville","Taliya Council","north-carolina-asheville_tali1"
"north-carolina-asheville","Trinity Fields","north-carolina-asheville_trin1"
"north-carolina-asheville","Jamaria Freeman","north-carolina-asheville_jama1"
"north-carolina-asheville","Deb Orianegbena","north-carolina-asheville_debo1"
"north-carolina-asheville","Kamaria Gipson","north-carolina-asheville_kama1"
"north-carolina-asheville","Jaidyn Koerdt","north-carolina-asheville_jaid1"
"north-carolina-asheville","Sara Yarnell","north-carolina-asheville_sara1"
"north-texas","Tiffany Hammond","north-texas_tiff1"
"north-texas","Andi Schissler","north-texas_andi1"
"north-texas","Tionna Lidge","north-texas_tion1"
"north-texas","Megan Nestor","north-texas_mega1"
"north-texas","Jazzy owens-Barnett","north-texas_jazz1"
"north-texas","Chania Price","north-texas_chan1"
"north-texas","Cherie Spencer","north-texas_cher1"
"north-texas","Jaelyn Talley","north-texas_jael1"
"north-texas","Aysia Proctor","north-texas_aysi1"
"north-texas","Mekhia Chase","north-texas_mekh1"
"massachusetts","Yahmani McKayle","massachusetts_yahm1"
"massachusetts","Ayanna Franks","massachusetts_ayan1"
"massachusetts","Allie Palmieri","massachusetts_alli1"
"massachusetts","Megan Olbrys","massachusetts_mega1"
"massachusetts","Chinenye Odenigbo","massachusetts_chin1"
"massachusetts","Lilly Ferguson","massachusetts_lill1"
"massachusetts","Leah Bullard","massachusetts_leah1"
"massachusetts","Aiyanna Perkins","massachusetts_aiya1"
"old-dominion","En'Dya Buford","old-dominion_endy1"
"old-dominion","Simone Cunningham","old-dominion_simo1"
"old-dominion","Simaru Fields","old-dominion_sima1"
"old-dominion","Nevaeh Scott","old-dominion_neva1"
"old-dominion","Riley Stack","old-dominion_rile1"
"old-dominion","Kelsey Thompson","old-dominion_kels1"
"old-dominion","Laila Walker","old-dominion_lail1"
"old-dominion","Dalanna Carter","old-dominion_dala1"
"old-dominion","Mariah Clayton","old-dominion_mari1"
"old-dominion","Jaylen Ponder","old-dominion_jayl1"
"old-dominion","Nakiyah Allen","old-dominion_naki1"
"old-dominion","Alisha Nunley","old-dominion_alis1"
"old-dominion","Nisaa Muhammad","old-dominion_nisa1"
"old-dominion","Hama'ya Fielder","old-dominion_hama1"
"south-dakota","Elise Turrubiates","south-dakota_elis1"
"south-dakota","Angelina Robles","south-dakota_ange1"
"south-dakota","Tori Schlagel","south-dakota_tori1"
"south-dakota","Jenna Hopp","south-dakota_jenn1"
"south-dakota","Patience Williams","south-dakota_pati1"
"south-dakota","Molly Joyce","south-dakota_moll1"
"south-dakota","Katy Reyerson","south-dakota_katy1"
"south-dakota","Alex Flattery","south-dakota_alex1"
"south-dakota","Alyssa Bartlett","south-dakota_alys1"
"south-dakota","Olivia Kieffer","south-dakota_oliv1"
"south-dakota","Olivia Moore","south-dakota_oliv2"
"south-dakota","Josie Hill","south-dakota_josi1"
"south-dakota","Coral Mason","south-dakota_cora1"
"south-dakota","Grace Peterson","south-dakota_grac1"
"florida-international","Claudia Marina Gonzalez","florida-international_clau1"
"florida-international","Grecia Ferrer Leal","florida-international_grec1"
"florida-international","Denika Lightbourne","florida-international_deni1"
"florida-international","Ndate Ndiaye","florida-international_ndat1"
"florida-international","Fantasia James","florida-international_fant1"
"florida-international","Ndeye Astou Ndiaye","florida-international_ndey1"
"florida-international","Astrid Mukulumpe","florida-international_astr1"
"florida-international","Selene Romero","florida-international_sele1"
"south-florida","Edyn Battle","south-florida_edyn1"
"south-florida","Ines Piper","south-florida_ines1"
"south-florida","L'or Mputu","south-florida_lorm1"
"south-florida","Stefanie Ingram","south-florida_stef1"
"south-florida","Katie Davidson","south-florida_kati1"
"south-florida","Kirsten Lewis-Williams","south-florida_kirs1"
"south-florida","Raina Tomasicka","south-florida_rain1"
"south-florida","Fatou Diakite","south-florida_fato1"
"south-florida","Janette Aarnio","south-florida_jane1"
"south-florida","Jelena Bulajic","south-florida_jele1"
"south-florida","Lee Teichman","south-florida_leet1"
"st-bonaventure","Mackenzie Pettinelli","st-bonaventure_mack1"
"st-bonaventure","Brillana Boyd","st-bonaventure_bril1"
"st-bonaventure","Laycee Drake","st-bonaventure_layc1"
"st-bonaventure","Aaliyah Parker","st-bonaventure_aali1"
"st-bonaventure","Gabby Robinson Forde","st-bonaventure_gabb1"
"st-bonaventure","Mallory Heise","st-bonaventure_mall1"
"st-bonaventure","Kaylee Krysztof","st-bonaventure_kayl1"
"st-bonaventure","Iva Corluka","st-bonaventure_ivac1"
"st-bonaventure","Elyse MacDonough","st-bonaventure_elys1"
"st-bonaventure","Ivona Djikanovic","st-bonaventure_ivon1"
"st-bonaventure","Olivia DiFranco","st-bonaventure_oliv1"
"st-bonaventure","Diamond Fields","st-bonaventure_diam1"
"st-bonaventure","Brianna Barr-Buday","st-bonaventure_bria1"
"st-bonaventure","Kylie Buckley","st-bonaventure_kyli1"
"texas-am-corpus-christi","Marissa Shelton","texas-am-corpus-christi_mari1"
"texas-am-corpus-christi","Chelsea Wooten","texas-am-corpus-christi_chel1"
"texas-am-corpus-christi","Samora Watson","texas-am-corpus-christi_samo1"
"texas-am-corpus-christi","Rayna Williams","texas-am-corpus-christi_rayn1"
"texas-am-corpus-christi","K'Nari Holliday","texas-am-corpus-christi_knar1"
"texas-am-corpus-christi","Asha Walker","texas-am-corpus-christi_asha1"
"texas-am-corpus-christi","Torie Sevier","texas-am-corpus-christi_tori1"
"texas-am-corpus-christi","Tamar voor de Poort","texas-am-corpus-christi_tama1"
"abilene-christian","Emma Troxell","abilene-christian_emma1"
"abilene-christian","Erin Woodson","abilene-christian_erin1"
"abilene-christian","Breanna Davis","abilene-christian_brea1"
"abilene-christian","Meredith Mayes","abilene-christian_mere1"
"abilene-christian","Payton Hull","abilene-christian_payt1"
"abilene-christian","Riley Grohman","abilene-christian_rile1"
"abilene-christian","Molly Daugherty","abilene-christian_moll1"
"abilene-christian","Emma Daugherty","abilene-christian_emma2"
"abilene-christian","Bree Riley","abilene-christian_bree1"
"abilene-christian","Jazmyn Stone","abilene-christian_jazm1"
"abilene-christian","Natalia Chavez","abilene-christian_nata1"
"abilene-christian","Aimee Flippen","abilene-christian_aime1"
"abilene-christian","Jordyn Coleman","abilene-christian_jord1"
"chicago-state","Aiyanna Culver","chicago-state_aiya1"
"chicago-state","Marisa Gant","chicago-state_mari1"
"chicago-state","Kayla Mount","chicago-state_kayl1"
"chicago-state","Keona McGee","chicago-state_keon1"
"chicago-state","Paris Bass","chicago-state_pari1"
"chicago-state","Kyara Champagne","chicago-state_kyar1"
"chicago-state","Kace Urlacher","chicago-state_kace1"
"chicago-state","Chloe Sisco","chicago-state_chlo1"
"chicago-state","Elani Randall","chicago-state_elan1"
"chicago-state","Tania Allen","chicago-state_tani1"
"chicago-state","Jade Hamilton-Gill","chicago-state_jade1"
"chicago-state","Tally Williams","chicago-state_tall1"
"chicago-state","Kitali Youmans","chicago-state_kita1"
"cleveland-state","Colbi Maples","cleveland-state_colb1"
"cleveland-state","Jada Leonard","cleveland-state_jada1"
"cleveland-state","Macey Fegan","cleveland-state_mace1"
"cleveland-state","Izabella Zingaro","cleveland-state_izab1"
"cleveland-state","Ella Van Weelden","cleveland-state_ella1"
"cleveland-state","Paula Pique","cleveland-state_paul1"
"cleveland-state","Ayisse Magassa","cleveland-state_ayis1"
"cleveland-state","Madison Royal-Davis","cleveland-state_madi1"
"cleveland-state","Laurel Rockwood","cleveland-state_laur1"
"cleveland-state","Sarah Hurley","cleveland-state_sara1"
"cleveland-state","Queen Ruffin","cleveland-state_quee1"
"cleveland-state","Colby Guinta","cleveland-state_colb2"
"cleveland-state","Sur Lozano","cleveland-state_surl1"
"cleveland-state","Hanna Medina Kajevic","cleveland-state_hann1"
"creighton","Kennedy Townsend","creighton_kenn1"
"creighton","Kiani Lockett","creighton_kian1"
"creighton","Allison Heathcock","creighton_alli1"
"creighton","Elizabeth Gentry","creighton_eliz1"
"creighton","Grace Boffeli","creighton_grac1"
"creighton","Ava Zediker","creighton_avaz1"
"creighton","Kendall McGee","creighton_kend1"
"creighton","Neleigh Gessert","creighton_nele1"
"creighton","Norah Gessert","creighton_nora1"
"creighton","Tara Dacic","creighton_tara1"
"south-dakota-state","Brooklyn Meyer","south-dakota-state_broo1"
"south-dakota-state","Katie Vasecka","south-dakota-state_kati1"
"south-dakota-state","Madison Mathiowetz","south-dakota-state_madi1"
"south-dakota-state","Emilee Fox","south-dakota-state_emil1"
"south-dakota-state","Maggie Hartwig","south-dakota-state_magg1"
"south-dakota-state","Ellie Colbeck","south-dakota-state_elli1"
"south-dakota-state","Hadley Thul","south-dakota-state_hadl1"
"south-dakota-state","Mahli Abdouch","south-dakota-state_mahl1"
"east-tennessee-state","Carmen Richardson","east-tennessee-state_carm1"
"east-tennessee-state","Kennedy Younkin","east-tennessee-state_kenn1"
"east-tennessee-state","Anala Nelson","east-tennessee-state_anal1"
"east-tennessee-state","Jaidyn Harper","east-tennessee-state_jaid1"
"east-tennessee-state","Lucy Hood","east-tennessee-state_lucy1"
"east-tennessee-state","SaBreya Monsanto","east-tennessee-state_sabr1"
"east-tennessee-state","Yanessa Boyd","east-tennessee-state_yane1"
"east-tennessee-state","Paige Lyons","east-tennessee-state_paig1"
"east-tennessee-state","Lucia France","east-tennessee-state_luci1"
"elon","Jayda Angel","elon_jayd1"
"elon","Tyana Walker","elon_tyan1"
"elon","Maraja Pass","elon_mara1"
"elon","Quinzia Fulmore","elon_quin1"
"elon","LaNae' Corbett","elon_lana1"
"elon","Laila Anderson","elon_lail1"
"elon","Ashanti Fox","elon_asha1"
"elon","Tamia Watkins","elon_tami1"
"elon","Kamryn Doty","elon_kamr1"
"elon","Kierra Morrow","elon_kier1"
"elon","Ruby Willard","elon_ruby1"
"elon","Samira Khalil","elon_sami1"
"eastern-kentucky","Liz Freihofer","eastern-kentucky_lizf1"
"eastern-kentucky","Joseana Vaz","eastern-kentucky_jose1"
"eastern-kentucky","Ella Bradley","eastern-kentucky_ella1"
"eastern-kentucky","Althea Kara Angeles","eastern-kentucky_alth1"
"eastern-kentucky","Ndidiamaka Ndukwe","eastern-kentucky_ndid1"
"eastern-kentucky","Kenleigh Woods","eastern-kentucky_kenl1"
"eastern-kentucky","Kailani Lindsey","eastern-kentucky_kail1"
"eastern-kentucky","Madison Lewis","eastern-kentucky_madi1"
"eastern-kentucky","Jasmine Jordan","eastern-kentucky_jasm1"
"eastern-kentucky","Love Mays","eastern-kentucky_love1"
"eastern-kentucky","Zyniah Thomas","eastern-kentucky_zyni1"
"furman","Chantelle Stuart","furman_chan1"
"furman","Lauren Bailey","furman_laur1"
"furman","Raina McGowens","furman_rain1"
"furman","Clare Coyle","furman_clar1"
"furman","Kyraha Parnell","furman_kyra1"
"furman","Sophia Pearl","furman_soph1"
"furman","Alyssa Ervin","furman_alys1"
"furman","Tyriana Berry","furman_tyri1"
"furman","Brooklyn King","furman_broo1"
"furman","Hilary Englert","furman_hila1"
"furman","Samaria Taylor","furman_sama1"
"furman","Channing Warren","furman_chan2"
"green-bay","Meghan Schultz","green-bay_megh1"
"green-bay","Gracie Grzesk","green-bay_grac1"
"green-bay","Kamy Peppler","green-bay_kamy1"
"green-bay","Carley Duffney","green-bay_carl1"
"green-bay","Maddy Skorupski","green-bay_madd1"
"green-bay","Kristina Ouimette","green-bay_kris1"
"green-bay","Ellie Buzzelle","green-bay_elli1"
"green-bay","Kallie Peppler","green-bay_kall1"
"green-bay","Lily Hansford","green-bay_lily1"
"green-bay","Julianna Ouimette","green-bay_juli1"
"high-point","Aaliyah Collins","high-point_aali1"
"high-point","Lexi Fleming","high-point_lexi1"
"high-point","Anna Hager","high-point_anna1"
"high-point","Nevaeh Zavala","high-point_neva1"
"high-point","Macy Spencer","high-point_macy1"
"high-point","Brecken Snotherly","high-point_brec1"
"high-point","Chana Paxixe","high-point_chan1"
"high-point","Dom Nesland","high-point_domn1"
"high-point","Peyton Gerdes","high-point_peyt1"
"high-point","Kenaya Klintman","high-point_kena1"
"high-point","Dakota Phillips","high-point_dako1"
"high-point","Cheyenne Brand","high-point_chey1"
"high-point","Sky Donaie","high-point_skyd1"
"high-point","Kelsey Miller","high-point_kels1"
"iowa","Chazadi Wright","iowa_chaz1"
"iowa","Hannah Stuelke","iowa_hann1"
"iowa","Ava Heiden","iowa_avah1"
"iowa","Taylor McCabe","iowa_tayl1"
"iowa","Kylie Feuerbach","iowa_kyli1"
"iowa","Emely Rodriguez","iowa_emel1"
"iowa","Taylor Stremlow","iowa_tayl2"
"iowa","Addison Deal","iowa_addi1"
"iowa","Layla Hays","iowa_layl1"
"iowa","Journey Houston","iowa_jour1"
"southern","Mykayla Cunningham","southern_myka1"
"southern","Zaria Hurston","southern_zari1"
"southern","Jaylia Reed","southern_jayl1"
"southern","D'Shantae Edwards","southern_dsha1"
"southern","Demya Porter","southern_demy1"
"southern","Jocelyn Tate","southern_joce1"
"southern","Jestiny Dixon","southern_jest1"
"southern","Anaja Hall","southern_anaj1"
"southern","Olivia Delancy","southern_oliv1"
"southern","Demonnie Lagway","southern_demo1"
"southern","Xyllize Harrison","southern_xyll1"
"southern","Kiana Wilson","southern_kian1"
"southern","Aubri Wilkins","southern_aubr1"
"jackson-state","Leianya Massenat","jackson-state_leia1"
"jackson-state","Derrica McCall","jackson-state_derr1"
"jackson-state","Jada Patton","jackson-state_jada1"
"jackson-state","Jaileyah Cotton","jackson-state_jail1"
"jackson-state","Mikayla Brown","jackson-state_mika1"
"jackson-state","Rhema Pegues","jackson-state_rhem1"
"jackson-state","Angel Wilkinson","jackson-state_ange1"
"jackson-state","Pierre-Noelle Tcheuhchoua","jackson-state_pier1"
"jackson-state","Mariah Reed-Jones","jackson-state_mari1"
"jackson-state","Laila Grant","jackson-state_lail1"
"jackson-state","Skyler Christmas","jackson-state_skyl1"
"jackson-state","McKenzie Stewart","jackson-state_mcke1"
"kansas-state","Taryn Sides","kansas-state_tary1"
"kansas-state","Nastja Claessens","kansas-state_nast1"
"kansas-state","Tess Heal","kansas-state_tess1"
"kansas-state","Brandie Harrod","kansas-state_bran1"
"kansas-state","Jenessa Cotton","kansas-state_jene1"
"kansas-state","Jordan Speiser","kansas-state_jord1"
"kansas-state","Izela Arenas","kansas-state_izel1"
"kansas-state","Aniya' Foy","kansas-state_aniy1"
"kansas-state","Ramiya White","kansas-state_rami1"
"kansas-state","Gina Garcia","kansas-state_gina1"
"kansas-state","Mikayla Parks","kansas-state_mika1"
"nebraska-omaha","Leekaya Burke Perryman","nebraska-omaha_leek1"
"nebraska-omaha","Alison Stephens","nebraska-omaha_alis1"
"nebraska-omaha","Sarai Estupiñan","nebraska-omaha_sara1"
"nebraska-omaha","Cora Olsen","nebraska-omaha_cora1"
"nebraska-omaha","Avril Smith","nebraska-omaha_avri1"
"nebraska-omaha","Lillian Merow","nebraska-omaha_lill1"
"nebraska-omaha","Daria Shelby","nebraska-omaha_dari1"
"nebraska-omaha","Elsa Vedral","nebraska-omaha_elsa1"
"nebraska-omaha","Esra Kurban","nebraska-omaha_esra1"
"bowling-green-state","Paige Kohler","bowling-green-state_paig1"
"bowling-green-state","Taya Ellis","bowling-green-state_taya1"
"bowling-green-state","Ky'Aira Miller","bowling-green-state_kyai1"
"bowling-green-state","Johnea Donahue","bowling-green-state_john1"
"bowling-green-state","Joniyah Bland-Fitzpatrick","bowling-green-state_joni1"
"bowling-green-state","Lauren Gerken","bowling-green-state_laur1"
"bowling-green-state","Emily Siesel","bowling-green-state_emil1"
"bowling-green-state","Jasmine Fearne","bowling-green-state_jasm1"
"bowling-green-state","Jaedyn Cook","bowling-green-state_jaed1"
"bowling-green-state","Laila Harrison","bowling-green-state_lail1"
"bowling-green-state","Kendal Moxey","bowling-green-state_kend1"
"bowling-green-state","Sofia Moschen","bowling-green-state_sofi1"
"louisiana-lafayette","Imani Daniel","louisiana-lafayette_iman1"
"louisiana-lafayette","Mikaylah Manley","louisiana-lafayette_mika1"
"louisiana-lafayette","Sierra Jones","louisiana-lafayette_sier1"
"louisiana-lafayette","Marina Artero","louisiana-lafayette_mari1"
"louisiana-lafayette","Jazmyne Jackson","louisiana-lafayette_jazm1"
"louisiana-lafayette","Amijah Price","louisiana-lafayette_amij1"
"louisiana-lafayette","Stephanie Mosley","louisiana-lafayette_step1"
"louisiana-lafayette","Arionna Patterson","louisiana-lafayette_ario1"
"louisiana-lafayette","Bianca Silva","louisiana-lafayette_bian1"
"louisiana-lafayette","Lilybeth Ba","louisiana-lafayette_lily1"
"louisiana-lafayette","Kahlen Norris","louisiana-lafayette_kahl1"
"eastern-michigan","Ainhoa Cea","eastern-michigan_ainh1"
"eastern-michigan","Sisi Eleko","eastern-michigan_sisi1"
"eastern-michigan","Peyton Hill","eastern-michigan_peyt1"
"eastern-michigan","Brooklyn Thrash","eastern-michigan_broo1"
"eastern-michigan","Fernanda Ovalle","eastern-michigan_fern1"
"eastern-michigan","Artemis Kouki","eastern-michigan_arte1"
"eastern-michigan","Oliwia Pelka","eastern-michigan_oliw1"
"eastern-michigan","Sarah Rekowski","eastern-michigan_sara1"
"eastern-michigan","Alli Zajac","eastern-michigan_alli1"
"louisiana-monroe","Asjah Inniss","louisiana-monroe_asja1"
"louisiana-monroe","Asia Barclay","louisiana-monroe_asia1"
"louisiana-monroe","Marcavia Shavers","louisiana-monroe_marc1"
"louisiana-monroe","J'Mani Ingram","louisiana-monroe_jman1"
"louisiana-monroe","Jazmine Jackson","louisiana-monroe_jazm1"
"louisiana-monroe","Nakiyah Mays-Prince","louisiana-monroe_naki1"
"louisiana-monroe","Keshumti Nichols","louisiana-monroe_kesh1"
"louisiana-monroe","Abby Leahy","louisiana-monroe_abby1"
"louisiana-monroe","Marissa Gasaway","louisiana-monroe_mari1"
"louisiana-monroe","Nailea Nicholas","louisiana-monroe_nail1"
"louisiana-monroe","Kamille Brown","louisiana-monroe_kami1"
"louisiana-monroe","Katelyn Chomko","louisiana-monroe_kate1"
"manhattan","Brianna Davis","manhattan_bria1"
"manhattan","Kristina Juric","manhattan_kris1"
"manhattan","Agar Farres Garcia","manhattan_agar1"
"manhattan","Colette Mulderig","manhattan_cole1"
"manhattan","Hana Muhl","manhattan_hana1"
"manhattan","Ishuana Hunter","manhattan_ishu1"
"manhattan","Autumn Taylor","manhattan_autu1"
"manhattan","Elisa Solé Sanchez","manhattan_elis1"
"manhattan","Tatianna Collins","manhattan_tati1"
"manhattan","Celeste Harper","manhattan_cele1"
"manhattan","Rotem Kahlon","manhattan_rote1"
"rhode-island","Palmire Mbu","rhode-island_palm1"
"rhode-island","Brooklyn Gray","rhode-island_broo1"
"rhode-island","Albina Syla","rhode-island_albi1"
"rhode-island","Sophia Vital","rhode-island_soph1"
"rhode-island","Ta'Viyanna Habib","rhode-island_tavi1"
"rhode-island","Valentina Ojeda","rhode-island_vale1"
"rhode-island","Ines Debroise","rhode-island_ines1"
"rhode-island","Vanessa Harris","rhode-island_vane1"
"rhode-island","Lilyana Fontcha","rhode-island_lily1"
"monmouth","Divine Dibula","monmouth_divi1"
"monmouth","Fatu Djaló","monmouth_fatu1"
"monmouth","Alexis Andrews","monmouth_alex1"
"monmouth","Alexis Davis","monmouth_alex2"
"monmouth","GiGi Gamble","monmouth_gigi1"
"monmouth","Ella Farrelly","monmouth_ella1"
"monmouth","Kathy Kersaint-Pierre","monmouth_kath1"
"monmouth","Kellyn Preira","monmouth_kell1"
"monmouth","Maria Amaro","monmouth_mari1"
"monmouth","Tessa Carman","monmouth_tess1"
"monmouth","Rebecca Milon","monmouth_rebe1"
"monmouth","Isabella Murray","monmouth_isab1"
"alcorn-state","Kiarra Henderson","alcorn-state_kiar1"
"alcorn-state","Nakia Cheatham","alcorn-state_naki1"
"alcorn-state","Maya Claytor","alcorn-state_maya1"
"alcorn-state","Dalayja Hurt-Floyd","alcorn-state_dala1"
"alcorn-state","Chrishunti Walker","alcorn-state_chri1"
"alcorn-state","Lauren Nelson","alcorn-state_laur1"
"alcorn-state","Ja'Sharreah Hunt","alcorn-state_jash1"
"alcorn-state","Leyah Houston","alcorn-state_leya1"
"alcorn-state","Arene Iyekekpolor","alcorn-state_aren1"
"alcorn-state","Jazlyn Johnson","alcorn-state_jazl1"
"alcorn-state","Frances Anyakudo","alcorn-state_fran1"
"nicholls-state","Anyra Wilson","nicholls-state_anyr1"
"nicholls-state","Sh'Diamond McKnight","nicholls-state_shdi1"
"nicholls-state","Jesslynn Jalomo","nicholls-state_jess1"
"nicholls-state","Emani Burks","nicholls-state_eman1"
"nicholls-state","Marie Kenembeni","nicholls-state_mari1"
"nicholls-state","Jasmine Matthews","nicholls-state_jasm1"
"nicholls-state","Laryn Scott","nicholls-state_lary1"
"nicholls-state","Reese Hoadley","nicholls-state_rees1"
"nicholls-state","Makayla Charles","nicholls-state_maka1"
"nicholls-state","Sanaiya Morris","nicholls-state_sana1"
"nicholls-state","India McMahon","nicholls-state_indi1"
"north-alabama","Katie Criswell","north-alabama_kati1"
"north-alabama","Greta Ramon","north-alabama_gret1"
"north-alabama","Cameron McNamara","north-alabama_came1"
"north-alabama","Sofia Ceppellotti","north-alabama_sofi1"
"north-alabama","Jazzy Klinge","north-alabama_jazz1"
"north-alabama","Bukky Akinsola","north-alabama_bukk1"
"north-alabama","Gabby Jackson","north-alabama_gabb1"
"north-alabama","Alexsandra Alvarado","north-alabama_alex1"
"north-alabama","India Howard","north-alabama_indi1"
"north-alabama","Venla Ulander","north-alabama_venl1"
"tennessee-martin","Kenley McCarn","tennessee-martin_kenl1"
"tennessee-martin","Sidni Middleton","tennessee-martin_sidn1"
"tennessee-martin","Norah Clark","tennessee-martin_nora1"
"tennessee-martin","Brittani Wells","tennessee-martin_brit1"
"tennessee-martin","Zakheria Thompson","tennessee-martin_zakh1"
"tennessee-martin","Grace Billington","tennessee-martin_grac1"
"tennessee-martin","Kennedy Horton","tennessee-martin_kenn1"
"tennessee-martin","Camden Ward","tennessee-martin_camd1"
"north-dakota-state","Abby Krzewinski","north-dakota-state_abby1"
"north-dakota-state","Molly Lenz","north-dakota-state_moll1"
"north-dakota-state","Avery Koenen","north-dakota-state_aver1"
"north-dakota-state","Jocelyn Schiller","north-dakota-state_joce1"
"north-dakota-state","Marisa Frost","north-dakota-state_mari1"
"north-dakota-state","Abby Graham","north-dakota-state_abby2"
"north-dakota-state","Amelia Hobson","north-dakota-state_amel1"
"north-dakota-state","Karrington Asp","north-dakota-state_karr1"
"north-dakota-state","Lily Niebuhr","north-dakota-state_lily1"
"northern-iowa","Elise Jaeger","northern-iowa_elis1"
"northern-iowa","Jenna Twedt","northern-iowa_jenn1"
"northern-iowa","Taryn Wharton","northern-iowa_tary1"
"northern-iowa","Ryley Goebel","northern-iowa_ryle1"
"northern-iowa","Bri Robinson","northern-iowa_brir1"
"northern-iowa","Virginia Edmondson","northern-iowa_virg1"
"northern-iowa","Maren Schmotzer","northern-iowa_mare1"
"northern-iowa","Mya Nicholson","northern-iowa_myan1"
"northern-iowa","Kaylynn Janes","northern-iowa_kayl1"
"northern-iowa","Abby Tuttle","northern-iowa_abby1"
"northern-iowa","Lauren Walker","northern-iowa_laur1"
"gardner-webb","Makayla Legette","gardner-webb_maka1"
"gardner-webb","Jaelyn Acker","gardner-webb_jael1"
"gardner-webb","Kayla Martin","gardner-webb_kayl1"
"gardner-webb","Amina Gray","gardner-webb_amin1"
"gardner-webb","Amira Ofunniyin","gardner-webb_amir1"
"gardner-webb","Nyla Walker","gardner-webb_nyla1"
"gardner-webb","Sara Menendez","gardner-webb_sara1"
"gardner-webb","Kamille Henriksen","gardner-webb_kami1"
"queens-nc","Jermany Mapp","queens-nc_jerm1"
"queens-nc","Dayuna Colvin","queens-nc_dayu1"
"queens-nc","Brenae Jones-Grant","queens-nc_bren1"
"queens-nc","Hannah Hicks","queens-nc_hann1"
"queens-nc","Ana Barreto","queens-nc_anab1"
"queens-nc","Robynn Thompson","queens-nc_roby1"
"queens-nc","Magda Freire","queens-nc_magd1"
"queens-nc","Breah Franks","queens-nc_brea1"
"queens-nc","Kelley Hutcherson","queens-nc_kell1"
"queens-nc","Alyssa Lewis","queens-nc_alys1"
"rutgers","Kaylah Ivey","rutgers_kayl1"
"rutgers","Zachara Perkins","rutgers_zach1"
"rutgers","Nene Ndiaye","rutgers_nene1"
"rutgers","Imani Lester","rutgers_iman1"
"rutgers","Lauryn Swann","rutgers_laur1"
"rutgers","Yacine N'Diaye","rutgers_yaci1"
"rutgers","Janae Walker","rutgers_jana1"
"rutgers","Antonia Bates","rutgers_anto1"
"rutgers","Kennedy Brandt","rutgers_kenn1"
"rutgers","Precious Wheeler","rutgers_prec1"
"rutgers","Makylah Moore","rutgers_maky1"
"rutgers","Deja Young","rutgers_deja1"
"wagner","Priscila Varela","wagner_pris1"
"wagner","Keana Foz","wagner_kean1"
"wagner","Malia Mpondo","wagner_mali1"
"wagner","Lijirin Doyinsola Modesayor","wagner_liji1"
"wagner","Klea Kaci","wagner_klea1"
"wagner","Maria Doreste","wagner_mari1"
"wagner","Saioa San Francisco","wagner_saio1"
"wagner","Raneem Elbarky","wagner_rane1"
"wagner","Alivia Landy","wagner_aliv1"
"wagner","Hawa Balde-Camara","wagner_hawa1"
"wagner","Angelie Ricard","wagner_ange1"
"wagner","Jada Johnson","wagner_jada1"
"njit","Alejandra Zuniga","njit_alej1"
"njit","Marissa Gingrich","njit_mari1"
"njit","Olivia Kulyk","njit_oliv1"
"njit","Madilyn Dogs","njit_madi1"
"njit","Olivia O'Meally","njit_oliv2"
"njit","Allison Cannon","njit_alli1"
"njit","Ava Locklear","njit_aval1"
"njit","Mackenzie Wright-Rawls","njit_mack1"
"njit","Avery O'Roke","njit_aver1"
"njit","Mia Angeli Gestosani","njit_miaa1"
"njit","Piper Engelby","njit_pipe1"
"njit","Kyleigh Welsh","njit_kyle1"
"njit","Lauren Lee","njit_laur1"
"sacred-heart","Sierra Johnson","sacred-heart_sier1"
"sacred-heart","Amelia Wood","sacred-heart_amel1"
"sacred-heart","Emma Kirby","sacred-heart_emma1"
"sacred-heart","Nalyce Dudley","sacred-heart_naly1"
"sacred-heart","Grace John","sacred-heart_grac1"
"sacred-heart","Sophie Nascimento","sacred-heart_soph1"
"sacred-heart","Esther Kursite","sacred-heart_esth1"
"sacred-heart","Jordanna Schrecker","sacred-heart_jord1"
"sacred-heart","Taaliyah Porter","sacred-heart_taal1"
"sacred-heart","Dianne Crespo López","sacred-heart_dian1"
"sacred-heart","Kristen Phelan","sacred-heart_kris1"
"sacred-heart","Faith Pappas","sacred-heart_fait1"
"sam-houston-state","Deborah Ogayemi","sam-houston-state_debo1"
"sam-houston-state","Esther Rodellar","sam-houston-state_esth1"
"sam-houston-state","Aysia Ward-Strong","sam-houston-state_aysi1"
"sam-houston-state","Nyla Inmon","sam-houston-state_nyla1"
"sam-houston-state","Fanta Kone","sam-houston-state_fant1"
"sam-houston-state","Whitney Dunn","sam-houston-state_whit1"
"sam-houston-state","Alaisha Brown","sam-houston-state_alai1"
"sam-houston-state","Kelis Grant","sam-houston-state_keli1"
"sam-houston-state","Kaylie Carr","sam-houston-state_kayl1"
"sam-houston-state","Bryana Block","sam-houston-state_brya1"
"sam-houston-state","Blessing Okoh","sam-houston-state_bles1"
"sam-houston-state","Lea Salinas Beamen","sam-houston-state_leas1"
"grand-canyon","Anisa Jeffries","grand-canyon_anis1"
"grand-canyon","Chloe Mann","grand-canyon_chlo1"
"grand-canyon","Julianna LaMendola","grand-canyon_juli1"
"grand-canyon","Sifa Joyeuse","grand-canyon_sifa1"
"grand-canyon","Holly Griffiths","grand-canyon_holl1"
"grand-canyon","Ale'Jah Douglas","grand-canyon_alej1"
"grand-canyon","Norah Moo","grand-canyon_nora1"
"grand-canyon","Faith Carson","grand-canyon_fait1"
"grand-canyon","Casey Valenti-Paea","grand-canyon_case1"
"grand-canyon","Rapuluchi Ayodele","grand-canyon_rapu1"
"grand-canyon","Karley Johnson","grand-canyon_karl1"
"grand-canyon","Diamond Wright","grand-canyon_diam1"
"grand-canyon","Ines Zounia","grand-canyon_ines1"
"grand-canyon","Kaitlyn Elsholz","grand-canyon_kait1"
"south-carolina","Tessa Johnson","south-carolina_tess1"
"south-carolina","Ta'Niya Latson","south-carolina_tani1"
"south-carolina","Joyce Edwards","south-carolina_joyc1"
"south-carolina","Raven Johnson","south-carolina_rave1"
"south-carolina","Madina Okot","south-carolina_madi1"
"south-carolina","Agot Makeer","south-carolina_agot1"
"south-carolina","Ayla McDowell","south-carolina_ayla1"
"south-carolina","Adhel Tac","south-carolina_adhe1"
"south-carolina","Maryam Dauda","south-carolina_mary1"
"south-carolina","Maddy McDaniel","south-carolina_madd1"
"southeastern-louisiana","Natalie Huff","southeastern-louisiana_nata1"
"southeastern-louisiana","Taylor Ross","southeastern-louisiana_tayl1"
"southeastern-louisiana","Eryn McKinzie","southeastern-louisiana_eryn1"
"southeastern-louisiana","Aliyah Collins","southeastern-louisiana_aliy1"
"southeastern-louisiana","Lihi Azouri","southeastern-louisiana_lihi1"
"southeastern-louisiana","Mia Ramos","southeastern-louisiana_miar1"
"southeastern-louisiana","Erynn Williams","southeastern-louisiana_eryn2"
"southeastern-louisiana","Fatime Seck","southeastern-louisiana_fati1"
"southeastern-louisiana","Bethany Graves","southeastern-louisiana_beth1"
"southeastern-louisiana","Taylor Wilkins","southeastern-louisiana_tayl2"
"southeastern-louisiana","Aisha Marten-Coney","southeastern-louisiana_aish1"
"southeastern-louisiana","Mari Dangerfield","southeastern-louisiana_mari1"
"southern-indiana","Chloe Gannon","southern-indiana_chlo1"
"southern-indiana","Shannon Blacher","southern-indiana_shan1"
"southern-indiana","Sophia Loden","southern-indiana_soph1"
"southern-indiana","Amiyah Buchanan","southern-indiana_amiy1"
"southern-indiana","Lexi Sepulveda","southern-indiana_lexi1"
"southern-indiana","Maddy Fay","southern-indiana_madd1"
"southern-indiana","Kylee Dennis","southern-indiana_kyle1"
"southern-indiana","Lily Graves","southern-indiana_lily1"
"southern-indiana","Sarang West","southern-indiana_sara1"
"southern-indiana","Alli Robertson","southern-indiana_alli1"
"northern-illinois","Nadechka Laccen","northern-illinois_nade1"
"northern-illinois","Emilie Sorensen","northern-illinois_emil1"
"northern-illinois","Neveah Wingate","northern-illinois_neve1"
"northern-illinois","Maria Serracanta","northern-illinois_mari1"
"northern-illinois","Teresa Mbemba","northern-illinois_tere1"
"northern-illinois","Sa'Mahn Johnson","northern-illinois_sama1"
"northern-illinois","Marta Hermoso","northern-illinois_mart1"
"northern-illinois","Reagan Barkema","northern-illinois_reag1"
"northern-illinois","Cyra Conwell","northern-illinois_cyra1"
"northern-illinois","Lexi Kerstein","northern-illinois_lexi1"
"northern-illinois","Makenzie Brass","northern-illinois_make1"
"northern-illinois","Julia Sollberger","northern-illinois_juli1"
"southern-mississippi","Carly Keats","southern-mississippi_carl1"
"southern-mississippi","Meloney Thames","southern-mississippi_melo1"
"southern-mississippi","Jakayla Johnson","southern-mississippi_jaka1"
"southern-mississippi","Hayleigh Breland","southern-mississippi_hayl1"
"southern-mississippi","Sakyia White","southern-mississippi_saky1"
"southern-mississippi","Morgan Sieper","southern-mississippi_morg1"
"southern-mississippi","Brikayla Gray","southern-mississippi_brik1"
"southern-mississippi","Anaisha Carriere","southern-mississippi_anai1"
"southern-mississippi","Ramiah Augurson","southern-mississippi_rami1"
"southern-mississippi","Je'Mya Evans","southern-mississippi_jemy1"
"southern-mississippi","Timya Thurman","southern-mississippi_timy1"
"southern-mississippi","Whitney Hart","southern-mississippi_whit1"
"stonehill","Brooke Paquette","stonehill_broo1"
"stonehill","Julia Webster","stonehill_juli1"
"stonehill","Emma Arcà","stonehill_emma1"
"stonehill","Breana Delaney","stonehill_brea1"
"stonehill","Isabella Mallory","stonehill_isab1"
"stonehill","Reese Roggenburk","stonehill_rees1"
"stonehill","Phoena Dadson","stonehill_phoe1"
"stonehill","Ella Pelletier","stonehill_ella1"
"stonehill","Sydney McLaughlin","stonehill_sydn1"
"stonehill","Catelyn Wheeler","stonehill_cate1"
"stonehill","Paige Martin","stonehill_paig1"
"stonehill","Rissi Smith","stonehill_riss1"
"tennessee-tech","Chloe Larry","tennessee-tech_chlo1"
"tennessee-tech","Reghan Grimes","tennessee-tech_regh1"
"tennessee-tech","Reagan Hurst","tennessee-tech_reag1"
"tennessee-tech","Cam Mathews","tennessee-tech_camm1"
"tennessee-tech","LaReesha Cawthorn","tennessee-tech_lare1"
"tennessee-tech","Lyriq Mastin","tennessee-tech_lyri1"
"tennessee-tech","Amelia Pfeiffer","tennessee-tech_amel1"
"tennessee-tech","Amaya Thomas","tennessee-tech_amay1"
"tennessee-tech","Angelika Girgenson","tennessee-tech_ange1"
"tennessee-tech","Maddy Newman","tennessee-tech_madd1"
"tennessee-tech","Amaya Redd","tennessee-tech_amay2"
"tennessee-tech","Sofi Miller","tennessee-tech_sofi1"
"texas-pan-american","Charlotte O'Keefe","texas-pan-american_char1"
"texas-pan-american","Jalayah Ingram","texas-pan-american_jala1"
"texas-pan-american","Erin Maguire","texas-pan-american_erin1"
"texas-pan-american","Gianna Angiolet","texas-pan-american_gian1"
"texas-pan-american","Ivy Brown","texas-pan-american_ivyb1"
"texas-pan-american","Madison Huhn","texas-pan-american_madi1"
"texas-pan-american","Kayla Lorenz","texas-pan-american_kayl1"
"texas-pan-american","Chazlyn Dettor","texas-pan-american_chaz1"
"texas-pan-american","Rylie Whitehair","texas-pan-american_ryli1"
"texas-pan-american","Elizabeth Romer","texas-pan-american_eliz1"
"texas-pan-american","Sophia Zufelt","texas-pan-american_soph1"
"texas-pan-american","Elise Horne","texas-pan-american_elis1"
"north-carolina-at","D’Mya Tucker","north-carolina-at_dmya1"
"north-carolina-at","Paris Locke","north-carolina-at_pari1"
"north-carolina-at","Darrionna Howard","north-carolina-at_darr1"
"north-carolina-at","Jordan Brown","north-carolina-at_jord1"
"north-carolina-at","Chaniya Clark","north-carolina-at_chan1"
"north-carolina-at","Anaya Karriem","north-carolina-at_anay1"
"north-carolina-at","Jamyia Lindsey","north-carolina-at_jamy1"
"north-carolina-at","Elliott Jessup","north-carolina-at_elli1"
"north-carolina-at","Crystal Hardy","north-carolina-at_crys1"
"north-carolina-at","Ja'naya Meyers","north-carolina-at_jana1"
"north-carolina-at","Eva Andrews","north-carolina-at_evaa1"
"texas-tech","Gemma Nunez","texas-tech_gemm1"
"texas-tech","Denae Fritz","texas-tech_dena1"
"texas-tech","Jalynn Bristow","texas-tech_jaly1"
"texas-tech","Bailey Maupin","texas-tech_bail1"
"texas-tech","Sarengbe Sanogo","texas-tech_sare1"
"texas-tech","Snudda Collins","texas-tech_snud1"
"texas-tech","Jada Malone","texas-tech_jada1"
"texas-tech","Adlee Blacklock","texas-tech_adle1"
"texas-tech","Bird Martin","texas-tech_bird1"
"texas-tech","Mariam Sanogo","texas-tech_mari1"
"texas-tech","Julie Nekolna","texas-tech_juli1"
"lafayette","Teresa Kiewiet","lafayette_tere1"
"lafayette","Talia Zurinskas","lafayette_tali1"
"lafayette","Sauda Ntaconayigize","lafayette_saud1"
"lafayette","Tasha Chudy","lafayette_tash1"
"lafayette","Maddison Krug","lafayette_madd1"
"lafayette","Rosie Scognamiglio","lafayette_rosi1"
"lafayette","Haley Poser","lafayette_hale1"
"lafayette","Haylie Adamski","lafayette_hayl1"
"lafayette","Emma Heaney","lafayette_emma1"
"lafayette","Sofia Valente","lafayette_sofi1"
"lafayette","Brynn Beffert","lafayette_bryn1"
"villanova","Kennedy Henry","villanova_kenn1"
"villanova","Jasmine Bascoe","villanova_jasm1"
"villanova","Kelsey Joens","villanova_kels1"
"villanova","Denae Carter","villanova_dena1"
"villanova","Kylee Watson","villanova_kyle1"
"villanova","MD Ntambue","villanova_mdnt1"
"villanova","Brooke Bender","villanova_broo1"
"villanova","Brynn McCurry","villanova_bryn1"
"villanova","Dani Ceseretti","villanova_dani1"
"villanova","Ryanne Allen","villanova_ryan1"
"villanova","Rachel Wirts","villanova_rach1"
"villanova","Annie Welde","villanova_anni1"
"ipfw","Jordan Reid","ipfw_jord1"
"ipfw","Alana Nelson","ipfw_alan1"
"ipfw","Nika Lokica","ipfw_nika1"
"ipfw","Lauren Lee","ipfw_laur1"
"ipfw","Lili Krasovec","ipfw_lili1"
"ipfw","Ella Riggs","ipfw_ella1"
"ipfw","Rylee Bess","ipfw_ryle1"
"ipfw","Destiny Macharia","ipfw_dest1"
"ipfw","Bailee Duck","ipfw_bail1"
"ipfw","Avery Wagner","ipfw_aver1"
"ipfw","Hillary Offing","ipfw_hill1"
"west-virginia","Sydney Shaw","west-virginia_sydn1"
"west-virginia","Jordan Harrison","west-virginia_jord1"
"west-virginia","Sydney Woodley","west-virginia_sydn2"
"west-virginia","Kierra Wheeler","west-virginia_kier1"
"west-virginia","Jordan Thomas","west-virginia_jord2"
"west-virginia","Riley Makalusky","west-virginia_rile1"
"west-virginia","Gigi Cooke","west-virginia_gigi1"
"west-virginia","Loghan Johnson","west-virginia_logh1"
"west-virginia","Carter McCray","west-virginia_cart1"
"west-virginia","Célia Rivière","west-virginia_clia1"
"west-virginia","Madison Parrish","west-virginia_madi1"
"wichita-state","Taya Davis","wichita-state_taya1"
"wichita-state","Jaila Harding","wichita-state_jail1"
"wichita-state","Abby Cater","wichita-state_abby1"
"wichita-state","Bre'Yon White","wichita-state_brey1"
"wichita-state","Cheyenne Banks","wichita-state_chey1"
"wichita-state","Jaida Mcdonald","wichita-state_jaid1"
"wichita-state","Azjah Reeves","wichita-state_azja1"
"wichita-state","Kyleigh Ortiz","wichita-state_kyle1"
"wichita-state","Diamond Richardson","wichita-state_diam1"
"wichita-state","Sophie Benharouga","wichita-state_soph1"
"wichita-state","Maimouna Sissoko","wichita-state_maim1"
"wichita-state","Fiona Diomande","wichita-state_fion1"
"wofford","Toni Warren","wofford_toni1"
"wofford","Gabby Mundy","wofford_gabb1"
"wofford","Maddie Heiss","wofford_madd1"
"wofford","Queen Ikhiuwu","wofford_quee1"
"wofford","Molly Masingale","wofford_moll1"
"wofford","Courtney Swider","wofford_cour1"
"wofford","Sophia Rueppell","wofford_soph1"
"wofford","Elli Porter","wofford_elli1"
"wofford","Abby Eller","wofford_abby1"
"wofford","Madi Hawk","wofford_madi1"
"wofford","Mia Flor","wofford_miaf1"
"wofford","Brady Branam","wofford_brad1"
"arkansas-little-rock","Jordan Holman","arkansas-little-rock_jord1"
"arkansas-little-rock","Alaina Payne","arkansas-little-rock_alai1"
"arkansas-little-rock","Brenna Burk","arkansas-little-rock_bren1"
"arkansas-little-rock","Taelor Coxford","arkansas-little-rock_tael1"
"arkansas-little-rock","Destinee Salgado","arkansas-little-rock_dest1"
"arkansas-little-rock","Mya Cotto","arkansas-little-rock_myac1"
"arkansas-little-rock","Jarahle Daniels","arkansas-little-rock_jara1"
"arkansas-little-rock","Lidia Belmonte Hurtado","arkansas-little-rock_lidi1"
"arkansas-little-rock","Rakiya Nelson","arkansas-little-rock_raki1"
"arkansas-little-rock","Ashley Lester","arkansas-little-rock_ashl1"
"arkansas-little-rock","Blessing Teamer","arkansas-little-rock_bles1"
"arkansas-little-rock","Naomi Smitherman","arkansas-little-rock_naom1"
"arkansas-little-rock","Pearson McVay","arkansas-little-rock_pear1"
"arkansas-little-rock","Aaliyah Taylor","arkansas-little-rock_aali1"
"arkansas-state","Crislyn Rose","arkansas-state_cris1"
"arkansas-state","Wynter Rogers","arkansas-state_wynt1"
"arkansas-state","Marlie Dickerson","arkansas-state_marl1"
"arkansas-state","Zyion Shannon","arkansas-state_zyio1"
"arkansas-state","Bella Weary","arkansas-state_bell1"
"arkansas-state","Mia Tarver","arkansas-state_miat1"
"arkansas-state","Aniyah Ruddock","arkansas-state_aniy1"
"arkansas-state","Mimi McCollister","arkansas-state_mimi1"
"arkansas-state","D'Arrah Allen","arkansas-state_darr1"
"arkansas-state","Yves Cox","arkansas-state_yves1"
"arkansas-state","Allyson Ferguson","arkansas-state_ally1"
"ball-state","Karsyn Norman","ball-state_kars1"
"ball-state","Bree Salenbien","ball-state_bree1"
"ball-state","Grace Kingery","ball-state_grac1"
"ball-state","Aniss Tagayi","ball-state_anis1"
"ball-state","Alba Caballero","ball-state_alba1"
"ball-state","Zhen Verburgt","ball-state_zhen1"
"ball-state","Zuri Ransom","ball-state_zuri1"
"ball-state","Tessa Towers","ball-state_tess1"
"ball-state","Giorgia Gorini","ball-state_gior1"
"ball-state","Ashlynn Brooke","ball-state_ashl1"
"california-baptist","Filipa Barros","california-baptist_fili1"
"california-baptist","Emma Johansson","california-baptist_emma1"
"california-baptist","Chance Bucher","california-baptist_chan1"
"california-baptist","CeCe Legaspi","california-baptist_cece1"
"california-baptist","Sofia Alonso","california-baptist_sofi1"
"california-baptist","Shawnee Nordstrom","california-baptist_shaw1"
"california-baptist","Lauren Olsen","california-baptist_laur1"
"california-baptist","Reyleigh Hess","california-baptist_reyl1"
"california-riverside","Bria Shine","california-riverside_bria1"
"california-riverside","Seneca Hackley","california-riverside_sene1"
"california-riverside","Shelley Duchemin","california-riverside_shel1"
"california-riverside","Taylor Swanson","california-riverside_tayl1"
"california-riverside","Aaliyah Stanton","california-riverside_aali1"
"california-riverside","Kaylani Polk","california-riverside_kayl1"
"california-riverside","Makayla Minshall","california-riverside_maka1"
"california-riverside","Maya Chocano","california-riverside_maya1"
"california-riverside","Lucia Moreno Tallon","california-riverside_luci1"
"air-force","Alexis Cortez","air-force_alex1"
"air-force","Jayda McNabb","air-force_jayd1"
"air-force","Jordyn DeVaughn","air-force_jord1"
"air-force","Keelie O'Hollaren","air-force_keel1"
"air-force","Emily Adams","air-force_emil1"
"air-force","Bhret Clay","air-force_bhre1"
"air-force","Madelyn Jensen","air-force_made1"
"air-force","Marissa Hargrave","air-force_mari1"
"denver","Coryn Watts","denver_cory1"
"denver","Laia Monclova","denver_laia1"
"denver","Victoria Baker","denver_vict1"
"denver","Brooke Murrell","denver_broo1"
"denver","Ana Conde","denver_anac1"
"denver","Lily Esparza","denver_lily1"
"denver","Karolina Padilla","denver_karo1"
"denver","Jocelyn Medina","denver_joce1"
"denver","Teodora Simoncevic","denver_teod1"
"fresno-state","Emilia Long","fresno-state_emil1"
"fresno-state","Danae Powell","fresno-state_dana1"
"fresno-state","Djessira Diawara","fresno-state_djes1"
"fresno-state","Jaisa Gamble","fresno-state_jais1"
"fresno-state","Ashlyn Rean","fresno-state_ashl1"
"fresno-state","Ava Marr","fresno-state_avam1"
"fresno-state","Avery Watkins","fresno-state_aver1"
"fresno-state","Hedda Koehne","fresno-state_hedd1"
"fresno-state","Aloni Oliver","fresno-state_alon1"
"fresno-state","Morelia Chavez","fresno-state_more1"
"akron","Shaena Brew","akron_shae1"
"akron","Keiryn McGuff","akron_keir1"
"akron","Monique Mitchell","akron_moni1"
"akron","Natalie Johnson","akron_nata1"
"akron","Liz Murphy","akron_lizm1"
"akron","Maddie Vejsicky","akron_madd1"
"akron","Izzy Callaway","akron_izzy1"
"akron","Ni'Rah Clark","akron_nira1"
"akron","Corinne Reed","akron_cori1"
"akron","Ella Wigal","akron_ella1"
"akron","Teniesha Clarke","akron_teni1"
"akron","Liisa Taponen","akron_liis1"
"south-alabama","Daniela Gonzalez","south-alabama_dani1"
"south-alabama","Amyah Sutton","south-alabama_amya1"
"south-alabama","Cordasia Harris","south-alabama_cord1"
"south-alabama","Ronaltha Marc","south-alabama_rona1"
"south-alabama","Chrysta Narcisse","south-alabama_chry1"
"south-alabama","Diawna Carter-Hartley","south-alabama_diaw1"
"south-alabama","Jeriyah Baines","south-alabama_jeri1"
"south-alabama","Aroa Mangas","south-alabama_aroa1"
"south-alabama","Miyah Holmes","south-alabama_miya1"
"south-alabama","Alicia Spann","south-alabama_alic1"
"south-alabama","Chloe Donnell","south-alabama_chlo1"
"south-alabama","Princess Okafor Nweze","south-alabama_prin1"
"southern-utah","Sierra Chambers","southern-utah_sier1"
"southern-utah","Brooklyn Fely","southern-utah_broo1"
"southern-utah","Devyn Kiernan","southern-utah_devy1"
"southern-utah","Kortney Doman","southern-utah_kort1"
"southern-utah","Ava Uhrich","southern-utah_avau1"
"southern-utah","Denver Anderson","southern-utah_denv1"
"southern-utah","Morgan Trigueiro","southern-utah_morg1"
"southern-utah","Bella Hasan","southern-utah_bell1"
"southern-utah","Charli Kay","southern-utah_char1"
"southern-utah","Ashley Banks","southern-utah_ashl1"
"southern-utah","Vallory Kuelker","southern-utah_vall1"
"southern-utah","Emily Scholtes","southern-utah_emil1"
"southern-utah","Olivia Malafu","southern-utah_oliv1"
"tarleton-state","Gia Adams","tarleton-state_giaa1"
"tarleton-state","Kyriana Jones","tarleton-state_kyri1"
"tarleton-state","Jakoriah Long","tarleton-state_jako1"
"tarleton-state","Shadasia Brackens","tarleton-state_shad1"
"tarleton-state","Elodie Lutbert","tarleton-state_elod1"
"tarleton-state","Allie Myers","tarleton-state_alli1"
"tarleton-state","Tessa Engelman","tarleton-state_tess1"
"tarleton-state","Luka Malinka","tarleton-state_luka1"
"tarleton-state","Kristian Hieskill","tarleton-state_kris1"
"tarleton-state","Mar'Cyah Willis","tarleton-state_marc1"
"tarleton-state","Caroline Lyles","tarleton-state_caro1"
"tarleton-state","Nyah Buntun","tarleton-state_nyah1"
"tarleton-state","Jaylynn Perez-Richard","tarleton-state_jayl1"
"ohio","Elli Garnett","ohio_elli1"
"ohio","Asiah Baxter","ohio_asia1"
"ohio","Bella Ranallo","ohio_bell1"
"ohio","Bailey Tabeling","ohio_bail1"
"ohio","Aliah McWhorter","ohio_alia1"
"ohio","Gigi Bower","ohio_gigi1"
"ohio","Antonicia Moultrie","ohio_anto1"
"ohio","Danni Scully","ohio_dann1"
"ohio","ReRe Jennings","ohio_rere1"
"ohio","Monica Williams","ohio_moni1"
"ohio","Cassidy Lafler","ohio_cass1"
"texas-state","Kyla McBride","texas-state_kyla1"
"texas-state","Deja Jones","texas-state_deja1"
"texas-state","Mia Galbraith","texas-state_miag1"
"texas-state","Kyra Anderson","texas-state_kyra1"
"texas-state","Taleiyah Gibbs","texas-state_tale1"
"texas-state","KP Parr","texas-state_kppa1"
"texas-state","Saniya Burks","texas-state_sani1"
"texas-state","Angela Carroll","texas-state_ange1"
"texas-state","Kaliyah Murphy","texas-state_kali1"
"texas-state","Kyaija Stewart","texas-state_kyai1"
"texas-state","Amyria Walker","texas-state_amyr1"
"incarnate-word","Destiny Whitaker","incarnate-word_dest1"
"incarnate-word","Morgan Borgstadt","incarnate-word_morg1"
"incarnate-word","Jorja Elliott","incarnate-word_jorj1"
"incarnate-word","Brynn Lusby","incarnate-word_bryn1"
"incarnate-word","Madison Cockrell","incarnate-word_madi1"
"incarnate-word","Gwendlyn McGrew","incarnate-word_gwen1"
"incarnate-word","Londyn Oliphant","incarnate-word_lond1"
"incarnate-word","Mallory McQuietor","incarnate-word_mall1"
"incarnate-word","Madison Williams","incarnate-word_madi2"
"incarnate-word","Deja Lumsden","incarnate-word_deja1"
"incarnate-word","Breelyn Sanborn","incarnate-word_bree1"
"incarnate-word","Martina Monton Martinez","incarnate-word_mart1"
"texas","Madison Booker","texas_madi1"
"texas","Jordan Lee","texas_jord1"
"texas","Aaliyah Crump","texas_aali1"
"texas","Rori Harmon","texas_rori1"
"texas","Breya Cunningham","texas_brey1"
"texas","Kyla Oldacre","texas_kyla1"
"texas","Bryanna Preston","texas_brya1"
"texas","Justice Carlton","texas_just1"
"texas","Teya Sidberry","texas_teya1"
"texas","Grace Prenter","texas_grac1"
"texas","Sarah Graves","texas_sara1"
"cal-poly","Jordan Billing","cal-poly_jord1"
"cal-poly","Vanessa McManus","cal-poly_vane1"
"cal-poly","Alana Goosby","cal-poly_alan1"
"cal-poly","Charish Thompson","cal-poly_char1"
"cal-poly","Madison Butcher","cal-poly_madi1"
"cal-poly","Ana Moleon Hidalgo","cal-poly_anam1"
"cal-poly","Nora Perez","cal-poly_nora1"
"cal-poly","Gillian Bears","cal-poly_gill1"
"cal-state-bakersfield","Morgan Hawkins","cal-state-bakersfield_morg1"
"cal-state-bakersfield","Maria Dias","cal-state-bakersfield_mari1"
"cal-state-bakersfield","Marley Langi","cal-state-bakersfield_marl1"
"cal-state-bakersfield","Chrishawn Coleman","cal-state-bakersfield_chri1"
"cal-state-bakersfield","Tena Ikidi","cal-state-bakersfield_tena1"
"cal-state-bakersfield","Adrienne Puletasi","cal-state-bakersfield_adri1"
"cal-state-bakersfield","Dae'Jaidence Kincade","cal-state-bakersfield_daej1"
"cal-state-bakersfield","Aaliyah Carter","cal-state-bakersfield_aali1"
"cal-state-bakersfield","Tianna Sutherland","cal-state-bakersfield_tian1"
"cal-state-bakersfield","Ophelia Powell","cal-state-bakersfield_ophe1"
"cal-state-bakersfield","Alexandra Dioli","cal-state-bakersfield_alex1"
"cal-state-bakersfield","Zalissa Finley","cal-state-bakersfield_zali1"
"cal-state-bakersfield","Jaime Gallatly","cal-state-bakersfield_jaim1"
"utah-valley","Tessa Chaney","utah-valley_tess1"
"utah-valley","Halle Nelson","utah-valley_hall1"
"utah-valley","Kylee Mabry","utah-valley_kyle1"
"utah-valley","Cambree Blackham","utah-valley_camb1"
"utah-valley","Amanda Barcello","utah-valley_aman1"
"utah-valley","Saige Gibb","utah-valley_saig1"
"utah-valley","Naia Tanuvasa","utah-valley_naia1"
"utah-valley","Kaylee Headrick","utah-valley_kayl1"
"utah-valley","Anna Shreeve","utah-valley_anna1"
"utah-valley","Eibhlin Leeson","utah-valley_eibh1"
"utah-valley","Kennedy Carlyle","utah-valley_kenn1"
"utah-valley","Gaby Goo","utah-valley_gaby1"
"california-santa-barbara","Zoe Shaw","california-santa-barbara_zoes1"
"california-santa-barbara","Zoe Borter","california-santa-barbara_zoeb1"
"california-santa-barbara","Madison Naro","california-santa-barbara_madi1"
"california-santa-barbara","Olivia Bradley","california-santa-barbara_oliv1"
"california-santa-barbara","Skylar Burke","california-santa-barbara_skyl1"
"california-santa-barbara","Jessica Grant","california-santa-barbara_jess1"
"california-santa-barbara","Chauncey Andersen","california-santa-barbara_chau1"
"california-santa-barbara","Ava Rawlins","california-santa-barbara_avar1"
"california-santa-barbara","Julia Puente Valverde","california-santa-barbara_juli1"
"california-santa-barbara","Bojana Radnjic","california-santa-barbara_boja1"
"california-santa-barbara","Helena Koubek","california-santa-barbara_hele1"
"california-santa-barbara","Malani Mastora","california-santa-barbara_mala1"
"california-santa-barbara","Valentina Penna","california-santa-barbara_vale1"
"new-mexico","Nayli Padilla","new-mexico_nayl1"
"new-mexico","Alyssa Hargrove","new-mexico_alys1"
"new-mexico","Joana Magalhães","new-mexico_joan1"
"new-mexico","Clarissa Craig","new-mexico_clar1"
"new-mexico","Destinee Hooks","new-mexico_dest1"
"new-mexico","Laila Abdurraqib","new-mexico_lail1"
"new-mexico","Emma Najjuma","new-mexico_emma1"
"new-mexico","Kaia Foster","new-mexico_kaia1"
"new-mexico","Tyler Jones","new-mexico_tyle1"
"new-mexico","Jessie Joaquim","new-mexico_jess1"
"new-mexico","Drew Jordon","new-mexico_drew1"
"new-mexico","Leonor Peixinho","new-mexico_leon1"
"northern-arizona","Naomi White","northern-arizona_naom1"
"northern-arizona","Madison Watts","northern-arizona_madi1"
"northern-arizona","Simone Morris","northern-arizona_simo1"
"northern-arizona","Audrey Taylor","northern-arizona_audr1"
"northern-arizona","Layla Davis","northern-arizona_layl1"
"northern-arizona","Emma Dasovich","northern-arizona_emma1"
"northern-arizona","Eri Blithikioti","northern-arizona_erib1"
"northern-arizona","Valentina Saric","northern-arizona_vale1"
"northern-arizona","Hannah Williams","northern-arizona_hann1"
"northern-arizona","JBionna Robinson","northern-arizona_jbio1"
"northern-arizona","Kayla Williams","northern-arizona_kayl1"
"california-san-diego","Dymonique Maxie","california-san-diego_dymo1"
"california-san-diego","Erin Condron","california-san-diego_erin1"
"california-san-diego","Sabrina Ma","california-san-diego_sabr1"
"california-san-diego","Makayla Rose","california-san-diego_maka1"
"california-san-diego","Lev Feiman","california-san-diego_levf1"
"california-san-diego","Michaela Fairwell","california-san-diego_mich1"
"california-san-diego","Junae Mahan","california-san-diego_juna1"
"california-san-diego","Niya Price","california-san-diego_niya1"
"california-san-diego","Nicki Polocheck","california-san-diego_nick1"
"california-san-diego","Gracie Gallegos","california-san-diego_grac1"
"pacific","Marina Radocaj","pacific_mari1"
"pacific","Daria Nestorov","pacific_dari1"
"pacific","Winner Bartholomew","pacific_winn1"
"pacific","Sydney Ward","pacific_sydn1"
"pacific","Stella Szabo","pacific_stel1"
"pacific","Liv Yergensen","pacific_livy1"
"pacific","Sophia Mindermann","pacific_soph1"
"pacific","Nyah Lowery","pacific_nyah1"
"pacific","Luisa Anderegg","pacific_luis1"
"pacific","Tyla Fautua","pacific_tyla1"
"pacific","Hannah Burg","pacific_hann1"
"sacramento-state","Benthe Versteeg","sacramento-state_bent1"
"sacramento-state","Natalie Picton","sacramento-state_nata1"
"sacramento-state","Rubi Gray","sacramento-state_rubi1"
"sacramento-state","Fatoumata Jaiteh","sacramento-state_fato1"
"sacramento-state","Elizabeth Abiara","sacramento-state_eliz1"
"sacramento-state","Tali Fa'i","sacramento-state_tali1"
"sacramento-state","Jamiah Fontenberry","sacramento-state_jami1"
"sacramento-state","Brooklyn Taylor","sacramento-state_broo1"
"sacramento-state","Pinja Paananen","sacramento-state_pinj1"
"sacramento-state","Ajong Lual","sacramento-state_ajon1"
"sacramento-state","Keanna Salave'a","sacramento-state_kean1"
"sacramento-state","Jaety Mandaquit","sacramento-state_jaet1"
"sacramento-state","Elisa Leghissa","sacramento-state_elis1"
"san-diego","Hallie Rhodes","san-diego_hall1"
"san-diego","Olivia Owens","san-diego_oliv1"
"san-diego","Kylie Ray","san-diego_kyli1"
"san-diego","Malia Tharpe","san-diego_mali1"
"san-diego","Helen Holley","san-diego_hele1"
"san-diego","Erica Carr","san-diego_eric1"
"san-diego","Jayden Rhodes","san-diego_jayd1"
"san-diego","Lilly Amor","san-diego_lill1"
"san-diego","Jessica Ajayi","san-diego_jess1"
"san-diego","Ysabella Von Seipler","san-diego_ysab1"
"san-diego","Eva Ruse","san-diego_evar1"
"san-diego","Ayla Williams","san-diego_ayla1"
"san-diego","Dresha Moore","san-diego_dres1"
"california-davis","Megan Norris","california-davis_mega1"
"california-davis","Ryann Bennett","california-davis_ryan1"
"california-davis","Tegan Young","california-davis_tega1"
"california-davis","Nya Epps","california-davis_nyae1"
"california-davis","Avery Sussex","california-davis_aver1"
"california-davis","Emmy Ersdala","california-davis_emmy1"
"california-davis","Sophie Lentfer","california-davis_soph1"
"california-davis","Carrington Davis","california-davis_carr1"
"california-davis","Sahana Kanagasabay","california-davis_saha1"
"california-davis","Theoni Tsami","california-davis_theo1"
"san-diego-state","Natalia Martinez","san-diego-state_nata1"
"san-diego-state","Naomi Panganiban","san-diego-state_naom1"
"san-diego-state","Kennedy Lee","san-diego-state_kenn1"
"san-diego-state","Bailey Barnhard","san-diego-state_bail1"
"san-diego-state","Nala Williams","san-diego-state_nala1"
"san-diego-state","Kaelyn Hamilton","san-diego-state_kael1"
"san-diego-state","Alyssa Jackson","san-diego-state_alys1"
"san-diego-state","Carlie Latta","san-diego-state_carl1"
"san-diego-state","Maria Konstantinidou","san-diego-state_mari1"
"san-diego-state","Kendall Mosley","san-diego-state_kend1"
"san-diego-state","Sofia Kelemeni","san-diego-state_sofi1"
"ucla","Gabriela Jaquez","ucla_gabr1"
"ucla","Gianna Kneepkens","ucla_gian1"
"ucla","Lauren Betts","ucla_laur1"
"ucla","Charlisse Leger-Walker","ucla_char1"
"ucla","Angela Dugalic","ucla_ange1"
"ucla","Kiki Rice","ucla_kiki1"
"ucla","Lena Bilic","ucla_lena1"
"ucla","Amanda Muse","ucla_aman1"
"ucla","Megan Grant","ucla_mega1"
"ucla","Christina Karamouzi Siegel","ucla_chri1"
"santa-clara","Aniya Hooker","santa-clara_aniy1"
"santa-clara","Kylee Fox","santa-clara_kyle1"
"santa-clara","Ashley Hawkins","santa-clara_ashl1"
"santa-clara","Maia Jones","santa-clara_maia1"
"santa-clara","Sophie Glancey","santa-clara_soph1"
"santa-clara","Delainey Miller","santa-clara_dela1"
"santa-clara","Tyler Gildersleeve-Stiles","santa-clara_tyle1"
"santa-clara","Kate Schat","santa-clara_kate1"
"santa-clara","Sienna Grieger","santa-clara_sien1"
"santa-clara","Alana Goodchild","santa-clara_alan1"
"santa-clara","Lauren Grover","santa-clara_laur1"
"albany-ny","Delanie Hill","albany-ny_dela1"
"albany-ny","Martina Borrellas","albany-ny_mart1"
"albany-ny","Anais Levasseur","albany-ny_anai1"
"albany-ny","Julia Palomo","albany-ny_juli1"
"albany-ny","Gabriela Falcao","albany-ny_gabr1"
"albany-ny","Lara Langermann","albany-ny_lara1"
"albany-ny","Amaya Stewart","albany-ny_amay1"
"albany-ny","Bella Stuart","albany-ny_bell1"
"albany-ny","Emma Zuccon","albany-ny_emma1"
"albany-ny","Emma Hakonardottir","albany-ny_emma2"
"albany-ny","Laura Vera","albany-ny_laur1"
"marist","Karly Fischer","marist_karl1"
"marist","Justine Henry","marist_just1"
"marist","Danielle Williamsen","marist_dani1"
"marist","Lexie Tarul","marist_lexi1"
"marist","Jackie Piddock","marist_jack1"
"marist","Elle Bruschuk","marist_elle1"
"marist","Malea Egan","marist_male1"
"marist","Julia Corsentino","marist_juli1"
"marist","Chloe Escanillas","marist_chlo1"
"indiana","Nevaeh Caffey","indiana_neva1"
"indiana","Shay Ciezki","indiana_shay1"
"indiana","Lenée Beaumont","indiana_lene1"
"indiana","Zania Socka-Nguemen","indiana_zani1"
"indiana","Valentyna Kadlecova","indiana_vale1"
"indiana","Phoenix Stotjin","indiana_phoe1"
"indiana","Edessa Noyan","indiana_edes1"
"indiana","Maya Makalusky","indiana_maya1"
"indiana","Chloe Spreen","indiana_chlo1"
"indiana","Jerni Kiaku","indiana_jern1"
"indiana","Faith Wiseman","indiana_fait1"
"lipscomb","Molly Heard","lipscomb_moll1"
"lipscomb","McKayla Miller","lipscomb_mcka1"
"lipscomb","Hannah Richardson","lipscomb_hann1"
"lipscomb","Taylor Bowen","lipscomb_tayl1"
"lipscomb","Elena Bertrand","lipscomb_elen1"
"lipscomb","Addison Melton","lipscomb_addi1"
"lipscomb","Olivia Vinson","lipscomb_oliv1"
"lipscomb","Hope Counts","lipscomb_hope1"
"lipscomb","Maris Zurliene","lipscomb_mari1"
"lipscomb","Taylor Holt","lipscomb_tayl2"
"kennesaw-state","Kailyn Fields","kennesaw-state_kail1"
"kennesaw-state","Kaelyn Flowers","kennesaw-state_kael1"
"kennesaw-state","Trynce Taylor","kennesaw-state_tryn1"
"kennesaw-state","Latazia Williamson","kennesaw-state_lata1"
"kennesaw-state","Keyarah Berry","kennesaw-state_keya1"
"kennesaw-state","Madyson Elliott","kennesaw-state_mady1"
"kennesaw-state","TaTianna Stovall","kennesaw-state_tati1"
"kennesaw-state","Shania Nichols-Vannett","kennesaw-state_shan1"
"kennesaw-state","Emaya Lewis","kennesaw-state_emay1"
"kennesaw-state","Marihya Hart","kennesaw-state_mari1"
"kennesaw-state","Mame Kane","kennesaw-state_mame1"
"kennesaw-state","Fanta Daffe","kennesaw-state_fant1"
"kennesaw-state","Gabriela Bendeck-Giron","kennesaw-state_gabr1"
"canisius","Franka Wittenberg","canisius_fran1"
"canisius","Shariah Gailes","canisius_shar1"
"canisius","Yasmine Djibril","canisius_yasm1"
"canisius","Kelsey Bess","canisius_kels1"
"canisius","Mary Copple","canisius_mary1"
"canisius","Irene Rey Pineda","canisius_iren1"
"canisius","Corniya Clay","canisius_corn1"
"canisius","Antionique Auston","canisius_anti1"
"canisius","Evie Van Der Woude","canisius_evie1"
"canisius","Molly Mescall","canisius_moll1"
"canisius","Ileana Feliz","canisius_ilea1"
"canisius","Alex Moses","canisius_alex1"
"canisius","Saige Randolph","canisius_saig1"
"michigan","Syla Swords","michigan_syla1"
"michigan","Mila Holloway","michigan_mila1"
"michigan","Ashley Sofilkanich","michigan_ashl1"
"michigan","Olivia Olson","michigan_oliv1"
"michigan","Alyssa Crockett","michigan_alys1"
"michigan","McKenzie Mathurin","michigan_mcke1"
"michigan","Te'Yala Delfosse","michigan_teya1"
"michigan","Brooke Quarles-Daniels","michigan_broo1"
"michigan","Macy Brown","michigan_macy1"
"michigan","Ally VanTimmeren","michigan_ally1"
"michigan","Jessica Fields","michigan_jess1"
"michigan","Ciara Byars","michigan_ciar1"
"arkansas","Taleyah Jones","arkansas_tale1"
"arkansas","Bonnie Deas","arkansas_bonn1"
"arkansas","Emily Robinson","arkansas_emil1"
"arkansas","Maria Anais Rodriguez","arkansas_mari1"
"arkansas","Maryn Archer","arkansas_mary1"
"arkansas","Ashlynn Chlarson","arkansas_ashl1"
"arkansas","Harmonie Ware","arkansas_harm1"
"arkansas","Jenna Lawrence","arkansas_jenn1"
"arkansas","Jada Bates","arkansas_jada1"
"arkansas","Cristina Sánchez Cerqueira","arkansas_cris1"
"louisiana-tech","Jianna Morris","louisiana-tech_jian1"
"louisiana-tech","Jordan Marshall","louisiana-tech_jord1"
"louisiana-tech","Alexia Weaver","louisiana-tech_alex1"
"louisiana-tech","Paris Bradley","louisiana-tech_pari1"
"louisiana-tech","Averi Aaron","louisiana-tech_aver1"
"louisiana-tech","Joy Madison-Key","louisiana-tech_joym1"
"louisiana-tech","Kaleigh Thompson","louisiana-tech_kale1"
"louisiana-tech","Mackenzie Wurm","louisiana-tech_mack1"
"louisiana-tech","Hillary Dawson","louisiana-tech_hill1"
"louisiana-tech","Jayden Terry","louisiana-tech_jayd1"
"illinois","Berry Wallace","illinois_berr1"
"illinois","Destiny Jackson","illinois_dest1"
"illinois","Gretchen Dolan","illinois_gret1"
"illinois","Jasmine Brown-Hagger","illinois_jasm1"
"illinois","Cearah Parchment","illinois_cear1"
"illinois","Maddie Webber","illinois_madd1"
"illinois","Lety Vasconcelos","illinois_lety1"
"illinois","Irene Noya Catoira","illinois_iren1"
"illinois","Hayven Smith","illinois_hayv1"
"illinois","Gisela Vazquez Segura","illinois_gise1"
"southeast-missouri-state","Lexi McCully","southeast-missouri-state_lexi1"
"southeast-missouri-state","Carmen Taylor","southeast-missouri-state_carm1"
"southeast-missouri-state","Ainaya Williams","southeast-missouri-state_aina1"
"southeast-missouri-state","Raissa Nsabua","southeast-missouri-state_rais1"
"southeast-missouri-state","Kerra Jones","southeast-missouri-state_kerr1"
"southeast-missouri-state","Charmen Taylor","southeast-missouri-state_char1"
"southeast-missouri-state","Aa'Mya Stacker","southeast-missouri-state_aamy1"
"southeast-missouri-state","Zoey Rixter","southeast-missouri-state_zoey1"
"southeast-missouri-state","Noelani Dunn","southeast-missouri-state_noel1"
"southeast-missouri-state","Madison Ayers","southeast-missouri-state_madi1"
"southeast-missouri-state","Anjelicia Del Valle","southeast-missouri-state_anje1"
"southern-illinois","Tkiyah Nelson","southern-illinois_tkiy1"
"southern-illinois","Alayna Kraus","southern-illinois_alay1"
"southern-illinois","Kayla Cooper","southern-illinois_kayl1"
"southern-illinois","Indya Green","southern-illinois_indy1"
"southern-illinois","Carmen Morales Romero","southern-illinois_carm1"
"southern-illinois","Karris Allen","southern-illinois_karr1"
"southern-illinois","Jeniah Thompson","southern-illinois_jeni1"
"southern-illinois","Kynnedi Davis","southern-illinois_kynn1"
"southern-illinois","Ternadoo Agatha Agba","southern-illinois_tern1"
"southern-illinois","Mia Gaines","southern-illinois_miag1"
"southern-illinois","Hiba Malkawi","southern-illinois_hiba1"
"southern-illinois","Angela Samuel","southern-illinois_ange1"
"southern-illinois","Kelowna Ngoyi","southern-illinois_kelo1"
"grambling","Monica Marsh","grambling_moni1"
"grambling","Zaria Johnson","grambling_zari1"
"grambling","Douthsine Prien","grambling_dout1"
"grambling","Deborrah Seitu-Redmon","grambling_debo1"
"grambling","Shaniah Nunn","grambling_shan1"
"grambling","Arianna Mosley","grambling_aria1"
"grambling","Alieghya Bartholomew","grambling_alie1"
"grambling","Jamirica Roberson","grambling_jami1"
"grambling","D'Mya Griffin","grambling_dmya1"
"grambling","Claire Simmons","grambling_clai1"
"grambling","Nicole Sandifer","grambling_nico1"
"southern-methodist","Kyla Deck","southern-methodist_kyla1"
"southern-methodist","Zahra King","southern-methodist_zahr1"
"southern-methodist","Anaya Brown","southern-methodist_anay1"
"southern-methodist","Grace Hall","southern-methodist_grac1"
"southern-methodist","Paulina Paris","southern-methodist_paul1"
"southern-methodist","Ayanna Thompson","southern-methodist_ayan1"
"southern-methodist","Jzaniya Harriel","southern-methodist_jzan1"
"southern-methodist","Sahnya Jah","southern-methodist_sahn1"
"southern-methodist","Miriam Ibezim","southern-methodist_miri1"
"southern-methodist","Elizaveta Filchagina","southern-methodist_eliz1"
"north-carolina-state","Zoe Brooks","north-carolina-state_zoeb1"
"north-carolina-state","Tilda Trygger","north-carolina-state_tild1"
"north-carolina-state","Khamil Pierre","north-carolina-state_kham1"
"north-carolina-state","Zamareya Jones","north-carolina-state_zama1"
"north-carolina-state","Qadence Samuels","north-carolina-state_qade1"
"north-carolina-state","Devyn Quigley","north-carolina-state_devy1"
"north-carolina-state","Maddie Cox","north-carolina-state_madd1"
"north-carolina-state","Destiny Lunan","north-carolina-state_dest1"
"north-carolina-state","Adelaide Jernigan","north-carolina-state_adel1"
"tennessee","Talaysia Cooper","tennessee_tala1"
"tennessee","Lazaria Spearman","tennessee_laza1"
"tennessee","Mia Pauldo","tennessee_miap1"
"tennessee","Janiah Barker","tennessee_jani1"
"tennessee","Nya Robertson","tennessee_nyar1"
"tennessee","Deniya Prawl","tennessee_deni1"
"tennessee","Alyssa Latham","tennessee_alys1"
"tennessee","Jaida Civil","tennessee_jaid1"
"tennessee","Jersey Wolfenbarger","tennessee_jers1"
"tennessee","Kaniya Boyd","tennessee_kani1"
"tennessee","Mya Pauldo","tennessee_myap1"
"connecticut","Azzi Fudd","connecticut_azzi1"
"connecticut","Sarah Strong","connecticut_sara1"
"connecticut","KK Arnold","connecticut_kkar1"
"connecticut","Ashlynn Shade","connecticut_ashl1"
"connecticut","Serah Williams","connecticut_sera1"
"connecticut","Kayleigh Heckel","connecticut_kayl1"
"connecticut","Ice Brady","connecticut_iceb1"
"connecticut","Jana El Alfy","connecticut_jana1"
"connecticut","Allie Ziebell","connecticut_alli1"
"louisville","Tajianna Roberts","louisville_taji1"
"louisville","Laura Ziegler","louisville_laur1"
"louisville","Elif Istanbulluoglu","louisville_elif1"
"louisville","Imari Berry","louisville_imar1"
"louisville","Mackenly Randolph","louisville_mack1"
"louisville","Reyna Scott","louisville_reyn1"
"louisville","Skylar Jones","louisville_skyl1"
"louisville","Yevheniia Putra","louisville_yevh1"
"cincinnati","Reagan Jackson","cincinnati_reag1"
"cincinnati","Caliyah DeVillasee","cincinnati_cali1"
"cincinnati","Mya Perry","cincinnati_myap1"
"cincinnati","Kylie Torrence","cincinnati_kyli1"
"cincinnati","Destiny Thomas","cincinnati_dest1"
"cincinnati","Ramiyah Byrd","cincinnati_rami1"
"cincinnati","Joya Crawford","cincinnati_joya1"
"cincinnati","Alliance Ndiba","cincinnati_alli1"
"cincinnati","Delaney Snyder","cincinnati_dela1"
"cincinnati","Mary Carden","cincinnati_mary1"
"lehigh","Gracyn Lovette","lehigh_grac1"
"lehigh","Whitney Lind","lehigh_whit1"
"lehigh","Jessie Ozzauto","lehigh_jess1"
"lehigh","Lily Fandre","lehigh_lily1"
"lehigh","Alana Reddy","lehigh_alan1"
"lehigh","Elizabeth Mjaanes","lehigh_eliz1"
"lehigh","Belle Bramer","lehigh_bell1"
"lehigh","Katie Hurt","lehigh_kati1"
"lehigh","Myrto Lianoudi","lehigh_myrt1"
"mercyhurst","Lena Walz","mercyhurst_lena1"
"mercyhurst","Sofia Wilson","mercyhurst_sofi1"
"mercyhurst","Jenna Van Schaik","mercyhurst_jenn1"
"mercyhurst","Imani Frazier","mercyhurst_iman1"
"mercyhurst","Erica Hall","mercyhurst_eric1"
"mercyhurst","Shannon Heine","mercyhurst_shan1"
"mercyhurst","Cici Hernandez","mercyhurst_cici1"
"mercyhurst","Gabrielle Sweeney","mercyhurst_gabr1"
"mercyhurst","Ella Cupka","mercyhurst_ella1"
"mercyhurst","Julia Lewis","mercyhurst_juli1"
"mercyhurst","Lauryn Stover","mercyhurst_laur1"
"mercyhurst","Alena Fusetti","mercyhurst_alen1"
"mercyhurst","Sophia Kelly","mercyhurst_soph1"
"michigan-state","Theryn Hallock","michigan-state_ther1"
"michigan-state","Kennedy Blair","michigan-state_kenn1"
"michigan-state","Marah Dykstra","michigan-state_mara1"
"michigan-state","Rashunda Jones","michigan-state_rash1"
"michigan-state","Grace Vanslooten","michigan-state_grac1"
"michigan-state","Isaline Alexander","michigan-state_isal1"
"michigan-state","Jalyn Brown","michigan-state_jaly1"
"michigan-state","Emma Shumate","michigan-state_emma1"
"michigan-state","Amy Terrian","michigan-state_amyt1"
"michigan-state","Abbey Kimball","michigan-state_abbe1"
"michigan-state","Anna Terrian","michigan-state_anna1"
"drexel","Laine McGurk","drexel_lain1"
"drexel","Deja Evans","drexel_deja1"
"drexel","Grace O'Neill","drexel_grac1"
"drexel","Amaris Baker","drexel_amar1"
"drexel","Molly Lavin","drexel_moll1"
"drexel","Mariah Watkins","drexel_mari1"
"drexel","Molly Rullo","drexel_moll2"
"drexel","Júlia Garcia Roig","drexel_jlia1"
"drexel","Bria Watkins","drexel_bria1"
"pittsburgh","Mikayla Johnson","pittsburgh_mika1"
"pittsburgh","Angel Jones","pittsburgh_ange1"
"pittsburgh","Fatima Diakhate","pittsburgh_fati1"
"pittsburgh","Jayda Queeley","pittsburgh_jayd1"
"pittsburgh","Megan Hollingsworth","pittsburgh_mega1"
"pittsburgh","Lauren Rust","pittsburgh_laur1"
"pittsburgh","Theresa Hagans","pittsburgh_ther1"
"pittsburgh","Nylah Wilson","pittsburgh_nyla1"
"pittsburgh","Carla Viegas","pittsburgh_carl1"
"pittsburgh","Angela Le Faou","pittsburgh_ange2"
"mount-st-marys","Giana Hoddinott","mount-st-marys_gian1"
"mount-st-marys","Gabrielle Kennerly","mount-st-marys_gabr1"
"mount-st-marys","Jaedyn Jamison","mount-st-marys_jaed1"
"mount-st-marys","Amber Bullard","mount-st-marys_ambe1"
"mount-st-marys","Alana Powell","mount-st-marys_alan1"
"mount-st-marys","Berlynn Carlson","mount-st-marys_berl1"
"mount-st-marys","Mikaela Parris","mount-st-marys_mika1"
"mount-st-marys","Nyodie Guerard","mount-st-marys_nyod1"
"mount-st-marys","Erin Edmonds","mount-st-marys_erin1"
"mount-st-marys","Kayla Lindsey","mount-st-marys_kayl1"
"mount-st-marys","Wesleigh Ferguson","mount-st-marys_wesl1"
"mount-st-marys","Deniz Torgut","mount-st-marys_deni1"
"mount-st-marys","Teodora Ivanovic","mount-st-marys_teod1"
"richmond","Rachel Ullstrom","richmond_rach1"
"richmond","Maggie Doogan","richmond_magg1"
"richmond","Ally Sweeney","richmond_ally1"
"richmond","Alicia Newell","richmond_alic1"
"richmond","Tierra Simon","richmond_tier1"
"richmond","Ava Persichetti","richmond_avap1"
"richmond","Rayne Wright","richmond_rayn1"
"richmond","Payton Richard","richmond_payt1"
"richmond","Samantha Dewey","richmond_sama1"
"richmond","Skylah Travis","richmond_skyl1"
"richmond","Shaneka Campbell","richmond_shan1"
"richmond","Jada Green","richmond_jada1"
"richmond","Annika Manthy","richmond_anni1"
"colgate","Abbey Ferguson","colgate_abbe1"
"colgate","Christina Midgette","colgate_chri1"
"colgate","Anne Bair","colgate_anne1"
"colgate","Amarah Streiff","colgate_amar1"
"colgate","Ella Meabon","colgate_ella1"
"colgate","Lara Cook","colgate_lara1"
"colgate","Laila Hankerson","colgate_lail1"
"colgate","Tatiana Matthews","colgate_tati1"
"colgate","Grace Klag","colgate_grac1"
"siena","Nicole Melious","siena_nico1"
"siena","Genevive Wedemeyer","siena_gene1"
"siena","Caydence Hadley","siena_cayd1"
"siena","Francesca Schiro","siena_fran1"
"siena","Kaiya Rain Tucker","siena_kaiy1"
"siena","Garrisen Freeman","siena_garr1"
"siena","Jamariah Turner","siena_jama1"
"siena","Alden Yergey","siena_alde1"
"siena","Dallas Pierce","siena_dall1"
"siena","Olivia Watkins","siena_oliv1"
"vermont","Malia Lenz","vermont_mali1"
"vermont","Keira Hanson","vermont_keir1"
"vermont","Nikola Priede","vermont_niko1"
"vermont","Catherine Gilwee","vermont_cath1"
"vermont","Jadyn Weltz","vermont_jady1"
"vermont","Lia Hanson","vermont_liah1"
"vermont","Savanna Creal","vermont_sava1"
"vermont","Emma Haan","vermont_emma1"
"vermont","Jacklynn Hosier","vermont_jack1"
"vermont","Piper Risdon","vermont_pipe1"
"vermont","Christiana Gordon","vermont_chri1"
"vermont","Maren Maxon","vermont_mare1"
"vermont","Devon Yarde","vermont_devo1"
"towson","India Johnston","towson_indi1"
"towson","Zoli Khalil","towson_zoli1"
"towson","Thalia Shepard","towson_thal1"
"towson","Tilda Sjokvist","towson_tild1"
"towson","Hannah Dereje","towson_hann1"
"towson","Viki Matulevicius","towson_viki1"
"towson","Semaya Turner","towson_sema1"
"towson","Asya Lara Barnes","towson_asya1"
"towson","Kayla Morris","towson_kayl1"
"towson","Aidan Langley","towson_aida1"
"towson","Shariah Baynes","towson_shar1"
"towson","Jillian Watson","towson_jill1"
"virginia-tech","Kilah Freelon","virginia-tech_kila1"
"virginia-tech","Mackenzie Nelson","virginia-tech_mack1"
"virginia-tech","Carleigh Wenzel","virginia-tech_carl1"
"virginia-tech","Melannie Daley","virginia-tech_mela1"
"virginia-tech","Carys Baker","virginia-tech_cary1"
"virginia-tech","Kayl Petersen","virginia-tech_kayl1"
"virginia-tech","Leila Wells","virginia-tech_leil1"
"virginia-tech","Samyha Suffren","virginia-tech_samy1"
"virginia-tech","Sophie Swanson","virginia-tech_soph1"
"virginia-tech","Aniya Trent","virginia-tech_aniy1"
"virginia-tech","Amani Jenkins","virginia-tech_aman1"
"virginia-tech","Spela Brecelj","virginia-tech_spel1"
"new-haven","Lindsay Hogan","new-haven_lind1"
"new-haven","Schuyler Coles","new-haven_schu1"
"new-haven","Aniya McDonald-Perry","new-haven_aniy1"
"new-haven","Addisen Sulikowski","new-haven_addi1"
"new-haven","Eveani Okwuosa","new-haven_evea1"
"new-haven","Renelle Grannum","new-haven_rene1"
"new-haven","Katelyn Simpson","new-haven_kate1"
"new-haven","Merit Innocent","new-haven_meri1"
"new-haven","Teaira Kelley","new-haven_teai1"
"new-haven","Kelis Simpson","new-haven_keli1"
"xavier","Meri Kanerva","xavier_meri1"
"xavier","Mariyah Noel","xavier_mari1"
"xavier","Savannah White","xavier_sava1"
"xavier","Lucía Martínez López","xavier_luca1"
"xavier","Petra Oborilova","xavier_petr1"
"xavier","Audia Young","xavier_audi1"
"xavier","MacKenzie Givens","xavier_mack1"
"xavier","Vivien Nejašmić","xavier_vivi1"
"xavier","Phoebe Holmes","xavier_phoe1"
"xavier","Denise Neves","xavier_deni1"
"xavier","Penda Dieng","xavier_pend1"
"bradley","Maya Foz","bradley_maya1"
"bradley","Ellie McDermid","bradley_elli1"
"bradley","Mya Wardle","bradley_myaw1"
"bradley","Kaylen Nelson","bradley_kayl1"
"bradley","Amy O'Hara","bradley_amyo1"
"bradley","Lila Posthuma","bradley_lila1"
"bradley","Micah Cooper","bradley_mica1"
"bradley","Kali Fortson","bradley_kali1"
"bradley","Caitlin Washington","bradley_cait1"
"bradley","Lucia Llaveria","bradley_luci1"
"bradley","Tamia Perryman","bradley_tami1"
"bradley","Carlie Vick","bradley_carl1"
"bradley","Claire McDougall","bradley_clai1"
"depaul","Natiah Nelson","depaul_nati1"
"depaul","Katie Novik","depaul_kati1"
"depaul","Ally Timm","depaul_ally1"
"depaul","Michelle Ojo","depaul_mich1"
"depaul","Alayna West","depaul_alay1"
"depaul","Gina Davorija","depaul_gina1"
"depaul","Sumer Lee","depaul_sume1"
"depaul","Justis Odom","depaul_just1"
"depaul","Faith Okorie","depaul_fait1"
"valparaiso","Mor Shabtai","valparaiso_mors1"
"valparaiso","Mikayla Huffine","valparaiso_mika1"
"valparaiso","Fiona Connolly","valparaiso_fion1"
"valparaiso","Kamryn Winch","valparaiso_kamr1"
"valparaiso","Kylie Waytashek","valparaiso_kyli1"
"valparaiso","Allia von Schlegell","valparaiso_alli1"
"valparaiso","Kayla Preston","valparaiso_kayl1"
"valparaiso","Milana Nenadic","valparaiso_mila1"
"valparaiso","Kayla Sullivan","valparaiso_kayl2"
"valparaiso","Autumn Dibb","valparaiso_autu1"
"valparaiso","Kennedy Sproule","valparaiso_kenn1"
"valparaiso","Isabella Anderson","valparaiso_isab1"
"florida-atlantic","Madi Gerwitz","florida-atlantic_madi1"
"florida-atlantic","Jess Moors","florida-atlantic_jess1"
"florida-atlantic","Vivian Onugha","florida-atlantic_vivi1"
"florida-atlantic","Destyne Jackson","florida-atlantic_dest1"
"florida-atlantic","Zahira Arizmendi Rubio","florida-atlantic_zahi1"
"florida-atlantic","Grace Carstensen","florida-atlantic_grac1"
"florida-atlantic","Ineivi Plata","florida-atlantic_inei1"
"florida-atlantic","Haley Walker","florida-atlantic_hale1"
"florida-atlantic","Michiyah Simmons","florida-atlantic_mich1"
"houston","Amirah Abdur-Rahim","houston_amir1"
"houston","Briana Peguero","houston_bria1"
"houston","Kayla King","houston_kayl1"
"houston","Kierra Merchant","houston_kier1"
"houston","TK Pitts","houston_tkpi1"
"houston","Kateri Poole","houston_kate1"
"houston","Jade Jones","houston_jade1"
"houston","Kyndall Hunter","houston_kynd1"
"houston","Amani Bartlett","houston_aman1"
"houston","Shun'teria Anumele","houston_shun1"
"houston","Summer Bostock","houston_summ1"
"texas-arlington","Erin Sellers","texas-arlington_erin1"
"texas-arlington","Alexsyah Goudeau","texas-arlington_alex1"
"texas-arlington","Kendal Robinson","texas-arlington_kend1"
"texas-arlington","Mila Reynolds","texas-arlington_mila1"
"texas-arlington","Laura Bello","texas-arlington_laur1"
"texas-arlington","Kira Reynolds","texas-arlington_kira1"
"texas-arlington","Jadyn Atchison","texas-arlington_jady1"
"texas-arlington","Amiyah Reynolds","texas-arlington_amiy1"
"texas-arlington","Miraya Perkins","texas-arlington_mira1"
"texas-arlington","Kali Haizlip","texas-arlington_kali1"
"texas-arlington","Jeanne Rodriguez","texas-arlington_jean1"
"idaho-state","Kacey Spink","idaho-state_kace1"
"idaho-state","Piper Carlson","idaho-state_pipe1"
"idaho-state","Tasia Jordan","idaho-state_tasi1"
"idaho-state","Sophia Covello","idaho-state_soph1"
"idaho-state","Alyse Aby","idaho-state_alys1"
"idaho-state","Maeva GAUFFRENET","idaho-state_maev1"
"idaho-state","Aspen Caldwell","idaho-state_aspe1"
"idaho-state","Mackenzie Marenchin","idaho-state_mack1"
"idaho-state","Camryn Collman","idaho-state_camr1"
"idaho-state","Asa Wolfram","idaho-state_asaw1"
"liberty","Elisabeth Aegisdottir","liberty_elis1"
"liberty","Claudia Acin","liberty_clau1"
"liberty","Emmy Stout","liberty_emmy1"
"liberty","Avery Mills","liberty_aver1"
"liberty","Ify Nwaobi","liberty_ifyn1"
"liberty","JaKayla Thompson","liberty_jaka1"
"liberty","Lynn Peters","liberty_lynn1"
"liberty","Lydie Mwamba","liberty_lydi1"
"liberty","Maleah Alexander","liberty_male1"
"liberty","Emma Leon","liberty_emma1"
"liberty","Zeynep Avci","liberty_zeyn1"
"merrimack","Paloma Garcia","merrimack_palo1"
"merrimack","Mia Fiore","merrimack_miaf1"
"merrimack","Madison Roman","merrimack_madi1"
"merrimack","Lydia Melashenko","merrimack_lydi1"
"merrimack","Molly Manion","merrimack_moll1"
"merrimack","Joi Williams","merrimack_joiw1"
"merrimack","Se'Lah Reddick","merrimack_sela1"
"merrimack","Oralye Kiefer","merrimack_oral1"
"merrimack","Makayla Thomas","merrimack_maka1"
"merrimack","Denae Skelton","merrimack_dena1"
"merrimack","Kaylee Fears","merrimack_kayl1"
"merrimack","Daria Shishkina","merrimack_dari1"
"merrimack","Kristen Kelly","merrimack_kris1"
"merrimack","Claudia Gallegos","merrimack_clau1"
"howard","Zennia Thomas","howard_zenn1"
"howard","Destiny Bynum-Johnson","howard_dest1"
"howard","Ariella Henigan","howard_arie1"
"howard","Zoe Stewart","howard_zoes1"
"howard","Nile Miller","howard_nile1"
"howard","April Edwards","howard_apri1"
"howard","Sa'lah Hemingway","howard_sala1"
"howard","Dallysshya Moreno","howard_dall1"
"howard","Rayne Durant","howard_rayn1"
"howard","Emma NuQuay","howard_emma1"
"howard","Jada Kendrick","howard_jada1"
"providence","Payton Dunbar","providence_payt1"
"providence","Orlagh Gormley","providence_orla1"
"providence","Sophi Hall","providence_soph1"
"providence","Teneisia Brown","providence_tene1"
"providence","Audrey Shields","providence_audr1"
"providence","Sabou Gueye","providence_sabo1"
"providence","Princess Moody","providence_prin1"
"providence","Ashley Dinges","providence_ashl1"
"providence","Sami Mancini","providence_sami1"
"providence","Riley Hamburger","providence_rile1"
"providence","Olivia Rodrigues","providence_oliv1"
"saint-josephs","Jill Jekot","saint-josephs_jill1"
"saint-josephs","Aleah Snead","saint-josephs_alea1"
"saint-josephs","Gabby Casey","saint-josephs_gabb1"
"saint-josephs","Rhian Stokes","saint-josephs_rhia1"
"saint-josephs","Faith Stinson","saint-josephs_fait1"
"saint-josephs","Cecilia Kay","saint-josephs_ceci1"
"saint-josephs","Kaylie Griffin","saint-josephs_kayl1"
"saint-josephs","Emily Knouse","saint-josephs_emil1"
"saint-josephs","Amar Mansour","saint-josephs_amar1"
"saint-josephs","Kaylinn Bethea","saint-josephs_kayl2"
"saint-josephs","Emirson Devenie","saint-josephs_emir1"
"saint-josephs","Meja Jägerskog","saint-josephs_meja1"
"saint-josephs","Olivia Lutterodt","saint-josephs_oliv1"
"saint-josephs","Lauren Greer","saint-josephs_laur1"
"saint-peters","Laila Grant","saint-peters_lail1"
"saint-peters","Louella Allana","saint-peters_loue1"
"saint-peters","Layla Laws","saint-peters_layl1"
"saint-peters","Nikola Zdenkova","saint-peters_niko1"
"saint-peters","Carys Roy","saint-peters_cary1"
"saint-peters","De'Naya Rippey","saint-peters_dena1"
"saint-peters","Eszter Turi","saint-peters_eszt1"
"saint-peters","Jayshlynn Vega","saint-peters_jays1"
"saint-peters","Jineen Ayyash","saint-peters_jine1"
"saint-peters","Jada Mills","saint-peters_jada1"
"saint-peters","Sierra Patricio","saint-peters_sier1"
"saint-peters","Reilly Sunday","saint-peters_reil1"
"seton-hall","Savannah Catalon","seton-hall_sava1"
"seton-hall","Jada Eads","seton-hall_jada1"
"seton-hall","Shailyn Pinkney","seton-hall_shai1"
"seton-hall","Mariana Valenzuela","seton-hall_mari1"
"seton-hall","Jordana Codio","seton-hall_jord1"
"seton-hall","Cam Rust","seton-hall_camr1"
"seton-hall","Ja'Kahla Craft","seton-hall_jaka1"
"seton-hall","Zahara Bishop","seton-hall_zaha1"
"seton-hall","Savanna Jones","seton-hall_sava2"
"seton-hall","Messiah Hunter","seton-hall_mess1"
"seton-hall","Natalia Hall-Rosa","seton-hall_nata1"
"seton-hall","Jada Snow","seton-hall_jada2"
"seton-hall","Ari Woodard","seton-hall_ariw1"
"stony-brook","Sandra Frau-Garcia","stony-brook_sand1"
"stony-brook","Caitlin Frost","stony-brook_cait1"
"stony-brook","Janay Brantley","stony-brook_jana1"
"stony-brook","Chloe Oliver","stony-brook_chlo1"
"stony-brook","Melissa Mwanza","stony-brook_meli1"
"stony-brook","Ebere Egbirika","stony-brook_eber1"
"stony-brook","Diaka Berete","stony-brook_diak1"
"stony-brook","Johanna Potter","stony-brook_joha1"
"stony-brook","Alex Brown","stony-brook_alex1"
"stony-brook","Alonna Sellers","stony-brook_alon1"
"stony-brook","Delaney Cooper","stony-brook_dela1"
"syracuse","Laila Phelia","syracuse_lail1"
"syracuse","Sophie Burrows","syracuse_soph1"
"syracuse","Dominique Darius","syracuse_domi1"
"syracuse","Camdyn Nelson","syracuse_camd1"
"syracuse","Uche Izoje","syracuse_uche1"
"syracuse","Shy Hawkins","syracuse_shyh1"
"syracuse","Journey Thompson","syracuse_jour1"
"syracuse","Angelica Velez","syracuse_ange1"
"syracuse","Keira Scott","syracuse_keir1"
"syracuse","Justus Fitzgerald","syracuse_just1"
"syracuse","Jasmyn Cooper","syracuse_jasm1"
"syracuse","Madeline Potts","syracuse_made1"
"syracuse","Oyindamola Akinbolawa","syracuse_oyin1"
"morgan-state","Kailyn Nash","morgan-state_kail1"
"morgan-state","Mihjae Hayes","morgan-state_mihj1"
"morgan-state","Tiyanna James","morgan-state_tiya1"
"morgan-state","Gabrielle Johnson","morgan-state_gabr1"
"morgan-state","Sierra Headquist","morgan-state_sier1"
"morgan-state","Ja'la Bannerman","morgan-state_jala1"
"morgan-state","Maya Woodson","morgan-state_maya1"
"morgan-state","Michaela Bogans","morgan-state_mich1"
"morgan-state","Kimora Daly","morgan-state_kimo1"
"morgan-state","Success Prysock","morgan-state_succ1"
"morgan-state","Selina Gutierrez","morgan-state_seli1"
"virginia","Paris Clark","virginia_pari1"
"virginia","Kymora Johnson","virginia_kymo1"
"virginia","Tabitha Amanze","virginia_tabi1"
"virginia","Romi Levy","virginia_romi1"
"virginia","Jillian Brown","virginia_jill1"
"virginia","Breona Hurd","virginia_breo1"
"virginia","Gabby White","virginia_gabb1"
"virginia","Adeang Ring","virginia_adea1"
"virginia","Raiane Dos Santos","virginia_raia1"
"virginia","Olivia McGhee","virginia_oliv1"
"virginia","Caitlin Weimar","virginia_cait1"
"colorado-state","Lexus Bargesser","colorado-state_lexu1"
"colorado-state","Kloe Froebe","colorado-state_kloe1"
"colorado-state","Hannah Ronsiek","colorado-state_hann1"
"colorado-state","Brooke Carlson","colorado-state_broo1"
"colorado-state","Lexi Deden","colorado-state_lexi1"
"colorado-state","Marta Leimane","colorado-state_mart1"
"colorado-state","Madelyn Bragg","colorado-state_made1"
"colorado-state","Jadyn Fife","colorado-state_jady1"
"colorado-state","McKenna Murphy","colorado-state_mcke1"
"colorado-state","Gianna Smith","colorado-state_gian1"
"weber-state","Lanae Billy","weber-state_lana1"
"weber-state","Sydney White","weber-state_sydn1"
"weber-state","Hannah Robbins","weber-state_hann1"
"weber-state","Paris Lauro","weber-state_pari1"
"weber-state","Antoniette Emma-Nnopu","weber-state_anto1"
"weber-state","Maya Davis","weber-state_maya1"
"weber-state","Nicole Willardson","weber-state_nico1"
"weber-state","Makenna Shaffer","weber-state_make1"
"houston-baptist","Jordan Jackson","houston-baptist_jord1"
"houston-baptist","Dasia Hyams","houston-baptist_dasi1"
"houston-baptist","Madelyne Davis","houston-baptist_made1"
"houston-baptist","Hannah Fields","houston-baptist_hann1"
"houston-baptist","Jo Oly","houston-baptist_jool1"
"houston-baptist","Tove Caesar","houston-baptist_tove1"
"houston-baptist","Grace Booth","houston-baptist_grac1"
"houston-baptist","Kamryn McLaurin","houston-baptist_kamr1"
"houston-baptist","Sidney Carr","houston-baptist_sidn1"
"houston-baptist","Veronika Korchagina","houston-baptist_vero1"
"houston-baptist","Madison Hurta","houston-baptist_madi1"
"louisiana-state","Mikaylah Williams","louisiana-state_mika1"
"louisiana-state","Flau'jae Johnson","louisiana-state_flau1"
"louisiana-state","ZaKiyah Johnson","louisiana-state_zaki1"
"louisiana-state","Jada Richard","louisiana-state_jada1"
"louisiana-state","Kate Koval","louisiana-state_kate1"
"louisiana-state","MiLaysia Fulwiley","louisiana-state_mila1"
"louisiana-state","Grace Knox","louisiana-state_grac1"
"louisiana-state","Bella Hines","louisiana-state_bell1"
"louisiana-state","Amiya Joyner","louisiana-state_amiy1"
"louisiana-state","Kailyn Gilbert","louisiana-state_kail1"
"louisiana-state","Divine Bourrage","louisiana-state_divi1"
"louisiana-state","Meghan Yarnevich","louisiana-state_megh1"
"minnesota","Amaya Battle","minnesota_amay1"
"minnesota","Grace Grocholski","minnesota_grac1"
"minnesota","Tori McKinney","minnesota_tori1"
"minnesota","Mara Braun","minnesota_mara1"
"minnesota","Sophie Hart","minnesota_soph1"
"minnesota","Makena Christian","minnesota_make1"
"minnesota","Brylee Glenn","minnesota_bryl1"
"minnesota","Taylor Woodson","minnesota_tayl1"
"minnesota","Finau Tonga","minnesota_fina1"
"minnesota","Niamya Holloway","minnesota_niam1"
"minnesota","Tracey Bershers","minnesota_trac1"
"minnesota","Kennedy Klick","minnesota_kenn1"
"minnesota","Brynn Senden","minnesota_bryn1"
"north-dakota","London Harris","north-dakota_lond1"
"north-dakota","Ava Miller","north-dakota_avam1"
"north-dakota","Mackenzie Hughes","north-dakota_mack1"
"north-dakota","Walker Demers","north-dakota_walk1"
"north-dakota","Sydney Piekny","north-dakota_sydn1"
"north-dakota","Lauren Hillesheim","north-dakota_laur1"
"north-dakota","Mikayla Aumer","north-dakota_mika1"
"north-dakota","Finley Ohnstad","north-dakota_finl1"
"north-dakota","Skyler Volmer","north-dakota_skyl1"
"north-dakota","Anaiyah Fletcher","north-dakota_anai1"
"north-dakota","Kendra Harvey","north-dakota_kend1"
"north-dakota","Mataeya Mathern","north-dakota_mata1"
"north-dakota","Lauren Reardon","north-dakota_laur2"
"north-dakota","Miranda Vanderwal","north-dakota_mira1"
"northern-colorado","Neenah George","northern-colorado_neen1"
"northern-colorado","Lele Tanuvasa","northern-colorado_lele1"
"northern-colorado","Gabi Fields","northern-colorado_gabi1"
"northern-colorado","Tatum West","northern-colorado_tatu1"
"northern-colorado","Erin Powell","northern-colorado_erin1"
"northern-colorado","Heather Baymon","northern-colorado_heat1"
"northern-colorado","Claire Fraser","northern-colorado_clai1"
"northern-colorado","Ruthie Loomis-Goltl","northern-colorado_ruth1"
"northern-colorado","London Gamble","northern-colorado_lond1"
"northern-colorado","Julia Riley","northern-colorado_juli1"
"northern-colorado","Aniah Hall","northern-colorado_ania1"
"northern-colorado","Olivia Loomis-Goltl","northern-colorado_oliv1"
"western-illinois","Allie Meadows","western-illinois_alli1"
"western-illinois","Addi Brownfield","western-illinois_addi1"
"western-illinois","Kaylen Reed","western-illinois_kayl1"
"western-illinois","Mia Nicastro","western-illinois_mian1"
"western-illinois","Raegan McCowan","western-illinois_raeg1"
"western-illinois","Shelby Bowman","western-illinois_shel1"
"western-illinois","Katelyn Eggena","western-illinois_kate1"
"western-illinois","Mallory Shetley","western-illinois_mall1"
"western-illinois","Madison Davis","western-illinois_madi1"
"western-illinois","Sidney Skrobot","western-illinois_sidn1"
"western-illinois","Kennedy Herrig","western-illinois_kenn1"
"western-illinois","Ainsley Holthaus","western-illinois_ains1"
"saint-marys-ca","Edie Clarke","saint-marys-ca_edie1"
"saint-marys-ca","Abby Shoff","saint-marys-ca_abby1"
"saint-marys-ca","Malia Latu","saint-marys-ca_mali1"
"saint-marys-ca","Emily Foy","saint-marys-ca_emil1"
"saint-marys-ca","Georgia Grigoropoulou","saint-marys-ca_geor1"
"saint-marys-ca","Mauriana Hashemian-Orr","saint-marys-ca_maur1"
"saint-marys-ca","Addison Wedin","saint-marys-ca_addi1"
"saint-marys-ca","Charlece Ohiaeri","saint-marys-ca_char1"
"saint-marys-ca","Jada Hunter","saint-marys-ca_jada1"
"saint-marys-ca","Melesungu Afeaki","saint-marys-ca_mele1"
"saint-marys-ca","Amy Kurkowski","saint-marys-ca_amyk1"
"wyoming","Henna Sandvik","wyoming_henn1"
"wyoming","Malene Pedersen","wyoming_male1"
"wyoming","Lana Beslic","wyoming_lana1"
"wyoming","Madi Symons","wyoming_madi1"
"wyoming","Logann Alvar","wyoming_loga1"
"wyoming","Payton Muma","wyoming_payt1"
"wyoming","Heidur Karlsdottir","wyoming_heid1"
"wyoming","Peyton Wohlford","wyoming_peyt1"
"wyoming","Mikyn Hamlin","wyoming_miky1"
"wyoming","Jane Rumpf","wyoming_jane1"
"wyoming","Aurore Eyango","wyoming_auro1"
"cal-state-northridge","Erika Aspajo","cal-state-northridge_erik1"
"cal-state-northridge","Rita Nazario","cal-state-northridge_rita1"
"cal-state-northridge","Morgan Edwards","cal-state-northridge_morg1"
"cal-state-northridge","Nadia Bernard","cal-state-northridge_nadi1"
"cal-state-northridge","Mariona Cos-Morales","cal-state-northridge_mari1"
"cal-state-northridge","Kelly Tumlin","cal-state-northridge_kell1"
"cal-state-northridge","Jana Canadell","cal-state-northridge_jana1"
"cal-state-northridge","Amya Moody","cal-state-northridge_amya1"
"cal-state-northridge","Laini Dahlin","cal-state-northridge_lain1"
"cal-state-northridge","Jite Gbemuotor","cal-state-northridge_jite1"
"cal-state-northridge","Alondra Lizama","cal-state-northridge_alon1"
"cal-state-northridge","Saray White","cal-state-northridge_sara1"
"cal-state-northridge","Maya Contreras","cal-state-northridge_maya1"
"montana-state","Taylee Chirrick","montana-state_tayl1"
"montana-state","Isobel Bunyan","montana-state_isob1"
"montana-state","Addison Harris","montana-state_addi1"
"montana-state","Ella Johnson","montana-state_ella1"
"montana-state","Jamison Philip","montana-state_jami1"
"montana-state","Heidi Smith","montana-state_heid1"
"montana-state","Brooke Berry","montana-state_broo1"
"montana-state","Brianne Bailey","montana-state_bria1"
"montana-state","Kadynce Couture","montana-state_kady1"
"montana-state","Grace Hintz","montana-state_grac1"
"montana","Jocelyn Land","montana_joce1"
"montana","Mack Konig","montana_mack1"
"montana","Avery Waddington","montana_aver1"
"montana","Macy Donarski","montana_macy1"
"montana","Kennedy Gillette","montana_kenn1"
"montana","Draya Wacker","montana_dray1"
"montana","Maggie Hutka","montana_magg1"
"montana","Adria Lincoln","montana_adri1"
"montana","Rae Ehrman","montana_raee1"
"montana","Aby Shubert","montana_abys1"
"montana","Lauren Dick","montana_laur1"
"montana","Chloe Larsen","montana_chlo1"
"montana","Zoey Washington","montana_zoey1"
"montana","Ava Cossette","montana_avac1"
"portland","Dyani Ananiev","portland_dyan1"
"portland","Julia Dalan","portland_juli1"
"portland","Lainey Spear","portland_lain1"
"portland","Rhyan Mogel","portland_rhya1"
"portland","Florence Dallow","portland_flor1"
"portland","Brynn Smith","portland_bryn1"
"portland","Tiffany Barbosa","portland_tiff1"
"portland","Natalie Fraley","portland_nata1"
"portland","Aubrey Herrin","portland_aubr1"
"portland","Ella Zimmerman","portland_ella1"
"portland","Caitlin Monahan","portland_cait1"
"portland","Jada Kennedy","portland_jada1"
"portland","Nicole Rodriguez","portland_nico1"
"new-mexico-state","Lucia Yenes","new-mexico-state_luci1"
"new-mexico-state","Anna Csenyi","new-mexico-state_anna1"
"new-mexico-state","Keira Hudson","new-mexico-state_keir1"
"new-mexico-state","Imani Warren","new-mexico-state_iman1"
"new-mexico-state","Loes Rozing","new-mexico-state_loes1"
"new-mexico-state","Lucia Lara","new-mexico-state_luci2"
"new-mexico-state","Emma Christiano","new-mexico-state_emma1"
"new-mexico-state","Iyana Beh","new-mexico-state_iyan1"
"new-mexico-state","DeAvion Wilson","new-mexico-state_deav1"
"new-mexico-state","Marta Guilera","new-mexico-state_mart1"
"new-mexico-state","Nikki Stanic","new-mexico-state_nikk1"
"new-mexico-state","Morane Dossou","new-mexico-state_mora1"
"southern-california","Jazzy Davidson","southern-california_jazz1"
"southern-california","Kennedy Smith","southern-california_kenn1"
"southern-california","Kara Dunn","southern-california_kara1"
"southern-california","Malia Samuels","southern-california_mali1"
"southern-california","Vivian Iwuchukwu","southern-california_vivi1"
"southern-california","Londynn Jones","southern-california_lond1"
"southern-california","Dayana Mendes","southern-california_daya1"
"southern-california","Gerda Raulusaityte","southern-california_gerd1"
"southern-california","Laura Williams","southern-california_laur1"
"southern-california","Yakiya Milton","southern-california_yaki1"
"southern-california","Rian Forestier","southern-california_rian1"
"southern-california","Brooklyn Shamblin","southern-california_broo1"
"cal-state-fullerton","Nicole Steiner","cal-state-fullerton_nico1"
"cal-state-fullerton","Jana Falsdottir","cal-state-fullerton_jana1"
"cal-state-fullerton","Kya Pearson","cal-state-fullerton_kyap1"
"cal-state-fullerton","Maddy Tauro","cal-state-fullerton_madd1"
"cal-state-fullerton","Cristina Jones","cal-state-fullerton_cris1"
"cal-state-fullerton","Madelynn Muniz","cal-state-fullerton_made1"
"cal-state-fullerton","Maxine Sutisna","cal-state-fullerton_maxi1"
"cal-state-fullerton","Mimi Moon","cal-state-fullerton_mimi1"
"cal-state-fullerton","Dylan Swindle","cal-state-fullerton_dyla1"
"cal-state-fullerton","Lilliana Petersen","cal-state-fullerton_lill1"
"cal-state-fullerton","Talia Maxwell","cal-state-fullerton_tali1"
"pepperdine","Taija Sta. Maria","pepperdine_taij1"
"pepperdine","Elli Guiney","pepperdine_elli1"
"pepperdine","Meghan Fiso","pepperdine_megh1"
"pepperdine","Irune Orio","pepperdine_irun1"
"pepperdine","Shorna Preston","pepperdine_shor1"
"pepperdine","Ivory Finley","pepperdine_ivor1"
"pepperdine","Seleh Harmon","pepperdine_sele1"
"pepperdine","Bella Green","pepperdine_bell1"
"pepperdine","Lina Falk","pepperdine_lina1"
"pepperdine","Quinn VanSickle","pepperdine_quin1"
"pepperdine","Zoe Shanahan","pepperdine_zoes1"
"pepperdine","Ilinca Belegante","pepperdine_ilin1"
"hampton","Kiarra Mcelrath","hampton_kiar1"
"hampton","Olivia Smith","hampton_oliv1"
"hampton","Taylor Gibson","hampton_tayl1"
"hampton","Aaryn Battle","hampton_aary1"
"hampton","Kiya Dorroh","hampton_kiya1"
"hampton","Le'Asia Foreman","hampton_leas1"
"hampton","Kayla Lezama","hampton_kayl1"
"hampton","Tyra Kennedy","hampton_tyra1"
"hampton","Akilah Shelton","hampton_akil1"
"hampton","Diamond Wiggins","hampton_diam1"
"hampton","Arlisha Boston","hampton_arli1"
"hampton","Aisha Dabo","hampton_aish1"
"hampton","Tiani Abrams","hampton_tian1"
"hampton","Janaye Walker","hampton_jana1"
"hawaii","Saniyah Neverson","hawaii_sani1"
"hawaii","Teyahna Bond","hawaii_teya1"
"hawaii","Bailey Flavell","hawaii_bail1"
"hawaii","Rebecca Moors","hawaii_rebe1"
"hawaii","Imani Perez","hawaii_iman1"
"hawaii","Danijela Kujovic","hawaii_dani1"
"hawaii","Kyra Webb","hawaii_kyra1"
"hawaii","Kira-May Filemu","hawaii_kira1"
"hawaii","Keiara Curtis","hawaii_keia1"
"hawaii","Fiamma Serra","hawaii_fiam1"
"hawaii","Ella Collins","hawaii_ella1"
"portland-state","Laynee Torres-Kahapea","portland-state_layn1"
"portland-state","Ajae Yoakum","portland-state_ajae1"
"portland-state","Kyleigh Brown","portland-state_kyle1"
"portland-state","Kirstine Munk","portland-state_kirs1"
"portland-state","Alani Encinas","portland-state_alan1"
"portland-state","Sophie Buzzard","portland-state_soph1"
"portland-state","Hannah Chicken","portland-state_hann1"
"portland-state","Taylor Moffat","portland-state_tayl1"
"portland-state","Katelyn Best","portland-state_kate1"
"alabama-am","Vanessa Wimberly","alabama-am_vane1"
"alabama-am","Coriah Beck","alabama-am_cori1"
"alabama-am","Jaida Belton","alabama-am_jaid1"
"alabama-am","Sumayah McIntosh","alabama-am_suma1"
"alabama-am","Aniya Palmer","alabama-am_aniy1"
"alabama-am","Kalyn Ervin","alabama-am_kaly1"
"alabama-am","Kamiyha Griffin","alabama-am_kami1"
"alabama-am","Shelomi Sanders","alabama-am_shel1"
"alabama-am","Rakiyah Beal","alabama-am_raki1"
"alabama-am","Tre'Miyah Berry","alabama-am_trem1"
"alabama-am","Moses Davenport","alabama-am_mose1"
"alabama-am","Amber Scott","alabama-am_ambe1"
"alabama-am","Crystianna Whitehead","alabama-am_crys1"
"alabama-am","Zaria Glover","alabama-am_zari1"
"western-kentucky","Tatum Boettjer","western-kentucky_tatu1"
"western-kentucky","Torri James","western-kentucky_torr1"
"western-kentucky","Tia Shelling","western-kentucky_tias1"
"western-kentucky","Trinity Rowe","western-kentucky_trin1"
"western-kentucky","Zsofia Telegdy","western-kentucky_zsof1"
"western-kentucky","Salma Khedr","western-kentucky_salm1"
"western-kentucky","Lola Bond","western-kentucky_lola1"
"western-kentucky","Jeniffer Silva","western-kentucky_jeni1"
"western-kentucky","Mya Pratcher","western-kentucky_myap1"
"western-kentucky","Enni Ahervuo","western-kentucky_enni1"
"western-kentucky","Caleigh-Rose West","western-kentucky_cale1"
"western-kentucky","Yendri Acosta","western-kentucky_yend1"
"western-kentucky","Tobi Ademuwagun","western-kentucky_tobi1"
"san-francisco","Candy Edokpaigbe","san-francisco_cand1"
"san-francisco","Meghan McIntyre","san-francisco_megh1"
"san-francisco","Aina Cargol","san-francisco_aina1"
"san-francisco","Mara Neira","san-francisco_mara1"
"san-francisco","Noelia Mourino Freiria","san-francisco_noel1"
"san-francisco","Nevarh Ferrara Horne","san-francisco_neva1"
"san-francisco","Natasa Tausova","san-francisco_nata1"
"san-francisco","Paula Tirado","san-francisco_paul1"
"san-francisco","Michelle Ugwah","san-francisco_mich1"
"san-francisco","Sophia Priestley","san-francisco_soph1"
"san-francisco","Amy Pateman","san-francisco_amyp1"
"wisconsin","Destiny Howell","wisconsin_dest1"
"wisconsin","Kyrah Daniels","wisconsin_kyra1"
"wisconsin","Laci Steele","wisconsin_laci1"
"wisconsin","Breauna Ware","wisconsin_brea1"
"wisconsin","Shay Bollin","wisconsin_shay1"
"wisconsin","Ronnie Porter","wisconsin_ronn1"
"wisconsin","Jovana Spasovki","wisconsin_jova1"
"wisconsin","Dorja Iva Zaja","wisconsin_dorj1"
"wisconsin","Lily Krahn","wisconsin_lily1"
"wisconsin","Nikki Kerstein","wisconsin_nikk1"
"wisconsin","Gift Uchenna","wisconsin_gift1"
"wisconsin","Alba Martín Mesa","wisconsin_alba1"
"north-florida","Alexa Washington","north-florida_alex1"
"chicago-state","Brianna Hill","chicago-state_bria1"
"lindenwood","Mya Skoff","lindenwood_myas1"
"lindenwood","Ellie Brueggemann","lindenwood_elli1"
"lindenwood","Brooke Coffey","lindenwood_broo1"
"lindenwood","Gracie Kelsey","lindenwood_grac1"
"lindenwood","Gracy Wernli","lindenwood_grac2"
"lindenwood","Aleshia Jones","lindenwood_ales1"
"lindenwood","Alyssa Nielsen","lindenwood_alys1"
"lindenwood","Valerie Norwood","lindenwood_vale1"
"lindenwood","Anna McCarn","lindenwood_anna1"
"lindenwood","Justice Macon","lindenwood_just1"
"lindenwood","Jovana Nikolić","lindenwood_jova1"
"california-irvine","Jada Wynn","california-irvine_jada1"
"california-irvine","Shirel Nahum","california-irvine_shir1"
"california-irvine","Lauryn Madsen","california-irvine_laur1"
"california-irvine","Hunter Hernandez","california-irvine_hunt1"
"california-irvine","Daniela Falcon Hernandez","california-irvine_dani1"
"california-irvine","Nohealani Stores","california-irvine_nohe1"
"california-irvine","Naomy Zonzon-Huyghe","california-irvine_naom1"
"california-irvine","Ameerah Grant","california-irvine_amee1"
"california-irvine","Haley Hernandez","california-irvine_hale1"
"california-irvine","Despoina Baltzi","california-irvine_desp1"
"california-irvine","Reese Noa","california-irvine_rees1"
"delaware-state","Nykesha Sanders","delaware-state_nyke1"
"delaware-state","Mahogany Cottingham","delaware-state_maho1"
"delaware-state","Zyan Reynolds","delaware-state_zyan1"
"delaware-state","Nevaeh Reaves","delaware-state_neva1"
"delaware-state","Kaitlyn Adams","delaware-state_kait1"
"delaware-state","Ericka Huggins","delaware-state_eric1"
"delaware-state","Amya Scott","delaware-state_amya1"
"delaware-state","Channing Williams","delaware-state_chan1"
"delaware-state","Liliana Harrison","delaware-state_lili1"
"delaware-state","Layla Burton","delaware-state_layl1"
"delaware-state","Toni Smith","delaware-state_toni1"
"maryland-eastern-shore","Ashanti Lynch","maryland-eastern-shore_asha1"
"maryland-eastern-shore","Brianna Barnes","maryland-eastern-shore_bria1"
"maryland-eastern-shore","Lainey Allen","maryland-eastern-shore_lain1"
"maryland-eastern-shore","Dakieren Turner","maryland-eastern-shore_daki1"
"maryland-eastern-shore","Kalise Hill","maryland-eastern-shore_kali1"
"maryland-eastern-shore","Kaliya Perry","maryland-eastern-shore_kali2"
"maryland-eastern-shore","Jailynn Clayton","maryland-eastern-shore_jail1"
"maryland-eastern-shore","Jaida Cameron","maryland-eastern-shore_jaid1"
"maryland-eastern-shore","Candela Sabater Sanchez","maryland-eastern-shore_cand1"
"maryland-eastern-shore","Enola Papin","maryland-eastern-shore_enol1"
"maryland-eastern-shore","Desi Taylor","maryland-eastern-shore_desi1"
"virginia-commonwealth","Mary-Anna Asare","virginia-commonwealth_mary1"
"virginia-commonwealth","Patricia Augustin","virginia-commonwealth_patr1"
"virginia-commonwealth","Tanya Tkachenko","virginia-commonwealth_tany1"
"virginia-commonwealth","Ann Zachariah","virginia-commonwealth_annz1"
"virginia-commonwealth","Lucy Ghaifan","virginia-commonwealth_lucy1"
"virginia-commonwealth","Lucia Sotelo Miguez","virginia-commonwealth_luci1"
"virginia-commonwealth","Cyriah Griffin","virginia-commonwealth_cyri1"
"virginia-commonwealth","Daija Preston","virginia-commonwealth_daij1"
"virginia-commonwealth","Isabel Whitelaw","virginia-commonwealth_isab1"
"virginia-commonwealth","Hawa Doumbouya","virginia-commonwealth_hawa1"
"virginia-commonwealth","Laia Crespin Pastor","virginia-commonwealth_laia1"
"alcorn-state","Milaan Moore","alcorn-state_mila1"
"alcorn-state","Jeanee Anderson","alcorn-state_jean1"
"alcorn-state","Ariyah Burke","alcorn-state_ariy1"
"kansas","S'Mya Nichols","kansas_smya1"
"kansas","Lilly Meister","kansas_lill1"
"kansas","Libby Fandel","kansas_libb1"
"kansas","Elle Evans","kansas_elle1"
"kansas","Jaliya Davis","kansas_jali1"
"kansas","Regan Williams","kansas_rega1"
"kansas","Laia Conesa","kansas_laia1"
"kansas","Keeley Parks","kansas_keel1"
"kansas","Brittany Harshaw","kansas_brit1"
"kansas","Nadira Eltayeb","kansas_nadi1"
"kansas","Sania Copeland","kansas_sani1"
"kansas","Tatyonna Brown","kansas_taty1"
"missouri-kansas-city","Zaire Harrell","missouri-kansas-city_zair1"
"missouri-kansas-city","Emani Bennett","missouri-kansas-city_eman1"
"missouri-kansas-city","Tierra Trotter","missouri-kansas-city_tier1"
"missouri-kansas-city","Elauni Bennett","missouri-kansas-city_elau1"
"missouri-kansas-city","Kelby Bannerman","missouri-kansas-city_kelb1"
"missouri-kansas-city","Funmi Amode","missouri-kansas-city_funm1"
"missouri-kansas-city","Jamyah Winter","missouri-kansas-city_jamy1"
"missouri-kansas-city","Hallie Majoros","missouri-kansas-city_hall1"
"missouri-kansas-city","Jumoke Adaramoye","missouri-kansas-city_jumo1"
"missouri-kansas-city","Alyssa Febres","missouri-kansas-city_alys1"
"missouri-kansas-city","Lailah Hatcher","missouri-kansas-city_lail1"
"longwood","Frances Ulysse","longwood_fran1"
"longwood","JaMya Robinson","longwood_jamy1"
"longwood","Amor Harris","longwood_amor1"
"longwood","Malea Brown","longwood_male1"
"longwood","Jasmine Peaks","longwood_jasm1"
"longwood","Olivia Bowes","longwood_oliv1"
"longwood","Lili Booker","longwood_lili1"
"longwood","Jaci Bolden","longwood_jaci1"
"longwood","Kayla Washington","longwood_kayl1"
"longwood","Jesstynie Scott","longwood_jess1"
"longwood","Nalani Simmons","longwood_nala1"
"longwood","Alary Bell","longwood_alar1"
"fairleigh-dickinson","Sydney Stokes","fairleigh-dickinson_sydn1"
"fairleigh-dickinson","Talia Baptiste","fairleigh-dickinson_tali1"
"notre-dame","Vanessa de Jesus","notre-dame_vane1"
"notre-dame","Gisela Sanchez","notre-dame_gise1"
"notre-dame","Cassandre Prosper","notre-dame_cass1"
"notre-dame","KK Bransford","notre-dame_kkbr1"
"notre-dame","Hannah Hidalgo","notre-dame_hann1"
"notre-dame","Kelly Ratigan","notre-dame_kell1"
"notre-dame","Jordyn Smith","notre-dame_jord1"
"notre-dame","Luci Jensen","notre-dame_luci1"
"notre-dame","Bella Tehrani","notre-dame_bell1"
"south-carolina-state","Lemyiah Harris","south-carolina-state_lemy1"
"south-carolina-state","Mya Byrd","south-carolina-state_myab1"
"south-carolina-state","Angie Juste-Jean","south-carolina-state_angi1"
"south-carolina-state","Monajah Ford","south-carolina-state_mona1"
"south-carolina-state","Janiah Hinton","south-carolina-state_jani1"
"south-carolina-state","Heaven Harper","south-carolina-state_heav1"
"south-carolina-state","Shaunice Reed","south-carolina-state_shau1"
"south-carolina-state","Kimora Smith","south-carolina-state_kimo1"
"south-carolina-state","Feliah Greer","south-carolina-state_feli1"
"south-carolina-state","Ariana Perry","south-carolina-state_aria1"
"south-carolina-state","Dream Watson","south-carolina-state_drea1"
"south-carolina-state","Mya Giles","south-carolina-state_myag1"
"tulsa","Dora Toman","tulsa_dora1"
"tulsa","Mady Cartwright","tulsa_mady1"
"tulsa","Laura Di Stefano","tulsa_laur1"
"tulsa","Alisha Peavy","tulsa_alis1"
"tulsa","Abigail Jegede","tulsa_abig1"
"tulsa","Haven Fisher","tulsa_have1"
"tulsa","Layla-J Cameron","tulsa_layl1"
"tulsa","RyLee Grays","tulsa_ryle1"
"tulsa","Brynn Eshoo","tulsa_bryn1"
"fairfield","Kaety L'Amoreaux","fairfield_kaet1"
"fairfield","Jillian Huerter","fairfield_jill1"
"fairfield","Meghan Andersen","fairfield_megh1"
"fairfield","Cyanne Coe","fairfield_cyan1"
"fairfield","Lauren Beach","fairfield_laur1"
"fairfield","Milou van Vliet","fairfield_milo1"
"fairfield","Sydni Scott","fairfield_sydn1"
"loyola-marymount","Andjela Matic","loyola-marymount_andj1"
"loyola-marymount","Ivana Krajina","loyola-marymount_ivan1"
"loyola-marymount","Maya Hernandez","loyola-marymount_maya1"
"loyola-marymount","Carly Heidger","loyola-marymount_carl1"
"loyola-marymount","Jess Lawson","loyola-marymount_jess1"
"loyola-marymount","Kayla Jones","loyola-marymount_kayl1"
"loyola-marymount","Zawadi Ogot","loyola-marymount_zawa1"
"loyola-marymount","Mari Somvichian","loyola-marymount_mari1"
"northwestern","Grace Sullivan","northwestern_grac1"
"northwestern","Casey Harter","northwestern_case1"
"northwestern","Tayla Thomas","northwestern_tayl1"
"northwestern","Caroline Lau","northwestern_caro1"
"northwestern","Tate Lash","northwestern_tate1"
"northwestern","Xamiya Walton","northwestern_xami1"
"northwestern","Claire Keswick","northwestern_clai1"
"northwestern","Daija Turner","northwestern_daij1"
"northwestern","Angelina Hodgens","northwestern_ange1"
"texas-am-corpus-christi","Trinity Slocum","texas-am-corpus-christi_trin1"
"texas-am","Ny'Ceara Pryor","texas-am_nyce1"
"texas-am","Fatmata Janneh","texas-am_fatm1"
"texas-am","Lauren Ware","texas-am_laur1"
"texas-am","Lemyah Hylton","texas-am_lemy1"
"texas-am","Salese Blow","texas-am_sale1"
"texas-am","Janae Kent","texas-am_jana1"
"texas-am","Jordan Webster","texas-am_jord1"
"texas-am","Pien Steenbergen","texas-am_pien1"
"texas-am","Emerald Parker","texas-am_emer1"
"texas-am","Chaney Spencer","texas-am_chan1"
"texas-am","Vanessa Saidu","texas-am_vane1"
"brigham-young","Delaney Gibb","brigham-young_dela1"
"brigham-young","Sydney Benally","brigham-young_sydn1"
"brigham-young","Brinley Cannon","brigham-young_brin1"
"brigham-young","Marya Hudgins","brigham-young_mary1"
"brigham-young","Lara Rohkohl","brigham-young_lara1"
"brigham-young","Olivia Hamlin","brigham-young_oliv1"
"brigham-young","Arielle Mackey-Williams","brigham-young_arie1"
"brigham-young","Bolanle Yussuf","brigham-young_bola1"
"brigham-young","Braeden Gunlock","brigham-young_brae1"
"brigham-young","Hattie Ogden","brigham-young_hatt1"
"brigham-young","Heather Hamson","brigham-young_heat1"
"nevada-las-vegas","Aaliyah Alexander","nevada-las-vegas_aali1"
"nevada-las-vegas","Meadow Roland","nevada-las-vegas_mead1"
"nevada-las-vegas","Teagan Colvin","nevada-las-vegas_teag1"
"nevada-las-vegas","Jasmyn Lott","nevada-las-vegas_jasm1"
"nevada-las-vegas","Shelbee Brown","nevada-las-vegas_shel1"
"nevada-las-vegas","Mariah Elohim","nevada-las-vegas_mari1"
"nevada-las-vegas","Destiny Brown","nevada-las-vegas_dest1"
"nevada-las-vegas","Destiny Leo","nevada-las-vegas_dest2"
"nevada-las-vegas","Erica Collins","nevada-las-vegas_eric1"
"washington-state","Malvina Haziri","washington-state_malv1"
"georgia-tech","Brianna Turnage","georgia-tech_bria1"
"georgia-tech","Erica Moon","georgia-tech_eric1"
"georgia-tech","Ines Noguero","georgia-tech_ines1"
"georgia-tech","Ariadna Termis","georgia-tech_aria1"
"georgia-tech","Talayah Walker","georgia-tech_tala1"
"georgia-tech","D'Asia Thomas-Harris","georgia-tech_dasi1"
"georgia-tech","Savannah Samuel","georgia-tech_sava1"
"georgia-tech","Catherine Alben","georgia-tech_cath1"
"georgia-tech","La'Nya Foster","georgia-tech_lany1"
"georgia-tech","Jada Crawshaw","georgia-tech_jada1"
"radford","Ava Sawi","radford_avas1"
"radford","Amanda Mitchell","radford_aman1"
"radford","Anna Chacha","radford_anna2"
"marshall","Emari Doby","marshall_emar1"
"northern-kentucky","Maddie Moody","northern-kentucky_madd1"
"northern-kentucky","Taysha Rushton","northern-kentucky_tays1"
"northern-kentucky","Mya Meredith","northern-kentucky_myam1"
"northern-kentucky","Kamora Morgan","northern-kentucky_kamo1"
"northern-kentucky","Abby Wolterman","northern-kentucky_abby1"
"northern-kentucky","Mia Jordan","northern-kentucky_miaj1"
"northern-kentucky","Kylee Hunt","northern-kentucky_kyle1"
"northern-kentucky","Karina Bystry","northern-kentucky_kari1"
"northern-kentucky","Noelle Hubert","northern-kentucky_noel1"
"northern-kentucky","Anna Hamilton","northern-kentucky_anna1"
"northern-kentucky","Jamaya Thomas","northern-kentucky_jama1"
"bethune-cookman","Sanai Tyler","bethune-cookman_sana1"
"north-carolina","Lanie Grant","north-carolina_lani1"
"purdue","McKenna Layden","purdue_mcke1"
"wake-forest","Savannah Metcalfe","wake-forest_sava1"
"evansville","Camryn Runner","evansville_camr1"
"evansville","Logan Luebbers Palmer","evansville_loga1"
"evansville","Georgia Cox","evansville_geor1"
"evansville","Breaunna Ward","evansville_brea1"
"evansville","Jelena Savic","evansville_jele1"
"evansville","Elle Snyder","evansville_elle1"
"evansville","Avery Kelley","evansville_aver1"
"evansville","Georgia Ferguson","evansville_geor2"
"evansville","Sydney Huber","evansville_sydn1"
"evansville","Kaiden Kreinhagen","evansville_kaid1"
"arizona","Sumayah Sugapong","arizona_suma1"
"arizona","Mireia Jurado Pla","arizona_mire1"
"arizona","Lani Cornfield","arizona_lani1"
"arizona","Daniah Trammell","arizona_dani1"
"arizona","Molly Ladwig","arizona_moll1"
"arizona","Mickayla Perdue","arizona_mick1"
"arizona","Nora Francois","arizona_nora1"
"arizona","Kamryn Kitchen","arizona_kamr1"
"arizona","Blessing Adebanjo","arizona_bles1"
"arizona","Achol Magot","arizona_acho1"
"california-riverside","Dieynaba Sylla","california-riverside_diey1"
"santa-clara","Ava Schmidt","santa-clara_avas1"
"coppin-state","Mickelle Lowry","coppin-state_mick1"
"north-alabama","Alyssa Clutter","north-alabama_alys1"
"north-alabama","Brooke Hallman","north-alabama_broo1"
"texas-southern","Taliyah Logwood","texas-southern_tali1"
"texas-southern","Lauren Perry","texas-southern_laur1"
"texas-southern","Aaliyah Henderson","texas-southern_aali1"
"texas-southern","Daeja Holmes","texas-southern_daej1"
"texas-southern","Ciara Brannon","texas-southern_ciar1"
"texas-southern","Malaya LeSueur","texas-southern_mala1"
"texas-southern","Maci Quiller","texas-southern_maci1"
"texas-southern","Da'Myiah Lewis","texas-southern_damy1"
"texas-southern","Jordyn Marshall","texas-southern_jord1"
"texas-southern","Ayanna Jackson","texas-southern_ayan1"
"texas-southern","Alisa Blalock","texas-southern_alis1"
"mississippi-valley-state","Jaeda Murphy","mississippi-valley-state_jaed1"
"mississippi-valley-state","Ariel Jefferson","mississippi-valley-state_arie1"
"mississippi-valley-state","Janiya Jones","mississippi-valley-state_jani1"
"mississippi-valley-state","Nairobi Lewis","mississippi-valley-state_nair1"
"mississippi-valley-state","Kylah McCullers","mississippi-valley-state_kyla1"
"mississippi-valley-state","Poetrie Dace","mississippi-valley-state_poet1"
"mississippi-valley-state","Sydnei Marshall","mississippi-valley-state_sydn1"
"mississippi-valley-state","Taylor Crawford","mississippi-valley-state_tayl1"
"mississippi-valley-state","Keanna Coburn","mississippi-valley-state_kean1"
"mississippi-valley-state","Aaliyah Taylor","mississippi-valley-state_aali1"
"mississippi-valley-state","Sydney Thompson","mississippi-valley-state_sydn2"
"mississippi-valley-state","Caiside Snapp","mississippi-valley-state_cais1"
"troy","Marianah Achol","troy_mari1"
"boston-college","Kiera Edmonds","boston-college_kier1"
"jacksonville","Giana Provenzano","jacksonville_gian1"
"george-mason","Matilde Motta","george-mason_mati1"
"kentucky","Gabby Brooks","kentucky_gabb1"
"loyola-il","Yasmyn Palmer","loyola-il_yasm1"
"rider","Aliya McIver","rider_aliy1"
"rider","Alena Cofield","rider_alen1"
"rider","Emmy Roach","rider_emmy1"
"rider","Aina Perez Mesquida","rider_aina1"
"rider","Kristina Ekofo Yomane","rider_kris1"
"rider","Deb Okechukwu","rider_debo1"
"rider","Daniya Brown","rider_dani1"
"rider","Amany Lopez","rider_aman1"
"western-carolina","Aryana Dizon","western-carolina_arya1"
"western-carolina","Ally Hollifield","western-carolina_ally1"
"western-carolina","Ellie Richardson","western-carolina_elli1"
"western-carolina","Joyce Mulumba","western-carolina_joyc1"
"western-carolina","Taj Hunter","western-carolina_tajh1"
"western-carolina","Justice Zimmerman","western-carolina_just1"
"western-carolina","Betsey Burnett","western-carolina_bets1"
"western-carolina","Kehinde Obasuyi","western-carolina_kehi1"
"western-carolina","Christina Bowers","western-carolina_chri1"
"western-carolina","Kennedy Hilsenroth","western-carolina_kenn1"
"alabama","Ace Austin","alabama_acea1"
"alabama","Eris Lester","alabama_eris1"
"davidson","Sylvie Jackson","davidson_sylv1"
"davidson","Asha Nightingale","davidson_asha1"
"davidson","Eliza Buerk","davidson_eliz1"
"william-mary","Monet Dance","william-mary_mone1"
"william-mary","Cassidy Geddes","william-mary_cass1"
"william-mary","Alexa Mikeska","william-mary_alex1"
"william-mary","Natalie Fox","william-mary_nata1"
"william-mary","Kyah Smith","william-mary_kyah1"
"william-mary","Jana Sallman","william-mary_jana1"
"william-mary","Sophia LeGoullon","william-mary_soph1"
"william-mary","Marley Long","william-mary_marl1"
"william-mary","Dynasti Pierce","william-mary_dyna1"
"william-mary","Amelia Basit","william-mary_amel1"
"william-mary","Ari Mercado","william-mary_arim1"
"william-mary","Aisha Dos Santos","william-mary_aish1"
"dayton","Nicole Stephens","dayton_nico1"
"dayton","Kamryn Grant","dayton_kamr1"
"georgetown","Victoria Rivera","georgetown_vict1"
"georgetown","Brianna Scott","georgetown_bria1"
"georgetown","Khia Miller","georgetown_khia1"
"georgetown","Khadee Hession","georgetown_khad1"
"georgetown","Chet Nweke","georgetown_chet1"
"georgetown","Laila Jewett","georgetown_lail1"
"georgetown","Brianna Byars","georgetown_bria2"
"georgetown","Cristen Carter","georgetown_cris1"
"georgetown","Summer Davis","georgetown_summ1"
"georgetown","Destiny Agubata","georgetown_dest1"
"georgetown","Alexia Araujo-Dagba","georgetown_alex1"
"georgetown","Indya Davis","georgetown_indy1"
"georgetown","Amanda Ajobiewe","georgetown_aman1"
"georgetown","Braelynn Barnett","georgetown_brae1"
"la-salle","Ashleigh Connor","la-salle_ashl1"
"la-salle","Aryss Macktoon","la-salle_arys1"
"la-salle","Anna Przyszlak","la-salle_anna1"
"la-salle","Kiara Williams","la-salle_kiar1"
"la-salle","Joan Quinn","la-salle_joan1"
"la-salle","Lauren Patnode","la-salle_laur1"
"la-salle","Ivona Miljanic","la-salle_ivon1"
"la-salle","Yar Manyiel","la-salle_yarm1"
"la-salle","Amiya Moses","la-salle_amiy1"
"la-salle","Sania Jenkins","la-salle_sani1"
"nebraska-omaha","Regan Juenemann","nebraska-omaha_rega1"
"norfolk-state","Jaz Spencer","norfolk-state_jazs1"
"queens-nc","Tamar Kopilevech","queens-nc_tama1"
"queens-nc","Imani Morris","queens-nc_iman1"
"quinnipiac","Bri Bowen","quinnipiac_brib1"
"south-carolina-upstate","Gracie Barnes","south-carolina-upstate_grac1"
"texas-san-antonio","Damara Allen","texas-san-antonio_dama1"
"texas-san-antonio","Mia Hammonds","texas-san-antonio_miah1"
"texas-san-antonio","Adriana Robles","texas-san-antonio_adri1"
"texas-san-antonio","Cheyenne Rowe","texas-san-antonio_chey1"
"texas-san-antonio","Idara Udo","texas-san-antonio_idar1"
"texas-san-antonio","Jayda Holiman","texas-san-antonio_jayd1"
"texas-san-antonio","Emilia Dannebauer","texas-san-antonio_emil1"
"texas-san-antonio","Sanaa Bean","texas-san-antonio_sana1"
"wichita-state","Treasure Thompson","wichita-state_trea1"
"colorado","Anaelle Dutat","colorado_anae1"
"colorado","Desiree Wooten","colorado_desi1"
"colorado","Kennedy Sanders","colorado_kenn1"
"colorado","Jade Masogayo","colorado_jade1"
"colorado","Logyn Greer","colorado_logy1"
"colorado","Jade Crook","colorado_jade2"
"colorado","Claire O'Connor","colorado_clai1"
"colorado","Erianna Gooden","colorado_eria1"
"colorado","Sophia Zadel","colorado_soph1"
"colorado","Maeve McErlane","colorado_maev1"
"colorado","Zyanna Walker","colorado_zyan1"
"texas-christian","Olivia Miles","texas-christian_oliv1"
"texas-christian","Marta Suarez","texas-christian_mart1"
"texas-christian","Maddie Scherr","texas-christian_madd1"
"texas-christian","Donovyn Hunter","texas-christian_dono1"
"texas-christian","Clara Silva","texas-christian_clar1"
"texas-christian","Kennedy Basham","texas-christian_kenn1"
"texas-christian","Taylor Bigby","texas-christian_tayl1"
"texas-christian","Clara Bielefeld","texas-christian_clar2"
"texas-christian","Veronica Sheffey","texas-christian_vero1"
"texas-christian","Natalie Mazurek","texas-christian_nata1"
"texas-christian","Taliyah Parker","texas-christian_tali1"
"texas-christian","Emily Hunter","texas-christian_emil1"
"navy","Julianna Almeida","navy_juli1"
"navy","Zoe Mesuch","navy_zoem1"
"navy","Zanai Barnett-Gay","navy_zana1"
"navy","Morgan Demos","navy_morg1"
"navy","Maren Louridas","navy_mare1"
"navy","Mary Gibbons","navy_mary1"
"navy","Christina Liggio","navy_chri1"
"navy","Kate Samson","navy_kate1"
"navy","Saran Moschella","navy_sara1"
"navy","Quinn Boettinger","navy_quin1"
"navy","Lizzie Holder","navy_lizz1"
"navy","Kelli Giuliani","navy_kell1"
"navy","Nia Henley","navy_niah1"
"navy","Sidney Quinn","navy_sidn1"
"illinois-chicago","Magdalena Winter","illinois-chicago_magd1"
"illinois-chicago","Jarius Powers","illinois-chicago_jari1"
"miami-oh","Anna Hurst","miami-oh_anna1"
"cincinnati","Kali Barrett","cincinnati_kali1"
"penn-state","Tea Cleante","penn-state_teac1"
"stony-brook","Nal'la Bennett","stony-brook_nall1"
"stony-brook","Ioanna Giannopoulou","stony-brook_ioan1"
"arkansas-pine-bluff","Zoey Davis","arkansas-pine-bluff_zoey1"
"arkansas-pine-bluff","Jada James","arkansas-pine-bluff_jada1"
"arkansas","Danika Galea","arkansas_dani1"
"jackson-state","Camryn O'Neil","jackson-state_camr1"
"mississippi-state","Nataliyah Gray","mississippi-state_nata1"
"mississippi-state","Faith Wylder","mississippi-state_fait1"
"mississippi-state","Rocío Jiménez","mississippi-state_roco1"
"missouri-state","Victoria Dixon","missouri-state_vict1"
"texas-arlington","Nya Threatt","texas-arlington_nyat1"
"utah-state","Karyn Sanford","utah-state_kary1"
"utah-state","Marina Asensio","utah-state_mari1"
"utah-state","Aaliyah Gayles","utah-state_aali1"
"utah-state","Macie Brown","utah-state_maci1"
"utah-state","Sophie Sene","utah-state_soph1"
"utah-state","Rachel Wilson","utah-state_rach1"
"utah-state","Aitana Rosello Lopez","utah-state_aita1"
"utah-state","Jamisyn Heaton","utah-state_jami1"
"utah-state","Elise Livingston","utah-state_elis1"
"utah-state","Andjela Marojevic","utah-state_andj1"
"utah-state","Paloma Munoz Herreros","utah-state_palo1"
"utah-state","Bella Cosme","utah-state_bell1"
"utah","Chyra Evans","utah_chyr1"
"oregon-state","Tiara Bolden","oregon-state_tiar1"
"oregon-state","Kennedie Shuler","oregon-state_kenn1"
"oregon-state","Ally Schimel","oregon-state_ally1"
"oregon-state","Jenna Villa","oregon-state_jenn1"
"oregon-state","Nene Sow","oregon-state_nene1"
"oregon-state","Lara Alonso-Basurto","oregon-state_lara1"
"oregon-state","Cloe Vecina","oregon-state_cloe1"
"oregon-state","Lizzy Williamson","oregon-state_lizz1"
"oregon-state","Elisa Mehyar","oregon-state_elis1"
"oregon-state","Katelyn Field","oregon-state_kate1"
"oregon-state","Keira Lindemans","oregon-state_keir1"
"oregon-state","Susana Yepes","oregon-state_susa1"
"oregon-state","Mackenzie Shivers","oregon-state_mack1"
"saint-marys-ca","Ella Wedin","saint-marys-ca_ella1"
"charleston-southern","Courtney Davis","charleston-southern_cour1"
"air-force","Milahnie Perry","air-force_mila1"
"air-force","Tanah Gorman","air-force_tana1"
"fordham","Anastasija Veljovic","fordham_anas1"
"pennsylvania","Tina Njike","pennsylvania_tina1"
"pennsylvania","Katie Collins","pennsylvania_kati1"
"pennsylvania","Brooke Suttle","pennsylvania_broo1"
"pennsylvania","Mataya Gayle","pennsylvania_mata1"
"pennsylvania","Ese Ogbevire","pennsylvania_eseo1"
"pennsylvania","Sarah Gordon","pennsylvania_sara1"
"pennsylvania","Ruke Ogbevire","pennsylvania_ruke1"
"pennsylvania","Ashna Tambe","pennsylvania_ashn1"
"pennsylvania","Georgia Heine","pennsylvania_geor1"
"pennsylvania","Ari Paraskevopoulou","pennsylvania_arip1"
"pennsylvania","Gabriella Kelley","pennsylvania_gabr1"
"pennsylvania","Reagan Jamison","pennsylvania_reag1"
"pennsylvania","Simone Sawyer","pennsylvania_simo1"
"pennsylvania","Saniah Caldwell","pennsylvania_sani1"
"pennsylvania","Sarah Miller","pennsylvania_sara2"
"pennsylvania","Abby Sharpe","pennsylvania_abby1"
"pennsylvania","Kate Lipatova","pennsylvania_kate1"
"bellarmine","Seairra Hughes","bellarmine_seai1"
"boston-university","Kate Allard","boston-university_kate1"
"dartmouth","Alexandra Eldredge","dartmouth_alex1"
"dartmouth","Olivia Austin","dartmouth_oliv1"
"dartmouth","Cate MacDonald","dartmouth_cate1"
"dartmouth","Zeynep Ozel","dartmouth_zeyn1"
"dartmouth","Clare Meyer","dartmouth_clar1"
"dartmouth","Nina Minicozzi","dartmouth_nina1"
"dartmouth","Sierra Carson","dartmouth_sier1"
"dartmouth","Jacalyn Myrthil","dartmouth_jaca1"
"dartmouth","Tahira Muhammad","dartmouth_tahi1"
"dartmouth","Debra Hill","dartmouth_debr1"
"dartmouth","Olivia Lawlor","dartmouth_oliv2"
"dartmouth","Brooke Hollawell","dartmouth_broo1"
"bryant","Olivia Fernandez","bryant_oliv1"
"cornell","Kelsey Langston","cornell_kels1"
"cornell","Clarke Jackson","cornell_clar1"
"cornell","Rachel Kaus","cornell_rach1"
"cornell","Paige Engels","cornell_paig1"
"cornell","Emily Pape","cornell_emil1"
"cornell","Grace Renners","cornell_grac1"
"cornell","Audrey Chen","cornell_audr1"
"cornell","Ally Pape","cornell_ally1"
"cornell","Vivienne Knee","cornell_vivi1"
"cornell","Willa Chinn","cornell_will1"
"cornell","Ashley Childers","cornell_ashl1"
"cornell","Alana Andrews","cornell_alan1"
"columbia","Riley Weiss","columbia_rile1"
"columbia","Perri Page","columbia_perr1"
"columbia","Marija Aviljas","columbia_mari1"
"columbia","Fliss Henderson","columbia_flis1"
"columbia","Susie Rafiu","columbia_susi1"
"columbia","Mia Broom","columbia_miab1"
"columbia","Marta Jaama","columbia_mart1"
"columbia","Nasi Simmons","columbia_nasi1"
"columbia","Hilke Feldrappe","columbia_hilk1"
"columbia","Eirny Erinugha","columbia_eirn1"
"columbia","Shay Shippen","columbia_shay1"
"eastern-michigan","Believe Tshibangu","eastern-michigan_beli1"
"eastern-michigan","Paula Balada Muntadas","eastern-michigan_paul1"
"eastern-michigan","Ruby Brannon","eastern-michigan_ruby1"
"niagara","Talia Dial","niagara_tali1"
"niagara","Jade Rutledge","niagara_jade1"
"niagara","Chasity Wilson","niagara_chas1"
"niagara","Katarina Veljovic","niagara_kata1"
"niagara","Jordyn Williams","niagara_jord1"
"niagara","Jisca Bila","niagara_jisc1"
"niagara","Tyasia Freeman","niagara_tyas1"
"niagara","Kenedie Haruna","niagara_kene1"
"niagara","Jade Campbell","niagara_jade2"
"north-carolina-central","Natalie Jasper","north-carolina-central_nata1"
"north-carolina-central","Madjiguene Pene","north-carolina-central_madj1"
"north-carolina-wilmington","Corrie McLauglin","north-carolina-wilmington_corr1"
"old-dominion","T'anna Saddler","old-dominion_tann1"
"rhode-island","Aimee Michel","rhode-island_aime1"
"rhode-island","Eva Agba","rhode-island_evaa1"
"murray-state","Halli Poock","murray-state_hall1"
"murray-state","Briley Pena","murray-state_bril1"
"murray-state","Keslyn Secrist","murray-state_kesl1"
"murray-state","Haven Ford","murray-state_have1"
"murray-state","Sharnecce Currie-Jelks","murray-state_shar1"
"murray-state","Ellery Minch","murray-state_elle1"
"murray-state","Jada Cook","murray-state_jada1"
"murray-state","Braxcynn Baker","murray-state_brax1"
"southern-indiana","Ali Saunders","southern-indiana_alis1"
"east-tennessee-state","Emmah McAmis","east-tennessee-state_emma1"
"east-tennessee-state","Maya McCorkle","east-tennessee-state_maya1"
"tennessee","Kaiya Wynn","tennessee_kaiy1"
"tennessee","Lauren Hurst","tennessee_laur1"
"yale","Kiley Capstraw","yale_kile1"
"yale","Ciniya Moore","yale_cini1"
"yale","Luisa Vydrova","yale_luis1"
"yale","Ke'iara Odume","yale_keia1"
"yale","Marisa Chapman","yale_mari1"
"yale","Magdalena Schmidt","yale_magd1"
"yale","Olivia Kim","yale_oliv1"
"yale","Ana Guillen","yale_anag1"
"incarnate-word","Raimi McCrary","incarnate-word_raim1"
"belmont","Kate McGinnis","belmont_kate1"
"belmont","Claire Hyde","belmont_clai1"
"brown","Olivia Young","brown_oliv1"
"brown","Alyssa Moreland","brown_alys1"
"brown","Aima Ofunrein","brown_aima1"
"brown","Elizabeth Nelson","brown_eliz1"
"brown","Charlotte Adams-Lopez","brown_char1"
"brown","Mackenzie Leahy","brown_mack1"
"brown","Isabella Wesley","brown_isab1"
"brown","Monet Witherspoon","brown_mone1"
"brown","Mady Calhoun","brown_mady1"
"brown","Charlotte Climenhage","brown_char2"
"central-arkansas","Kaidyn Beckwith","central-arkansas_kaid1"
"central-arkansas","Carla Ramirez","central-arkansas_carl1"
"central-arkansas","Alivia Cox","central-arkansas_aliv1"
"colgate","Kennedy Parrott","colgate_kenn1"
"colgate","Ella Mahaffey","colgate_ella2"
"colgate","Karena Eberts","colgate_kare1"
"louisiana-tech","Isla Airey","louisiana-tech_isla1"
"maine","Adrianna Smith","maine_adri1"
"maine","Olivia Alvarez Tirado","maine_oliv1"
"maine","Asta Blauenfeldt","maine_asta1"
"maine","Sarah Talon","maine_sara1"
"maine","Kaliyah Sain","maine_kali1"
"maine","Maddie Fitzpatrick","maine_madd1"
"maine","Lizzy Gruber","maine_lizz1"
"maine","Amiyah Donaldson","maine_amiy1"
"maine","Emmie Streams","maine_emmi1"
"maine","Abby Price","maine_abby1"
"drexel","Iriona Gravley","drexel_irio1"
"north-texas","Shelby Thornton","north-texas_shel1"
"long-island-university","Janiya Reed","long-island-university_jani1"
"long-island-university","Camille Wiley","long-island-university_cami1"
"richmond","Aneisha Scott","richmond_anei1"
"harvard","Gabby Anderson","harvard_gabb1"
"harvard","Karlee White","harvard_karl1"
"harvard","Abigail Wright","harvard_abig1"
"harvard","Katie Krupa","harvard_kati1"
"harvard","Saniyah Glenn-Bello","harvard_sani1"
"harvard","Olivia Jones","harvard_oliv1"
"harvard","Alayna Rocco","harvard_alay1"
"harvard","Nina Emnace","harvard_nina1"
"harvard","Lydia Chatira","harvard_lydi1"
"harvard","Aubrey Shaw","harvard_aubr1"
"harvard","Mary Hollensteiner","harvard_mary1"
"manhattan","Johlana Tatum","manhattan_johl1"
"manhattan","Alyssa Costigan","manhattan_alys1"
"gonzaga","Allie Turner","gonzaga_alli1"
"gonzaga","Ines Bettencourt","gonzaga_ines1"
"gonzaga","Taylor Smith","gonzaga_tayl1"
"gonzaga","Zeryhia Aokuso","gonzaga_zery1"
"gonzaga","Lauren Whittaker","gonzaga_laur1"
"gonzaga","McKynnlie Dalan","gonzaga_mcky1"
"gonzaga","Julia Wilson","gonzaga_juli1"
"gonzaga","Jaiden Haile","gonzaga_jaid1"
"gonzaga","Teryn Gardner","gonzaga_tery1"
"gonzaga","Paige Lofing","gonzaga_paig1"
"gonzaga","Sierra Lichtie","gonzaga_sier1"
"rice","Victoria Flores","rice_vict1"
"rice","Dominique Ennis","rice_domi1"
"rice","Hailey Adams","rice_hail1"
"rice","Aniah Alexis","rice_ania1"
"rice","Shelby Hayes","rice_shel1"
"rice","Louann Battiston","rice_loua1"
"rice","Myah Hazelton","rice_myah1"
"rice","Jordin Blackmon","rice_jord1"
"rice","Kennedy Clifton","rice_kenn1"
"rice","Jill Twiehaus","rice_jill1"
"south-dakota-state","Hilary Behrens","south-dakota-state_hila1"
"south-dakota-state","Brooklynn Felchle","south-dakota-state_broo2"
"fresno-state","Briana Webb","fresno-state_bria1"
"california-san-diego","Rosa Smith","california-san-diego_rosa1"
"california-san-diego","Damilola Sule","california-san-diego_dami1"
"denver","Laila McLeod","denver_lail1"
"denver","Alexa Pletschette","denver_alex1"
"denver","Anna Rosenberger","denver_anna1"
"denver","Natalia Fanjul Mardones","denver_nata1"
"denver","Paula Oliva Gomez","denver_paul1"
"long-beach-state","Brynna Pukis","long-beach-state_bryn1"
"long-beach-state","JaQuoia Jones-Brown","long-beach-state_jaqu1"
"long-beach-state","Kennan Ka","long-beach-state_kenn1"
"long-beach-state","Judit Oliva Fernandez","long-beach-state_judi1"
"long-beach-state","Khylee Pepe","long-beach-state_khyl1"
"long-beach-state","Lauren Cummings","long-beach-state_laur1"
"long-beach-state","Haley Wright","long-beach-state_hale1"
"long-beach-state","Christy Reynoso","long-beach-state_chri1"
"long-beach-state","Rosie Akot","long-beach-state_rosi1"
"long-beach-state","Tairat Samuel-Afolabi","long-beach-state_tair1"
"long-beach-state","Morgan Mack","long-beach-state_morg1"
"massachusetts","Anya George","massachusetts_anya1"
"gardner-webb","Rafferty Powell","gardner-webb_raff1"
"west-georgia","Grace O'Gara","west-georgia_grac1"
"west-georgia","Destiny Jones","west-georgia_dest1"
"west-georgia","Riley Black","west-georgia_rile1"
"arizona-state","Timya Grice","arizona-state_timy1"
"lamar","Molly Powell","lamar_moll1"
"lamar","R'Mani Taylor","lamar_rman1"
"lamar","Jacei Denley","lamar_jace1"
"lamar","Kamryn Wilson","lamar_kamr1"
"lamar","Solenne Olenga","lamar_sole1"
"lamar","Shaila Forman","lamar_shai1"
"lamar","Taliah Hill","lamar_tali1"
"lamar","Chisom Oguego","lamar_chis1"
"lamar","Keyiona Mcdaniel","lamar_keyi1"
"saint-francis-pa","Bati Assefa","saint-francis-pa_bati1"
"vermont","Annemarie Batista","vermont_anne1"
"detroit-mercy","Aaliyah McQueen","detroit-mercy_aali1"
"detroit-mercy","Makayla Jackson","detroit-mercy_maka1"
"detroit-mercy","Myonna Hooper","detroit-mercy_myon1"
"detroit-mercy","Jasmine Edwards","detroit-mercy_jasm1"
"detroit-mercy","Anna Lassan","detroit-mercy_anna1"
"detroit-mercy","Maya Anderson","detroit-mercy_maya1"
"detroit-mercy","Nisea Burrell","detroit-mercy_nise1"
"detroit-mercy","Addisen Mastriano","detroit-mercy_addi1"
"detroit-mercy","Brendha Schwartz","detroit-mercy_bren1"
"detroit-mercy","Naima Diawara","detroit-mercy_naim1"
"detroit-mercy","Amaya Burch","detroit-mercy_amay1"
"valparaiso","Bella Swedlund","valparaiso_bell1"
"longwood","Otaifo Esenabhalu","longwood_otai1"
"pittsburgh","Amiya Jenkins","pittsburgh_amiy1"
"alabama-state","Samiah Puckett","alabama-state_sami1"
"auburn","Arek Angui","auburn_arek1"
"howard","Jenesis Perrin","howard_jene1"
"alabama-birmingham","Peyton Musial","alabama-birmingham_peyt1"
"alabama-birmingham","Lika Kvirkvelia","alabama-birmingham_lika1"
"south-alabama","Tamara Ortiz","south-alabama_tama1"
"missouri-kansas-city","Nikole Thomas","missouri-kansas-city_niko1"
"missouri-kansas-city","Claudia Frances","missouri-kansas-city_clau1"
"missouri-kansas-city","Trinity Chears","missouri-kansas-city_trin1"
"st-thomas-mn","Mikayla Werner","st-thomas-mn_mika1"
"san-jose-state","Allie Cummins","san-jose-state_alli1"
"san-jose-state","Maya Anderson","san-jose-state_maya1"
"san-jose-state","Stella Sgro","san-jose-state_stel1"
"san-jose-state","Amira Brown","san-jose-state_amir1"
"san-jose-state","Kaliyah Dillard","san-jose-state_kali1"
"san-jose-state","Rylei Waugh","san-jose-state_ryle1"
"san-jose-state","McKenna Simons","san-jose-state_mcke1"
"san-jose-state","Gabriela Pato","san-jose-state_gabr1"
"san-jose-state","Amelie Sitterud","san-jose-state_amel1"
"san-jose-state","Harisa Mehmedovic","san-jose-state_hari1"
"san-jose-state","Mecca Alexander","san-jose-state_mecc1"
"san-jose-state","Carla Fuster","san-jose-state_carl1"
"dixie-state","Chardonnay Hartley","dixie-state_char1"
"dixie-state","Kaylee Borden","dixie-state_kayl1"
"dixie-state","Brie Crittendon","dixie-state_brie1"
"dixie-state","Paige Cofer","dixie-state_paig1"
"dixie-state","Maddie Warren","dixie-state_madd1"
"dixie-state","Calyn Dallas","dixie-state_caly1"
"dixie-state","Merceius Mili","dixie-state_merc1"
"dixie-state","Lauren Crocker","dixie-state_laur1"
"dixie-state","Andjela Colic","dixie-state_andj1"
"dixie-state","Annalyse Shimada","dixie-state_anna1"
"northern-arizona","Faith Curry","northern-arizona_fait1"
"northern-arizona","Alyssa Harris","northern-arizona_alys1"
"northern-arizona","Addison Dunn","northern-arizona_addi1"
"california-baptist","Khloe Lemon","california-baptist_khlo1"
"pacific","Mali Ennis","pacific_mali1"
"weber-state","Arizana Peaua","weber-state_ariz1"
"weber-state","Japrix Stubbs","weber-state_japr1"
"american","Molly Driscoll","american_moll1"
"american","Charlotte Tuhy","american_char1"
"american","Anna Rescifina","american_anna1"
"american","Madisyn Moore-Nicholson","american_madi1"
"american","Kayla Greyvensteyn","american_kayl1"
"american","Lexi Salazar","american_lexi1"
"american","Elizabeth Archer","american_eliz1"
"american","Mary Bolesky","american_mary1"
"delaware-state","Aniyah Jones","delaware-state_aniy1"
"san-diego-state","Ellie Chen","san-diego-state_elli1"
"san-diego-state","Aubrey Cook","san-diego-state_aubr1"
"fairfield","Christina Pham","fairfield_chri1"
"fairfield","Julia Karpell","fairfield_juli1"
"fairfield","Janelle Brown","fairfield_jane1"
"fairfield","Keyarah Gregory","fairfield_keya1"
"fairfield","Selen Yusan","fairfield_sele1"
"fairfield","Jalyn Sackrider","fairfield_jaly1"
"lehigh","Leia Edwards","lehigh_leia1"
"lehigh","Sibelle Zambie","lehigh_sibe1"
"florida-gulf-coast","Sinai Douglas","florida-gulf-coast_sina1"
"florida-gulf-coast","Cerina Rolle","florida-gulf-coast_ceri1"
"florida-gulf-coast","Anna Mortag","florida-gulf-coast_anna1"
"florida-gulf-coast","Anasia Staton","florida-gulf-coast_anas1"
"florida-gulf-coast","Jalei Pillow","florida-gulf-coast_jale1"
"florida-gulf-coast","Karina Gordon","florida-gulf-coast_kari1"
"florida-gulf-coast","Maca Retamales","florida-gulf-coast_maca1"
"florida-gulf-coast","Eve Alexander","florida-gulf-coast_evea1"
"florida-gulf-coast","Jordan Campbell","florida-gulf-coast_jord1"
"florida-gulf-coast","Shameir Quimby","florida-gulf-coast_sham1"
"florida-gulf-coast","Airah Lavy","florida-gulf-coast_aira1"
"idaho-state","Halle Wright","idaho-state_hall1"
"texas-san-antonio","Ereauna Hardaway","texas-san-antonio_erea1"
"nicholls-state","Caroline Adams","nicholls-state_caro1"
"connecticut","Caroline Ducharme","connecticut_caro1"
"connecticut","Kelis Fisher","connecticut_keli1"
"connecticut","Ayanna Patterson","connecticut_ayan1"
"duke","Anna Wikstrom","duke_anna1"
"holy-cross","Simone Lewis","holy-cross_simo2"
"holy-cross","Stella Gougoufkas","holy-cross_stel1"
"holy-cross","Mackenzie Teevan","holy-cross_mack1"
"holy-cross","Kimora Berry","holy-cross_kimo1"
"louisville","Peyton Bradley","louisville_peyt1"
"louisville","Anaya Hardy","louisville_anay1"
"louisville","Reagan Bender","louisville_reag1"
"louisville","Rebekah Graves","louisville_rebe1"
"northern-kentucky","Alma Rashelbach","northern-kentucky_alma1"
"northern-kentucky","Gabby Razzano","northern-kentucky_gabb1"
"northern-kentucky","Caroline Eaglin","northern-kentucky_caro1"
"northern-kentucky","Sam Lindhorst","northern-kentucky_saml1"
"harvard","Asani Ceaser","harvard_asan1"
"michigan","Kendall Dudley","michigan_kend1"
"michigan","Aaiyanna Dunbar","michigan_aaiy1"
"columbia","Maria Arrebola","columbia_mari2"
"columbia","Blau Tor","columbia_blau1"
"columbia","Vasiliki Cholopoulou","columbia_vasi1"
"columbia","Alicia Mitchell","columbia_alic1"
"toledo","Alexa Hocevar","toledo_alex1"
"duquesne","Harriet Ford","duquesne_harr1"
"grambling","Zhaniah Ervin","grambling_zhan1"
"illinois-state","Kya Hurt","illinois-state_kyah1"
"illinois","Aaliyah Guyton","illinois_aali1"
"prairie-view","Taiya Kikunga","prairie-view_taiy1"
"boise-state","Jayda Lewis","boise-state_jayd1"
"boise-state","Izzie Harms","boise-state_izzi1"
"boise-state","Josee Steadman","boise-state_jose1"
"boise-state","Kenna Garza","boise-state_kenn1"
"idaho","Sofia Ekh","idaho_sofi1"
"idaho","Catelyn Deaver","idaho_cate1"
"saint-marys-ca","Coco Urlacher","saint-marys-ca_coco1"
"cal-poly","Vivian Franklin","cal-poly_vivi1"
"stanford","Stavi Papadaki","stanford_stav1"
"le-moyne","Praise Matthews","le-moyne_prai1"
"boston-college","Emma LoPinto","boston-college_emma1"
"boston-college","Eleanor Trout","boston-college_elea1"
"massachusetts-lowell","Amina Kameric","massachusetts-lowell_amin1"
"massachusetts-lowell","Nia Chima","massachusetts-lowell_niac1"
"central-michigan","Riley Smith","central-michigan_rile1"
"coastal-carolina","D'Yanis Jimenez","coastal-carolina_dyan1"
"coppin-state","Patricia Sosa Lora","coppin-state_patr1"
"ohio-state","Jaloni Cambridge","ohio-state_jalo1"
"ohio-state","Kennedy Cambridge","ohio-state_kenn1"
"ohio-state","Elsa Lemmilä","ohio-state_elsa1"
"ohio-state","Chance Gray","ohio-state_chan1"
"ohio-state","Kylee Kitts","ohio-state_kyle1"
"ohio-state","Ava Watson","ohio-state_avaw1"
"ohio-state","T'Yana Todd","ohio-state_tyan1"
"ohio-state","Ella Hobbs","ohio-state_ella1"
"ohio-state","Bryn Martin","ohio-state_bryn1"
"ohio-state","Dasha Biriuk","ohio-state_dash1"
"ohio-state","Seini Henry","ohio-state_sein1"
"buffalo","Ella Corry","buffalo_ella1"
"georgia-southern","McKayla Hosley","georgia-southern_mcka1"
"princeton","Ashley Chea","princeton_ashl1"
"princeton","Fadima Tall","princeton_fadi1"
"princeton","Madison St. Rose","princeton_madi1"
"princeton","Olivia Hutcherson","princeton_oliv1"
"princeton","Skye Belker","princeton_skye1"
"princeton","Toby Nweke","princeton_toby1"
"princeton","Taylor Charles","princeton_tayl1"
"princeton","Emily Eadie","princeton_emil1"
"princeton","Grace O'Sullivan","princeton_grac1"
"michigan-state","Juliann Woodard","michigan-state_juli1"
"new-haven","Jasmine Mckay","new-haven_jasm1"
"virginia-commonwealth","Tyrielle Williams","virginia-commonwealth_tyri1"
"baylor","Kayla Nelms","baylor_kayl1"
"campbell","Mikayla Taborn","campbell_mika1"
"colorado-state","Caitlin Kramer","colorado-state_cait1"
"colorado-state","Olivia Pawlicki","colorado-state_oliv1"
"evansville","Mireia Mustaros","evansville_mire1"
"evansville","Daniela Llavero","evansville_dani1"
"iowa","Callie Levin","iowa_call1"
"iowa","Jada Gyamfi","iowa_jada1"
"northwestern","Crystal Wang","northwestern_crys1"
"northwestern","Amparo López","northwestern_ampa1"
"northwestern","Rachel Mutombo","northwestern_rach1"
"northwestern","Sandra Moreno","northwestern_sand1"
"northwestern","Sammy White","northwestern_samm1"
"texas-state","Takeira Ramey","texas-state_take1"
"texas-tech","Sidney Love","texas-tech_sidn1"
"arizona","Tanyuel Welch","arizona_tany1"
"james-madison","Kylie Marshall","james-madison_kyli1"
"james-madison","Jemma Eleby","james-madison_jemm1"
"depaul","Aizhanique Mayo","depaul_aizh1"
"california","Isis Johnson-Musah","california_isis1"
"dartmouth","Emma Olausson","dartmouth_emma1"
"florida","Daviane Mindoudi","florida_davi1"
"vanderbilt","Ava Black","vanderbilt_avab1"
"vanderbilt","Trinity Wilson","vanderbilt_trin1"
"vanderbilt","Monique Williams","vanderbilt_moni1"
"wisconsin","Leena Patibandla","wisconsin_leen1"
"wisconsin","Alie Bisballe","wisconsin_alie1"
"wisconsin","Reese Jaramillo","wisconsin_rees1"
"elon","Ashlee Shaw","elon_ashl1"
"north-dakota-state","Miriley Simon","north-dakota-state_miri1"
"north-dakota-state","Audrey Martinez-Stewart","north-dakota-state_audr1"
"north-dakota-state","McKenna Johnson","north-dakota-state_mcke1"
"montana-state","Teagan Erickson","montana-state_teag1"
"montana-state","Courtney Smith","montana-state_cour1"
"delaware-state","Jermesha Frierson","delaware-state_jerm1"
"delaware-state","Iman Addison","delaware-state_iman1"
"alabama","Tianna Chambers","alabama_tian1"
"alabama","Joy Egbuna","alabama_joye1"
"alabama","Reychel Douglas","alabama_reyc1"
"north-carolina-greensboro","Ella Pierre-Louis","north-carolina-greensboro_ella1"
"lamar","T'Aliyah Miner","lamar_tali2"
"lamar","KJ Walker","lamar_kjwa1"
"lamar","Alexis Parker","lamar_alex1"
"providence","Eseosa Imafidon","providence_eseo1"
"prairie-view","Ja'nya Polk","prairie-view_jany1"
"missouri-state","Tyra Robinson","missouri-state_tyra1"
"wyoming","Liv Blomkvist","wyoming_livb1"
"utah-valley","Gracie Sorenson","utah-valley_grac1"
"niagara","Caliana Fenceroy","niagara_cali1"
"quinnipiac","Ava Sollenne","quinnipiac_avas1"
"east-carolina","Amaya Shaw","east-carolina_amay1"
"east-carolina","Amanda Smith","east-carolina_aman1"
"george-washington","Filipa Calisto","george-washington_fili1"
"howard","Dylan Watson","howard_dyla1"
"maryland-eastern-shore","Dayshawna Carter","maryland-eastern-shore_days1"
"green-bay","Madison Hoffmann","green-bay_madi1"
"indiana-state","Camariyana Tavares","indiana-state_cama1"
"long-island-university","Carmela Nunez","long-island-university_carm1"
"maine","Mackenzie Mori","maine_mack1"
"maine","Izzy Allen","maine_izzy1"
"north-carolina-state","Lorena Awou","north-carolina-state_lore1"
"north-carolina-state","Mallory Collier","north-carolina-state_mall1"
"middle-tennessee","Emilly Monson","middle-tennessee_emil1"
"northern-arizona","Sydney Scott","northern-arizona_sydn1"
"murray-state","Cam Hoover","murray-state_camh1"
"murray-state","Gabby Spink","murray-state_gabb1"
"south-dakota-state","Claire Sheppard","south-dakota-state_clai1"
"south-dakota-state","Jaidyn Dunn","south-dakota-state_jaid1"
"south-dakota-state","Abby Hoselton","south-dakota-state_abby1"
"fresno-state","Indiya Clarke","fresno-state_indi1"
"california","Anastasia Drosouni","california_anas1"
"pacific","Kenlee Durrill","pacific_kenl1"
"portland-state","Ciera Ellington","portland-state_cier1"
"portland-state","Brooklyn Strandy","portland-state_broo1"
"boston-college","Kennedy Hall","boston-college_kenn1"
"rider","Claudia Lazaro Carrasco Claro","rider_clau1"
"rider","Sam Richardson","rider_samr1"
"butler","Gabby Wilke","butler_gabb1"
"east-tennessee-state","Meghan Downing","east-tennessee-state_megh1"
"nicholls-state","Makensie Charles","nicholls-state_make1"
"alabama-birmingham","Journey Armstead","alabama-birmingham_jour1"
"oklahoma","Daffa Cissoko","oklahoma_daff1"
"new-mexico","Cacia Antonio","new-mexico_caci1"
"tulane","Shiloh Kimpson","tulane_shil1"
"tulane","Madison Gordon","tulane_madi1"
"ball-state","Brooke Winchester","ball-state_broo1"
"ball-state","Violeta Rojas","ball-state_viol1"
"ball-state","Laura Martinez","ball-state_laur1"
"drexel","Jalyn McNeill","drexel_jaly1"
"drexel","Emilee Jones","drexel_emil1"
"new-haven","Shannon McCarthy","new-haven_shan1"
"new-haven","Katie Drozd","new-haven_kati1"
"new-haven","Mikayla Taylor","new-haven_mika1"
"new-haven","Jeeanna Pierantoni","new-haven_jeea1"
"new-haven","Samantha Battle","new-haven_sama1"
"new-haven","Mallory Farr","new-haven_mall1"
"arkansas-pine-bluff","Jakyra Jackson","arkansas-pine-bluff_jaky1"
"sam-houston-state","Annika Corcoran","sam-houston-state_anni1"
"western-carolina","Riley Price","western-carolina_rile1"
"connecticut","Blanca Quinonez","connecticut_blan1"
"connecticut","Gandy Malou-Mamel","connecticut_gand1"
"duke","Emilee Skinner","duke_emil1"
"duke","Arianna Roberson","duke_aria1"
"duke","Hailey Johnson","duke_hail1"
"north-carolina-at","Shimei Muhammad","north-carolina-at_shim1"
"north-carolina-at","Londyn Walker","north-carolina-at_lond1"
"notre-dame","Iyana Moore","notre-dame_iyan1"
"notre-dame","Malaya Cowles","notre-dame_mala1"
"tennessee-state","Icesis Thomas","tennessee-state_ices1"
"tennessee-state","Laila Lancaster","tennessee-state_lail1"
"texas-southern","Fenishka Bertho","texas-southern_feni1"
"bowling-green-state","Kaia Woods","bowling-green-state_kaia1"
"california-baptist","Paula Haw","california-baptist_paul1"
"nebraska","Eliza Maupin","nebraska_eliz1"
"cal-state-fullerton","Basak Orhan","cal-state-fullerton_basa1"
"florida","Jade Weathersby","florida_jade1"
"maryland","Kaylene Smikle","maryland_kayl1"
"saint-francis-pa","Giselle Eke","saint-francis-pa_gise1"
"mercer","Lex Brewster","mercer_lexb1"
"mississippi-state","Saniyah King","mississippi-state_sani1"
"tarleton-state","Alexis Rynders","tarleton-state_alex1"
"siena","Valencia Fontenelle-Posson","siena_vale1"
"siena","Zyriah Price","siena_zyri1"
"american","Andrea Jude","american_andr1"
"american","Vienn Sheng","american_vien1"
"florida-gulf-coast","Mikayla Paschal","florida-gulf-coast_mika1"
"southern-methodist","Tyi Skinner","southern-methodist_tyis1"
"tulsa","Hannah Riddick","tulsa_hann1"
"tulsa","Jade Clack","tulsa_jade1"
"illinois-chicago","Megen Sanaj","illinois-chicago_mege1"
"iowa","Teagan Mallegni","iowa_teag1"
"iowa","Kennise Johnson","iowa_kenn1"
"lafayette","Jordyn Mays","lafayette_jord1"
"nebraska-omaha","Erikka Gooden","nebraska-omaha_erik1"
"north-carolina","Blanca Thomas","north-carolina_blan1"
"iona","Nevaeh Stone","iona_neva1"
"hawaii","Izzy Forsyth","hawaii_izzy1"
"hawaii","Jade Peacock","hawaii_jade1"
"north-carolina-greensboro","Mia Simpson","north-carolina-greensboro_mias1"
"north-carolina-greensboro","Danaya Stokes","north-carolina-greensboro_dana1"
"la-salle","Ava Hoy","la-salle_avah1"
"la-salle","Charity Sawyer","la-salle_char1"
"la-salle","India Webb","la-salle_indi1"
"virginia-commonwealth","Katarina Knezevic","virginia-commonwealth_kata1"
"yale","Sophia Gibson","yale_soph1"
"northwestern","Kat Righeimer","northwestern_katr1"
"california-davis","Victoria Baker","california-davis_vict1"
"wyoming","Katie Harrington","wyoming_kati1"
"florida-international","Parris Atkins","florida-international_parr1"
"florida-international","Rhema Collins","florida-international_rhem1"
"florida-international","Adama Badjie Coly","florida-international_adam1"
"florida-international","Riley Burd","florida-international_rile1"
"northeastern","Beatriz Perez Pulgar","northeastern_beat1"
"morgan-state","Dakota Alston","morgan-state_dako1"
"fresno-state","Diarrah Sissoko","fresno-state_diar1"
"east-tennessee-state","Gemma Gutettner Bacoul","east-tennessee-state_gemm1"
"weber-state","Fui Niumeitolu","weber-state_fuin1"
"california","Sofia Bowes","california_sofi1"
"missouri","Saniah Tyler","missouri_sani1"
"harvard","Ava Krumwiede","harvard_avak1"
"harvard","Sam Wills","harvard_samw1"
"harvard","Hana Belibi","harvard_hana1"
"arkansas-pine-bluff","Briah Hampton","arkansas-pine-bluff_bria1"
"gonzaga","Christabel Osarobo","gonzaga_chri1"
"davidson","Stephanie Gutierrez-Rodriguez","davidson_step1"
"dayton","Maliyah Johnson","dayton_mali1"
"georgia","Savannah Henderson","georgia_sava1"
"st-thomas-mn","Kammie Ludwig","st-thomas-mn_kamm1"
"syracuse","Aurora Almón-Sanchez","syracuse_auro1"
"syracuse","Olivia Schmitt","syracuse_oliv1"
"wagner","Irene Fernandez de Caleya","wagner_iren1"
"le-moyne","Sophia Bonnell","le-moyne_soph1"
"tarleton-state","Jailynn Brill","tarleton-state_jail1"
"tennessee-martin","Yar Tong","tennessee-martin_yart1"
"tennessee-martin","Sidney Blackwell","tennessee-martin_sidn2"
"tennessee-martin","Nyjha Webster","tennessee-martin_nyjh1"
"arkansas","Wyvette Mayberry","arkansas_wyve1"
"mississippi-valley-state","Ja'la Douglas","mississippi-valley-state_jala1"
"pacific","Lamiracle Lebon","pacific_lami1"
"charlotte","McKenzie Graves","charlotte_mcke1"
"depaul","Devin Hagemann","depaul_devi1"
"stonehill","Shira Elkis","stonehill_shir1"
"lindenwood","Aalayah Wilson","lindenwood_aala1"
"illinois","Naomi Benson","illinois_naom1"
"illinois","Mia Zenere","illinois_miaz1"
"north-dakota","Hanna Miller","north-dakota_hann1"
"oregon-state","Lucia Navarro","oregon-state_luci1"
"florida-international","Judit Valero Rodriquez","florida-international_judi1"
"quinnipiac","Aniyah Neal","quinnipiac_aniy1"
"quinnipiac","Reagan Sipla","quinnipiac_reag1"
"yale","Dorka Kastl","yale_dork1"
"massachusetts-lowell","Sophie Baydanov","massachusetts-lowell_soph1"
"massachusetts","Jess Ross","massachusetts_jess1"
"massachusetts","Brooke Pulpi","massachusetts_broo1"
"massachusetts","Eva Hannon","massachusetts_evah1"
"pittsburgh","Macie Arzner","pittsburgh_maci1"
"southern-mississippi","Miriam Prince","southern-mississippi_miri1"
"houston-baptist","Remi Langmaid","houston-baptist_remi1"
"nevada-las-vegas","Ongolea Afu","nevada-las-vegas_ongo1"
"siena","Azera Gates","siena_azer1"
"west-georgia","Calie Thrower","west-georgia_cali1"
"incarnate-word","Bria McClure","incarnate-word_bria1"
"incarnate-word","Izzy Majarucon","incarnate-word_izzy1"
"tennessee-state","Sadie Sanchez","tennessee-state_sadi1"
"north-texas","Allison Rickman","north-texas_alli1"
"north-carolina-asheville","Kristen McMillan","north-carolina-asheville_kris1"
"samford","Martha Bishop","samford_mart1"
"brown","Grace Arnolie","brown_grac1"
"brown","Ada Anamekwe","brown_adaa1"
"mercer","Khadidja Toure","mercer_khad1"
"mississippi-valley-state","Jakyrra Sandifer","mississippi-valley-state_jaky1"
"illinois-chicago","Grace Harris","illinois-chicago_grac1"
"california-baptist","Marta De La Fuente De La Puente","california-baptist_mart1"
"california-baptist","Aleyah Harmon","california-baptist_aley1"
"san-jose-state","Katarina Anderson","san-jose-state_kata1"
"bethune-cookman","Janessa Kelley","bethune-cookman_jane1"
"bethune-cookman","Jade Parks","bethune-cookman_jade1"
"south-carolina-state","Jhaven Meade","south-carolina-state_jhav1"
"texas-am-corpus-christi","Bruna Anguera","texas-am-corpus-christi_brun1"
"missouri-kansas-city","Carleigh Andrews","missouri-kansas-city_carl1"
"north-florida","Jordan Brooks","north-florida_jord1"
"eastern-illinois","Liana Buckhalton","eastern-illinois_lian1"
"ohio","Vivienne Macheck","ohio_vivi1"
"evansville","Kylee Norkus","evansville_kyle1"
"east-tennessee-state","Daniela López","east-tennessee-state_dani1"
"virginia","Danelle Arigbabu","virginia_dane1"
"south-florida","Carla Brito","south-florida_carl1"
"depaul","Meg Newman","depaul_megn1"
"northern-illinois","Juliana Haddad","northern-illinois_juli2"
"boise-state","Emily Howard","boise-state_emil1"
"cal-poly","Katie Peiffer","cal-poly_kati1"
"cal-poly","Arissa Garcia","cal-poly_aris1"
"california-riverside","Hannah Wickstrom","california-riverside_hann1"
"california-riverside","Maria Mejia","california-riverside_mari1"
"hawaii","Ritorya Tamilo","hawaii_rito1"
"loyola-marymount","Lova Lagerlid","loyola-marymount_lova1"
"stetson","Raven LeXander","stetson_rave1"
"saint-francis-pa","Gemma Walker","saint-francis-pa_gemm1"
"lindenwood","Konstantina Mantziori","lindenwood_kons1"
"boston-university","SiSi Bentley","boston-university_sisi1"
"green-bay","Jenna Guyer","green-bay_jenn1"
"missouri-state","Blake O'Grady","missouri-state_blak1"
"portland-state","Ryme Jaekel","portland-state_ryme1"
"brown","Morgan Ross","brown_morg1"
"brown","Lindsay Harzich","brown_lind1"
"princeton","Sarah Lessig","princeton_sara1"
"western-carolina","Grace Pack","western-carolina_grac1"
"stanford","Lauren Green","stanford_laur1"
"mercyhurst","Emma Sollenne","mercyhurst_emma1"
"colgate","Ellie Cronin","colgate_elli1"
"colgate","Maryan Eniafe","colgate_mary1"
"houston","Jorynn Ross","houston_jory1"
"rice","Mylee Guinn","rice_myle1"
"texas-pan-american","Noa Feller","texas-pan-american_noaf1"
"oakland","ilris Aworet","oakland_ilri1"
"middle-tennessee","Gracie Hamby","middle-tennessee_grac1"
"alcorn-state","Jayda Bowen","alcorn-state_jayd1"
"new-mexico-state","Senoj Jones","new-mexico-state_seno1"
"ipfw","Alyssa Berry","ipfw_alys1"
"wright-state","MaKenzie Drout","wright-state_make1"
"rutgers","Faith Blackstone","rutgers_fait1"
"iona","Chloe Vasquez","iona_chlo1"
"cal-poly","Avery Knapp","cal-poly_aver1"
"california-san-diego","Tatum Jones","california-san-diego_tatu1"
"holy-cross","Megan Roche","holy-cross_mega1"
"massachusetts-lowell","Ella Ner","massachusetts-lowell_ella1"
"sacred-heart","Missy Nuku","sacred-heart_miss1"
"sacred-heart","Montana Nicks","sacred-heart_mont1"
"san-francisco","Sol Castro","san-francisco_solc1"
"bucknell","Hope Masonius","bucknell_hope1"
"bucknell","Grace Backus","bucknell_grac1"
"fairfield","Alli Campbell","fairfield_alli1"
"providence","Mariana Padilla","providence_mari1"
"providence","Austeja Babraitis","providence_aust1"
"indiana","Jade Ondineme","indiana_jade1"
"pittsburgh","Audrey Biggs","pittsburgh_audr1"
"texas-am","Anita Franchini","texas-am_anit1"
"texas-am","Talia Kavoka","texas-am_tali1"
"albany-ny","Nila Giraud","albany-ny_nila1"
"towson","Masyn Marchbanks","towson_masy1"
"morgan-state","Jael Butler","morgan-state_jael1"
"purdue","Carley Barrett","purdue_carl1"
"boston-university","Brooke Baisley","boston-university_broo1"
"iupui","Camron Blank","iupui_camr1"
"iupui","Kaylin Moorehead","iupui_kayl1"
"delaware","Ella Wanzer","delaware_ella1"
"delaware","Gianna Johnson","delaware_gian1"
"niagara","Tamaria Rumph","niagara_tama1"
"nevada-las-vegas","Trystan James","nevada-las-vegas_trys1"
"rice","Pace Rickard","rice_pace1"
"rice","Layla Conley","rice_layl1"
"college-of-charleston","Aubrey Stevenson","college-of-charleston_aubr1"
"alabama-am","Kaila Walker","alabama-am_kail1"
"washington","Elle Ladine","washington_elle1"
"lindenwood","Noah Garcia","lindenwood_noah1"
"campbell","Jessica Woods","campbell_jess1"
"iona","Yannie Chan","iona_yann1"
"east-carolina","Chimera iloanya","east-carolina_chim1"
"butler","McKenna Johnson","butler_mcke1"
"jackson-state","Ruthie Mbugua","jackson-state_ruth1"
"northern-colorado","Louise Dykstra","northern-colorado_loui1"
"gardner-webb","Kiarra Handley","gardner-webb_kiar1"
"austin-peay","Lameria Thomas","austin-peay_lame1"
"southeast-missouri-state","Addison Tarr","southeast-missouri-state_addi1"
"southeast-missouri-state","Evie Caruso","southeast-missouri-state_evie1"
"william-mary","Aislinn Gibson","william-mary_aisl1"
"dixie-state","Rose Boisnel","dixie-state_rose1"
"georgia","Aubrey Beckham","georgia_aubr1"
"miami-oh","Ashton Elley","miami-oh_asht1"
"loyola-marymount","Ana Milanovic","loyola-marymount_anam1"
"south-carolina-state","Terrannya Medlock","south-carolina-state_terr1"
"winthrop","Jada Ryce","winthrop_jada1"
"san-francisco","Olivia Williams","san-francisco_oliv1"
"canisius","Ari Parker","canisius_arip1"
"north-carolina-wilmington","Angelina Pelayo","north-carolina-wilmington_ange1"
"manhattan","Ella Chandler","manhattan_ella1"
"tennessee-martin","Haylee Jarred","tennessee-martin_hayl1"
"texas-state","Myla Harbor","texas-state_myla1"
"alabama","Waiata Jennings","alabama_waia1"
"delaware-state","Anise Geiger","delaware-state_anis1"
"minnesota","Zoey Bershers","minnesota_zoey1"
"colorado","Isa Hämäläinen","colorado_isah1"
"north-carolina-at","Rachel Griffin","north-carolina-at_rach1"
"toledo","Kendall Braden","toledo_kend2"
"american","Ellie Pingree","american_elli1"
"george-mason","Hawa Komara","george-mason_hawa1"
"virginia-commonwealth","Makennah White","virginia-commonwealth_make1"
"nevada-las-vegas","Alexis Swillis","nevada-las-vegas_alex1"
"texas-san-antonio","Marie Han","texas-san-antonio_mari1"
"washington-state","Lauren Glazier","washington-state_laur1"
"dayton","Marie Grace Talle","dayton_mari1"
"siena","Alexis Rosenfeld","siena_alex1"
"north-texas","Adhel Tac","north-texas_adhe1"
"arkansas-state","Payton Fields","arkansas-state_payt1"
"georgia-southern","Laney Scoggins","georgia-southern_lane1"
"tulsa","Shamaryah Duncan","tulsa_sham1"
"cal-poly","Gabby Robinson","cal-poly_gabb1"
"hawaii","Jovi Lefotu","hawaii_jovi1"
"california-riverside","Jayda Cobbs","california-riverside_jayd1"
"eastern-michigan","Marisa Cribari","eastern-michigan_mari1"
"eastern-michigan","Eirini Chatzinikoli","eastern-michigan_eiri1"
"loyola-marymount","Paula Reus Piza","loyola-marymount_paul1"
"hofstra","Chloe Sterling","hofstra_chlo1"
"northern-colorado","Lilah Moore","northern-colorado_lila1"
"southeast-missouri-state","Da'Kariya Jackson","southeast-missouri-state_daka1"
"brigham-young","Kambree Barber","brigham-young_kamb1"
"virginia","Sa'Myah Smith","virginia_samy1"
"saint-louis","Ellie Paloucek","saint-louis_elli1"
"saint-louis","Marilena Trianafylli","saint-louis_mari1"
"colorado","JoJo Nworie","colorado_jojo1"
"marist","Ciara Croker","marist_ciar1"
"marist","Kasey Bretones","marist_kase1"
"loyola-il","Alexus Mobley","loyola-il_alex3"
"western-michigan","Mary Clare Brusek","western-michigan_mary1"
"new-orleans","Sephora Kayolo","new-orleans_seph1"
"southern-methodist","Jasmine Gipson","southern-methodist_jasm1"
"depaul","Shakara McCline","depaul_shak1"
"depaul","Katelynn Oxley","depaul_kate1"
"san-jose-state","Briannah McGee","san-jose-state_bria1"
"georgia-southern","Armani Cooke","georgia-southern_arma1"
"cincinnati","Paige Whitted","cincinnati_paig1"
"gardner-webb","Anaya Harris","gardner-webb_anay1"
"grambling","Alisha Murray","grambling_alis1"
"air-force","AJ Mannering","air-force_ajma1"
"marist","Kate Robbins","marist_kate1"
"brigham-young","Mariam Traore","brigham-young_mari1"
"loyola-marymount","Allison Clarke","loyola-marymount_alli1"
"portland-state","Jamia Carter","portland-state_jami1"
"california-irvine","Summah Hanson","california-irvine_summ1"
"college-of-charleston","Jami Hill","college-of-charleston_jami1"
"navy","Grace Minihane","navy_grac1"
"maine","Ashlyne Woods","maine_ashl1"
"american","Grace Koepke","american_grac1"
"colorado","Tabitha Betson","colorado_tabi1"
"southern-indiana","Channah Gannon","southern-indiana_chan1"
"michigan-state","Ines Sotelo","michigan-state_ines1"
"michigan-state","Sara Sambolic","michigan-state_sara1"
"murray-state","Destiny Thomas","murray-state_dest1"
"kent-state","Journey Hildebrand","kent-state_jour1"
"grambling","Jakiylah Esco","grambling_jaki1"
"california-baptist","Grace Schmidt","california-baptist_grac1"
"detroit-mercy","Rayven McQueen","detroit-mercy_rayv1"
"auburn","Eva Garabadian","auburn_evag1"
"nicholls-state","Tanita Swift","nicholls-state_tani1"
"ucla","Sienna Betts","ucla_sien1"
"la-salle","Jana Mbambo Njoya","la-salle_jana1"
"florida-am","Camille Jackson","florida-am_cami1"
"louisville","Grace Mbugua","louisville_grac1"
"texas","Ashton Judd","texas_asht1"
"wyoming","Karoline Lundin","wyoming_karo1"
"weber-state","Alyssa Coombs","weber-state_alys1"
"charleston-southern","Luke Williams","charleston-southern_luke1"
"charleston-southern","Jesse Hafemeister","charleston-southern_jess1"
"charleston-southern","Armari Carraway","charleston-southern_arma1"
"charleston-southern","Jacob Taylor","charleston-southern_jaco1"
"charleston-southern","Lase Olalere","charleston-southern_lase1"
"charleston-southern","A'lahn Sumler","charleston-southern_alah1"
"charleston-southern","Brycen Blaine","charleston-southern_bryc1"
"charleston-southern","Trent Coleman","charleston-southern_tren1"
"charleston-southern","Nate Brafford","charleston-southern_nate1"
"charleston-southern","Jaquias Franklin","charleston-southern_jaqu1"
"charleston-southern","Reis Jones","charleston-southern_reis1"
"charleston-southern","Devin Brafford","charleston-southern_devi1"
"north-florida","Kamrin Oriol","north-florida_kamr1"
"north-florida","Kent Jackson","north-florida_kent1"
"north-florida","Devin Hines","north-florida_devi1"
"north-florida","Dalton Gayman","north-florida_dalt1"
"north-florida","Mason Lee","north-florida_maso1"
"north-florida","BJ Plummer","north-florida_bjpl1"
"north-florida","Trey Cady","north-florida_trey1"
"north-florida","Nestor Dyachok","north-florida_nest1"
"north-florida","Dante Oliver","north-florida_dant1"
"north-florida","Taylor Thompson","north-florida_tayl1"
"charlotte","Spencer Elliott","charlotte_spen1"
"charlotte","Arden Conyers","charlotte_arde1"
"charlotte","Anton Bonke","charlotte_anto1"
"charlotte","Ben Bradford","charlotte_benb1"
"charlotte","Major Freeman","charlotte_majo1"
"charlotte","Ethan Butler","charlotte_etha1"
"charlotte","Damoni Harrison","charlotte_damo1"
"charlotte","Dezayne Mingo","charlotte_deza1"
"charlotte","Kylan Blackmon","charlotte_kyla1"
"charlotte","Kuluel Mading","charlotte_kulu1"
"charlotte","Raúl Villar","charlotte_ralv1"
"lafayette","Andrew Phillips","lafayette_andr1"
"lafayette","Mark Butler","lafayette_mark1"
"lafayette","Caleb Williams","lafayette_cale1"
"lafayette","Christian Humphrey-Rembert","lafayette_chri1"
"lafayette","Shareef Jackson","lafayette_shar1"
"lafayette","KaiMani Murdock","lafayette_kaim1"
"lafayette","Joshua Wyche","lafayette_josh1"
"lafayette","Mike Bednostin","lafayette_mike1"
"lafayette","Folabomi Fayemi","lafayette_fola1"
"lafayette","Luke Bevilacqua","lafayette_luke1"
"bradley","Alex Huibregtse","bradley_alex1"
"bradley","Demarion Burch","bradley_dema1"
"bradley","Jaquan Johnson","bradley_jaqu1"
"bradley","Ahmet Jonovic","bradley_ahme1"
"bradley","AJ Smith","bradley_ajsm1"
"bradley","Montana Wheeler","bradley_mont1"
"bradley","Timoty van der Knaap","bradley_timo1"
"bradley","Corey Thomas","bradley_core1"
"bradley","Kai Yu","bradley_kaiy1"
"bradley","Dietrich Richardson","bradley_diet1"
"indiana-state","Camp Wagner","indiana-state_camp1"
"indiana-state","Ian Scott","indiana-state_ians1"
"indiana-state","Xavier Hall","indiana-state_xavi1"
"indiana-state","Derek Vorst","indiana-state_dere1"
"indiana-state","Sterling Young","indiana-state_ster1"
"indiana-state","Jo Van Buggenhout","indiana-state_jova1"
"indiana-state","Bruno Alocen","indiana-state_brun1"
"indiana-state","Enel St. Bernard","indiana-state_enel1"
"indiana-state","Cooper Bean","indiana-state_coop1"
"american","Greg Jones","american_greg1"
"american","Kade Sebastian","american_kade1"
"american","Geoff Sprouse","american_geof1"
"american","Wyatt Nausadis","american_wyat1"
"american","Julen Iturbe","american_jule1"
"american","Madden Collins","american_madd1"
"american","Chris Eagan","american_chri1"
"american","Dean Hogans","american_dean1"
"american","Luke Brown","american_luke1"
"american","Jack Anderson","american_jack1"
"american","Matthew Casey","american_matt1"
"virginia-commonwealth","Nyk Lewis","virginia-commonwealth_nykl1"
"virginia-commonwealth","Lazar Djokovic","virginia-commonwealth_laza1"
"virginia-commonwealth","Barry Evans","virginia-commonwealth_barr1"
"virginia-commonwealth","Jadrian Tracey","virginia-commonwealth_jadr1"
"virginia-commonwealth","Brandon Jennings","virginia-commonwealth_bran1"
"virginia-commonwealth","Terrence Hill Jr.","virginia-commonwealth_terr1"
"virginia-commonwealth","Michael Belle","virginia-commonwealth_mich1"
"virginia-commonwealth","Keyshawn Mitchell","virginia-commonwealth_keys1"
"virginia-commonwealth","Jordan Tillery","virginia-commonwealth_jord1"
"virginia-commonwealth","Ahmad Nowell","virginia-commonwealth_ahma1"
"virginia-commonwealth","Jordann Dumont","virginia-commonwealth_jord2"
"virginia-commonwealth","Tyrell Ward","virginia-commonwealth_tyre1"
"eastern-illinois","Kooper Jacobi","eastern-illinois_koop1"
"eastern-illinois","Meechie White","eastern-illinois_meec1"
"eastern-illinois","Terry McMorris","eastern-illinois_terr1"
"eastern-illinois","Andre Washington","eastern-illinois_andr1"
"eastern-illinois","Nazareth Fisher","eastern-illinois_naza1"
"eastern-illinois","Zion Fruster","eastern-illinois_zion1"
"eastern-illinois","Andrew Austin","eastern-illinois_andr2"
"eastern-illinois","Preston Turner","eastern-illinois_pres1"
"eastern-illinois","Prince Johnson","eastern-illinois_prin1"
"southern-illinois-edwardsville","Ring Malith","southern-illinois-edwardsville_ring1"
"southern-illinois-edwardsville","Jack Campion","southern-illinois-edwardsville_jack1"
"southern-illinois-edwardsville","Jo Valrie","southern-illinois-edwardsville_jova1"
"southern-illinois-edwardsville","Jordan Pickett","southern-illinois-edwardsville_jord1"
"southern-illinois-edwardsville","Arnas Sakenis","southern-illinois-edwardsville_arna1"
"southern-illinois-edwardsville","Harrison Alexander","southern-illinois-edwardsville_harr1"
"southern-illinois-edwardsville","Kyle Thomas","southern-illinois-edwardsville_kyle1"
"southern-illinois-edwardsville","Darrion Baker","southern-illinois-edwardsville_darr1"
"southern-illinois-edwardsville","CJ Hall","southern-illinois-edwardsville_cjha1"
"southern-illinois-edwardsville","Darius Robinson Jr.","southern-illinois-edwardsville_dari1"
"drake","Jalen Quinn","drake_jale1"
"drake","Owen Larson","drake_owen1"
"drake","Okku Federiko","drake_okku1"
"drake","Andrew Alia","drake_andr1"
"drake","Wilguens Jr. Exacte","drake_wilg1"
"drake","Jaehshon Thomas","drake_jaeh1"
"drake","Eli Shetlar","drake_elis1"
"drake","Griffen Goodbary","drake_grif1"
"drake","Braden Appelhans","drake_brad1"
"murray-state","Layne Taylor","murray-state_layn1"
"murray-state","Fredrick King","murray-state_fred1"
"murray-state","JJ Traynor","murray-state_jjtr1"
"murray-state","Mason Miller","murray-state_maso1"
"murray-state","Javon Jackson","murray-state_javo1"
"murray-state","Mathis Courbon","murray-state_math1"
"murray-state","Roman Domon","murray-state_roma1"
"murray-state","Brayden Shorter","murray-state_bray1"
"murray-state","KJ Tenner","murray-state_kjte1"
"murray-state","Dylan Anderson","murray-state_dyla1"
"murray-state","Brock Vice","murray-state_broc1"
"louisiana-lafayette","De'Vion Lavergne","louisiana-lafayette_devi1"
"louisiana-lafayette","Dorian Finister","louisiana-lafayette_dori1"
"louisiana-lafayette","Milan Mejia","louisiana-lafayette_mila1"
"louisiana-lafayette","Todd Jones","louisiana-lafayette_todd1"
"louisiana-lafayette","Joshua Lewis","louisiana-lafayette_josh1"
"louisiana-lafayette","Jaxon Olvera","louisiana-lafayette_jaxo1"
"louisiana-lafayette","Jeremiah Evans","louisiana-lafayette_jere1"
"louisiana-lafayette","Dariyus Woodson","louisiana-lafayette_dari1"
"louisiana-lafayette","Michael Collins","louisiana-lafayette_mich1"
"louisiana-lafayette","Kyran Ratliff","louisiana-lafayette_kyra1"
"louisiana-lafayette","Michael Mouton","louisiana-lafayette_mich2"
"southern-mississippi","Curt Lewis","southern-mississippi_curt1"
"southern-mississippi","Tylik Weeks","southern-mississippi_tyli1"
"southern-mississippi","Dylan Brumfield","southern-mississippi_dyla1"
"southern-mississippi","Djahi Binet","southern-mississippi_djah1"
"southern-mississippi","Isaac Taveres","southern-mississippi_isaa1"
"southern-mississippi","Chiante Tramble","southern-mississippi_chia1"
"southern-mississippi","Israel Hart","southern-mississippi_isra1"
"southern-mississippi","Tegra Izay","southern-mississippi_tegr1"
"southern-mississippi","Brewer Carruth","southern-mississippi_brew1"
"southern-mississippi","Felipe Patino","southern-mississippi_feli1"
"arkansas-pine-bluff","Kristyna Boyd","arkansas-pine-bluff_kris1"
"oregon","Sammie Wagner","oregon_samm1"
"gardner-webb","Curtis Williams","gardner-webb_curt1"
"gardner-webb","Colin Hawkins","gardner-webb_coli1"
"gardner-webb","Spence Sims","gardner-webb_spen1"
"gardner-webb","Jacob Hogarth","gardner-webb_jaco1"
"gardner-webb","Aaron Talbert","gardner-webb_aaro1"
"gardner-webb","Jacob Hudson","gardner-webb_jaco2"
"gardner-webb","Bo Barber","gardner-webb_boba1"
"gardner-webb","Jamias Ferere","gardner-webb_jami1"
"gardner-webb","D.J. Jefferson","gardner-webb_djje1"
"gardner-webb","NaVuan Peterson","gardner-webb_navu1"
"gardner-webb","Riek Riek","gardner-webb_riek1"
"gardner-webb","Cameron Gales","gardner-webb_came1"
"gardner-webb","Ahmadou Ndiaye","gardner-webb_ahma1"
"gardner-webb","Paul Lindberg","gardner-webb_paul1"
"gardner-webb","Isaiah Hicks","gardner-webb_isai1"
"yale","Mary Meng","yale_mary1"
"hampton","Jalyke Gaines-Wyatt","hampton_jaly1"
"hampton","Michael Eley","hampton_mich1"
"hampton","Etienne Strothers","hampton_etie1"
"hampton","Josh Ogundele","hampton_josh1"
"hampton","Daniel Johnson","hampton_dani1"
"hampton","Xzavier Long","hampton_xzav1"
"hampton","Christian Watson","hampton_chri1"
"hampton","Eunique Rink","hampton_euni1"
"hampton","Elijah Kennedy","hampton_elij1"
"hampton","Peter Oduro","hampton_pete1"
"hampton","Quintin Cooper","hampton_quin1"
"hampton","Aidan Haskins","hampton_aida1"
"jackson-state","Jayme Mitchell","jackson-state_jaym1"
"jackson-state","Dorian McMillian","jackson-state_dori1"
"jackson-state","Daeshun Ruffin","jackson-state_daes1"
"jackson-state","Mike Williams","jackson-state_mike1"
"jackson-state","Dionjahe Thomas","jackson-state_dion1"
"jackson-state","Devin Ree","jackson-state_devi1"
"jackson-state","Tamarion Hoover","jackson-state_tama1"
"jackson-state","Kobe Butler","jackson-state_kobe1"
"jackson-state","Raevon Thomas","jackson-state_raev1"
"jackson-state","Delyle Williams","jackson-state_dely1"
"jackson-state","Ebo Wilson","jackson-state_ebow1"
"jackson-state","Cael Jones","jackson-state_cael1"
"appalachian-state","Kasen Jennings","appalachian-state_kase1"
"appalachian-state","Alonzo Dodd","appalachian-state_alon1"
"appalachian-state","Luke Wilson","appalachian-state_luke1"
"appalachian-state","Michael Marcus Jr.","appalachian-state_mich1"
"appalachian-state","Eren Banks","appalachian-state_eren1"
"appalachian-state","Jason Clarke Jr.","appalachian-state_jaso1"
"appalachian-state","Chad Moodie","appalachian-state_chad1"
"appalachian-state","Jalen Tot","appalachian-state_jale1"
"appalachian-state","Andrin Njock","appalachian-state_andr1"
"appalachian-state","Jacari Brim","appalachian-state_jaca1"
"coastal-carolina","RaSheed Jones","coastal-carolina_rash1"
"coastal-carolina","Reggie Hill","coastal-carolina_regg1"
"coastal-carolina","AJ Dancler","coastal-carolina_ajda1"
"coastal-carolina","Joshua Beadle","coastal-carolina_josh1"
"coastal-carolina","Nadjrick Peat","coastal-carolina_nadj1"
"coastal-carolina","DaJohn Craig","coastal-carolina_dajo1"
"coastal-carolina","Jerry Ngopot","coastal-carolina_jerr1"
"coastal-carolina","Tristan Thompson","coastal-carolina_tris1"
"coastal-carolina","Braeden MacVicar","coastal-carolina_brae1"
"coastal-carolina","Derrick Green","coastal-carolina_derr1"
"north-carolina-asheville","DJ Patrick","north-carolina-asheville_djpa1"
"north-carolina-asheville","Kameron Taylor","north-carolina-asheville_kame1"
"north-carolina-asheville","Justin Wright","north-carolina-asheville_just1"
"north-carolina-asheville","Myles Mayfield","north-carolina-asheville_myle1"
"north-carolina-asheville","David Hermes","north-carolina-asheville_davi1"
"north-carolina-asheville","Toyaz Solomon","north-carolina-asheville_toya1"
"north-carolina-asheville","Sage Tolentino","north-carolina-asheville_sage1"
"north-carolina-asheville","Corey Jones","north-carolina-asheville_core1"
"north-carolina-asheville","Jake Powell","north-carolina-asheville_jake1"
"north-carolina-asheville","Julian Clarke","north-carolina-asheville_juli1"
"north-carolina-asheville","Daniel Thomas","north-carolina-asheville_dani1"
"north-carolina-asheville","Rasheed Baldwin","north-carolina-asheville_rash1"
"north-carolina-asheville","Hugo Maton","north-carolina-asheville_hugo1"
"saint-francis-pa","Desire Short","saint-francis-pa_desi1"
"central-connecticut-state","James Jones","central-connecticut-state_jame1"
"central-connecticut-state","Jay Rodgers","central-connecticut-state_jayr1"
"central-connecticut-state","Darin Smith Jr.","central-connecticut-state_dari1"
"central-connecticut-state","Max Frazier","central-connecticut-state_maxf1"
"central-connecticut-state","Elijah Parker","central-connecticut-state_elij1"
"central-connecticut-state","Melo Sanchez","central-connecticut-state_melo1"
"central-connecticut-state","Daniel Etiosa James","central-connecticut-state_dani1"
"central-connecticut-state","Ashton Reynolds","central-connecticut-state_asht1"
"central-connecticut-state","Ja'Kobe Williams","central-connecticut-state_jako1"
"central-connecticut-state","Gabe Spinelli","central-connecticut-state_gabe1"
"central-connecticut-state","Roddy Jones","central-connecticut-state_rodd1"
"fairfield","Brandon Benjamin","fairfield_bran1"
"fairfield","Braden Sparks","fairfield_brad1"
"fairfield","Declan Wucherpfennig","fairfield_decl1"
"fairfield","Tony Williams","fairfield_tony1"
"fairfield","Halon Rawlins","fairfield_halo1"
"fairfield","Deuce Turner","fairfield_deuc1"
"fairfield","Eric Mejia","fairfield_eric1"
"fairfield","Ryan Zan","fairfield_ryan1"
"fairfield","Isaac Munkadi","fairfield_isaa1"
"fairfield","Cam Estevez","fairfield_came1"
"fairfield","Nasir Rodriguez","fairfield_nasi1"
"davidson","Parker Friedrichsen","davidson_park1"
"davidson","Josh Scovens","davidson_josh1"
"davidson","Ian Platteeuw","davidson_ianp1"
"davidson","Sam Brown","davidson_samb1"
"davidson","Devin Brown","davidson_devi1"
"davidson","Roberts Blums","davidson_robe1"
"davidson","Nick Coval","davidson_nick1"
"davidson","Hunter Adam","davidson_hunt1"
"davidson","JaQualon ""JQ"" Roberts","davidson_jaqu1"
"davidson","Manie Joses","davidson_mani1"
"davidson","Joe Hurlburt","davidson_joeh1"
"temple","Derrian Ford","temple_derr1"
"temple","Jordan Mason","temple_jord1"
"temple","Aiden Tobiason","temple_aide1"
"temple","Ayuba Bryant Jr.","temple_ayub1"
"temple","Jamai Felt","temple_jama1"
"temple","Cam Wallace","temple_camw1"
"temple","Babatunde Durodola","temple_baba1"
"temple","Spencer Mahoney","temple_spen1"
"temple","Mohamed Keita","temple_moha1"
"georgia","Jordan Ross","georgia_jord1"
"georgia","Blue Cain","georgia_blue1"
"georgia","Somto Cyril","georgia_somt1"
"georgia","Kanon Catchings","georgia_kano1"
"georgia","Jeremiah Wilkinson","georgia_jere1"
"georgia","Marcus Millender","georgia_marc1"
"georgia","Justin Bailey","georgia_just1"
"georgia","Jake Wilkins","georgia_jake1"
"georgia","Kareem Stagg","georgia_kare1"
"georgia","Dylan James","georgia_dyla1"
"georgia","Justin Abson","georgia_just2"
"georgia","Brandon Klatsky","georgia_bran1"
"georgia","Jaden Newell","georgia_jade1"
"western-carolina","Marcus Kell","western-carolina_marc1"
"western-carolina","Cord Stansberry","western-carolina_cord1"
"western-carolina","CJ Hyland","western-carolina_cjhy1"
"western-carolina","Adbulai Fanta Kabba","western-carolina_adbu1"
"western-carolina","Julien Soumaoro","western-carolina_juli1"
"western-carolina","Tidjiane Dioumassi","western-carolina_tidj1"
"western-carolina","Tayeshaun Smith","western-carolina_taye1"
"western-carolina","Justin Johnson","western-carolina_just2"
"western-carolina","Tahlan Pettway","western-carolina_tahl1"
"western-carolina","Samuel Dada","western-carolina_samu1"
"western-carolina","Fischer Brown","western-carolina_fisc1"
"grambling","Roderick Coffee III","grambling_rode1"
"grambling","Antonio Munoz","grambling_anto1"
"grambling","Rickey Ballard","grambling_rick1"
"grambling","Devyn Franklin","grambling_devy1"
"grambling","Jimel Lane","grambling_jime1"
"grambling","Derrius Ward","grambling_derr1"
"grambling","Jamil Muttilib","grambling_jami2"
"grambling","Mekhi Fitts","grambling_mekh1"
"grambling","P.J. Edwards","grambling_pjed1"
"grambling","Richard Amaefule","grambling_rich1"
"grambling","Chancellor Perkins","grambling_chan1"
"norfolk-state","Devon Ellis","norfolk-state_devo1"
"norfolk-state","Elijah Jamison","norfolk-state_elij1"
"norfolk-state","Anthony McComb III","norfolk-state_anth1"
"norfolk-state","Jordan Leaks","norfolk-state_jord1"
"norfolk-state","Keyontae Lewis","norfolk-state_keyo1"
"norfolk-state","Jaquel Morris","norfolk-state_jaqu1"
"norfolk-state","My'kel Jenkins","norfolk-state_myke1"
"norfolk-state","Adrean Newton","norfolk-state_adre1"
"norfolk-state","Dian Wright-Forde","norfolk-state_dian1"
"norfolk-state","Rodney Baines","norfolk-state_rodn1"
"norfolk-state","Yel Deeng","norfolk-state_yeld1"
"lehigh","Peter Kramer","lehigh_pete1"
"lehigh","Nasir Whitlock","lehigh_nasi1"
"lehigh","Hank Alvey","lehigh_hank1"
"lehigh","Joshua Ingram","lehigh_josh1"
"lehigh","Caleb Thomas","lehigh_cale1"
"lehigh","Andrew Urosevic","lehigh_andr1"
"lehigh","Jalen Vazquez","lehigh_jale1"
"lehigh","Alfredo Addesa","lehigh_alfr1"
"lehigh","Jake Pike","lehigh_jake1"
"lehigh","Henri Adiassa","lehigh_henr1"
"lehigh","Tommy Conniff","lehigh_tomm1"
"lehigh","Brendan Reed","lehigh_bren1"
"furman","Asa Thomas","furman_asat1"
"furman","Ben VanderWal","furman_benv1"
"furman","Charles Johnston","furman_char1"
"furman","Alex Wilkins","furman_alex1"
"furman","Cooper Bowser","furman_coop1"
"furman","Tom House","furman_tomh1"
"furman","Eddrin Bronson","furman_eddr1"
"furman","Abijah Franklin","furman_abij1"
"manhattan","Jaden Winston","manhattan_jade1"
"manhattan","Devin Dinkins","manhattan_devi1"
"manhattan","Marko Ljubicic","manhattan_mark1"
"manhattan","Fraser Roxburgh","manhattan_fras1"
"manhattan","Erik Oliver-Bush","manhattan_erik1"
"manhattan","Terrance Jones","manhattan_terr1"
"manhattan","Anthony Isaac","manhattan_anth1"
"manhattan","Jackson Delaney","manhattan_jack1"
"houston-baptist","Martyna Czescik","houston-baptist_mart1"
"northern-arizona","Ryan Abelman","northern-arizona_ryan1"
"northern-arizona","Arne Osojnik","northern-arizona_arne1"
"northern-arizona","Kavon Bradford","northern-arizona_kavo1"
"northern-arizona","Zack Davidson","northern-arizona_zack1"
"northern-arizona","Isaiah Shaw","northern-arizona_isai1"
"northern-arizona","Karl Markus Poom","northern-arizona_karl1"
"northern-arizona","Chris Komin","northern-arizona_chri1"
"northern-arizona","Traivar Jackson","northern-arizona_trai1"
"northern-arizona","Oakland Fort","northern-arizona_oakl1"
"northern-arizona","Brennan Peterson","northern-arizona_bren1"
"southern-utah","Tanner Hayhurst","southern-utah_tann1"
"southern-utah","Zach Bell","southern-utah_zach1"
"southern-utah","Isaiah Cottrell","southern-utah_isai1"
"southern-utah","Jaiden Feroah","southern-utah_jaid1"
"southern-utah","Elijah Duval","southern-utah_elij1"
"southern-utah","Lorenzo Abellar","southern-utah_lore1"
"southern-utah","Cale Barclay","southern-utah_cale1"
"southern-utah","Kai Burdick","southern-utah_kaib1"
"southern-utah","Jalen Lee","southern-utah_jale1"
"southern-utah","Logan Stephens","southern-utah_loga1"
"delaware-state","Corey Perkins","delaware-state_core1"
"delaware-state","Ponce James","delaware-state_ponc1"
"delaware-state","Bessanty Saragba","delaware-state_bess1"
"delaware-state","Ademar Santos","delaware-state_adem1"
"delaware-state","Muazibini Adamu","delaware-state_muaz1"
"delaware-state","Camian Shell","delaware-state_cami1"
"delaware-state","Cyril Obasogie","delaware-state_cyri1"
"delaware-state","Dean Shepherd","delaware-state_dean1"
"delaware-state","John Clemmons","delaware-state_john1"
"delaware-state","Zion Bethea","delaware-state_zion1"
"delaware-state","Jalen StClair","delaware-state_jale1"
"delaware-state","Omar Stephen","delaware-state_omar1"
"saint-josephs","Austin Williford","saint-josephs_aust1"
"saint-josephs","Anthony Finkley","saint-josephs_anth1"
"saint-josephs","Dasear Haskins","saint-josephs_dase1"
"saint-josephs","Derek Simpson","saint-josephs_dere1"
"saint-josephs","Justice Ajogbor","saint-josephs_just1"
"saint-josephs","Khaafiq Myers","saint-josephs_khaa1"
"saint-josephs","Mekai Johnson","saint-josephs_meka1"
"saint-josephs","Kevin Kearney","saint-josephs_kevi1"
"saint-josephs","Jaden Smith","saint-josephs_jade1"
"saint-josephs","Steven Solano","saint-josephs_stev1"
"saint-josephs","Billy Rayer","saint-josephs_bill1"
"radford","Del Jones","radford_delj1"
"radford","Dennis Parker Jr.","radford_denn1"
"radford","Jaylon Johnson","radford_jayl1"
"radford","Tyson Brown","radford_tyso1"
"radford","Lukas Walls","radford_luka1"
"radford","Brennan Rigsby","radford_bren1"
"radford","Mari Jordan","radford_mari1"
"radford","Frederik Erichsen","radford_fred1"
"radford","Louie Jordan","radford_loui1"
"radford","Warren Keel","radford_warr1"
"william-mary","Kyle Pulliam","william-mary_kyle1"
"william-mary","Chase Lowe","william-mary_chas1"
"william-mary","Kilian Brockhoff","william-mary_kili1"
"william-mary","Tunde Vahlberg Fasasi","william-mary_tund1"
"william-mary","Cade Haskins","william-mary_cade1"
"william-mary","Reese Miller","william-mary_rees1"
"william-mary","Jo'el Emanuel","william-mary_joel1"
"william-mary","Jhei-R Jones","william-mary_jhei1"
"william-mary","Finn Lally","william-mary_finn1"
"william-mary","Ryan Jackson Jr.","william-mary_ryan1"
"georgia-southern","Tavarus Webb","georgia-southern_tava1"
"georgia-southern","Alden Applewhite","georgia-southern_alde1"
"georgia-southern","Tyren Moore","georgia-southern_tyre1"
"georgia-southern","Shainen Carter","georgia-southern_shai1"
"georgia-southern","Jayden Williams","georgia-southern_jayd1"
"georgia-southern","Khayri Dunn","georgia-southern_khay1"
"georgia-southern","Nakavieon White","georgia-southern_naka1"
"georgia-southern","Andres Burney","georgia-southern_andr1"
"georgia-southern","Tsvet Sotirov","georgia-southern_tsve1"
"georgia-state","Micah Tucker","georgia-state_mica1"
"georgia-state","Jelani Hamilton","georgia-state_jela1"
"georgia-state","Malachi Brown","georgia-state_mala1"
"georgia-state","Anthony Enoh","georgia-state_anth1"
"georgia-state","Trey Scott III","georgia-state_trey1"
"georgia-state","Ayouba Berthe","georgia-state_ayou1"
"georgia-state","Jakai Newton","georgia-state_jaka1"
"georgia-state","James Cooper","georgia-state_jame1"
"georgia-state","Christian Beam","georgia-state_chri1"
"georgia-state","Christopher Jones","georgia-state_chri2"
"georgia-state","Isaiah Sherrard","georgia-state_isai1"
"lindenwood","Dontrez Williams","lindenwood_dont1"
"lindenwood","Jadis Jones","lindenwood_jadi1"
"lindenwood","Anias Futrell","lindenwood_ania1"
"lindenwood","Mekhi Cooper","lindenwood_mekh1"
"lindenwood","Milos Nenadic","lindenwood_milo1"
"lindenwood","Clayton Jackson","lindenwood_clay1"
"lindenwood","Robert Lewis","lindenwood_robe1"
"lindenwood","Jeremiah Talton","lindenwood_jere1"
"lindenwood","Todd Bieg","lindenwood_todd1"
"lindenwood","William Campbell","lindenwood_will1"
"lindenwood","Tidiane d'Almeida","lindenwood_tidi1"
"western-illinois","Lucas Lorenzen","western-illinois_luca1"
"western-illinois","Antwaun Massey","western-illinois_antw1"
"western-illinois","Karyiek Dixon","western-illinois_kary1"
"western-illinois","Makai Kvamme","western-illinois_maka1"
"western-illinois","Isaiah Griffin","western-illinois_isai1"
"western-illinois","Tyran Cook","western-illinois_tyra1"
"western-illinois","Francis Okwuosah","western-illinois_fran1"
"western-illinois","Danny Stephens","western-illinois_dann1"
"western-illinois","Goanar Biliew","western-illinois_goan1"
"western-illinois","Nick Hittle","western-illinois_nick1"
"western-illinois","Ifiok Peter","western-illinois_ifio1"
"western-illinois","Marcus Pigram","western-illinois_marc1"
"north-dakota","Eli King","north-dakota_elik1"
"north-dakota","Garrett Anderson","north-dakota_garr1"
"north-dakota","George Natsvishvili","north-dakota_geor1"
"north-dakota","Greyson Uelmen","north-dakota_grey1"
"north-dakota","Zach Kraft","north-dakota_zach1"
"north-dakota","Anthony Smith lll","north-dakota_anth1"
"north-dakota","Josh Jones","north-dakota_josh1"
"north-dakota","Wylee Delorme","north-dakota_wyle1"
"north-dakota","Reggie Thomas","north-dakota_regg1"
"north-dakota","Karson Ouse","north-dakota_kars1"
"winthrop","Kody Clouet","winthrop_kody1"
"winthrop","Kareem Rozier","winthrop_kare1"
"winthrop","Daylen Berry","winthrop_dayl1"
"winthrop","Isaiah Wilson","winthrop_isai1"
"winthrop","Edward Nnamoko","winthrop_edwa1"
"winthrop","Josh Meo","winthrop_josh1"
"winthrop","Logan Duncomb","winthrop_loga1"
"winthrop","Tommy Kamarad","winthrop_tomm1"
"winthrop","Seifeldin Hendawy","winthrop_seif1"
"winthrop","Pharell Boyogueno","winthrop_phar1"
"winthrop","Tai Hamilton","winthrop_taih1"
"missouri-kansas-city","Karmello Branch","missouri-kansas-city_karm1"
"missouri-kansas-city","Jayson Petty","missouri-kansas-city_jays1"
"missouri-kansas-city","Kasheem Grady II","missouri-kansas-city_kash1"
"missouri-kansas-city","Jerome Palm","missouri-kansas-city_jero1"
"missouri-kansas-city","U'Riyah Evans","missouri-kansas-city_uriy1"
"missouri-kansas-city","Chris Dockery","missouri-kansas-city_chri1"
"missouri-kansas-city","Jamaria Clark","missouri-kansas-city_jama1"
"missouri-kansas-city","Addarin Scott","missouri-kansas-city_adda1"
"oklahoma-state","Christian Coleman","oklahoma-state_chri1"
"oklahoma-state","Vyctorius Miller","oklahoma-state_vyct1"
"oklahoma-state","Anthony Roy","oklahoma-state_anth1"
"oklahoma-state","Andrija Vukovic","oklahoma-state_andr1"
"oklahoma-state","Kanye Clary","oklahoma-state_kany1"
"oklahoma-state","Jaylen Curry","oklahoma-state_jayl1"
"oklahoma-state","Isaiah Coleman","oklahoma-state_isai1"
"oklahoma-state","Ryan Crotty","oklahoma-state_ryan1"
"oklahoma-state","Benjamin Ahmed","oklahoma-state_benj1"
"oklahoma-state","Kirk Cole","oklahoma-state_kirk1"
"oklahoma-state","Mekhi Ragland","oklahoma-state_mekh1"
"oklahoma-state","Daniel Guetta","oklahoma-state_dani1"
"arkansas-little-rock","Cameron Wallace","arkansas-little-rock_came1"
"arkansas-little-rock","Kachi Nzeh","arkansas-little-rock_kach1"
"arkansas-little-rock","Johnathan Lawson","arkansas-little-rock_john1"
"arkansas-little-rock","Braxton Bayless","arkansas-little-rock_brax1"
"arkansas-little-rock","Tuongthach Gatkek","arkansas-little-rock_tuon1"
"arkansas-little-rock","Tracy Steele Jr.","arkansas-little-rock_trac1"
"southern-indiana","Ismail Habib","southern-indiana_isma1"
"southern-indiana","Tolu Samuels","southern-indiana_tolu1"
"southern-indiana","Ola Ajiboye","southern-indiana_olaa1"
"southern-indiana","Sheridan Sharp","southern-indiana_sher1"
"southern-indiana","Kaden Brown","southern-indiana_kade1"
"southern-indiana","Cardell Bailey","southern-indiana_card1"
"southern-indiana","Ben Ezeagu","southern-indiana_bene1"
"southern-indiana","Josiah Dunham","southern-indiana_josi1"
"southern-indiana","Steven Clay","southern-indiana_stev1"
"tennessee-martin","Andrija Bukumirović","tennessee-martin_andr1"
"tennessee-martin","Filip Radaković","tennessee-martin_fili1"
"tennessee-martin","Matas Deniusas","tennessee-martin_mata1"
"tennessee-martin","Filip Petkovski","tennessee-martin_fili2"
"tennessee-martin","Pedro Santos","tennessee-martin_pedr1"
"tennessee-martin","Afan Trnka","tennessee-martin_afan1"
"tennessee-martin","Vladimir Khryapa","tennessee-martin_vlad1"
"tennessee-martin","AJ Hopkins","tennessee-martin_ajho1"
"tennessee-martin","Damien King","tennessee-martin_dami1"
"tennessee-martin","Luca Colceag","tennessee-martin_luca1"
"tennessee-martin","Lamine Niang","tennessee-martin_lami1"
"tennessee-state","Travis Harper II","tennessee-state_trav1"
"tennessee-state","Aaron Nkrumah","tennessee-state_aaro1"
"tennessee-state","Dante Harris","tennessee-state_dant1"
"tennessee-state","Jalen Pitre","tennessee-state_jale1"
"tennessee-state","Antoine Lorick III","tennessee-state_anto1"
"tennessee-state","Carlous Williams","tennessee-state_carl1"
"tennessee-state","Khalil London","tennessee-state_khal1"
"tennessee-state","Kavien Jones","tennessee-state_kavi1"
"tennessee-state","Jabrion Spikes","tennessee-state_jabr1"
"southeast-missouri-state","Braxton Stacker","southeast-missouri-state_brax1"
"southeast-missouri-state","BJ Ward","southeast-missouri-state_bjwa1"
"southeast-missouri-state","Marqueas Bell","southeast-missouri-state_marq1"
"southeast-missouri-state","Landren Blocker","southeast-missouri-state_land1"
"southeast-missouri-state","David Idada","southeast-missouri-state_davi1"
"southeast-missouri-state","Luke Almodovar","southeast-missouri-state_luke1"
"southeast-missouri-state","Troy Cole Jr.","southeast-missouri-state_troy1"
"southeast-missouri-state","PJ Farmer","southeast-missouri-state_pjfa1"
"southeast-missouri-state","Elliot Lowndes","southeast-missouri-state_elli1"
"southeast-missouri-state","Brendan Terry","southeast-missouri-state_bren1"
"southeast-missouri-state","Trace Sadler","southeast-missouri-state_trac1"
"tennessee-tech","Ty Owens","tennessee-tech_tyow1"
"tennessee-tech","Brandon Muntu","tennessee-tech_bran1"
"tennessee-tech","Dani Pounds","tennessee-tech_dani1"
"tennessee-tech","Mekhi Cameron","tennessee-tech_mekh1"
"tennessee-tech","C.J. McPherson","tennessee-tech_cjmc1"
"tennessee-tech","Ja'Quavian Florence","tennessee-tech_jaqu1"
"tennessee-tech","JaJuan Nicholls","tennessee-tech_jaju1"
"tennessee-tech","Malik Ferguson","tennessee-tech_mali1"
"tennessee-tech","Jah'Kim Payne","tennessee-tech_jahk1"
"oral-roberts","Ty Harper","oral-roberts_tyha1"
"oral-roberts","Yuto Yamanouchi","oral-roberts_yuto1"
"oral-roberts","Ofri Naveh","oral-roberts_ofri1"
"oral-roberts","Connor Dow","oral-roberts_conn1"
"oral-roberts","Cal Furnish","oral-roberts_calf1"
"oral-roberts","Martins Kilups","oral-roberts_mart1"
"oral-roberts","Jack Turner","oral-roberts_jack1"
"oral-roberts","Baron Smith Jr.","oral-roberts_baro1"
"oral-roberts","Luke Gray","oral-roberts_luke1"
"oral-roberts","Chase Martin","oral-roberts_chas1"
"oral-roberts","Aaron Jacob","oral-roberts_aaro1"
"texas-christian","Brock Harding","texas-christian_broc1"
"texas-christian","David Punch","texas-christian_davi1"
"texas-christian","Jayden Pierre","texas-christian_jayd1"
"texas-christian","Liutauras Lelevicius","texas-christian_liut1"
"texas-christian","Xavier Edmonds","texas-christian_xavi1"
"texas-christian","Tanner Toolson","texas-christian_tann1"
"texas-christian","Micah Robinson","texas-christian_mica1"
"texas-christian","Jace Posey","texas-christian_jace1"
"texas-christian","Kayden Edwards","texas-christian_kayd1"
"texas-christian","RJ Jones","texas-christian_rjjo1"
"cal-state-bakersfield","AJ George","cal-state-bakersfield_ajge1"
"cal-state-bakersfield","Jaden Alexander","cal-state-bakersfield_jade1"
"cal-state-bakersfield","Ron Jessamy","cal-state-bakersfield_ronj1"
"cal-state-bakersfield","CJ Hardy","cal-state-bakersfield_cjha1"
"cal-state-bakersfield","Pierre Geneste Jr.","cal-state-bakersfield_pier1"
"cal-state-bakersfield","Kadar Waller","cal-state-bakersfield_kada1"
"cal-state-bakersfield","Mike Price","cal-state-bakersfield_mike1"
"cal-state-bakersfield","Bentley Waller","cal-state-bakersfield_bent1"
"cal-state-bakersfield","Dylan Purnell","cal-state-bakersfield_dyla1"
"cal-state-bakersfield","TJ James Jr.","cal-state-bakersfield_tjja1"
"idaho-state","Connor Hollenbeck","idaho-state_conn1"
"idaho-state","Martin Kheil","idaho-state_mart1"
"idaho-state","Lachlan Brewer","idaho-state_lach1"
"idaho-state","Jamison Guerra","idaho-state_jami1"
"idaho-state","Evan Otten","idaho-state_evan1"
"idaho-state","Caleb Van De Griend","idaho-state_cale1"
"idaho-state","Cheikh Sow","idaho-state_chei1"
"idaho-state","Gus Etchison","idaho-state_guse1"
"idaho-state","Quin Patterson","idaho-state_quin1"
"idaho-state","Blake Daberkow","idaho-state_blak1"
"illinois-state","Ty Pence","illinois-state_type1"
"illinois-state","Chase Walker","illinois-state_chas1"
"illinois-state","Boden Skunberg","illinois-state_bode1"
"illinois-state","Johnny Kinziger","illinois-state_john1"
"illinois-state","Ty'Reek Coleman","illinois-state_tyre1"
"illinois-state","Landon Wolf","illinois-state_land1"
"illinois-state","Mason Klabo","illinois-state_maso1"
"illinois-state","Landon Moore","illinois-state_land2"
"illinois-state","Brandon Lieb","illinois-state_bran1"
"illinois-state","Cameron Barnes","illinois-state_came1"
"illinois-state","Jack Daugherty","illinois-state_jack1"
"southern-illinois","Quel'Ron House","southern-illinois_quel1"
"southern-illinois","Drew Steffe","southern-illinois_drew1"
"southern-illinois","Damien Mayo Jr.","southern-illinois_dami1"
"southern-illinois","Rolyns Aligbe","southern-illinois_roly1"
"southern-illinois","Davion Sykes","southern-illinois_davi1"
"southern-illinois","Max Pikaar","southern-illinois_maxp1"
"southern-illinois","Jorge Moreno","southern-illinois_jorg1"
"southern-illinois","Jalen Haynes","southern-illinois_jale1"
"southern-illinois","Isaiah Stafford","southern-illinois_isai1"
"long-beach-state","Petar Majstorovic","long-beach-state_peta1"
"long-beach-state","Gavin Sykes","long-beach-state_gavi1"
"long-beach-state","Isaiah Lewis","long-beach-state_isai1"
"long-beach-state","Cole Farrell","long-beach-state_cole1"
"long-beach-state","Demarshay Johnson Jr.","long-beach-state_dema1"
"long-beach-state","Leopold Levillain","long-beach-state_leop1"
"long-beach-state","Rob Diaz","long-beach-state_robd1"
"long-beach-state","Shaquil Bender","long-beach-state_shaq1"
"long-beach-state","Christian Jones","long-beach-state_chri2"
"long-beach-state","JJ Chaikovsky","long-beach-state_jjch1"
"pepperdine","Danilo Dozic","pepperdine_dani1"
"pepperdine","Styles Phipps","pepperdine_styl1"
"pepperdine","Yonatan Levy","pepperdine_yona1"
"pepperdine","Aaron Clark","pepperdine_aaro1"
"pepperdine","Pavle Stosic","pepperdine_pavl1"
"pepperdine","Javon Cooley","pepperdine_javo1"
"pepperdine","Luka Vudragovic","pepperdine_luka1"
"pepperdine","Stefan Cicic","pepperdine_stef1"
"pepperdine","David Mager","pepperdine_davi1"
"pepperdine","Vladimir Sudar","pepperdine_vlad1"
"drexel","Victor Panov","drexel_vict1"
"drexel","Shane Blakeney","drexel_shan1"
"drexel","Kevon Vanderhorst","drexel_kevo1"
"drexel","Eli Beard","drexel_elib1"
"drexel","Martin de Laporterie","drexel_mart1"
"drexel","Josh Reed","drexel_josh1"
"drexel","Ralph Akuta","drexel_ralp1"
"drexel","Villiam Garcia Adsten","drexel_vill1"
"mount-st-marys","Xavier Lipscomb","mount-st-marys_xavi1"
"mount-st-marys","Trey Deveaux","mount-st-marys_trey1"
"mount-st-marys","Arlandus Keyes","mount-st-marys_arla1"
"mount-st-marys","Justin Amadi","mount-st-marys_just1"
"mount-st-marys","Mason So","mount-st-marys_maso1"
"mount-st-marys","Anthony Arrington","mount-st-marys_anth1"
"mount-st-marys","Yakhya Diop","mount-st-marys_yakh1"
"mount-st-marys","Abdou Khadre Kébé","mount-st-marys_abdo1"
"mount-st-marys","Anastasios Rozakeas","mount-st-marys_anas1"
"florida-state","Martin Somerville","florida-state_mart1"
"florida-state","Robert McCray V","florida-state_robe1"
"florida-state","Lajae Jones","florida-state_laja1"
"florida-state","Kobe MaGee","florida-state_kobe1"
"florida-state","Alex Steen","florida-state_alex1"
"florida-state","Cam Miles","florida-state_camm1"
"florida-state","Chauncey Wiggins","florida-state_chau1"
"florida-state","AJ Swinton","florida-state_ajsw1"
"florida-state","Alier Maluk","florida-state_alie1"
"florida-state","Thomas Bassong","florida-state_thom1"
"florida-state","Shahid Muhammad","florida-state_shah1"
"mississippi-valley-state","Lamont Sams","mississippi-valley-state_lamo1"
"mississippi-valley-state","Michael James","mississippi-valley-state_mich1"
"mississippi-valley-state","Delkedric Holmes","mississippi-valley-state_delk1"
"mississippi-valley-state","Patrick Punch","mississippi-valley-state_patr1"
"mississippi-valley-state","Mussa Mzein","mississippi-valley-state_muss1"
"mississippi-valley-state","X’Zaevion Barnett","mississippi-valley-state_xzae1"
"mississippi-valley-state","Chance Sutton","mississippi-valley-state_chan1"
"mississippi-valley-state","Tyrone Iroghama","mississippi-valley-state_tyro1"
"providence","Jaylin Sellers","providence_jayl1"
"providence","Jamier Jones","providence_jami1"
"providence","Corey Floyd Jr.","providence_core1"
"providence","Jason Edwards","providence_jaso1"
"providence","Oswin Erhunmwunse","providence_oswi1"
"providence","Stefan Vaaks","providence_stef1"
"providence","Duncan Powell","providence_dunc1"
"providence","Ryan Mela","providence_ryan1"
"providence","Cole Hargrove","providence_cole1"
"seton-hall","Adam Clark","seton-hall_adam1"
"seton-hall","Elijah Fisher","seton-hall_elij1"
"seton-hall","Stephon Payne III","seton-hall_step1"
"seton-hall","Mike Williams III","seton-hall_mike1"
"seton-hall","A.J. Staton-McCray","seton-hall_ajst1"
"seton-hall","TJ Simpkins","seton-hall_tjsi1"
"seton-hall","Trey Parker","seton-hall_trey1"
"seton-hall","Josh Rivera","seton-hall_josh1"
"seton-hall","Godswill Erheriene","seton-hall_gods1"
"seton-hall","Jacob Dar","seton-hall_jaco1"
"towson","Tyler Coleman","towson_tyle1"
"towson","Dylan Williamson","towson_dyla1"
"towson","Tyler Tejada","towson_tyle2"
"towson","Chike Ndefo","towson_chik1"
"towson","Caleb Embeya","towson_cale1"
"towson","Jaquan Womack","towson_jaqu1"
"towson","Jaiden Cole","towson_jaid1"
"towson","Tyler Schmidt","towson_tyle3"
"towson","Jack Doumbia","towson_jack1"
"towson","Mor Seck","towson_mors1"
"towson","Ryan Skerry","towson_ryan1"
"alcorn-state","Nick Woodard","alcorn-state_nick1"
"alcorn-state","Shane Lancaster","alcorn-state_shan1"
"alcorn-state","Jameel Morris","alcorn-state_jame1"
"alcorn-state","Omari Hamilton","alcorn-state_omar1"
"alcorn-state","Tycen McDaniels","alcorn-state_tyce1"
"alcorn-state","Davian Williams","alcorn-state_davi1"
"alcorn-state","Bryson Calamese","alcorn-state_brys1"
"alcorn-state","Mike Jones","alcorn-state_mike1"
"alcorn-state","Travis Roberts","alcorn-state_trav1"
"alcorn-state","Will Henderson","alcorn-state_will1"
"alcorn-state","Jeremy Ellis","alcorn-state_jere1"
"baylor","Obi Agbim","baylor_obia1"
"baylor","Michael Rataj","baylor_mich1"
"baylor","Tounde Yessoufou","baylor_toun1"
"baylor","Cameron Carr","baylor_came1"
"baylor","Daniel Skillings Jr.","baylor_dani1"
"baylor","Caden Powell","baylor_cade1"
"baylor","Isaac Williams","baylor_isaa1"
"baylor","Will Kuykendall","baylor_will1"
"baylor","Drew Perry","baylor_drew1"
"missouri-state","Angel Scott","missouri-state_ange1"
"villanova","Duke Brennan","villanova_duke1"
"villanova","Tyler Perkins","villanova_tyle1"
"villanova","Matthew Hodge","villanova_matt1"
"villanova","Bryce Lindsay","villanova_bryc1"
"villanova","Acaden Lewis","villanova_acad1"
"villanova","Devin Askew","villanova_devi1"
"villanova","Malachi Palmer","villanova_mala1"
"villanova","Tafara Gapare","villanova_tafa1"
"villanova","Braden Pierce","villanova_brad1"
"wisconsin","Nolan Winter","wisconsin_nola1"
"wisconsin","Nick Boyd","wisconsin_nick1"
"wisconsin","John Blackwell","wisconsin_john1"
"wisconsin","Andrew Rohde","wisconsin_andr1"
"wisconsin","Aleksas Bieliauskas","wisconsin_alek1"
"wisconsin","Austin Rapp","wisconsin_aust1"
"wisconsin","Jack Janicki","wisconsin_jack1"
"wisconsin","Hayden Jones","wisconsin_hayd1"
"wisconsin","Will Garlock","wisconsin_will1"
"abilene-christian","Chilaydrien Newton","abilene-christian_chil1"
"abilene-christian","Joseph Venzant","abilene-christian_jose1"
"abilene-christian","Rich Smith","abilene-christian_rich1"
"abilene-christian","Bradyn Hubbard","abilene-christian_brad1"
"abilene-christian","Joseph Scott","abilene-christian_jose2"
"abilene-christian","Cade Hornecker","abilene-christian_cade1"
"abilene-christian","Zy Wright","abilene-christian_zywr1"
"abilene-christian","Tylan LEWIS","abilene-christian_tyla1"
"abilene-christian","Christian Alston","abilene-christian_chri1"
"abilene-christian","Ma'Shy Hill","abilene-christian_mash1"
"abilene-christian","Isaac Dye","abilene-christian_isaa1"
"abilene-christian","Isaiah Carrillo","abilene-christian_isai1"
"brigham-young","AJ Dybantsa","brigham-young_ajdy1"
"brigham-young","Robert Wright III","brigham-young_robe1"
"brigham-young","Kennard Davis","brigham-young_kenn1"
"brigham-young","Richie Saunders","brigham-young_rich1"
"brigham-young","Khadim Mboup","brigham-young_khad1"
"brigham-young","Mihailo Boskovic","brigham-young_miha1"
"brigham-young","Tyler Mrus","brigham-young_tyle1"
"brigham-young","Aleksej Kostić","brigham-young_alek1"
"brigham-young","Dominique Diomande","brigham-young_domi1"
"brigham-young","Xavion Staton","brigham-young_xavi1"
"california","Chris Bell","california_chri1"
"california","Semetri (TT) Carr","california_seme1"
"california","John Camden","california_john1"
"california","Dai Dai Ames","california_daid1"
"california","Lee Dort","california_leed1"
"california","Nolan Dorsey","california_nola1"
"california","Milos Ilic","california_milo1"
"california","Mantas Kocanas","california_mant1"
"california","BJ Fisher","california_bjfi1"
"california","Dhiaukuei Manyiel Dut","california_dhia1"
"california","Stephon Marbury II","california_step1"
"california","Luke Butler","california_luke1"
"morgan-state","Rob Lawson","morgan-state_robl1"
"morgan-state","Christian Meeks","morgan-state_chri1"
"morgan-state","Eugene Alvin","morgan-state_euge1"
"morgan-state","Christian Oliver","morgan-state_chri2"
"morgan-state","Alfred Worrell Jr.","morgan-state_alfr1"
"morgan-state","Walter Peggs Jr.","morgan-state_walt1"
"morgan-state","Manok Lual","morgan-state_mano1"
"morgan-state","Matar Wade","morgan-state_mata1"
"morgan-state","David Bumpass","morgan-state_davi1"
"morgan-state","Dallas James","morgan-state_dall1"
"morgan-state","Marland Harris","morgan-state_marl1"
"morgan-state","Breon Barnett","morgan-state_breo1"
"seattle","Will Heimbrodt","seattle_will1"
"seattle","Jun Seok Yeo","seattle_juns1"
"seattle","Maleek Arington","seattle_male1"
"seattle","Brayden Maldonado","seattle_bray1"
"seattle","Austin Maurer","seattle_aust1"
"seattle","Miles Amos","seattle_mile1"
"seattle","John Christofilis","seattle_john1"
"seattle","Houran Dan","seattle_hour1"
"seattle","Brock Felder","seattle_broc1"
"seattle","Jojo Murphy","seattle_jojo1"
"washington","Hannes Steinbach","washington_hann2"
"washington","Zoom Diallo","washington_zoom1"
"washington","Desmond Claude","washington_desm1"
"washington","Franck Kepnang","washington_fran1"
"washington","Wesley Yates III","washington_wesl1"
"washington","Quimari Peterson","washington_quim1"
"washington","Bryson Tucker","washington_brys1"
"washington","JJ Mandaquit","washington_jjma1"
"washington","Lathan Sommerville","washington_lath1"
"cal-poly","Cayden Ward","cal-poly_cayd1"
"cal-poly","Peter Bandelj","cal-poly_pete1"
"cal-poly","Hamad Mousa","cal-poly_hama1"
"cal-poly","Ali Assran","cal-poly_alia1"
"cal-poly","Austin Goode","cal-poly_aust1"
"cal-poly","Kieran Elliott","cal-poly_kier1"
"cal-poly","Luka Tarlac","cal-poly_luka1"
"cal-poly","Guzman Vasilic","cal-poly_guzm1"
"cal-poly","Troy Plumtree","cal-poly_troy1"
"cal-poly","Jason Scott","cal-poly_jaso1"
"cal-poly","Aaron Price Jr.","cal-poly_aaro1"
"ucla","Eric Dailey Jr.","ucla_eric1"
"ucla","Donovan Dent","ucla_dono1"
"ucla","Tyler Bilodeau","ucla_tyle1"
"ucla","Skyy Clark","ucla_skyy1"
"ucla","Xavier Booker","ucla_xavi1"
"ucla","Jamar Brown","ucla_jama1"
"ucla","Trent Perry","ucla_tren1"
"ucla","Brandon Williams","ucla_bran1"
"ucla","Eric Freeny","ucla_eric2"
"ucla","Steven Jamerson II","ucla_stev1"
"ucla","Christian Horry","ucla_chri2"
"ucla","Jack Seidler","ucla_jack1"
"dartmouth","Kareem Thomas","dartmouth_kare1"
"dartmouth","Connor Amundsen","dartmouth_conn1"
"dartmouth","Brandon Mitchell-Day","dartmouth_bran1"
"dartmouth","Jayden Williams","dartmouth_jayd1"
"dartmouth","Jackson Munro","dartmouth_jack1"
"dartmouth","Cameron McNamee","dartmouth_came1"
"dartmouth","Niko Abusara","dartmouth_niko1"
"dartmouth","Cameron Hiatt","dartmouth_came2"
"dartmouth","Patrick Tivnan Jr.","dartmouth_patr1"
"sacred-heart","Dashon Gittens","sacred-heart_dash1"
"sacred-heart","Mekhi Conner","sacred-heart_mekh1"
"sacred-heart","Nyle Ralph-Beyer","sacred-heart_nyle1"
"sacred-heart","Yann Farell","sacred-heart_yann1"
"sacred-heart","Abdou Yadd","sacred-heart_abdo1"
"sacred-heart","Fallou Gueye","sacred-heart_fall1"
"sacred-heart","Jaden Slaughter","sacred-heart_jade1"
"sacred-heart","Taj Bryant","sacred-heart_tajb1"
"sacred-heart","Lucius Gibson-Savadel","sacred-heart_luci1"
"mercyhurst","Quinn Borroni","mercyhurst_quin1"
"south-carolina-state","Jayden Johnson","south-carolina-state_jayd1"
"south-carolina-state","Cameron Clark","south-carolina-state_came1"
"south-carolina-state","Owen Bronston, Jr.","south-carolina-state_owen1"
"south-carolina-state","Florian Tenebay","south-carolina-state_flor1"
"south-carolina-state","Derwin Hodge","south-carolina-state_derw1"
"south-carolina-state","Christopher Parker","south-carolina-state_chri1"
"south-carolina-state","James Morrow","south-carolina-state_jame1"
"south-carolina-state","Noah Treadwell","south-carolina-state_noah1"
"south-carolina-state","Rayniel Wright","south-carolina-state_rayn1"
"south-carolina-state","D'Shay Wright","south-carolina-state_dsha1"
"south-carolina-state","Teon Tindal","south-carolina-state_teon1"
"south-carolina-state","Tim Okojie","south-carolina-state_timo1"
"stonehill","Amaya Dowdy","stonehill_amay1"
"florida-atlantic","Erin Rodgers","florida-atlantic_erin1"
"samford","Cade Norris","samford_cade1"
"samford","Isaiah Campbell-Finch","samford_isai1"
"samford","Zion Willburn","samford_zion1"
"samford","Kam Martin","samford_kamm1"
"samford","Dylan Faulkner","samford_dyla1"
"samford","Judson Bjornstad","samford_juds1"
"samford","Caleb Harrison","samford_cale1"
"samford","Will Shaver","samford_will1"
"samford","Zach Lamey","samford_zach1"
"samford","Corey Brown","samford_core1"
"wofford","Sara Deidda","wofford_sara1"
"fairleigh-dickinson","Joey Niesman","fairleigh-dickinson_joey1"
"fairleigh-dickinson","Taeshaud Jackson","fairleigh-dickinson_taes1"
"fairleigh-dickinson","Eric Parnell","fairleigh-dickinson_eric1"
"fairleigh-dickinson","Raysean Johnson","fairleigh-dickinson_rays1"
"fairleigh-dickinson","Cyril Martynov","fairleigh-dickinson_cyri1"
"fairleigh-dickinson","Noah Melson","fairleigh-dickinson_noah1"
"fairleigh-dickinson","Ras Elijah Godbolt","fairleigh-dickinson_rase1"
"fairleigh-dickinson","Sebastian Haubro","fairleigh-dickinson_seba1"
"fairleigh-dickinson","Josiah Francis","fairleigh-dickinson_josi1"
"fairleigh-dickinson","David Jevtic","fairleigh-dickinson_davi1"
"fairleigh-dickinson","Cole Alexander","fairleigh-dickinson_cole1"
"fairleigh-dickinson","Tyler McQuaid","fairleigh-dickinson_tyle2"
"hampton","Kody Williams","hampton_kody1"
"milwaukee","Danilo Jovanovich","milwaukee_dani1"
"milwaukee","Josh Dixon","milwaukee_josh1"
"milwaukee","Isaiah Dorceus","milwaukee_isai1"
"milwaukee","Faizon Fields","milwaukee_faiz1"
"milwaukee","Aaron Franklin","milwaukee_aaro1"
"milwaukee","Amar Augillard","milwaukee_amar1"
"milwaukee","Chandler Jackson","milwaukee_chan1"
"milwaukee","Simeon Murchison","milwaukee_sime1"
"milwaukee","Esyah Pippa-White","milwaukee_esya1"
"milwaukee","Tate MacKenzie","milwaukee_tate1"
"south-dakota-state","Kalen Garry","south-dakota-state_kale1"
"south-dakota-state","Jaden Jackson","south-dakota-state_jade1"
"south-dakota-state","Joe Sayler","south-dakota-state_joes1"
"south-dakota-state","Matthew Mors","south-dakota-state_matt1"
"south-dakota-state","Alec Squires","south-dakota-state_alec1"
"south-dakota-state","Jaden Rogers","south-dakota-state_jade2"
"south-dakota-state","Damon Wilkinson","south-dakota-state_damo1"
"south-dakota-state","Bubz Alvarez","south-dakota-state_bubz1"
"south-dakota-state","Luke Haertle","south-dakota-state_luke1"
"south-dakota-state","Caleb Delzell","south-dakota-state_cale1"
"coppin-state","Tyler Koenig","coppin-state_tyle1"
"coppin-state","Baasil Saunders","coppin-state_baas1"
"coppin-state","Khali Horton","coppin-state_khal1"
"coppin-state","Daveyon Lydner","coppin-state_dave1"
"coppin-state","Chrisdon Morgan","coppin-state_chri1"
"coppin-state","Torrin Andrews","coppin-state_torr1"
"coppin-state","Taj Thweatt","coppin-state_tajt1"
"coppin-state","Hussain Williams","coppin-state_huss1"
"coppin-state","Nelson Lamizana","coppin-state_nels1"
"coppin-state","Hassan Perkins","coppin-state_hass1"
"coppin-state","Jamari Piercy","coppin-state_jama1"
"coppin-state","Favour Aire","coppin-state_favo1"
"navy","Aidan Kehoe","navy_aida1"
"navy","Jinwoo Kim","navy_jinw1"
"navy","Austin Benigni","navy_aust1"
"navy","Mike Woods","navy_mike1"
"navy","Donovan Draper","navy_dono1"
"navy","Jordan Pennick","navy_jord1"
"navy","Cam Cole","navy_camc1"
"navy","Sam Krist","navy_samk1"
"navy","Nyles Howard","navy_nyle1"
"navy","Cooper Jackson","navy_coop1"
"navy","Jerry Ashley Jr.","navy_jerr1"
"navy","Cam Cormany","navy_camc2"
"cal-state-northridge","Larry Hughes Jr.","cal-state-northridge_larr1"
"cal-state-northridge","Davius Loury","cal-state-northridge_davi1"
"cal-state-northridge","Josiah Davis","cal-state-northridge_josi1"
"cal-state-northridge","Joshua O'Garro","cal-state-northridge_josh1"
"cal-state-northridge","Mahmoud Fofana","cal-state-northridge_mahm1"
"cal-state-northridge","James Evans Jr.","cal-state-northridge_jame1"
"cal-state-northridge","Aleksander Szymczyk","cal-state-northridge_alek1"
"cal-state-northridge","Jordan Brinson","cal-state-northridge_jord1"
"cal-state-northridge","Jai Chisolm","cal-state-northridge_jaic1"
"cal-state-northridge","Grady Lewis","cal-state-northridge_grad1"
"cal-state-northridge","Greg Gazarian","cal-state-northridge_greg1"
"cal-state-northridge","Robert Thibiant","cal-state-northridge_robe1"
"cal-state-northridge","Joseph Barrio","cal-state-northridge_jose1"
"akron","Tavari Johnson","akron_tava1"
"akron","Sharron Young","akron_shar1"
"akron","Amani Lyles","akron_aman1"
"akron","Evan Mahaffey","akron_evan1"
"akron","Zach Halligan","akron_zach1"
"akron","Bowen Hardman","akron_bowe1"
"akron","Eric Mahaffey","akron_eric1"
"akron","Shammah Scott","akron_sham1"
"akron","Marvin Musiime-Kamali","akron_marv1"
"akron","Ognjen Stankovic","akron_ognj1"
"akron","Rich Brisco","akron_rich1"
"akron","Conner Groce","akron_conn1"
"eastern-michigan","Carlos Hart","eastern-michigan_carl1"
"eastern-michigan","Addison Patterson","eastern-michigan_addi1"
"eastern-michigan","Mohammad Habhab","eastern-michigan_moha1"
"eastern-michigan","Jon Sanders","eastern-michigan_jons1"
"eastern-michigan","Godslove Nwabude","eastern-michigan_gods1"
"eastern-michigan","Aidan Rubio","eastern-michigan_aida1"
"eastern-michigan","Braelon Green","eastern-michigan_brae1"
"eastern-michigan","Gregory Lawson","eastern-michigan_greg1"
"eastern-michigan","Mehki Ellison","eastern-michigan_mehk1"
"eastern-michigan","Mak Manciel","eastern-michigan_makm1"
"eastern-michigan","John Shanu II","eastern-michigan_john1"
"eastern-michigan","Merritt Alderink","eastern-michigan_merr1"
"high-point","Terry Anderson","high-point_terr1"
"high-point","Owen Aquino","high-point_owen1"
"high-point","Scotty Washington","high-point_scot1"
"high-point","Rob Martin","high-point_robm1"
"high-point","Braden Hausen","high-point_brad1"
"high-point","Conrad Martinez","high-point_conr1"
"high-point","Vincent Brady II","high-point_vinc1"
"high-point","Chase Johnston","high-point_chas1"
"high-point","Caden Miller","high-point_cade1"
"high-point","Youssouf Singare","high-point_yous1"
"la-salle","Jaeden Marshall","la-salle_jaed1"
"la-salle","Josiah Harris","la-salle_josi1"
"la-salle","Eric Acker","la-salle_eric1"
"la-salle","Truth Harris","la-salle_trut1"
"la-salle","Bowyn Beatty","la-salle_bowy1"
"la-salle","Ashton Walker","la-salle_asht1"
"la-salle","Rob Dockery","la-salle_robd1"
"la-salle","Edwin Daniel","la-salle_edwi1"
"la-salle","Justin Archer","la-salle_just1"
"la-salle","Damon Strand","la-salle_damo1"
"jackson-state","Deyan Kolev","jackson-state_deya1"
"norfolk-state","Mekhi Reid","norfolk-state_mekh1"
"mount-st-marys","Lenora Nkangwen","mount-st-marys_leno1"
"tulsa","Ade Popoola","tulsa_adep1"
"tulsa","Miles Barnstable","tulsa_mile1"
"tulsa","Tylen Riley","tulsa_tyle1"
"tulsa","David Green","tulsa_davi1"
"tulsa","Tyler Behrend","tulsa_tyle2"
"tulsa","Myles Rigsby","tulsa_myle1"
"tulsa","Jaylen Lawal","tulsa_jayl1"
"tulsa","Ian Smikle","tulsa_ians1"
"tulsa","Romad Dean","tulsa_roma1"
"tulsa","KJ Martin Jr.","tulsa_kjma1"
"western-kentucky","Grant Newell","western-kentucky_gran1"
"western-kentucky","Ryan Myers","western-kentucky_ryan1"
"western-kentucky","Teagan Moore","western-kentucky_teag1"
"western-kentucky","LJ Hackman","western-kentucky_ljha1"
"western-kentucky","Noah Boyde","western-kentucky_noah1"
"western-kentucky","Armelo Boone","western-kentucky_arme1"
"western-kentucky","Cameron Haffner","western-kentucky_came1"
"western-kentucky","Blaise Keita","western-kentucky_blai1"
"western-kentucky","Louie Semona","western-kentucky_loui1"
"western-kentucky","Leeroy Odiahi","western-kentucky_leer1"
"louisiana-state","Marquel Sutton","louisiana-state_marq1"
"louisiana-state","Dedan Thomas Jr.","louisiana-state_deda1"
"louisiana-state","Max Mackinnon","louisiana-state_maxm1"
"louisiana-state","Michael Nwoko","louisiana-state_mich1"
"louisiana-state","Pablo Tamba","louisiana-state_pabl1"
"louisiana-state","Robert Miller III","louisiana-state_robe1"
"louisiana-state","Jalen Reece","louisiana-state_jale1"
"louisiana-state","Rashad King","louisiana-state_rash1"
"louisiana-state","Ron Zipper","louisiana-state_ronz1"
"louisiana-state","PJ Carter","louisiana-state_pjca1"
"southeastern-louisiana","Peter Hemschemeier","southeastern-louisiana_pete1"
"southeastern-louisiana","Isaiah Gaines","southeastern-louisiana_isai1"
"southeastern-louisiana","Jeremy Elyzee","southeastern-louisiana_jere1"
"southeastern-louisiana","Ethan Pickett","southeastern-louisiana_etha1"
"southeastern-louisiana","C.J. Booker","southeastern-louisiana_cjbo1"
"southeastern-louisiana","Makhi Myles","southeastern-louisiana_makh1"
"southeastern-louisiana","Jalen Forrest","southeastern-louisiana_jale1"
"southeastern-louisiana","Ubong Abasi Etim","southeastern-louisiana_ubon1"
"southeastern-louisiana","Garrett Shoemaker","southeastern-louisiana_garr1"
"southeastern-louisiana","Jaiden Lawrence","southeastern-louisiana_jaid1"
"southeastern-louisiana","Kyle Edison","southeastern-louisiana_kyle1"
"loyola-marymount","MJ Amey Jr.","loyola-marymount_mjam1"
"loyola-marymount","Rodney Brown Jr.","loyola-marymount_rodn1"
"loyola-marymount","Jalen Shelley","loyola-marymount_jale1"
"loyola-marymount","Jan Vide","loyola-marymount_janv1"
"loyola-marymount","Rokas Jocius","loyola-marymount_roka1"
"loyola-marymount","Joshua Dalton","loyola-marymount_josh1"
"loyola-marymount","AJ Thomas","loyola-marymount_ajth1"
"loyola-marymount","Aaron McBride","loyola-marymount_aaro1"
"loyola-marymount","Rick Issanza","loyola-marymount_rick1"
"loyola-marymount","Kevin Carney","loyola-marymount_kevi1"
"loyola-marymount","George Tupy","loyola-marymount_geor1"
"loyola-marymount","Cooper Smith","loyola-marymount_coop1"
"north-alabama","Donte Bacchus","north-alabama_dont1"
"north-alabama","Dallas Howell","north-alabama_dall1"
"north-alabama","Kevin de Kovachich","north-alabama_kevi1"
"north-alabama","Canin Jefferson","north-alabama_cani1"
"north-alabama","Corneilous Williams","north-alabama_corn1"
"north-alabama","Cortez Graham-Howard","north-alabama_cort1"
"north-alabama","DarKaun King","north-alabama_dark1"
"north-alabama","Jamal Albritton","north-alabama_jama1"
"north-alabama","Kedar Bodie","north-alabama_keda1"
"north-alabama","Braylon Patton","north-alabama_bray1"
"north-alabama","King Walker","north-alabama_king1"
"florida-am","Jordan Chatman","florida-am_jord2"
"florida-am","Antonio Baker","florida-am_anto1"
"florida-am","Jaquan Sanders","florida-am_jaqu1"
"florida-am","Tyler Shirley","florida-am_tyle1"
"florida-am","Miles Ndalama","florida-am_mile1"
"florida-am","Anquan Boldin Jr.","florida-am_anqu1"
"florida-am","Kaleb Washington","florida-am_kale1"
"florida-am","Lenard Taylor Jr.","florida-am_lena1"
"florida-am","Anthony Knowles","florida-am_anth1"
"florida-am","Malcom Stute","florida-am_malc1"
"florida-am","Amir Rahman","florida-am_amir1"
"tarleton-state","Jordan Mizell","tarleton-state_jord1"
"tarleton-state","Leroy Kelly IV","tarleton-state_lero1"
"tarleton-state","Freddy Hicks","tarleton-state_fred1"
"tarleton-state","Chris Mpaka","tarleton-state_chri1"
"tarleton-state","Kaia Isaac","tarleton-state_kaia1"
"tarleton-state","Andy Sigiscar","tarleton-state_andy1"
"tarleton-state","Kade Douglas","tarleton-state_kade1"
"tarleton-state","Dior Johnson","tarleton-state_dior1"
"tarleton-state","Damion Porter Jr.","tarleton-state_dami1"
"tarleton-state","Camron McDowell","tarleton-state_camr1"
"belmont","Tyler Lundblade","belmont_tyle1"
"belmont","Sam Orme","belmont_samo1"
"belmont","Nic McClain","belmont_nicm1"
"belmont","Brigham Rogers","belmont_brig1"
"belmont","Jabez Jenkins","belmont_jabe1"
"belmont","Drew Scharnowski","belmont_drew1"
"belmont","Jack Smiley","belmont_jack1"
"belmont","Isaiah West","belmont_isai1"
"belmont","Eoin Dillon","belmont_eoin1"
"belmont","Win Miller","belmont_winm1"
"belmont","Graydon Lemke","belmont_gray1"
"belmont","Jake Dykstra","belmont_jake1"
"belmont","Cooper Haynes","belmont_coop1"
"belmont","Keith Robbins","belmont_keit1"
"california-irvine","Eli Chol","california-irvine_elic1"
"california-irvine","Jurian Dixon","california-irvine_juri1"
"california-irvine","Tama Isaac","california-irvine_tama1"
"california-irvine","Derin Saran","california-irvine_deri1"
"california-irvine","Kyle Evans","california-irvine_kyle1"
"california-irvine","Andre Henry","california-irvine_andr1"
"california-irvine","Jovan Jester Jr.","california-irvine_jova1"
"california-irvine","Nes Emeneke","california-irvine_nese1"
"california-irvine","Harrison Carrington","california-irvine_harr1"
"california-irvine","Ben Egbo","california-irvine_bene1"
"california-irvine","Akiva McBirney-Griffin","california-irvine_akiv1"
"california-irvine","Tishan Ahir","california-irvine_tish1"
"california-san-diego","Leo Beath","california-san-diego_leob1"
"california-san-diego","Aidan Burke","california-san-diego_aida1"
"california-san-diego","Emanuel Prospere II","california-san-diego_eman1"
"california-san-diego","Tom Beattie","california-san-diego_tomb1"
"california-san-diego","Bol Dengdit","california-san-diego_bold1"
"california-san-diego","Hudson Mayes","california-san-diego_huds1"
"california-san-diego","Alex Chaikin","california-san-diego_alex1"
"california-san-diego","Dimitrije Vukicevic","california-san-diego_dimi1"
"california-san-diego","Cade Pendleton","california-san-diego_cade1"
"california-san-diego","Jaden Vance","california-san-diego_jade1"
"california-san-diego","Trap Johnson","california-san-diego_trap1"
"san-diego","Ty-Laur Johnson","san-diego_tyla1"
"san-diego","Adrian McIntyre","san-diego_adri1"
"san-diego","Alejandro Aviles","san-diego_alej1"
"san-diego","Vuk Boskovic","san-diego_vukb1"
"san-diego","Juan Sebastian Gorosito","san-diego_juan1"
"san-diego","Toneari Lane","san-diego_tone1"
"san-diego","Dominique Ford","san-diego_domi1"
"san-diego","Gavin Ripp","san-diego_gavi1"
"san-diego","Brandon Benjamin","san-diego_bran1"
"san-diego","Darrae Goodwin","san-diego_darr1"
"florida-atlantic","Isaiah Elohim","florida-atlantic_isai1"
"florida-atlantic","Devin Vanterpool","florida-atlantic_devi1"
"florida-atlantic","Kanaan Carlyle","florida-atlantic_kana1"
"florida-atlantic","Devin Williams","florida-atlantic_devi2"
"florida-atlantic","Xander Pintelon","florida-atlantic_xand1"
"florida-atlantic","Josiah Parker","florida-atlantic_josi1"
"florida-atlantic","Niccolo Moretti","florida-atlantic_nicc1"
"florida-atlantic","Maxim Logue","florida-atlantic_maxi1"
"florida-atlantic","Yohann Sissoko","florida-atlantic_yoha1"
"florida-atlantic","Amar Amkou","florida-atlantic_amar1"
"saint-marys-ca","Joshua Dent","saint-marys-ca_josh1"
"saint-marys-ca","Paulius Murauskas","saint-marys-ca_paul1"
"saint-marys-ca","Mikey Lewis","saint-marys-ca_mike1"
"saint-marys-ca","Dillan Shaw","saint-marys-ca_dill1"
"saint-marys-ca","Harry Wessels","saint-marys-ca_harr1"
"saint-marys-ca","Liam Campbell","saint-marys-ca_liam1"
"saint-marys-ca","Andrew McKeever","saint-marys-ca_andr1"
"saint-marys-ca","Rory Hawke","saint-marys-ca_rory1"
"saint-marys-ca","Tony Duckett","saint-marys-ca_tony1"
"saint-marys-ca","Cade Bennett","saint-marys-ca_cade1"
"saint-marys-ca","Mantas Juzenas","saint-marys-ca_mant1"
"saint-marys-ca","Oliver Faubert","saint-marys-ca_oliv1"
"colgate","Madison Schiller","colgate_madi1"
"central-florida","Themus Fulks","central-florida_them1"
"central-florida","Jordan Burks","central-florida_jord1"
"central-florida","Jamichael Stillwell","central-florida_jami1"
"central-florida","Riley Kugel","central-florida_rile1"
"central-florida","John Bol","central-florida_john1"
"central-florida","Devan Cambridge","central-florida_deva1"
"central-florida","Chris Johnson","central-florida_chri1"
"central-florida","Carmelo Pacheco","central-florida_carm1"
"central-florida","George Beale","central-florida_geor1"
"central-florida","Jeremy Foumena","central-florida_jere1"
"central-florida","Kris Parker","central-florida_kris2"
"central-florida","Elijah Hulsewe","central-florida_elij1"
"central-florida","Zachary Johnson","central-florida_zach1"
"central-florida","Poohpha Warakulnukroh","central-florida_pooh1"
"florida-gulf-coast","J.R. Konieczny","florida-gulf-coast_jrko1"
"florida-gulf-coast","Jordan Ellerbee","florida-gulf-coast_jord2"
"florida-gulf-coast","Rahmir Barno","florida-gulf-coast_rahm1"
"florida-gulf-coast","Michael Duax","florida-gulf-coast_mich1"
"florida-gulf-coast","Tristen Guillouette","florida-gulf-coast_tris1"
"florida-gulf-coast","Rory Stewart","florida-gulf-coast_rory1"
"florida-gulf-coast","Gabe Tanner","florida-gulf-coast_gabe1"
"florida-gulf-coast","Darren Williams","florida-gulf-coast_darr1"
"florida-gulf-coast","Isaiah Malone","florida-gulf-coast_isai1"
"florida-gulf-coast","Jack Reddick","florida-gulf-coast_jack1"
"florida-gulf-coast","Matthew McCarthy","florida-gulf-coast_matt1"
"dayton","Javon Bennett","dayton_javo1"
"dayton","Keonte Jones","dayton_keon1"
"dayton","Amael L'Etang","dayton_amae1"
"dayton","De'Shayne Montgomery","dayton_desh1"
"dayton","Jordan Derkack","dayton_jord2"
"dayton","Bryce Heard","dayton_bryc1"
"dayton","Jacob Conner","dayton_jaco1"
"dayton","Sean Pouedet","dayton_sean1"
"dayton","Jaiun Simon","dayton_jaiu1"
"dayton","Malcolm THomas","dayton_malc1"
"liberty","Colin Porter","liberty_coli1"
"liberty","Zach Cleveland","liberty_zach1"
"liberty","Kaden Metheny","liberty_kade1"
"liberty","JJ Harper","liberty_jjha1"
"liberty","Brett Decker Jr.","liberty_bret1"
"liberty","Josh Smith","liberty_josh1"
"liberty","Zander Carter","liberty_zand1"
"liberty","Zander Yates","liberty_zand2"
"liberty","Ryan Jones Jr.","liberty_ryan1"
"east-tennessee-state","Brian Taylor","east-tennessee-state_bria1"
"east-tennessee-state","Cam Morris III","east-tennessee-state_camm1"
"east-tennessee-state","Jordan McCullum","east-tennessee-state_jord1"
"east-tennessee-state","Allen Strothers","east-tennessee-state_alle1"
"east-tennessee-state","Blake Barkley","east-tennessee-state_blak1"
"east-tennessee-state","Jaylen Smith","east-tennessee-state_jayl1"
"east-tennessee-state","Maki Johnson","east-tennessee-state_maki1"
"east-tennessee-state","Isaiah Sutherland","east-tennessee-state_isai1"
"jacksonville-state","AC Bryant","jacksonville-state_acbr1"
"jacksonville-state","Mostapha El Moutaouakkil","jacksonville-state_most1"
"jacksonville-state","JaCoby Hill","jacksonville-state_jaco1"
"jacksonville-state","Marcus Fitzgerald Jr.","jacksonville-state_marc1"
"jacksonville-state","Aitor Anabitarte","jacksonville-state_aito1"
"jacksonville-state","Emondrek Erkins-Ford","jacksonville-state_emon1"
"jacksonville-state","Jaye Nash","jacksonville-state_jaye1"
"jacksonville-state","Iaroslav Niagu","jacksonville-state_iaro1"
"jacksonville-state","Jamar Franklin","jacksonville-state_jama1"
"florida-international","Corey Stephenson","florida-international_core1"
"florida-international","Eric Dibami","florida-international_eric1"
"florida-international","Zawdie Jackson","florida-international_zawd1"
"florida-international","Ashton Williamson","florida-international_asht1"
"florida-international","Larry Olayinka","florida-international_larr1"
"florida-international","Julian Mackey","florida-international_juli1"
"florida-international","Brit Harris","florida-international_brit1"
"florida-international","Olajuwon Ibrahim","florida-international_olaj1"
"florida-international","Thiago Sucatzky","florida-international_thia1"
"long-island-university","Malachi Davis","long-island-university_mala1"
"long-island-university","Jomo Goings","long-island-university_jomo1"
"long-island-university","Jamal Fuller","long-island-university_jama1"
"long-island-university","Greg Gordon","long-island-university_greg1"
"long-island-university","Shadrak Lasu","long-island-university_shad1"
"long-island-university","Faheim Meran","long-island-university_fahe1"
"long-island-university","Isaiah Miranda","long-island-university_isai1"
"long-island-university","Caleb Johnson","long-island-university_cale1"
"long-island-university","Mason Porter-Brown","long-island-university_maso1"
"long-island-university","Tre'shawn Sheppard","long-island-university_tres1"
"south-carolina-state","Ja'Siiyah Holmes","south-carolina-state_jasi1"
"georgia-tech","Lamar Washington","georgia-tech_lama1"
"georgia-tech","Kowacie Reeves Jr.","georgia-tech_kowa1"
"georgia-tech","Kam Craft","georgia-tech_kamc1"
"georgia-tech","Akai Fleming","georgia-tech_akai1"
"georgia-tech","Mouhamed Sylla","georgia-tech_mouh1"
"georgia-tech","Chas Kelley III","georgia-tech_chas1"
"georgia-tech","Peyton Marshall","georgia-tech_peyt1"
"georgia-tech","Davi Remagen","georgia-tech_davi1"
"georgia-tech","Cole Kirouac","georgia-tech_cole1"
"chicago-state","Marcus Tankersley","chicago-state_marc1"
"chicago-state","Corey Sands","chicago-state_core1"
"chicago-state","CJ Ray","chicago-state_cjra1"
"chicago-state","Malek Robinson","chicago-state_male1"
"chicago-state","Dailliss Cox","chicago-state_dail1"
"chicago-state","Stephen Byard","chicago-state_step1"
"chicago-state","Doyel Cockrill III","chicago-state_doye1"
"chicago-state","Lionel Larvadain","chicago-state_lion1"
"chicago-state","Dakari Thomas","chicago-state_daka1"
"chicago-state","CJ Delancy","chicago-state_cjde1"
"chicago-state","Joseph Owens","chicago-state_jose1"
"indiana","Lamar Wilkerson","indiana_lama1"
"indiana","Tucker DeVries","indiana_tuck1"
"indiana","Tayton Conerway","indiana_tayt1"
"indiana","Conor Enright","indiana_cono1"
"indiana","Sam Alexis","indiana_sama1"
"indiana","Reed Bailey","indiana_reed1"
"indiana","Nick Dorn","indiana_nick1"
"indiana","Trent Sisley","indiana_tren1"
"indiana","Jasai Miles","indiana_jasa1"
"indiana","Aleksa Ristic","indiana_alek1"
"indiana","Tryce Grensing","indiana_tryc1"
"indiana","Ian Stephens","indiana_ians1"
"louisville","Isaac McKneely","louisville_isaa1"
"louisville","Ryan Conwell","louisville_ryan1"
"louisville","J'Vonne Hadley","louisville_jvon1"
"louisville","Adrian Wooley","louisville_adri1"
"louisville","Sananda Fru","louisville_sana1"
"louisville","Khani Rooths","louisville_khan1"
"louisville","Aly Khalifa","louisville_alyk1"
"louisville","Kasean Pryor","louisville_kase1"
"louisville","Vangelis Zougris","louisville_vang1"
"louisville","Cole Sherman","louisville_cole1"
"louisville","Will Hanke","louisville_will1"
"louisville","Spencer Legg","louisville_spen1"
"montana","Tyler Thompson","montana_tyle1"
"montana","Money Williams","montana_mone1"
"montana","Te'Jon Sawyer","montana_tejo1"
"montana","Kenyon Aguino","montana_keny1"
"montana","Tyler Isaak","montana_tyle2"
"montana","Grant Kepley","montana_gran1"
"montana","Connor Dick","montana_conn1"
"montana","Brooklyn Hicks","montana_broo1"
"montana","Trae Taylor","montana_trae1"
"montana","Kadyn Betts","montana_kady1"
"montana","Amari Jedkins","montana_amar1"
"montana","Chase Henderson","montana_chas1"
"kent-state","Delrecco Gillespie","kent-state_delr1"
"kent-state","Morgan Safford","kent-state_morg1"
"kent-state","Cian Medley","kent-state_cian1"
"kent-state","Rob Whaley Jr.","kent-state_robw1"
"kent-state","Jahari Williamson","kent-state_jaha1"
"kent-state","Quinn Woidke","kent-state_quin1"
"kent-state","Dezmon Briscoe","kent-state_dezm1"
"kent-state","Rayvon Griffith","kent-state_rayv1"
"kent-state","Omer Hamama","kent-state_omer1"
"kent-state","Magnus Entenmann","kent-state_magn1"
"massachusetts","Marcus Banks Jr.","massachusetts_marc1"
"massachusetts","Daniel Hankins-Sanford","massachusetts_dani1"
"massachusetts","Jayden Ndjigue","massachusetts_jayd1"
"massachusetts","Leonardo Bettiol","massachusetts_leon1"
"massachusetts","Danny Carbuccia","massachusetts_dann1"
"massachusetts","K'Jei Parker","massachusetts_kjei1"
"massachusetts","Dimitri Clerc","massachusetts_dimi1"
"massachusetts","Dwayne Wimbley Jr.","massachusetts_dway1"
"massachusetts","Isaiah Placide","massachusetts_isai1"
"michigan-state","Jaxon Kohler","michigan-state_jaxo1"
"michigan-state","Jeremy Fears Jr.","michigan-state_jere1"
"michigan-state","Coen Carr","michigan-state_coen1"
"michigan-state","Carson Cooper","michigan-state_cars1"
"michigan-state","Divine Ugochukwu","michigan-state_divi1"
"michigan-state","Kur Teng","michigan-state_kurt1"
"michigan-state","Jordan Scott","michigan-state_jord1"
"michigan-state","Jesse McCulloch","michigan-state_jess1"
"michigan-state","Trey Fort","michigan-state_trey1"
"michigan-state","Cameron Ward","michigan-state_came1"
"michigan-state","Denham Wojcik","michigan-state_denh1"
"oakland","Brody Robinson","oakland_brod1"
"oakland","Michael Houge","oakland_mich1"
"oakland","Isaac Garrett","oakland_isaa1"
"oakland","Ziare Wells","oakland_ziar1"
"oakland","Tuburu Naivalurua","oakland_tubu1"
"oakland","Brett White","oakland_bret1"
"oakland","Warren Marshall IV","oakland_warr1"
"oakland","Khoi Thurmon","oakland_khoi1"
"oakland","Nate Deer","oakland_nate1"
"bowling-green-state","Sam Towns","bowling-green-state_samt1"
"bowling-green-state","Javontae Campbell","bowling-green-state_javo1"
"bowling-green-state","Justin Thomas","bowling-green-state_just1"
"bowling-green-state","Javon Ruffin","bowling-green-state_javo2"
"bowling-green-state","Troy Glover II","bowling-green-state_troy1"
"bowling-green-state","Makhi Leach","bowling-green-state_makh1"
"bowling-green-state","Josiah Shackelford","bowling-green-state_josi1"
"bowling-green-state","Camden Karel","bowling-green-state_camd1"
"bowling-green-state","Aidenn Goins","bowling-green-state_aide1"
"bowling-green-state","Mayar Wol","bowling-green-state_maya1"
"bowling-green-state","Preston Squire","bowling-green-state_pres1"
"ohio","Jackson Paveletzke","ohio_jack1"
"ohio","Aidan Hadaway","ohio_aida1"
"ohio","Ajay Sheldon","ohio_ajay1"
"ohio","JJ Kelly","ohio_jjke1"
"ohio","Javan Simmons","ohio_java1"
"ohio","Elijah Elliott","ohio_elij1"
"ohio","Jalen Breath","ohio_jale1"
"ohio","Dior Conners","ohio_dior1"
"ohio","Kiir Kuany","ohio_kiir1"
"penn-state","Maggie Mendelson","penn-state_magg1"
"auburn","Kevin Overton","auburn_kevi1"
"auburn","Keyshawn Hall","auburn_keys1"
"auburn","KeShawn Murphy","auburn_kesh1"
"auburn","Tahaad Pettiford","auburn_taha1"
"auburn","Sebastian Williams-Adams","auburn_seba1"
"auburn","Elyjah Freeman","auburn_elyj1"
"auburn","Filip Jovic","auburn_fili1"
"auburn","Kaden Magwood","auburn_kade1"
"purdue","Braden Smith","purdue_brad1"
"purdue","Fletcher Loyer","purdue_flet1"
"purdue","Trey Kaufman-Renn","purdue_trey1"
"purdue","C.J. Cox","purdue_cjco1"
"purdue","Oscar Cluff","purdue_osca1"
"purdue","Daniel Jacobsen","purdue_dani1"
"purdue","Gicarri Harris","purdue_gica1"
"purdue","Omer Mayer","purdue_omer1"
"purdue","Jack Benter","purdue_jack1"
"purdue","Liam Murphy","purdue_liam1"
"citadel","Sola Adebisi","citadel_sola1"
"citadel","Carter Kingsbury","citadel_cart1"
"citadel","Braxton Williams","citadel_brax1"
"citadel","Christian Moore","citadel_chri1"
"citadel","Eze Wali","citadel_ezew1"
"citadel","Gabe Hernandez","citadel_gabe1"
"citadel","Marcos Gonzales","citadel_marc1"
"citadel","Logan Applegate","citadel_loga1"
"citadel","Dante Kearse","citadel_dant1"
"citadel","Keynan Davis","citadel_keyn1"
"citadel","Simeon German","citadel_sime1"
"citadel","Cassius Bonjasky","citadel_cass1"
"richmond","Mikkel Tyne","richmond_mikk1"
"richmond","Will Johnston","richmond_will1"
"richmond","A.J. Lopez","richmond_ajlo1"
"richmond","Collin Tanner","richmond_coll1"
"richmond","Michael Walz","richmond_mich1"
"richmond","Apostolos Roumoglou","richmond_apos1"
"richmond","David Thomas","richmond_davi1"
"richmond","Jaden Daughtry","richmond_jade1"
"richmond","Jonathan Beagle","richmond_jona1"
"richmond","Aiden Argabright","richmond_aide1"
"richmond","Jaylen Robinson","richmond_jayl1"
"richmond","Will Harper III","richmond_will2"
"richmond","Bryson McGlothin","richmond_brys1"
"pennsylvania","Michael Zanoni","pennsylvania_mich1"
"pennsylvania","TJ Power","pennsylvania_tjpo1"
"pennsylvania","Cam Thrower","pennsylvania_camt1"
"pennsylvania","AJ Levine","pennsylvania_ajle1"
"pennsylvania","Augustus Gerhart","pennsylvania_augu1"
"pennsylvania","Dalton Scantlebury","pennsylvania_dalt1"
"pennsylvania","Jay Jones","pennsylvania_jayj1"
"pennsylvania","Alex Massung","pennsylvania_alex1"
"pennsylvania","Lucas-Allan Lueth","pennsylvania_luca1"
"pennsylvania","Niklas Polonowski","pennsylvania_nikl1"
"rutgers","Jamichael Davis","rutgers_jami1"
"rutgers","Harun Zrno","rutgers_haru1"
"rutgers","Dylan Grant","rutgers_dyla1"
"rutgers","Denis Badalau","rutgers_deni1"
"rutgers","Emmanuel Ogbole","rutgers_emma1"
"rutgers","Tariq Francis","rutgers_tari1"
"rutgers","Darren Buchanan Jr.","rutgers_darr1"
"rutgers","Bryce Dortch","rutgers_bryc1"
"rutgers","Angelino Mark","rutgers_ange1"
"rutgers","Christopher Nwuli","rutgers_chri1"
"northeastern","Youri Fritz","northeastern_your1"
"northeastern","Mike Loughnane","northeastern_mike1"
"northeastern","Xander Alarie","northeastern_xand1"
"northeastern","Ryan Williams","northeastern_ryan1"
"northeastern","William Kermoury","northeastern_will1"
"northeastern","Xavier Abreu","northeastern_xavi1"
"northeastern","JB Frankel","northeastern_jbfr1"
"northeastern","Luca Soroa","northeastern_luca1"
"northeastern","Miles Newton","northeastern_mile1"
"northeastern","Ty Francis","northeastern_tyfr1"
"northeastern","Liam Koelsch","northeastern_liam1"
"syracuse","Nate Kingz","syracuse_nate1"
"syracuse","Naithan George","syracuse_nait1"
"syracuse","William Kyle III","syracuse_will1"
"syracuse","JJ Starling","syracuse_jjst1"
"syracuse","Sadiq White Jr.","syracuse_sadi1"
"syracuse","Tyler Betsey","syracuse_tyle1"
"syracuse","Kiyan Anthony","syracuse_kiya1"
"syracuse","Ibrahim Souare","syracuse_ibra1"
"syracuse","Bryce Zephir","syracuse_bryc1"
"iona","Alliou Fall","iona_alli1"
"iona","Keshawn Williams","iona_kesh1"
"iona","Lamin Sabally","iona_lami1"
"iona","Denver Anglin","iona_denv1"
"iona","Kosy Akametu","iona_kosy1"
"iona","Toby Harris","iona_toby1"
"iona","Luke Jungers","iona_luke1"
"iona","Chase Cormier","iona_chas1"
"iona","Khalil Badru","iona_khal1"
"vermont","TJ Long","vermont_tjlo1"
"vermont","Sean Blake","vermont_sean1"
"vermont","TJ Hurley","vermont_tjhu1"
"vermont","Noah Barnett","vermont_noah1"
"vermont","Gus Yalden","vermont_gusy1"
"vermont","Ben Johnson","vermont_benj1"
"vermont","Ben Michaels","vermont_benm1"
"vermont","Trey Woodyard","vermont_trey1"
"vermont","Lucas Mari","vermont_luca1"
"vermont","Jackson Skipper","vermont_jack2"
"vermont","Momo Nkugwa","vermont_momo1"
"elon","Isaac Harrell","elon_isaa1"
"elon","Chandler Cuthrell","elon_chan1"
"elon","Kacper Klaczek","elon_kacp1"
"elon","Randall Pettus II","elon_rand1"
"elon","Ja'Juan Carr","elon_jaju1"
"elon","DeMarco Johnson","elon_dema1"
"elon","Bryson Cokley","elon_brys1"
"elon","Ned Hull","elon_nedh1"
"elon","Bryson Spell","elon_brys2"
"elon","Caleb Middleton","elon_cale1"
"virginia-tech","Ben Hammond","virginia-tech_benh1"
"virginia-tech","Tyler Johnson","virginia-tech_tyle1"
"virginia-tech","Amani Hansberry","virginia-tech_aman2"
"virginia-tech","Christian Gurdak","virginia-tech_chri1"
"virginia-tech","Jailen Bedford","virginia-tech_jail1"
"virginia-tech","Jaden Schutt","virginia-tech_jade1"
"virginia-tech","Izaiah Pasha","virginia-tech_izai1"
"virginia-tech","Sin'Cere Jones","virginia-tech_sinc1"
"central-michigan","Nathan Claerbaut","central-michigan_nath1"
"central-michigan","Phat Phat Brooks","central-michigan_phat1"
"central-michigan","Nick Mullen","central-michigan_nick1"
"central-michigan","Jaxson Whitaker","central-michigan_jaxs1"
"central-michigan","Tamario Adley","central-michigan_tama1"
"central-michigan","Logan McIntire","central-michigan_loga1"
"central-michigan","Keenan Garner","central-michigan_keen1"
"central-michigan","Jalen Kampen","central-michigan_jale1"
"central-michigan","Will Ashford","central-michigan_will1"
"northern-illinois","Makhai Valentine","northern-illinois_makh1"
"northern-illinois","Gustav Winther","northern-illinois_gust1"
"northern-illinois","Dylan Ducommun","northern-illinois_dyla1"
"northern-illinois","Daemar Kelly","northern-illinois_daem1"
"northern-illinois","Hassan Washington","northern-illinois_hass1"
"northern-illinois","Taj Walters","northern-illinois_tajw1"
"northern-illinois","Gianni Cobb","northern-illinois_gian1"
"northern-illinois","Ladji Kante","northern-illinois_ladj1"
"northern-illinois","Jao Ituka","northern-illinois_jaoi1"
"northern-illinois","Jaylen Wharton","northern-illinois_jayl1"
"arkansas-state","Jaxon Ellingsworth","arkansas-state_jaxo1"
"arkansas-state","Chandler Jackson","arkansas-state_chan1"
"arkansas-state","Chudi Dioramma","arkansas-state_chud1"
"arkansas-state","Kyle Hayman","arkansas-state_kyle1"
"arkansas-state","Fredy-Salam Sylla","arkansas-state_fred1"
"arkansas-state","Christian Harmon","arkansas-state_chri1"
"arkansas-state","Jalen Hampton","arkansas-state_jale1"
"arkansas-state","TJ Caldwell","arkansas-state_tjca1"
"arkansas-state","Royal Blue Smith","arkansas-state_roya1"
"arkansas-state","Aly Tounkara","arkansas-state_alyt1"
"southern-mississippi","Robert Cowherd","southern-mississippi_robe1"
"southern-mississippi","EJ Paymon","southern-mississippi_ejpa1"
"southern-mississippi","Fallou Diagne","southern-mississippi_fall1"
"southern-mississippi","Dalyn Brandon","southern-mississippi_daly1"
"tennessee-martin","Ty Price","tennessee-martin_typr1"
"tennessee-martin","Ama Sow","tennessee-martin_amas1"
"tennessee-tech","Mekhi Turner","tennessee-tech_mekh2"
"tennessee-tech","Grant Slatten","tennessee-tech_gran1"
"tennessee-tech","Hagan Preston","tennessee-tech_haga1"
"tennessee-tech","Owen Varnado","tennessee-tech_owen1"
"marshall","Jalen Speer","marshall_jale1"
"marshall","Noah Otshudi","marshall_noah1"
"marshall","Wyatt Fricks","marshall_wyat1"
"marshall","Caleb Hollenbeck","marshall_cale1"
"marshall","Matthew Van Komen","marshall_matt1"
"marshall","Erich Harding","marshall_eric1"
"marshall","Wilson Dubinsky","marshall_wils1"
"marshall","Bryce Slay","marshall_bryc1"
"marshall","Landen Joseph","marshall_land1"
"marshall","Andrew Fuquay","marshall_andr1"
"troy","Thomas Dowd","troy_thom1"
"troy","Cooper Campbell","troy_coop1"
"troy","Cobi Campbell","troy_cobi1"
"troy","Theo Seng","troy_theo1"
"troy","Victor Valdes","troy_vict1"
"troy","Austin Cross","troy_aust1"
"troy","Kerrington Kiel","troy_kerr1"
"troy","Jerrell Bellamy","troy_jerr1"
"air-force","Julia Leach","air-force_juli1"
"colorado","Barrington Hargress","colorado_barr1"
"colorado","Sebastian Rancik","colorado_seba1"
"colorado","Bangot Dak","colorado_bang1"
"colorado","Felix Kossaras","colorado_feli1"
"colorado","Elijah Malone","colorado_elij1"
"colorado","Isaiah Johnson","colorado_isai1"
"colorado","Alon Michaeli","colorado_alon1"
"colorado","Jalin Holland","colorado_jali1"
"colorado","Josiah Sanders","colorado_josi1"
"colorado","Fawaz Ifaola","colorado_fawa1"
"stanford","Benny Gealer","stanford_benn1"
"stanford","Ebuka Okorie","stanford_ebuk1"
"stanford","Ryan Agarwal","stanford_ryan1"
"stanford","Chisom Okpara","stanford_chis1"
"stanford","AJ Rohosy","stanford_ajro1"
"stanford","Aidan Cammann","stanford_aida1"
"stanford","Oskar Giltay","stanford_oska1"
"stanford","Jeremy Dent-Smith","stanford_jere1"
"stanford","Jaylen Thompson","stanford_jayl1"
"lipscomb","Charlie Williams","lipscomb_char1"
"lipscomb","Titas Sargiunas","lipscomb_tita1"
"lipscomb","Mateo Esmeraldo","lipscomb_mate1"
"lipscomb","Grant Asman","lipscomb_gran1"
"lipscomb","Or Ashkenazi","lipscomb_oras1"
"lipscomb","Kennedy Okpara","lipscomb_kenn1"
"lipscomb","Ethan Duncan","lipscomb_etha1"
"lipscomb","Ross Candelino","lipscomb_ross1"
"lipscomb","Kellan Boylan","lipscomb_kell1"
"lipscomb","Luke Carter","lipscomb_luke1"
"new-mexico","Jake Hall","new-mexico_jake1"
"new-mexico","Luke Haupt","new-mexico_luke1"
"new-mexico","Deyton Albury","new-mexico_deyt1"
"new-mexico","Antonio Chol","new-mexico_anto1"
"new-mexico","JT Rock","new-mexico_jtro1"
"new-mexico","Uriah Tenette","new-mexico_uria1"
"new-mexico","Milos Vicentic","new-mexico_milo1"
"new-mexico","Tajavis Miller","new-mexico_taja1"
"new-mexico","Timeo Pons","new-mexico_time1"
"san-jose-state","Jermaine Washington","san-jose-state_jerm1"
"san-jose-state","Colby Garland","san-jose-state_colb1"
"san-jose-state","Yaphet Moundi","san-jose-state_yaph1"
"san-jose-state","Douglas Langford","san-jose-state_doug1"
"san-jose-state","JaVaughn Hannah","san-jose-state_java1"
"san-jose-state","Melvin Bell Jr.","san-jose-state_melv1"
"san-jose-state","Pasha Goodarzi","san-jose-state_pash1"
"san-jose-state","Japhet Moupadele","san-jose-state_japh1"
"san-jose-state","Sadraque Nganga","san-jose-state_sadr1"
"san-jose-state","Adrian Myers","san-jose-state_adri1"
"colorado-state","Josh Pascarelli","colorado-state_josh1"
"colorado-state","Jevin Muniz","colorado-state_jevi1"
"colorado-state","Brandon Rechsteiner","colorado-state_bran1"
"colorado-state","Carey Booth","colorado-state_care1"
"colorado-state","Kyle Jorgensen","colorado-state_kyle1"
"colorado-state","Jase Butler","colorado-state_jase1"
"colorado-state","Jojo McIver","colorado-state_jojo1"
"colorado-state","Augustinas Kiudulas","colorado-state_augu1"
"colorado-state","Nikola Djapa","colorado-state_niko1"
"colorado-state","Darnez Slater","colorado-state_darn1"
"utah-state","Adlan Elamin","utah-state_adla1"
"utah-state","Drake Allen","utah-state_drak1"
"utah-state","Mason Falslev","utah-state_maso1"
"utah-state","MJ Collins","utah-state_mjco1"
"utah-state","Zach Keller","utah-state_zach1"
"utah-state","Kolby King","utah-state_kolb1"
"utah-state","Garry Clark","utah-state_garr1"
"utah-state","Elijah Perryman","utah-state_elij1"
"utah-state","Karson Templin","utah-state_kars1"
"utah-state","Tucker Anderson","utah-state_tuck1"
"utah-state","Jordy Barnes","utah-state_jord1"
"utah-state","Luke Kearney","utah-state_luke1"
"eastern-washington","Isaiah Moses","eastern-washington_isai1"
"eastern-washington","Jojo Anderson","eastern-washington_jojo1"
"eastern-washington","Kiree Huie","eastern-washington_kire1"
"eastern-washington","Alton Hamilton IV","eastern-washington_alto1"
"eastern-washington","Straton Rogers","eastern-washington_stra1"
"eastern-washington","Johnny Radford","eastern-washington_john1"
"eastern-washington","Emmett Marquardt","eastern-washington_emme1"
"eastern-washington","Tyler Powell","eastern-washington_tyle1"
"eastern-washington","Elijah Thomas","eastern-washington_elij1"
"eastern-washington","Cole Scherer","eastern-washington_cole1"
"eastern-washington","Maddox Monson","eastern-washington_madd1"
"eastern-washington","Shaumba Ngoyi","eastern-washington_shau1"
"utah","Don McHenry","utah_donm1"
"utah","Terrence Brown","utah_terr1"
"utah","Keanu Dawes","utah_kean1"
"utah","Seydou Traore","utah_seyd1"
"utah","James Okonkwo","utah_jame1"
"utah","Kendyl Sanders","utah_kend1"
"utah","Obomate Abbey","utah_obom1"
"utah","Josh Hayes","utah_josh1"
"utah","Ibi Traore","utah_ibit1"
"utah","Jahki Howard","utah_jahk1"
"utah","Jerry Huang","utah_jerr1"
"grand-canyon","Nana Owusu-Anane","grand-canyon_nana1"
"grand-canyon","Jaden Henley","grand-canyon_jade1"
"grand-canyon","Caleb Shaw","grand-canyon_cale1"
"grand-canyon","Efe Demirel","grand-canyon_efed1"
"grand-canyon","Brian Moore Jr.","grand-canyon_bria1"
"grand-canyon","Makaih Williams","grand-canyon_maka1"
"grand-canyon","Dusty Stromer","grand-canyon_dust1"
"grand-canyon","Wilhelm Breidenbach","grand-canyon_wilh1"
"grand-canyon","Kaleb Smith","grand-canyon_kale1"
"wyoming","Leland Walker","wyoming_lela1"
"wyoming","Nasir Meyer","wyoming_nasi1"
"wyoming","Matija Belic","wyoming_mati1"
"wyoming","Khaden Bennett","wyoming_khad1"
"wyoming","Kiani Saxon","wyoming_kian1"
"wyoming","Damarion Dennis","wyoming_dama1"
"wyoming","Adam Harakow","wyoming_adam1"
"wyoming","Abou Magassa","wyoming_abou1"
"wyoming","Uriyah Rojas","wyoming_uriy1"
"wyoming","Gavin Gores","wyoming_gavi1"
"wyoming","Jared Harris","wyoming_jare1"
"wyoming","Simm Saadi","wyoming_simm1"
"fresno-state","Jake Heidbreder","fresno-state_jake1"
"fresno-state","Wilson Jacques","fresno-state_wils1"
"fresno-state","Zaon Collins","fresno-state_zaon1"
"fresno-state","Cameron Faas","fresno-state_came1"
"fresno-state","DeShawn Gory","fresno-state_desh1"
"fresno-state","David Douglas Jr.","fresno-state_davi1"
"fresno-state","DJ Stickman","fresno-state_djst1"
"fresno-state","Bastien Rieber","fresno-state_bast1"
"fresno-state","Gasper Kocevar","fresno-state_gasp1"
"fresno-state","Jac Mani","fresno-state_jacm1"
"nevada-las-vegas","Tyrin Jones","nevada-las-vegas_tyri1"
"nevada-las-vegas","Dra Gibbs-Lawhorn","nevada-las-vegas_drag1"
"nevada-las-vegas","Kimani Hamilton","nevada-las-vegas_kima1"
"nevada-las-vegas","Howie Fleming Jr.","nevada-las-vegas_howi1"
"nevada-las-vegas","Jacob Bannarbie","nevada-las-vegas_jaco1"
"nevada-las-vegas","Issac Williamson","nevada-las-vegas_issa1"
"nevada-las-vegas","Emmanuel Stephen","nevada-las-vegas_emma1"
"nevada-las-vegas","Walter Brown","nevada-las-vegas_walt1"
"nevada-las-vegas","Naas Cunningham","nevada-las-vegas_naas1"
"nevada-las-vegas","Sydni Summers","nevada-las-vegas_sydn1"
"nevada-las-vegas","Hodaya Kabada","nevada-las-vegas_hoda1"
"boise-state","Andrew Meadow","boise-state_andr1"
"boise-state","Javan Buchanan","boise-state_java1"
"boise-state","Dylan Andrews","boise-state_dyla1"
"boise-state","RJ Keene","boise-state_rjke1"
"boise-state","Drew Fielder","boise-state_drew1"
"boise-state","Dominic Parolin","boise-state_domi1"
"boise-state","Aginaldo Neto","boise-state_agin1"
"boise-state","Pearson Carmichael","boise-state_pear1"
"boise-state","Spencer Ahrens","boise-state_spen1"
"boise-state","Bhan Buom","boise-state_bhan1"
"nevada","Elijah Price","nevada_elij1"
"nevada","Tayshawn Comer","nevada_tays1"
"nevada","Vaughn Weems","nevada_vaug1"
"nevada","Chuck Bailey III","nevada_chuc1"
"nevada","Kaleb Lowery","nevada_kale1"
"nevada","Peyton White","nevada_peyt1"
"nevada","Tyler Rolison","nevada_tyle1"
"nevada","Myles Walker","nevada_myle1"
"nevada","Amire Robinson","nevada_amir1"
"nevada","Jeriah Coleman","nevada_jeri1"
"nevada","Ethan Croley","nevada_etha1"
"kansas-state","PJ Haggerty","kansas-state_pjha1"
"kansas-state","Nate Johnson","kansas-state_nate1"
"kansas-state","Abdi Bashir Jr.","kansas-state_abdi1"
"kansas-state","Khamari McGriff","kansas-state_kham1"
"kansas-state","Elias Rapieque","kansas-state_elia1"
"kansas-state","David Castillo","kansas-state_davi1"
"kansas-state","Christian Jones","kansas-state_chri1"
"kansas-state","Taj Manning","kansas-state_tajm1"
"kansas-state","Dorin Buca","kansas-state_dori1"
"kansas-state","Andrej Kostic","kansas-state_andr1"
"kansas-state","Marcus Johnson","kansas-state_marc1"
"south-dakota","Uzziah Buntyn","south-dakota_uzzi1"
"south-dakota","Isaac Bruns","south-dakota_isaa1"
"south-dakota","Jordan Crawford","south-dakota_jord1"
"south-dakota","Cameron Fens","south-dakota_came1"
"south-dakota","Evan Anderson","south-dakota_evan1"
"south-dakota","Jesse Mcintosh","south-dakota_jess1"
"south-dakota","Vince Buzelis","south-dakota_vinc1"
"south-dakota","Ethan Kizer","south-dakota_etha1"
"south-dakota","Caleb Kizer","south-dakota_cale1"
"kentucky","Otega Oweh","kentucky_oteg1"
"kentucky","Denzel Aberdeen","kentucky_denz1"
"kentucky","Mouhamed Dioubate","kentucky_mouh1"
"kentucky","Malachi Moreno","kentucky_mala1"
"kentucky","Collin Chandler","kentucky_coll1"
"kentucky","Kam Williams","kentucky_kamw1"
"kentucky","Jayden Quaintance","kentucky_jayd1"
"kentucky","Jaland Lowe","kentucky_jala1"
"kentucky","Brandon Garrison","kentucky_bran1"
"kentucky","Jasper Johnson","kentucky_jasp1"
"kentucky","Trent Noah","kentucky_tren1"
"st-johns-ny","Oziyah Sellers","st-johns-ny_oziy1"
"st-johns-ny","Ian Jackson","st-johns-ny_ianj1"
"st-johns-ny","Bryce Hopkins","st-johns-ny_bryc1"
"st-johns-ny","Zuby Ejiofor","st-johns-ny_zuby1"
"st-johns-ny","Joson Sanon","st-johns-ny_joso1"
"st-johns-ny","Dillon Mitchell","st-johns-ny_dill1"
"st-johns-ny","Rubén Prey","st-johns-ny_rubn1"
"st-johns-ny","Dylan Darling","st-johns-ny_dyla1"
"st-johns-ny","Sadiku Ibine Ayo","st-johns-ny_sadi1"
"st-johns-ny","Lefteris Liotopoulos","st-johns-ny_left1"
"north-carolina-at","Bryson Ogletree","north-carolina-at_brys1"
"north-carolina-at","Zamoku Weluche-Ume","north-carolina-at_zamo1"
"north-carolina-at","Trent Middleton","north-carolina-at_tren1"
"north-carolina-at","Dwayne Pierce","north-carolina-at_dway1"
"north-carolina-at","Amadou Doumbia","north-carolina-at_amad1"
"north-carolina-at","Yancarlos Cueto","north-carolina-at_yanc1"
"north-carolina-at","Brooklyn Vick","north-carolina-at_broo1"
"north-carolina-at","Mujahiid Burton","north-carolina-at_muja1"
"north-carolina-at","KJ Debrick","north-carolina-at_kjde1"
"north-carolina-at","William Felton","north-carolina-at_will1"
"toledo","Sonny Wilson","toledo_sonn1"
"toledo","Leroy Blyden Jr.","toledo_lero1"
"toledo","Austin Parks","toledo_aust1"
"toledo","Sean Craig","toledo_sean1"
"toledo","Kyler Vanderjagt","toledo_kyle1"
"toledo","Jaylan Ouwinga","toledo_jayl1"
"toledo","London Praytor","toledo_lond1"
"toledo","Mynor Strong","toledo_myno1"
"toledo","Phoenix Glassnor","toledo_phoe1"
"toledo","Will James Jr.","toledo_will1"
"toledo","Tyler Ode","toledo_tyle1"
"toledo","Toby Nwokolo","toledo_toby1"
"william-mary","Emma West","william-mary_emma1"
"detroit-mercy","TJ Nadeau","detroit-mercy_tjna1"
"detroit-mercy","Orlando Lovejoy","detroit-mercy_orla1"
"detroit-mercy","Tyler Spratt","detroit-mercy_tyle1"
"detroit-mercy","Legend Geeter","detroit-mercy_lege1"
"detroit-mercy","Xavier Istomin-Monroe","detroit-mercy_xavi1"
"detroit-mercy","Keshawn Fisher","detroit-mercy_kesh1"
"detroit-mercy","Lance Stone","detroit-mercy_lanc1"
"detroit-mercy","Jared Lary","detroit-mercy_jare1"
"detroit-mercy","Nate Johnson","detroit-mercy_nate1"
"detroit-mercy","Ryan Kalambay","detroit-mercy_ryan1"
"detroit-mercy","London Maiden","detroit-mercy_lond1"
"niagara","Landon Williams","niagara_land1"
"niagara","Justin Page","niagara_just1"
"niagara","Justin Hawkins","niagara_just2"
"niagara","Reggie Prudhomme","niagara_regg1"
"niagara","Will Shortt","niagara_will1"
"niagara","Brian Griffith","niagara_bria1"
"niagara","Kabeya Tshibangu","niagara_kabe1"
"niagara","Vice Zanki","niagara_vice1"
"niagara","Drew Larson","niagara_drew1"
"niagara","AJ McBride","niagara_ajmc1"
"niagara","Gael Dalmau Torresola","niagara_gael1"
"robert-morris","Ryan Prather Jr.","robert-morris_ryan1"
"robert-morris","DeSean Goode","robert-morris_dese1"
"robert-morris","Kaleb Brown","robert-morris_kale1"
"robert-morris","Albert Vargas","robert-morris_albe1"
"robert-morris","Josh Hill","robert-morris_josh1"
"robert-morris","Cam Kearney","robert-morris_camk1"
"robert-morris","Ta'Zir Smith","robert-morris_tazi1"
"robert-morris","Eddie Cooke III","robert-morris_eddi1"
"robert-morris","Samuel Obenjo","robert-morris_samu1"
"saint-francis-pa","Zion Russell","saint-francis-pa_zion1"
"saint-francis-pa","Ralph Martino Jr.","saint-francis-pa_ralp1"
"saint-francis-pa","Skylar Wicks","saint-francis-pa_skyl1"
"saint-francis-pa","Victor Payne","saint-francis-pa_vict1"
"saint-francis-pa","Gestin Liberis","saint-francis-pa_gest1"
"saint-francis-pa","Ahmad Harrison","saint-francis-pa_ahma1"
"saint-francis-pa","Cameron Tweedy","saint-francis-pa_came1"
"saint-francis-pa","Paris Papadatos","saint-francis-pa_pari1"
"saint-francis-pa","Brandon Russell","saint-francis-pa_bran1"
"saint-francis-pa","Trey Weiand","saint-francis-pa_trey1"
"buffalo","Ryan Sabol","buffalo_ryan1"
"buffalo","Daniel Freitag","buffalo_dani1"
"buffalo","Angelo Brizzi","buffalo_ange1"
"buffalo","Tim Oboh","buffalo_timo1"
"buffalo","Noah Batchelor","buffalo_noah1"
"buffalo","Derrick Talton Jr.","buffalo_derr1"
"buffalo","Mikhail Pocknett","buffalo_mikh1"
"buffalo","Ezra McKenna","buffalo_ezra1"
"western-michigan","Jalen Griffith","western-michigan_jale1"
"western-michigan","EJ Ryans","western-michigan_ejry1"
"western-michigan","Max Burton","western-michigan_maxb1"
"western-michigan","Jayden Brewer","western-michigan_jayd1"
"western-michigan","Brady Swartz","western-michigan_brad1"
"western-michigan","Hudson Ward","western-michigan_huds1"
"western-michigan","Trey Lewis","western-michigan_trey1"
"western-michigan","Michael Sulaka","western-michigan_mich1"
"western-michigan","Carson Vis","western-michigan_cars1"
"western-michigan","Declan Peterson","western-michigan_decl1"
"south-carolina-upstate","Tyler Smith","south-carolina-upstate_tyle1"
"south-carolina-upstate","Karmani Gregory","south-carolina-upstate_karm1"
"south-carolina-upstate","Mason Bendinger","south-carolina-upstate_maso1"
"south-carolina-upstate","Learic Davis","south-carolina-upstate_lear1"
"south-carolina-upstate","Jafeth Martinez","south-carolina-upstate_jafe1"
"south-carolina-upstate","Carmelo Adkins","south-carolina-upstate_carm1"
"south-carolina-upstate","Isaiah Skinner","south-carolina-upstate_isai1"
"south-carolina-upstate","Breylin Garcia","south-carolina-upstate_brey1"
"south-carolina-upstate","Chico Johnson","south-carolina-upstate_chic1"
"south-carolina-upstate","Coen Collier","south-carolina-upstate_coen1"
"south-carolina-upstate","Kanye Jones","south-carolina-upstate_kany1"
"youngstown-state","Cris Carroll","youngstown-state_cris1"
"youngstown-state","Rich Rolf","youngstown-state_rich1"
"youngstown-state","Jason Nelson","youngstown-state_jaso1"
"youngstown-state","Bryson Dawkins","youngstown-state_brys1"
"youngstown-state","Imanuel Zorgvol","youngstown-state_iman1"
"youngstown-state","Jaiden Haynes","youngstown-state_jaid1"
"youngstown-state","Andrew King","youngstown-state_andr1"
"youngstown-state","Vladimer Salaridze","youngstown-state_vlad1"
"youngstown-state","Tae Blackshear","youngstown-state_taeb1"
"youngstown-state","Tyler Robinett","youngstown-state_tyle1"
"ball-state","Mason Jones","ball-state_maso1"
"ball-state","Devon Barnes","ball-state_devo1"
"ball-state","Davion Hill","ball-state_davi1"
"ball-state","Preston Copeland","ball-state_pres1"
"ball-state","Joey Hart","ball-state_joey1"
"ball-state","Elmore James","ball-state_elmo1"
"ball-state","Kayden Fish","ball-state_kayd1"
"ball-state","Armoni Zeigler","ball-state_armo1"
"ball-state","Juwan Maxey","ball-state_juwa1"
"ball-state","Jai Anthoni Bearden","ball-state_jaia1"
"miami-oh","Eian Elmer","miami-oh_eian1"
"miami-oh","Brant Byers","miami-oh_bran1"
"miami-oh","Peter Suder","miami-oh_pete1"
"miami-oh","Evan Ipsaro","miami-oh_evan1"
"miami-oh","Antwone Woolfolk","miami-oh_antw1"
"miami-oh","Luke Skaljac","miami-oh_luke1"
"miami-oh","Almar Atlason","miami-oh_alma1"
"miami-oh","Trey Perry","miami-oh_trey1"
"miami-oh","Kyle Waltz","miami-oh_kyle1"
"miami-oh","Tyler Robbins","miami-oh_tyle1"
"harvard","Tey Barbour","harvard_teyb1"
"harvard","Chandler Pigge","harvard_chan1"
"harvard","Thomas Batties II","harvard_thom1"
"harvard","Robert Hinton","harvard_robe1"
"harvard","Ben Eisendrath","harvard_bene1"
"harvard","Austin Hunt","harvard_aust1"
"harvard","Frankie Mannino","harvard_fran1"
"harvard","Ryan Sullivan","harvard_ryan1"
"harvard","Xavier Nesbitt","harvard_xavi1"
"harvard","Luca Ace-Nasteski","harvard_luca1"
"harvard","Greg Cooper","harvard_greg1"
"harvard","Dutch Dowdell","harvard_dutc1"
"harvard","Payton Pitts","harvard_payt1"
"harvard","Joseph Quartey","harvard_jose1"
"holy-cross","Gabe Warren","holy-cross_gabe1"
"holy-cross","Joe Nugent","holy-cross_joen1"
"holy-cross","Tyler Boston","holy-cross_tyle1"
"holy-cross","Aidan Richard","holy-cross_aida1"
"holy-cross","DeAndre Williams","holy-cross_dean1"
"holy-cross","John St. Germain III","holy-cross_john1"
"holy-cross","Will Aljancic","holy-cross_will1"
"holy-cross","Jude Haigh","holy-cross_jude1"
"holy-cross","Chuck Hare","holy-cross_chuc1"
"holy-cross","Jaden Kirkwood","holy-cross_jade1"
"holy-cross","Austin Mejia","holy-cross_aust1"
"lindenwood","Kevin Anthony","lindenwood_kevi1"
"binghamton","Jeremiah Quigley","binghamton_jere1"
"binghamton","Wes Peterson","binghamton_wesp1"
"binghamton","Bryson Wilson","binghamton_brys1"
"binghamton","Zyier Beverly","binghamton_zyie1"
"binghamton","Demetrius Lilley","binghamton_deme1"
"binghamton","Ryan Richardson","binghamton_ryan1"
"binghamton","Jake Blackburn","binghamton_jake1"
"binghamton","Stephan Snagg","binghamton_step1"
"binghamton","Nevin Ibroci","binghamton_nevi1"
"mercyhurst","Qadir Martin","mercyhurst_qadi1"
"mercyhurst","Jake Lemelman","mercyhurst_jake1"
"mercyhurst","Bernie Blunt III","mercyhurst_bern1"
"mercyhurst","Mykolaus Ivanauskas","mercyhurst_myko1"
"mercyhurst","Christian Gamble","mercyhurst_chri1"
"mercyhurst","Cameron Johnson","mercyhurst_came1"
"mercyhurst","Deshaun Jackson Jr.","mercyhurst_desh1"
"mercyhurst","Kaden Fuhrmann","mercyhurst_kade1"
"mercyhurst","Sean Lang","mercyhurst_sean1"
"mercyhurst","James Thomas","mercyhurst_jame1"
"mercyhurst","Brady Conner","mercyhurst_brad1"
"mercyhurst","Or Faran Frenkel","mercyhurst_orfa1"
"mercyhurst","Christopher Leman","mercyhurst_chri2"
"mercyhurst","Vladimir Pavlovic","mercyhurst_vlad1"
"memphis","Dug McDaniel","memphis_dugm1"
"memphis","Hasan Abdul-Hakim","memphis_hasa1"
"memphis","Ashton Hardaway","memphis_asht1"
"memphis","Julius Thedford","memphis_juli1"
"memphis","Thierno Sylla","memphis_thie1"
"memphis","Aaron Bradshaw","memphis_aaro1"
"memphis","Curtis Givens III","memphis_curt1"
"memphis","Quante Berry","memphis_quan1"
"memphis","Sincere Parker","memphis_sinc1"
"memphis","Zachary Davis","memphis_zach1"
"memphis","Tariq Ingraham","memphis_tari1"
"memphis","Simon Majok","memphis_simo1"
"mississippi-state","Josh Hubbard","mississippi-state_josh1"
"mississippi-state","Shawn Jones Jr.","mississippi-state_shaw1"
"mississippi-state","Jayden Epps","mississippi-state_jayd1"
"mississippi-state","Sergej Macura","mississippi-state_serg1"
"mississippi-state","Quincy Ballard","mississippi-state_quin1"
"mississippi-state","Jamarion Davis-Fleming","mississippi-state_jama1"
"mississippi-state","Ja'Borri McGhee","mississippi-state_jabo1"
"mississippi-state","Achor Achor","mississippi-state_acho1"
"mississippi-state","King Grace","mississippi-state_king1"
"monmouth","Adena Webster","monmouth_aden1"
"longwood","Johan Nziemi","longwood_joha1"
"longwood","Elijah Tucker","longwood_elij1"
"longwood","Emanuel Richards","longwood_eman1"
"longwood","Jacoi Hutchinson","longwood_jaco1"
"longwood","Alphonzo Billups III","longwood_alph1"
"longwood","Redd Thompson","longwood_redd1"
"longwood","Jaylen Benard","longwood_jayl1"
"longwood","Elijah Kelly","longwood_elij2"
"longwood","Elijah Jones","longwood_elij3"
"longwood","Jaylin Payne","longwood_jayl2"
"north-carolina-central","Gage Lattimore","north-carolina-central_gage1"
"north-carolina-central","Khouri Carvey","north-carolina-central_khou1"
"north-carolina-central","Tekao Carpenter","north-carolina-central_teka1"
"north-carolina-central","Dionte Johnson","north-carolina-central_dion1"
"north-carolina-central","Ramondo Battle II","north-carolina-central_ramo1"
"north-carolina-central","Jae Slack","north-carolina-central_jaes1"
"north-carolina-central","Khalil Arnold","north-carolina-central_khal1"
"north-carolina-central","Justin Edwards","north-carolina-central_just1"
"north-carolina-central","Kelechi Okworogwo","north-carolina-central_kele1"
"north-carolina-central","Kyric Davis","north-carolina-central_kyri1"
"north-carolina-central","Gbenga Olubi","north-carolina-central_gben1"
"howard","Cedric Taylor III","howard_cedr1"
"howard","Bryce Harris","howard_bryc1"
"howard","Cam Gillus","howard_camg1"
"howard","Ose Okojie","howard_oseo1"
"howard","Danas Kazakevicius","howard_dana1"
"howard","Eddie Holland III","howard_eddi1"
"howard","Isaiah Brown","howard_isai1"
"howard","Travelle Bryson","howard_trav1"
"north-carolina-wilmington","Christian May","north-carolina-wilmington_chri1"
"north-carolina-wilmington","Nolan Hodge","north-carolina-wilmington_nola1"
"north-carolina-wilmington","Joshua Williams","north-carolina-wilmington_josh1"
"north-carolina-wilmington","Noah Ross","north-carolina-wilmington_noah1"
"north-carolina-wilmington","Patrick Wessler","north-carolina-wilmington_patr1"
"north-carolina-wilmington","Gavin Walsh","north-carolina-wilmington_gavi1"
"north-carolina-wilmington","Madison Durr","north-carolina-wilmington_madi1"
"north-carolina-wilmington","Makoi Mabor","north-carolina-wilmington_mako1"
"northwestern-state","Chris Mubiru","northwestern-state_chri1"
"northwestern-state","Micah Thomas","northwestern-state_mica1"
"northwestern-state","Willie Williams","northwestern-state_will1"
"northwestern-state","Izzy Miles","northwestern-state_izzy1"
"northwestern-state","Moustapha Loum","northwestern-state_mous1"
"northwestern-state","Omar Adegbola","northwestern-state_omar1"
"northwestern-state","Justin Redmond","northwestern-state_just1"
"northwestern-state","Kordrick Turner","northwestern-state_kord1"
"northwestern-state","Chip Brunt","northwestern-state_chip1"
"northwestern-state","Quentin Bolton Jr.","northwestern-state_quen1"
"old-dominion","Ketron Shaw","old-dominion_ketr1"
"old-dominion","Jordan Battle","old-dominion_jord1"
"old-dominion","Robert Davis Jr.","old-dominion_robe1"
"old-dominion","Jared Turner","old-dominion_jare1"
"old-dominion","Caelum Swanton-Rodger","old-dominion_cael1"
"old-dominion","Zacch Wiggins","old-dominion_zacc1"
"old-dominion","Drew McKenna","old-dominion_drew1"
"old-dominion","Ben Nacey","old-dominion_benn1"
"old-dominion","Scottie Hubbard","old-dominion_scot1"
"old-dominion","Donovan Raymond","old-dominion_dono1"
"old-dominion","Rieco Hellams","old-dominion_riec1"
"prairie-view","Cory Wells","prairie-view_cory1"
"prairie-view","Lance Williams","prairie-view_lanc1"
"prairie-view","Tai'reon Joseph","prairie-view_tair1"
"prairie-view","Dontae Horne","prairie-view_dont1"
"prairie-view","Keeshawn Mason","prairie-view_kees1"
"prairie-view","Joey Madimba","prairie-view_joey1"
"prairie-view","Corey Dunning","prairie-view_core1"
"prairie-view","Ryan Bolton","prairie-view_ryan1"
"prairie-view","Elijah Mitchell","prairie-view_elij1"
"prairie-view","Marcel Bryant","prairie-view_marc2"
"prairie-view","Isaiah Foster","prairie-view_isai1"
"prairie-view","Jannoy Thomas","prairie-view_jann1"
"le-moyne","Deng Garang","le-moyne_deng1"
"le-moyne","Shilo Jackson","le-moyne_shil1"
"le-moyne","Jakob Blakley","le-moyne_jako1"
"le-moyne","Trent Mosquera","le-moyne_tren1"
"le-moyne","Eli Greenberg","le-moyne_elig1"
"le-moyne","Jakai Sanders","le-moyne_jaka1"
"le-moyne","Tennessee Rainwater","le-moyne_tenn1"
"le-moyne","Josiah Lee","le-moyne_josi1"
"le-moyne","Samuel Hincapie","le-moyne_samu1"
"le-moyne","Isaac Nyakundi","le-moyne_isaa1"
"st-bonaventure","Dasonte Bowen","st-bonaventure_daso1"
"st-bonaventure","Frank Mitchell","st-bonaventure_fran1"
"st-bonaventure","Cayden Charles","st-bonaventure_cayd1"
"st-bonaventure","Daryl Simmons II","st-bonaventure_dary1"
"st-bonaventure","Joseph Grahovac","st-bonaventure_jose1"
"st-bonaventure","Daniel Egbuniwe","st-bonaventure_dani1"
"st-bonaventure","Amar'e Marshall","st-bonaventure_amar1"
"st-bonaventure","Ilia Ermakov","st-bonaventure_ilia1"
"st-bonaventure","Andrew Osasuyi","st-bonaventure_andr1"
"st-bonaventure","Achille Lonati","st-bonaventure_achi1"
"louisiana-monroe","Krystian Lewis","louisiana-monroe_krys1"
"louisiana-monroe","Martavious Russell","louisiana-monroe_mart1"
"louisiana-monroe","Lavell Brodnex","louisiana-monroe_lave1"
"louisiana-monroe","Alex Molofeev","louisiana-monroe_alex1"
"louisiana-monroe","Renars Sondors","louisiana-monroe_rena1"
"louisiana-monroe","Dylan Diaz","louisiana-monroe_dyla1"
"louisiana-monroe","Ayomide Bamisile","louisiana-monroe_ayom1"
"louisiana-monroe","Micah Caster","louisiana-monroe_mica1"
"louisiana-monroe","William Ball","louisiana-monroe_will1"
"louisiana-monroe","Przemek Hartman","louisiana-monroe_prze1"
"north-carolina","Seth Trimble","north-carolina_seth1"
"north-carolina","Caleb Wilson","north-carolina_cale1"
"north-carolina","Henri Veesaar","north-carolina_henr1"
"north-carolina","Kyan Evans","north-carolina_kyan1"
"north-carolina","Luka Bogavac","north-carolina_luka1"
"north-carolina","Jarin Stevenson","north-carolina_jari1"
"north-carolina","Derek Dixon","north-carolina_dere1"
"north-carolina","Jonathan Powell","north-carolina_jona1"
"north-carolina","Jaydon Young","north-carolina_jayd1"
"ohio-state","Bruce Thornton","ohio-state_bruc1"
"ohio-state","Devin Royal","ohio-state_devi1"
"ohio-state","John Mobley Jr.","ohio-state_john1"
"ohio-state","Christoph Tilly","ohio-state_chri1"
"ohio-state","Amare Bynum","ohio-state_amar1"
"ohio-state","Brandon Noel","ohio-state_bran1"
"ohio-state","Colin White","ohio-state_coli1"
"ohio-state","Ivan Njegovan","ohio-state_ivan1"
"ohio-state","Gabe Cupps","ohio-state_gabe1"
"ohio-state","Taison Chatman","ohio-state_tais1"
"denver","Carson Johnson","denver_cars1"
"denver","Gabe Oldham","denver_gabe1"
"denver","Jeremiah Burke","denver_jere1"
"denver","Zane Nelson","denver_zane1"
"denver","Logan Kinsey","denver_loga1"
"denver","Julius Rollins","denver_juli1"
"denver","Shaun Wysocki","denver_shau1"
"denver","Didier Maleng","denver_didi1"
"northern-colorado","Zach Bloch","northern-colorado_zach1"
"northern-colorado","Brock Wisne","northern-colorado_broc1"
"northern-colorado","Vincent Delano","northern-colorado_vinc1"
"northern-colorado","Ring Nyeri","northern-colorado_ring1"
"northern-colorado","Ibu Yamazaki","northern-colorado_ibuy1"
"northern-colorado","Ariik Mawien","northern-colorado_arii1"
"northern-colorado","Hunter Caldwell","northern-colorado_hunt1"
"northern-colorado","Tanner Braketa","northern-colorado_tann1"
"texas-pan-american","Marshal Destremau","texas-pan-american_mars1"
"texas-pan-american","Marvin McGhee III","texas-pan-american_marv1"
"texas-pan-american","Always Wright","texas-pan-american_alwa1"
"texas-pan-american","Zae Blake","texas-pan-american_zaeb1"
"texas-pan-american","Koree Cotton","texas-pan-american_kore1"
"texas-pan-american","Jaylen Washington","texas-pan-american_jayl1"
"texas-pan-american","Demarris Winters","texas-pan-american_dema1"
"texas-pan-american","Dane Christensen","texas-pan-american_dane1"
"texas-pan-american","Mustafo Vanjov","texas-pan-american_must1"
"texas-pan-american","Julien Gomez","texas-pan-american_juli1"
"texas-pan-american","Jalen Ricks","texas-pan-american_jale1"
"texas-pan-american","Luis Ramirez","texas-pan-american_luis1"
"south-alabama","Chaze Harris","south-alabama_chaz1"
"south-alabama","Adam Olsen","south-alabama_adam1"
"south-alabama","Hantz Louis-Jeune","south-alabama_hant1"
"south-alabama","Jayden Cooper","south-alabama_jayd1"
"south-alabama","Randy Brady","south-alabama_rand1"
"south-alabama","Stephen Williams","south-alabama_step1"
"south-alabama","JJ Wheat","south-alabama_jjwh1"
"texas-state","Mark Drone","texas-state_mark1"
"texas-state","Kaden Gumbs","texas-state_kade1"
"texas-state","DJ Hall","texas-state_djha1"
"texas-state","Kyndall Davis","texas-state_kynd1"
"texas-state","Makai Willis","texas-state_maka1"
"texas-state","Jalen Bolden","texas-state_jale1"
"texas-state","Franck Emmou","texas-state_fran1"
"texas-state","Robert Fields","texas-state_robe1"
"texas-state","Tay Knox","texas-state_tayk1"
"texas-state","Jaelyn Lee","texas-state_jael1"
"butler","Michael Ajayi","butler_mich1"
"butler","Finley Bizjack","butler_finl1"
"butler","Drayton Jones","butler_dray1"
"butler","Azavier Robinson","butler_azav1"
"butler","Jamie Kaiser","butler_jami1"
"butler","Evan Haywood","butler_evan1"
"butler","Yohan Traore","butler_yoha1"
"butler","Efeosa Oliogu-Elabor","butler_efeo1"
"butler","Yame Butler","butler_yame1"
"northwestern","Tre Singleton","northwestern_tres1"
"northwestern","Jayden Reid","northwestern_jayd1"
"northwestern","Arrinten Page","northwestern_arri1"
"northwestern","Jordan Clayton","northwestern_jord1"
"northwestern","Angelo Ciaravino","northwestern_ange2"
"northwestern","Max Green","northwestern_maxg1"
"northwestern","K.J. Windham","northwestern_kjwi1"
"northwestern","Tyler Kropp","northwestern_tyle1"
"northwestern","Jake West","northwestern_jake1"
"northwestern","Justin Mullins","northwestern_just1"
"morehead-state","George Marshall","morehead-state_geor1"
"morehead-state","Chase Dawson","morehead-state_chas1"
"morehead-state","Jon Carroll","morehead-state_jonc1"
"morehead-state","Clayton Parker","morehead-state_clay1"
"morehead-state","Tyonne Farrell","morehead-state_tyon1"
"morehead-state","Davion Cunningham","morehead-state_davi1"
"morehead-state","Josiah LeGree","morehead-state_josi1"
"morehead-state","Tamaury Releford","morehead-state_tama1"
"morehead-state","Anouar Mellouk","morehead-state_anou1"
"morehead-state","Vince Dawson III","morehead-state_vinc1"
"southern-indiana","Devin Curtis","southern-indiana_devi1"
"southeast-missouri-state","Blaize Sagna","southeast-missouri-state_blai1"
"tennessee-state","Damon Howard Jr.","tennessee-state_damo1"
"utah-valley","Trevan Leonhardt","utah-valley_trev1"
"utah-valley","Noah Taitz","utah-valley_noah1"
"utah-valley","Jackson Holcombe","utah-valley_jack1"
"utah-valley","Tyler Hendricks","utah-valley_tyle1"
"utah-valley","Isaac Davis","utah-valley_isaa1"
"utah-valley","Sherman Weatherspoon","utah-valley_sher1"
"utah-valley","Hayden Welling","utah-valley_hayd1"
"utah-valley","Tyler Medaris","utah-valley_tyle2"
"utah-valley","Tyler Weaver","utah-valley_tyle3"
"utah-valley","Isaac Hawkins","utah-valley_isaa2"
"utah-valley","Joul Karram","utah-valley_joul1"
"utah-valley","AJ Riggs","utah-valley_ajri1"
"arkansas","Darius Acuff Jr.","arkansas_dari1"
"arkansas","D.J. Wagner","arkansas_djwa1"
"arkansas","Karter Knox","arkansas_kart1"
"arkansas","Trevon Brazile","arkansas_trev1"
"arkansas","Nick Pringle","arkansas_nick1"
"arkansas","Malique Ewin","arkansas_mali1"
"arkansas","Billy Richmond III","arkansas_bill1"
"arkansas","Meleek Thomas","arkansas_mele1"
"houston","Milos Uzan","houston_milo1"
"houston","Kingston Flemings","houston_king1"
"houston","Emanuel Sharp","houston_eman1"
"houston","Chris Cenac Jr.","houston_chri1"
"houston","Joseph Tugler","houston_jose1"
"houston","Ramon Walker Jr.","houston_ramo1"
"houston","Isiah Harwell","houston_isia1"
"houston","Cedric Lath","houston_cedr1"
"houston","Chase McCarty","houston_chas1"
"houston","Mercy Miller","houston_merc1"
"james-madison","Bradley Douglas","james-madison_brad1"
"james-madison","Cliff Davis","james-madison_clif1"
"james-madison","Eddie Ricks III","james-madison_eddi1"
"james-madison","Justin McBride","james-madison_just1"
"james-madison","Gabe Newhof","james-madison_gabe1"
"james-madison","Preston Fowler","james-madison_pres1"
"james-madison","Paul Jones III","james-madison_paul1"
"james-madison","Christian Brown","james-madison_chri1"
"james-madison","Paul Lewis","james-madison_paul2"
"james-madison","Eli Wilborn","james-madison_eliw1"
"james-madison","Justin Taylor","james-madison_just2"
"loyola-il","Kayde Dotson","loyola-il_kayd1"
"loyola-il","Justin Moore","loyola-il_just1"
"loyola-il","Kymany Houinsou","loyola-il_kyma1"
"loyola-il","Xavier Amos","loyola-il_xavi1"
"loyola-il","Miles Rubin","loyola-il_mile1"
"loyola-il","Chuck Love III","loyola-il_chuc1"
"loyola-il","Alexander Richardson","loyola-il_alex4"
"loyola-il","Deywilk Tavarez","loyola-il_deyw1"
"loyola-il","Joshua Ola-Joseph","loyola-il_josh1"
"santa-clara","Christian Hammond","santa-clara_chri1"
"santa-clara","Elijah Mahi","santa-clara_elij1"
"santa-clara","Jake Ensminger","santa-clara_jake1"
"santa-clara","Bukky Oboye","santa-clara_bukk1"
"santa-clara","Brenton Knapper","santa-clara_bren1"
"santa-clara","Thierry Darlan","santa-clara_thie1"
"santa-clara","Allen Graves","santa-clara_alle1"
"santa-clara","Aleksandar Gavalyugov","santa-clara_alek1"
"santa-clara","KJ Cochran","santa-clara_kjco1"
"santa-clara","Francis Chukwudebelu","santa-clara_fran1"
"mercer","Baraka Okojie","mercer_bara1"
"mercer","Armani Mighty","mercer_arma1"
"mercer","Connor Serven","mercer_conn1"
"mercer","Brady Shoulders","mercer_brad1"
"mercer","Zaire Williams","mercer_zair1"
"mercer","Quinton Perkins II","mercer_quin1"
"mercer","Tristan Gross","mercer_tris1"
"mercer","Bendji Pierre","mercer_bend1"
"mercer","Kyle Cuffe Jr.","mercer_kyle1"
"washington-state","Tomas Thrastarson","washington-state_toma1"
"washington-state","Eemeli Yalaho","washington-state_eeme1"
"washington-state","Ace Glass lll","washington-state_aceg1"
"washington-state","Adria Rodriguez","washington-state_adri1"
"washington-state","ND Okafor","washington-state_ndok1"
"washington-state","Jerone Morton","washington-state_jero1"
"washington-state","Rihards Vavers","washington-state_riha1"
"washington-state","Simon Hildebrandt","washington-state_simo1"
"washington-state","Parker Gerrits","washington-state_park1"
"washington-state","Emmanuel Ugbo","washington-state_emma1"
"bucknell","Amon Dörries","bucknell_amon1"
"bucknell","Achile Spadone","bucknell_achi1"
"bucknell","Ruot Bijiek","bucknell_ruot1"
"bucknell","Jayden Williams","bucknell_jayd1"
"bucknell","Grgur Brcic","bucknell_grgu1"
"bucknell","Aleksander Pachucki","bucknell_alek1"
"bucknell","Jacob Meachem","bucknell_jaco1"
"bucknell","Patrick O'Brien","bucknell_patr1"
"bucknell","Kellen Welch","bucknell_kell1"
"bucknell","Matt Lange","bucknell_matt1"
"iowa","Bennett Stirtz","iowa_benn1"
"iowa","Kael Combs","iowa_kael1"
"iowa","Tavion Banks","iowa_tavi1"
"iowa","Cooper Koch","iowa_coop1"
"iowa","Cam Manyawu","iowa_camm1"
"iowa","Tate Sage","iowa_tate1"
"iowa","Alvaro Folgueiras","iowa_alva1"
"iowa","Isaia Howard","iowa_isai1"
"iowa","Brendan Hausen","iowa_bren1"
"iowa","Trevin Jirak","iowa_trev1"
"iowa","Joey Matteoni","iowa_joey1"
"iowa","Jacob Koch","iowa_jaco1"
"maryland","Solomon Washington","maryland_solo1"
"maryland","David Coit","maryland_davi1"
"maryland","George Turkson Jr.","maryland_geor1"
"maryland","Myles Rice","maryland_myle1"
"maryland","Elijah Saunders","maryland_elij1"
"maryland","Andre Mills","maryland_andr1"
"maryland","Darius Adams","maryland_dari1"
"maryland","Isaiah Watts","maryland_isai1"
"maryland","Collin Metcalf","maryland_coll1"
"virginia","Sam Lewis","virginia_saml1"
"virginia","Dallin Hall","virginia_dall1"
"virginia","Johann Grünloh","virginia_joha1"
"virginia","Thijs De Ridder","virginia_thij1"
"virginia","Malik Thomas","virginia_mali1"
"virginia","Chance Mallory","virginia_chan1"
"virginia","Jacari White","virginia_jaca1"
"virginia","Devin Tillis","virginia_devi1"
"virginia","Ugonna Onyenso","virginia_ugon1"
"mississippi-valley-state","Desiree Smith","mississippi-valley-state_desi1"
"lamar","Rob Lee Jr.","lamar_robl1"
"lamar","Cody Pennebaker","lamar_cody1"
"lamar","Andrew Holifield","lamar_andr1"
"lamar","Errol White","lamar_erro1"
"lamar","King-Njhsanni Wilhite","lamar_king1"
"lamar","Braden East","lamar_brad1"
"lamar","Eian Lowe","lamar_eian1"
"lamar","Janko Bulajic","lamar_jank1"
"lamar","Brian Knight","lamar_bria1"
"lamar","Jayden Gambrell","lamar_jayd1"
"nebraska-omaha","Tony Osburn","nebraska-omaha_tony1"
"nebraska-omaha","Ja'Sean Glover","nebraska-omaha_jase1"
"nebraska-omaha","Lance Waddles","nebraska-omaha_lanc1"
"nebraska-omaha","Kamryn Thomas","nebraska-omaha_kamr1"
"nebraska-omaha","Christian Richardson","nebraska-omaha_chri1"
"nebraska-omaha","Brock Scholl","nebraska-omaha_broc1"
"nebraska-omaha","Paul Djobet","nebraska-omaha_paul1"
"nebraska-omaha","Khamani Cooper","nebraska-omaha_kham1"
"nebraska-omaha","Julian Margrave","nebraska-omaha_juli1"
"portland-state","Jaylin Henderson","portland-state_jayl1"
"portland-state","Keyon Kensie","portland-state_keyo1"
"portland-state","Terri Miller Jr.","portland-state_terr1"
"portland-state","Tre-Vaughn Minott","portland-state_trev1"
"portland-state","Alex Dupre","portland-state_alex1"
"portland-state","Kelcy Phipps","portland-state_kelc1"
"portland-state","Sebastian Tidor","portland-state_seba1"
"portland-state","Mozae Downing-Rivers","portland-state_moza1"
"portland-state","Isaiah Williams","portland-state_isai1"
"portland-state","Charles Chukwu","portland-state_char1"
"portland-state","Kean Webb","portland-state_kean1"
"tulane","Scotty Middleton","tulane_scot1"
"tulane","Rowan Brumbaugh","tulane_rowa1"
"tulane","Asher Woods","tulane_ashe1"
"tulane","Curtis Williams","tulane_curt1"
"tulane","Tyler Ringgold","tulane_tyle1"
"tulane","KJ Greene","tulane_kjgr1"
"tulane","Percy Daniels","tulane_perc1"
"tulane","JoJo Moore","tulane_jojo1"
"california-baptist","Martel Williams","california-baptist_mart2"
"california-baptist","Dominique Daniels Jr.","california-baptist_domi1"
"california-baptist","Thomas Ndong","california-baptist_thom1"
"california-baptist","Jordan Mueller","california-baptist_jord1"
"california-baptist","Devon Malcolm","california-baptist_devo1"
"california-baptist","Jayden Jackson","california-baptist_jayd1"
"california-baptist","Jonathan Griman","california-baptist_jona1"
"california-baptist","Nathaniel Garcia","california-baptist_nath1"
"sacramento-state","Jahni Summers","sacramento-state_jahn1"
"sacramento-state","Mikey Williams","sacramento-state_mike1"
"sacramento-state","Mark Lavrenov","sacramento-state_mark1"
"sacramento-state","MaTaj Glover","sacramento-state_mata1"
"sacramento-state","Shaqir O'Neal","sacramento-state_shaq1"
"sacramento-state","Brandon Gardner","sacramento-state_bran1"
"sacramento-state","Jayden Teat","sacramento-state_jayd1"
"sacramento-state","Arman Madi","sacramento-state_arma1"
"sacramento-state","Jeremiah Nyarko","sacramento-state_jere1"
"creighton","Isaac Traudt","creighton_isaa1"
"creighton","Josh Dix","creighton_josh1"
"creighton","Jasen Green","creighton_jase1"
"creighton","Austin Swartz","creighton_aust1"
"creighton","Ty Davis","creighton_tyda1"
"creighton","Nik Graves","creighton_nikg1"
"creighton","Blake Harper","creighton_blak1"
"creighton","Fedor Žugić","creighton_fedo1"
"creighton","Owen Freeman","creighton_owen1"
"creighton","Kerem Konan","creighton_kere1"
"creighton","Shane Thomas","creighton_shan1"
"marquette","Nigel James Jr.","marquette_nige1"
"marquette","Chase Ross","marquette_chas1"
"marquette","Adrien Stevens","marquette_adri1"
"marquette","Royce Parham","marquette_royc1"
"marquette","Caedin Hamilton","marquette_caed1"
"marquette","Damarius Owens","marquette_dama1"
"marquette","Sean Jones","marquette_sean1"
"marquette","Ben Gold","marquette_beng1"
"marquette","Michael Phillips II","marquette_mich1"
"marquette","Josh Clark","marquette_josh1"
"marquette","Tre Norman","marquette_tren1"
"duke","Cameron Boozer","duke_came1"
"duke","Isaiah Evans","duke_isai1"
"duke","Caleb Foster","duke_cale1"
"duke","Patrick Ngongba","duke_patr1"
"duke","Nikolas Khamenia","duke_niko1"
"duke","Maliq Brown","duke_mali1"
"duke","Cayden Boozer","duke_cayd1"
"duke","Darren Harris","duke_darr1"
"duke","Dame Sarr","duke_dame1"
"texas-tech","Christian Anderson","texas-tech_chri1"
"texas-tech","Donovan Atwell","texas-tech_dono1"
"texas-tech","JT Toppin","texas-tech_jtto1"
"texas-tech","LeJuan Watts","texas-tech_leju1"
"texas-tech","Tyeree Bryan","texas-tech_tyer1"
"texas-tech","Jaylen Petty","texas-tech_jayl1"
"texas-tech","Nolan Groves","texas-tech_nola1"
"texas-tech","Leon Horner","texas-tech_leon1"
"georgetown","Caleb Williams","georgetown_cale1"
"georgetown","Malik Mack","georgetown_mali1"
"georgetown","Julius Halaifonua","georgetown_juli1"
"georgetown","KJ Lewis","georgetown_kjle1"
"georgetown","Isaiah Abraham","georgetown_isai1"
"georgetown","Jeremiah Williams","georgetown_jere1"
"georgetown","Jayden Fort","georgetown_jayd1"
"georgetown","Kayvaun Mulready","georgetown_kayv1"
"georgetown","Langston Love","georgetown_lang1"
"georgetown","Seal Diouf","georgetown_seal1"
"xavier","Malik Moore","xavier_mali1"
"xavier","Filip Borovicanin","xavier_fili1"
"xavier","Jovan Milicevic","xavier_jova1"
"xavier","Tre Carroll","xavier_trec1"
"xavier","All Wright","xavier_allw1"
"xavier","Roddie Anderson III","xavier_rodd1"
"xavier","Pape N'Diaye","xavier_pape1"
"xavier","Isaiah Walker","xavier_isai1"
"xavier","Anthony Robinson","xavier_anth1"
"california-riverside","Osiris Grady","california-riverside_osir1"
"california-riverside","De'Undrae Perteete","california-riverside_deun1"
"california-riverside","Marqui Worthy","california-riverside_marq1"
"california-riverside","Andrew Henderson","california-riverside_andr1"
"california-riverside","BJ Kolly","california-riverside_bjko1"
"california-riverside","Jailen Daniel-Dalton","california-riverside_jail1"
"california-riverside","EJ Spillman","california-riverside_ejsp1"
"california-riverside","Tyler Jones","california-riverside_tyle1"
"st-thomas-mn","Nolan Minessale","st-thomas-mn_nola1"
"st-thomas-mn","Nick Janowski","st-thomas-mn_nick1"
"st-thomas-mn","Carter Bjerke","st-thomas-mn_cart1"
"st-thomas-mn","Austin Herro","st-thomas-mn_aust1"
"st-thomas-mn","Ben Oosterbaan","st-thomas-mn_beno1"
"st-thomas-mn","Isaiah Johnson-Arigu","st-thomas-mn_isai1"
"st-thomas-mn","Jermaine Coleman","st-thomas-mn_jerm1"
"st-thomas-mn","Ryan Dufault","st-thomas-mn_ryan1"
"st-thomas-mn","Kyle Counts","st-thomas-mn_kyle1"
"st-thomas-mn","Tim Franks","st-thomas-mn_timf1"
"st-thomas-mn","Adam Tauer","st-thomas-mn_adam1"
"st-thomas-mn","Jack Tauer","st-thomas-mn_jack1"
"st-thomas-mn","Hayden Tibbits","st-thomas-mn_hayd1"
"texas-am-corpus-christi","Mason Gibson","texas-am-corpus-christi_maso1"
"texas-am-corpus-christi","Leo Torbor","texas-am-corpus-christi_leot1"
"texas-am-corpus-christi","Sheldon Williams","texas-am-corpus-christi_shel1"
"texas-am-corpus-christi","Nicholas Shogbonyo","texas-am-corpus-christi_nich1"
"texas-am-corpus-christi","Cenker Evran","texas-am-corpus-christi_cenk1"
"texas-am-corpus-christi","Cedric Horton","texas-am-corpus-christi_cedr1"
"texas-am-corpus-christi","Franck Yetna","texas-am-corpus-christi_fran1"
"texas-am-corpus-christi","Bryson Wheatfall","texas-am-corpus-christi_brys1"
"texas-am-corpus-christi","Devon Kobi Pearson","texas-am-corpus-christi_devo1"
"texas-am-corpus-christi","Daniel Michelini-Jackson","texas-am-corpus-christi_dani1"
"texas-am-corpus-christi","Trenton Pane","texas-am-corpus-christi_tren1"
"texas-am-corpus-christi","Kam Parker","texas-am-corpus-christi_kamp1"
"texas-am-corpus-christi","Jaden Haire","texas-am-corpus-christi_jade1"
"texas-am-corpus-christi","Jamal Ambrose","texas-am-corpus-christi_jama1"
"pepperdine","Pasha Shemirani","pepperdine_pash1"
"rice","Trae Broadnax","rice_trae1"
"rice","Jalen Smith","rice_jale1"
"rice","Nick Anderson","rice_nick1"
"rice","Jimmy Oladokun Jr.","rice_jimm1"
"rice","Cam Carroll","rice_camc1"
"rice","Stephen Giwa","rice_step1"
"rice","Bodey Howell","rice_bode1"
"rice","Eternity Eguagie","rice_eter1"
"rice","Andrew Akuchie","rice_andr1"
"rice","Jordan Williams","rice_jord2"
"dixie-state","Ethan Potter","dixie-state_etha1"
"dixie-state","Madiba Owona","dixie-state_madi1"
"dixie-state","Noah Bolanga","dixie-state_noah1"
"dixie-state","Tanner Davis","dixie-state_tann1"
"dixie-state","Britton Berrett","dixie-state_brit1"
"dixie-state","Chance Trujillo","dixie-state_chan1"
"dixie-state","Jusaun Holt","dixie-state_jusa1"
"dixie-state","Dario Domingos","dixie-state_dari1"
"weber-state","Tijan Saine","weber-state_tija1"
"weber-state","Jace Whiting","weber-state_jace1"
"weber-state","Edwin Suarez Jr.","weber-state_edwi1"
"weber-state","Malek Gomma","weber-state_male1"
"weber-state","Duce Paschal","weber-state_duce1"
"weber-state","Trevor Hennig","weber-state_trev1"
"weber-state","Nigel Burris","weber-state_nige1"
"weber-state","ArDarius Grayson","weber-state_arda1"
"weber-state","Declan Cutler","weber-state_decl1"
"weber-state","David Hansen","weber-state_davi1"
"arizona","Jaden Bradley","arizona_jade1"
"arizona","Ivan Kharchenkov","arizona_ivan1"
"arizona","Brayden Burries","arizona_bray1"
"arizona","Motiejus Krivas","arizona_moti1"
"arizona","Koa Peat","arizona_koap1"
"arizona","Tobe Awaka","arizona_tobe1"
"arizona","Anthony Dell'Orso","arizona_anth1"
"arizona","Dwayne Aristode","arizona_dway1"
"arizona","Addison Arnold","arizona_addi1"
"arizona","Sven Djopmo","arizona_sven1"
"arizona","Sidi Gueye","arizona_sidi1"
"arizona","Evan Nelson","arizona_evan1"
"san-diego-state","Reese Dixon-Waters","san-diego-state_rees1"
"san-diego-state","Magoon Gwath","san-diego-state_mago1"
"san-diego-state","Miles Byrd","san-diego-state_mile1"
"san-diego-state","Miles Heide","san-diego-state_mile2"
"san-diego-state","Elzie Harrington","san-diego-state_elzi1"
"san-diego-state","BJ Davis","san-diego-state_bjda1"
"san-diego-state","Tae Simmons","san-diego-state_taes1"
"san-diego-state","Pharaoh Compton","san-diego-state_phar1"
"san-diego-state","Sean Newman Jr.","san-diego-state_sean1"
"san-diego-state","Taj DeGourville","san-diego-state_tajd1"
"san-diego-state","Jeremiah Oden","san-diego-state_jere1"
"boston-university","Michael McNair","boston-university_mich1"
"boston-university","Chance Gladden","boston-university_chan1"
"boston-university","Ben Defty","boston-university_bend1"
"boston-university","Malcolm Chimezie","boston-university_malc1"
"boston-university","Ethan Okwuosa","boston-university_etha1"
"boston-university","Sam Hughes","boston-university_samh1"
"boston-university","Azmar Abdullah","boston-university_azma1"
"boston-university","Donte Tisinger Jr.","boston-university_dont1"
"massachusetts-lowell","Angel Montas","massachusetts-lowell_ange1"
"massachusetts-lowell","Darrel Yepdo","massachusetts-lowell_darr1"
"massachusetts-lowell","Austin Green","massachusetts-lowell_aust1"
"massachusetts-lowell","Xavier Spencer","massachusetts-lowell_xavi1"
"massachusetts-lowell","JJ Massaquoi","massachusetts-lowell_jjma1"
"massachusetts-lowell","Victor Okojie","massachusetts-lowell_vict1"
"massachusetts-lowell","Khalil Farmer","massachusetts-lowell_khal1"
"massachusetts-lowell","Isaiah Walter","massachusetts-lowell_isai1"
"massachusetts-lowell","Shawn Simmons II","massachusetts-lowell_shaw1"
"massachusetts-lowell","Jared Frey","massachusetts-lowell_jare1"
"massachusetts-lowell","Jerell Roberson","massachusetts-lowell_jere1"
"illinois-chicago","Andy Johnson","illinois-chicago_andy1"
"illinois-chicago","Rashund Washington Jr.","illinois-chicago_rash1"
"illinois-chicago","Mekhi Lowery","illinois-chicago_mekh1"
"illinois-chicago","Jayce Nathaniel","illinois-chicago_jayc1"
"illinois-chicago","Josiah Hammons","illinois-chicago_josi1"
"illinois-chicago","Ahmad Henderson II","illinois-chicago_ahma1"
"illinois-chicago","Abdul Momoh","illinois-chicago_abdu1"
"illinois-chicago","Sam Silverstein","illinois-chicago_sams1"
"illinois-chicago","Tai Walters-Whitaker","illinois-chicago_taiw1"
"cincinnati","Day Day Thomas","cincinnati_dayd1"
"cincinnati","Baba Miller","cincinnati_baba1"
"cincinnati","Moustapha Thiam","cincinnati_mous1"
"cincinnati","Shon Abaev","cincinnati_shon1"
"cincinnati","Kerr Kriisa","cincinnati_kerr1"
"cincinnati","Jizzle James","cincinnati_jizz1"
"cincinnati","Sencire Harris","cincinnati_senc1"
"cincinnati","Jalen Celestine","cincinnati_jale1"
"cincinnati","Halvine Dzellat","cincinnati_halv1"
"clemson","Dillon Hunter","clemson_dill1"
"clemson","Jestin Porter","clemson_jest1"
"clemson","RJ Godfrey","clemson_rjgo1"
"clemson","Carter Welling","clemson_cart1"
"clemson","Jake Wahlin","clemson_jake1"
"clemson","Ace Buckner","clemson_aceb1"
"clemson","Nick Davidson","clemson_nick1"
"clemson","Efrem Johnson","clemson_efre1"
"clemson","Chase Thompson","clemson_chas1"
"cincinnati","Dee Alexander","cincinnati_deea1"
"furman","Owen Ritger","furman_owen1"
"la-salle","Nas Hart","la-salle_nash1"
"la-salle","Max Lipacis","la-salle_maxl1"
"la-salle","Arlan Masharaliyev","la-salle_arla1"
"michigan","Yaxel Lendeborg","michigan_yaxe1"
"michigan","Elliot Cadeau","michigan_elli1"
"michigan","Morez Johnson Jr.","michigan_more1"
"michigan","Aday Mara","michigan_aday1"
"michigan","Nimari Burnett","michigan_nima1"
"michigan","Trey McKenney","michigan_trey1"
"michigan","Will Tschetter","michigan_will1"
"michigan","Roddy Gayle Jr.","michigan_rodd1"
"michigan","L.J. Cason","michigan_ljca1"
"michigan","Oscar Goodman","michigan_osca1"
"michigan","Winters Grady","michigan_wint1"
"michigan","Malick Kordel","michigan_mali1"
"michigan","Howard Eisley Jr.","michigan_howa1"
"north-carolina-greensboro","Donald Whitehead Jr.","north-carolina-greensboro_dona1"
"north-carolina-greensboro","Noah Norgaard","north-carolina-greensboro_noah1"
"north-carolina-greensboro","KJ Younger","north-carolina-greensboro_kjyo1"
"north-carolina-greensboro","Justin Neely","north-carolina-greensboro_just1"
"north-carolina-greensboro","Valentino Pinedo","north-carolina-greensboro_vale1"
"north-carolina-greensboro","Clinton Efinda","north-carolina-greensboro_clin1"
"north-carolina-greensboro","Landon King","north-carolina-greensboro_land1"
"north-carolina-greensboro","Clyde Bailey II","north-carolina-greensboro_clyd1"
"north-carolina-greensboro","Chane Bynum","north-carolina-greensboro_chan1"
"north-carolina-greensboro","Domas Kauzonas","north-carolina-greensboro_doma1"
"north-carolina-greensboro","Braylen Bowman","north-carolina-greensboro_bray1"
"college-of-charleston","Jlynn Counter","college-of-charleston_jlyn1"
"college-of-charleston","Connor Hickman","college-of-charleston_conn1"
"college-of-charleston","Martin Kalu","college-of-charleston_mart1"
"college-of-charleston","Jaxon Prunty","college-of-charleston_jaxo1"
"college-of-charleston","Chol Machot","college-of-charleston_chol1"
"college-of-charleston","Djordje Curcic","college-of-charleston_djor1"
"college-of-charleston","Christian Reeves","college-of-charleston_chri1"
"college-of-charleston","Chadlyn Traylor","college-of-charleston_chad1"
"college-of-charleston","Chris Davis Jr.","college-of-charleston_chri2"
"northern-kentucky","Dan Gherezgher Jr.","northern-kentucky_dang1"
"northern-kentucky","Kael Robinson","northern-kentucky_kael1"
"northern-kentucky","Tae Dozier","northern-kentucky_taed1"
"northern-kentucky","LJ Wells","northern-kentucky_ljwe1"
"northern-kentucky","Ethan Elliott","northern-kentucky_etha1"
"northern-kentucky","Donovan Oday","northern-kentucky_dono1"
"northern-kentucky","Donovan Rakotonanahary","northern-kentucky_dono2"
"northern-kentucky","Shawn Nelson","northern-kentucky_shaw1"
"northern-kentucky","Ryan Tolliver","northern-kentucky_ryan1"
"penn-state","Kayden Mingo","penn-state_kayd1"
"penn-state","Josh Reed","penn-state_josh1"
"penn-state","Ivan Juric","penn-state_ivan1"
"penn-state","Melih Tunca","penn-state_meli1"
"penn-state","Dominick Stewart","penn-state_domi1"
"penn-state","Freddie Dilione V","penn-state_fred1"
"penn-state","Mason Blackwood","penn-state_maso1"
"penn-state","Tibor Mirtic","penn-state_tibo1"
"penn-state","Justin Houser","penn-state_just1"
"penn-state","Eli Rice","penn-state_elir1"
"penn-state","Saša Ciani","penn-state_saac1"
"pittsburgh","Damarco Minor","pittsburgh_dama1"
"pittsburgh","Roman Siulepa","pittsburgh_roma1"
"pittsburgh","Barry Dunning Jr.","pittsburgh_barr1"
"pittsburgh","Cameron Corhen","pittsburgh_came1"
"pittsburgh","Nojus Indrusaitis","pittsburgh_noju1"
"pittsburgh","Omari Witherspoon","pittsburgh_omar1"
"pittsburgh","Brandin Cummings","pittsburgh_bran1"
"pittsburgh","Kieran Mullen","pittsburgh_kier1"
"pittsburgh","Macari Moore","pittsburgh_maca1"
"providence","Nalani Kaysia","providence_nala1"
"vanderbilt","Duke Miles","vanderbilt_duke1"
"vanderbilt","Tyler Nickel","vanderbilt_tyle1"
"vanderbilt","Devin McGlockton","vanderbilt_devi1"
"vanderbilt","Tyler Tanner","vanderbilt_tyle2"
"vanderbilt","AK Okereke","vanderbilt_akok1"
"vanderbilt","Tyler Harris","vanderbilt_tyle3"
"vanderbilt","Jalen Washington","vanderbilt_jale1"
"vanderbilt","Michael James","vanderbilt_mich1"
"vanderbilt","Chandler Bing","vanderbilt_chan1"
"vanderbilt","Jaylon Dean-Vines","vanderbilt_jayl1"
"vanderbilt","Jayden Leverett","vanderbilt_jayd1"
"vanderbilt","Miles Keeffe","vanderbilt_mile1"
"wake-forest","Myles Colvin","wake-forest_myle1"
"wake-forest","Juke Harris","wake-forest_juke1"
"wake-forest","Tre'Von Spillers","wake-forest_trev1"
"wake-forest","Omaha Biliew","wake-forest_omah1"
"wake-forest","Nate Calmese","wake-forest_nate1"
"wake-forest","Jaylen Cross","wake-forest_jayl1"
"wake-forest","Cooper Schwieger","wake-forest_coop1"
"wake-forest","Isaac Carr","wake-forest_isaa1"
"wake-forest","Sebastian Akins","wake-forest_seba1"
"wake-forest","Mekhi Mason","wake-forest_mekh1"
"wake-forest","Marqus Marion","wake-forest_marq1"
"alabama-birmingham","Chance Westry","alabama-birmingham_chan1"
"alabama-birmingham","Salim London","alabama-birmingham_sali1"
"alabama-birmingham","Daniel Rivera","alabama-birmingham_dani1"
"alabama-birmingham","Evan Chatman","alabama-birmingham_evan1"
"alabama-birmingham","Ahmad Robinson","alabama-birmingham_ahma1"
"alabama-birmingham","KyeRon Lindsay","alabama-birmingham_kyer1"
"alabama-birmingham","Quaran McPherson","alabama-birmingham_quar1"
"alabama-birmingham","Ari Gooch","alabama-birmingham_arig1"
"alabama-birmingham","Lance Carr","alabama-birmingham_lanc1"
"alabama-birmingham","Dayjaun Anderson","alabama-birmingham_dayj1"
"alabama","Aden Holloway","alabama_aden1"
"alabama","Labaron Philon","alabama_laba1"
"alabama","Houston Mallette","alabama_hous1"
"alabama","Amari Allen","alabama_amar1"
"alabama","Aiden Sherrell","alabama_aide1"
"alabama","Latrell Wrightsell Jr.","alabama_latr1"
"alabama","Jalil Bethea","alabama_jali1"
"alabama","Keitenn Bristow","alabama_keit1"
"alabama","Taylor Bol Bowen","alabama_tayl1"
"alabama","Noah Williamson","alabama_noah1"
"kennesaw-state","Braedan Lue","kennesaw-state_brae1"
"kennesaw-state","Simeon Cottle","kennesaw-state_sime1"
"kennesaw-state","Trey Simpson","kennesaw-state_trey1"
"kennesaw-state","Amir Taylor","kennesaw-state_amir1"
"kennesaw-state","Kaden Rickard","kennesaw-state_kade1"
"kennesaw-state","Frankquon Sherman","kennesaw-state_fran1"
"kennesaw-state","RJ Johnson","kennesaw-state_rjjo1"
"kennesaw-state","Darius Washington III","kennesaw-state_dari1"
"kennesaw-state","Ramone Seals","kennesaw-state_ramo1"
"southern","Cam Amboree","southern_cama1"
"southern","Brandon Hardy","southern_bran1"
"southern","Terrance Dixon Jr.","southern_terr1"
"southern","Joe Manning","southern_joem1"
"southern","DaMariee Jones","southern_dama1"
"southern","Michael Jacobs","southern_mich1"
"southern","Malek Abdelgowad","southern_male1"
"southern","AJ Barnes","southern_ajba1"
"southern","Ashton Magee","southern_asht1"
"southern","Fazl Oshodi","southern_fazl1"
"southern","PJ Dobuol","southern_pjdo1"
"bradley","Matthew Zobrist","bradley_matt1"
"southern-illinois","Caden Hawkins","southern-illinois_cade1"
"southern-illinois","Jaheem Webber","southern-illinois_jahe1"
"drake","Isaiah Carr","drake_isai1"
"evansville","Leif Moeller","evansville_leif1"
"evansville","Connor Turnbull","evansville_conn1"
"evansville","Joshua Hughes","evansville_josh1"
"evansville","Bryce Quinet","evansville_bryc1"
"evansville","Alex Hemenway","evansville_alex1"
"evansville","AJ Casey","evansville_ajca1"
"evansville","Keishon Porter","evansville_keis1"
"evansville","Trent Hundley","evansville_tren1"
"evansville","Kaia Berridge","evansville_kaia1"
"evansville","James Dyson-Merwe","evansville_jame1"
"illinois-state","Ty Blake","illinois-state_tybl1"
"indiana-state","Jayan Walker","indiana-state_jaya1"
"indiana-state","Sivert Nordheim","indiana-state_sive1"
"indiana-state","Caden Huttenlocker","indiana-state_cade1"
"middle-tennessee","Jahvin Carter","middle-tennessee_jahv1"
"middle-tennessee","Torey Alston","middle-tennessee_tore1"
"middle-tennessee","Sean Smith","middle-tennessee_sean1"
"middle-tennessee","Kamari Lands","middle-tennessee_kama1"
"middle-tennessee","Chris Loofe","middle-tennessee_chri1"
"middle-tennessee","Tre Green","middle-tennessee_treg1"
"middle-tennessee","Luka Jovanovic","middle-tennessee_luka1"
"middle-tennessee","Jarred Hall","middle-tennessee_jarr1"
"middle-tennessee","Marcus Whitlock","middle-tennessee_marc1"
"new-mexico-state","Julius Mims","new-mexico-state_juli1"
"new-mexico-state","Anthony Wrzeszcz","new-mexico-state_anth1"
"new-mexico-state","Gabe Pickens","new-mexico-state_gabe1"
"new-mexico-state","Jemel Jones","new-mexico-state_jeme1"
"new-mexico-state","Cyr Malonga","new-mexico-state_cyrm1"
"new-mexico-state","Elijah Elliott","new-mexico-state_elij1"
"new-mexico-state","Jayland Randall","new-mexico-state_jayl1"
"new-mexico-state","Jae'Coby Osborne","new-mexico-state_jaec1"
"new-mexico-state","Kyrese Mullen","new-mexico-state_kyre1"
"new-mexico-state","Chris Terrell","new-mexico-state_chri1"
"new-mexico-state","Augustine Ekwe","new-mexico-state_augu1"
"sam-houston-state","Damon Nicholas Jr.","sam-houston-state_damo1"
"sam-houston-state","Kashie Natt","sam-houston-state_kash1"
"sam-houston-state","Po'Boigh King","sam-houston-state_pobo1"
"sam-houston-state","Justin Begg","sam-houston-state_just1"
"sam-houston-state","Veljko Ilic","sam-houston-state_velj1"
"sam-houston-state","Isaiah Manning","sam-houston-state_isai1"
"sam-houston-state","Jacobe Coleman","sam-houston-state_jaco1"
"sam-houston-state","Jacob Walker","sam-houston-state_jaco2"
"sam-houston-state","Jaxson Ford","sam-houston-state_jaxs1"
"sam-houston-state","Matt Dann","sam-houston-state_matt1"
"sam-houston-state","CJ Beaumont","sam-houston-state_cjbe1"
"cal-poly","Jake Davis","cal-poly_jake1"
"idaho","Jackson Rasmussen","idaho_jack1"
"idaho","Biko Johnson","idaho_biko1"
"idaho","Kolton Mitchell","idaho_kolt1"
"idaho","Brody Rowbury","idaho_brod1"
"idaho","Jack Payne","idaho_jack2"
"idaho","Trevon Blassingame","idaho_trev1"
"idaho","Isaiah Brickner","idaho_isai1"
"idaho","Miles Klapper","idaho_mile1"
"idaho","Seth Joba","idaho_seth1"
"idaho","Ewan Steele","idaho_ewan1"
"idaho","Aidan Sevilla","idaho_aida1"
"california","Justin Pippen","california_just1"
"columbia","Kenny Noland","columbia_kenn1"
"columbia","Blair Thompson","columbia_blai1"
"columbia","Mason Ritter","columbia_maso1"
"columbia","Miles Franklin","columbia_mile1"
"columbia","Ryan Soulis","columbia_ryan1"
"columbia","Connor Igoe","columbia_conn1"
"columbia","Gerard O'Keefe","columbia_gera1"
"columbia","Hampton Sanders","columbia_hamp1"
"columbia","Richard Nweke","columbia_rich1"
"gonzaga","Graham Ike","gonzaga_grah1"
"gonzaga","Braden Huff","gonzaga_brad1"
"gonzaga","Emmanuel Innocenti","gonzaga_emma1"
"gonzaga","Steele Venters","gonzaga_stee1"
"gonzaga","Mario Saint-Supery","gonzaga_mari1"
"gonzaga","Braeden Smith","gonzaga_brae1"
"gonzaga","Jalen Warley","gonzaga_jale1"
"gonzaga","Adam Miller","gonzaga_adam1"
"gonzaga","Tyon Grant-Foster","gonzaga_tyon1"
"oregon","Nathan Bittle","oregon_nath1"
"oregon","Jackson Shelstad","oregon_jack1"
"oregon","TK Simpkins","oregon_tksi1"
"oregon","Kwame Evans Jr.","oregon_kwam1"
"oregon","Sean Stewart","oregon_sean1"
"oregon","Dezdrick Lindsay","oregon_dezd1"
"oregon","Wei Lin","oregon_weil1"
"oregon","Ege Demir","oregon_eged1"
"oregon","Jamari Phillips","oregon_jama1"
"san-francisco","Ryan Beasley","san-francisco_ryan1"
"san-francisco","Tyrone Riley IV","san-francisco_tyro1"
"san-francisco","Guillermo Diaz Graham","san-francisco_guil1"
"san-francisco","Vukasin Masic","san-francisco_vuka1"
"san-francisco","Mookie Cook","san-francisco_mook1"
"san-francisco","David Fuchs","san-francisco_davi1"
"san-francisco","Legend Smiley","san-francisco_lege1"
"san-francisco","Aidan Braccia","san-francisco_aida1"
"san-francisco","Veniamin Abosi","san-francisco_veni1"
"san-francisco","Junjie Wang","san-francisco_junj1"
"san-francisco","Weilun Zhao","san-francisco_weil1"
"san-francisco","Saba Gigiberia","san-francisco_saba1"
"san-francisco","Sean Blakely","san-francisco_sean1"
"southern-california","Chad Baker-Mazara","southern-california_chad1"
"southern-california","Gabe Dynes","southern-california_gabe1"
"southern-california","Ryan Cornish","southern-california_ryan1"
"southern-california","Jacob Cofie","southern-california_jaco1"
"southern-california","Ezra Ausar","southern-california_ezra1"
"southern-california","Jordan Marsh","southern-california_jord1"
"southern-california","Kam Woods","southern-california_kamw1"
"southern-california","Jerry Easter II","southern-california_jerr1"
"southern-california","Terrance Williams II","southern-california_terr1"
"southern-california","Jaden Brownell","southern-california_jade1"
"southern-california","EJ Neal","southern-california_ejne1"
"southern-california","Patrick O'Brien","southern-california_patr1"
"southern-california","Jonah Goorin","southern-california_jona1"
"southern-california","Brit Burden","southern-california_brit1"
"detroit-mercy","Kailee Davis","detroit-mercy_kail1"
"detroit-mercy","Allison Basye","detroit-mercy_alli1"
"colgate","Jalen Cox","colgate_jale1"
"colgate","Sam Wright","colgate_samw1"
"colgate","Ben Tweedy","colgate_bent1"
"colgate","Josh Ahayere","colgate_josh1"
"colgate","Andrew Alekseyenko","colgate_andr1"
"colgate","Kyle Carlesimo","colgate_kyle1"
"colgate","Cooper Wright","colgate_coop1"
"colgate","Brady Cummins","colgate_brad1"
"colgate","Ethan Brown","colgate_etha1"
"colgate","Eyilayomi Odetoyinbo","colgate_eyil1"
"colgate","Cameron Brennan","colgate_came1"
"colgate","Jonathan Niv","colgate_jona1"
"colgate","Charles Pugh","colgate_char1"
"florida","Alex Condon","florida_alex2"
"florida","Xaivian Lee","florida_xaiv1"
"florida","Boogie Fland","florida_boog1"
"florida","Thomas Haugh","florida_thom1"
"florida","Rueben Chinyelu","florida_rueb1"
"florida","Micah Handlogten","florida_mica1"
"florida","Urban Klavzar","florida_urba1"
"florida","Alex Kovatchev","florida_alex3"
"florida","Isaiah Brown","florida_isai1"
"florida","CJ Ingram II","florida_cjin1"
"florida","Alex Lloyd","florida_alex4"
"florida","Viktor Mikic","florida_vikt1"
"florida","Olivier Rioux","florida_oliv1"
"mount-st-marys","Elijah Espinosa","mount-st-marys_elij1"
"mount-st-marys","Patrick Haigh","mount-st-marys_patr1"
"mount-st-marys","John Miller IV","mount-st-marys_john1"
"mount-st-marys","Noah Rogers","mount-st-marys_noah1"
"navy","David Burnett","navy_davi1"
"navy","Matt Gaffney","navy_matt1"
"navy","Owen Gray","navy_owen1"
"navy","Julian Gabbidon","navy_juli2"
"navy","Tobi Raji","navy_tobi1"
"ipfw","Corey Hadnot II","ipfw_core1"
"ipfw","DeAndre Craig","ipfw_dean1"
"ipfw","Mikale Stevenson","ipfw_mika1"
"ipfw","Maximus Nelson","ipfw_maxi1"
"ipfw","Darius Duffy","ipfw_dari1"
"ipfw","Chris Morgan","ipfw_chri1"
"ipfw","Deangelo Elisee","ipfw_dean2"
"ipfw","Ebrahim Kaba","ipfw_ebra1"
"ipfw","EJ Mosley","ipfw_ejmo1"
"ipfw","Yuval Levin","ipfw_yuva1"
"notre-dame","Braeden Shrewsberry","notre-dame_brae1"
"notre-dame","Jalen Haralson","notre-dame_jale1"
"notre-dame","Carson Towt","notre-dame_cars1"
"notre-dame","Garrett Sundra","notre-dame_garr1"
"notre-dame","Cole Certa","notre-dame_cole1"
"notre-dame","Logan Imes","notre-dame_loga1"
"notre-dame","Sir Mohammed","notre-dame_sirm1"
"notre-dame","Brady Koehler","notre-dame_brad1"
"notre-dame","Kebba Njie","notre-dame_kebb1"
"notre-dame","Matthew MacLellan","notre-dame_matt1"
"notre-dame","Ryder Frost","notre-dame_ryde1"
"winthrop","Braylhan Thomas","winthrop_bray1"
"winthrop","Cam Christy","winthrop_camc1"
"winthrop","Henry Harrison","winthrop_henr1"
"hofstra","Cruz Davis","hofstra_cruz1"
"hofstra","German Plotnikov","hofstra_germ1"
"hofstra","Preston Edmead","hofstra_pres1"
"hofstra","Victory Onuetu","hofstra_vict1"
"hofstra","Joshua DeCady","hofstra_josh1"
"hofstra","James Patterson","hofstra_jame1"
"hofstra","Silas Sunday","hofstra_sila1"
"hofstra","Jaeden Roberts","hofstra_jaed1"
"quinnipiac","Amarri Monroe","quinnipiac_amar1"
"quinnipiac","Grant Randall","quinnipiac_gran1"
"quinnipiac","Nate Guerengomba","quinnipiac_nate1"
"quinnipiac","Asim Jones","quinnipiac_asim1"
"quinnipiac","Spence Wewe","quinnipiac_spen1"
"quinnipiac","Tai Turnage","quinnipiac_tait1"
"quinnipiac","Keith McKnight","quinnipiac_keit1"
"quinnipiac","Samuel Osayi Nosakhare","quinnipiac_samu1"
"quinnipiac","Samson Reilly","quinnipiac_sams1"
"marist","Elijah Lewis","marist_elij1"
"marist","Jadin Collins","marist_jadi1"
"marist","Jaden Daughtry","marist_jade1"
"marist","Justin Menard","marist_just2"
"marist","Jason Schofield","marist_jaso1"
"marist","Rhyjon Blackwell","marist_rhyj1"
"marist","Jordan Gabriel","marist_jord1"
"marist","Myles Parker","marist_myle1"
"marist","Parby Kabamba","marist_parb1"
"marist","Trace Salton","marist_trac1"
"marist","Ricky McKenzie","marist_rick1"
"stony-brook","Erik Pratt","stony-brook_erik1"
"stony-brook","Andrej Shoshkikj","stony-brook_andr1"
"stony-brook","Quin Gorman","stony-brook_quin1"
"stony-brook","Rob Brown III","stony-brook_robb1"
"stony-brook","Richard Goods","stony-brook_rich1"
"stony-brook","Tomas Valentiny","stony-brook_toma1"
"stony-brook","Ethan Simmon","stony-brook_etha1"
"stony-brook","Toby Onyekonwu","stony-brook_toby1"
"stony-brook","Jonah Butler","stony-brook_jona1"
"stony-brook","Oleg Kojenets","stony-brook_oleg1"
"stony-brook","Leon Nahar","stony-brook_leon1"
"monmouth","Jason Rivera-Torres","monmouth_jaso1"
"monmouth","Cornelius Robinson Jr.","monmouth_corn1"
"monmouth","Justin Ray","monmouth_just1"
"monmouth","Anthony Martinez","monmouth_anth1"
"monmouth","Stefanos Spartalis","monmouth_stef1"
"monmouth","Corey Miller","monmouth_core1"
"monmouth","Andrew Ball","monmouth_andr1"
"monmouth","Dok Muordar","monmouth_dokm1"
"monmouth","Jinup Doboul","monmouth_jinu1"
"monmouth","Quinn Peters","monmouth_quin1"
"monmouth","Zubayr Griffin","monmouth_zuba1"
"monmouth","O'Marion Harvey","monmouth_omar1"
"monmouth","Jack Leahy","monmouth_jack1"
"monmouth","Lucas Orchard","monmouth_luca1"
"mississippi","Travis Perry","mississippi_trav1"
"mississippi","Malik Dia","mississippi_mali1"
"mississippi","Ilias Kamardine","mississippi_ilia1"
"mississippi","AJ Storr","mississippi_ajst1"
"mississippi","Corey Chest","mississippi_core1"
"mississippi","Eduardo Klafke","mississippi_edua1"
"mississippi","Zach Day","mississippi_zach1"
"mississippi","Augusto Cassia","mississippi_augu1"
"mississippi","Patton Pinkins","mississippi_patt1"
"mississippi","Niko Bundalo","mississippi_niko1"
"mississippi","James Scott","mississippi_jame1"
"mississippi","Max Smith","mississippi_maxs1"
"mississippi","Kezza Giffa","mississippi_kezz1"
"north-carolina-state","Quadir Copeland","north-carolina-state_quad1"
"north-carolina-state","Ven-Allen Lubin","north-carolina-state_vena1"
"north-carolina-state","Paul McNeil Jr.","north-carolina-state_paul1"
"north-carolina-state","Darrion Williams","north-carolina-state_darr1"
"north-carolina-state","Alyn Breed","north-carolina-state_alyn1"
"north-carolina-state","Tre Holloman","north-carolina-state_treh1"
"north-carolina-state","Musa Sagnia","north-carolina-state_musa1"
"north-carolina-state","Matt Able","north-carolina-state_matt1"
"north-carolina-state","Scottie Ebube","north-carolina-state_scot1"
"texas-am","Ibifaa Azogu","texas-am_ibif1"
"texas-am","Gianna Gentry","texas-am_gian1"
"albany-ny","Amir Lindsey","albany-ny_amir1"
"albany-ny","Jaden Kempson","albany-ny_jade1"
"albany-ny","Zach Matulu","albany-ny_zach1"
"albany-ny","Isaac Abidde","albany-ny_isaa1"
"albany-ny","Ma'Kye Taylor","albany-ny_maky1"
"albany-ny","Okechukwu Okeke","albany-ny_okec1"
"albany-ny","Nasir Muhammad","albany-ny_nasi1"
"albany-ny","Miles Rose","albany-ny_mile1"
"albany-ny","Yaya Keita","albany-ny_yaya1"
"cornell","Cooper Noard","cornell_coop1"
"cornell","Jake Fiegen","cornell_jake1"
"cornell","Adam Tsang Hinton","cornell_adam1"
"cornell","Jacob Beccles","cornell_jaco1"
"cornell","Kaspar Sepp","cornell_kasp1"
"cornell","Anthony Nimani","cornell_anth1"
"cornell","Josh Baldwin","cornell_josh1"
"cornell","DJ Nix","cornell_djni1"
"cornell","Corbin Zentner","cornell_corb1"
"cornell","DaMaryon Fishburn","cornell_dama1"
"cornell","Gioacchino Panzini","cornell_gioa1"
"delaware-state","Miles Webb","delaware-state_mile1"
"delaware-state","Rahmir Moore","delaware-state_rahm1"
"drexel","Garfield Turner","drexel_garf1"
"maine","Ryan Mabrey","maine_ryan1"
"maine","Mekhi Gray","maine_mekh1"
"maine","TJ Biel","maine_tjbi1"
"maine","Logan Carey","maine_loga1"
"maine","Keelan Steele","maine_keel1"
"maine","Ace Flagg","maine_acef1"
"maine","Caleb Crawford","maine_cale1"
"maine","Amare Allen","maine_amar1"
"maine","Isaac Bonilla","maine_isaa1"
"maine","Bashir N'Galang","maine_bash1"
"maine","Emmitt Byther","maine_emmi2"
"george-mason","Kory Mincy","george-mason_kory1"
"george-mason","Jahari Long","george-mason_jaha1"
"george-mason","Malik Presley","george-mason_mali2"
"george-mason","Riley Allenspach","george-mason_rile1"
"george-mason","Dola Adebayo","george-mason_dola1"
"george-mason","Masai Troutman","george-mason_masa1"
"george-mason","Stas Sivka","george-mason_stas1"
"george-mason","Emmanuel Kanga","george-mason_emma1"
"george-mason","Devin Booker","george-mason_devi1"
"george-mason","Nick Ellington","george-mason_nick1"
"loyola-md","Braeden Speed","loyola-md_brae1"
"loyola-md","Jordan Stiemke","loyola-md_jord1"
"loyola-md","Jacob Theodosiou","loyola-md_jaco1"
"loyola-md","Sam Springer","loyola-md_sams1"
"loyola-md","Emmett Adair","loyola-md_emme1"
"loyola-md","Tyson Commander","loyola-md_tyso1"
"loyola-md","Everett Barnes","loyola-md_ever1"
"loyola-md","Sebastien Emenalo","loyola-md_seba1"
"loyola-md","Troy Cicero Jr.","loyola-md_troy1"
"loyola-md","Garrett Brennan","loyola-md_garr1"
"loyola-md","Carter Berg-McLean","loyola-md_cart1"
"manhattan","Quron Elliott","manhattan_quro1"
"presbyterian","Jonah Pierce","presbyterian_jona1"
"presbyterian","Carl Parrish","presbyterian_carl1"
"presbyterian","Jaylen Peterson","presbyterian_jayl1"
"presbyterian","Triston Wilson","presbyterian_tris1"
"presbyterian","Josh Pickett","presbyterian_josh1"
"presbyterian","JD Bowden","presbyterian_jdbo1"
"presbyterian","Iverson King","presbyterian_iver1"
"presbyterian","Khalon Hudson","presbyterian_khal1"
"presbyterian","Amare Anderson","presbyterian_amar1"
"presbyterian","Chidi Chiakwelu","presbyterian_chid1"
"cal-state-fullerton","Christian Williams","cal-state-fullerton_chri1"
"cal-state-fullerton","Josh Ward","cal-state-fullerton_josh1"
"cal-state-fullerton","Jefferson De La Cruz Monegro","cal-state-fullerton_jeff1"
"cal-state-fullerton","Bryce Cofield","cal-state-fullerton_bryc1"
"cal-state-fullerton","Kendrick De Luna","cal-state-fullerton_kend1"
"cal-state-fullerton","Landon Seaman","cal-state-fullerton_land1"
"cal-state-fullerton","Davis White","cal-state-fullerton_davi1"
"cal-state-fullerton","Jaden Henderson","cal-state-fullerton_jade1"
"virginia-military-institute","TJ Johnson","virginia-military-institute_tjjo1"
"virginia-military-institute","Tan Yildizoglu","virginia-military-institute_tany1"
"virginia-military-institute","Linus Holmstrom","virginia-military-institute_linu1"
"virginia-military-institute","AJ Clark","virginia-military-institute_ajcl1"
"virginia-military-institute","Cal Liston","virginia-military-institute_call1"
"virginia-military-institute","Alexander Daushvili","virginia-military-institute_alex1"
"virginia-military-institute","Mario Tatum Jr.","virginia-military-institute_mari1"
"virginia-military-institute","Walker Andrews","virginia-military-institute_walk1"
"virginia-military-institute","Kaden Stuckey","virginia-military-institute_kade1"
"central-arkansas","Camren Hunter","central-arkansas_camr1"
"central-arkansas","Ty Robinson","central-arkansas_tyro1"
"central-arkansas","Luke Moore","central-arkansas_luke1"
"central-arkansas","Malchiah Marable","central-arkansas_malc1"
"central-arkansas","Cole McCormick","central-arkansas_cole1"
"central-arkansas","Javion Guy-King","central-arkansas_javi1"
"central-arkansas","Truman Byrne","central-arkansas_trum1"
"central-arkansas","Harrison Beauchamp","central-arkansas_harr1"
"central-arkansas","Tyler Lee","central-arkansas_tyle1"
"central-arkansas","Parker Applegate","central-arkansas_park1"
"central-arkansas","Ethan Thomas","central-arkansas_etha1"
"southern-methodist","Kevin Miller","southern-methodist_kevi1"
"southern-methodist","B.J. Edwards","southern-methodist_bjed1"
"southern-methodist","Samet Yigitoglu","southern-methodist_same1"
"southern-methodist","Jaron Pierre Jr.","southern-methodist_jaro1"
"southern-methodist","Corey Washington","southern-methodist_core1"
"southern-methodist","Jermaine O'Neal Jr.","southern-methodist_jerm1"
"southern-methodist","Jaden Toombs","southern-methodist_jade1"
"southern-methodist","B.J. Davis-Ray","southern-methodist_bjda1"
"southern-methodist","Sam Walters","southern-methodist_samw1"
"southern-methodist","Mitchell Holmes","southern-methodist_mitc1"
"southern-methodist","Chance Puryear","southern-methodist_chan1"
"stephen-f-austin","Lateef Patrick Jr.","stephen-f-austin_late1"
"stephen-f-austin","Jerald Colonel","stephen-f-austin_jera1"
"stephen-f-austin","Kam Burton","stephen-f-austin_kamb1"
"stephen-f-austin","Keon Thompson","stephen-f-austin_keon1"
"stephen-f-austin","Chrishawn Christmas","stephen-f-austin_chri1"
"stephen-f-austin","Eltramon Smith Jr.","stephen-f-austin_eltr1"
"stephen-f-austin","Ahamed Mohammed","stephen-f-austin_aham1"
"stephen-f-austin","Gediminas Alisas","stephen-f-austin_gedi1"
"stephen-f-austin","Marcus Scurry","stephen-f-austin_marc1"
"stephen-f-austin","Narit Chotikavanic","stephen-f-austin_nari1"
"stephen-f-austin","Christian Green","stephen-f-austin_chri2"
"stephen-f-austin","Bryceson Melvin","stephen-f-austin_bryc1"
"stephen-f-austin","Harris Dar","stephen-f-austin_harr1"
"stephen-f-austin","Tichyque Musaka","stephen-f-austin_tich1"
"valparaiso","Rakim Chaney","valparaiso_raki1"
"valparaiso","Shon Tupuola","valparaiso_shon1"
"valparaiso","Brody Whitaker","valparaiso_brod1"
"valparaiso","JT Pettigrew","valparaiso_jtpe1"
"valparaiso","Isaiah Barnes","valparaiso_isai1"
"valparaiso","Owen Dease","valparaiso_owen1"
"valparaiso","Carter Hopoi","valparaiso_cart1"
"valparaiso","Justus McNair","valparaiso_just1"
"valparaiso","Tucker Tornatta","valparaiso_tuck1"
"valparaiso","Kyonte Thomas","valparaiso_kyon1"
"arizona-state","Moe Odum","arizona-state_moeo1"
"arizona-state","Bryce Ford","arizona-state_bryc1"
"arizona-state","Santiago Trouet","arizona-state_sant1"
"arizona-state","Massamba Diop","arizona-state_mass1"
"arizona-state","Andrija Grbovic","arizona-state_andr1"
"arizona-state","Anthony Johnson","arizona-state_anth1"
"arizona-state","Noah Meeusen","arizona-state_noah1"
"arizona-state","Marcus Adams Jr.","arizona-state_marc1"
"arizona-state","Allen David Mukeba","arizona-state_alle1"
"arizona-state","Trevor Best","arizona-state_trev1"
"arizona-state","Kash Polk","arizona-state_kash1"
"oregon-state","Josiah Lake II","oregon-state_josi1"
"oregon-state","Isaiah Sy","oregon-state_isai1"
"oregon-state","Dez White","oregon-state_dezw1"
"oregon-state","Jorge Diaz Graham","oregon-state_jorg1"
"oregon-state","Yaak Yaak","oregon-state_yaak1"
"oregon-state","Noah Amenhauser","oregon-state_noah1"
"oregon-state","Olavi Suutela","oregon-state_olav1"
"oregon-state","Msatija Samar","oregon-state_msat1"
"oregon-state","Malcolm Christie","oregon-state_malc1"
"oregon-state","Keziah Ekissi","oregon-state_kezi1"
"oregon-state","Johan Munch","oregon-state_joha1"
"incarnate-word","Davion Bailey","incarnate-word_davi1"
"incarnate-word","Tahj Staveskie","incarnate-word_tahj1"
"incarnate-word","Jordan Pyke","incarnate-word_jord1"
"incarnate-word","Esteban Mann","incarnate-word_este1"
"incarnate-word","Lewis Rowe","incarnate-word_lewi1"
"incarnate-word","Harold Woods","incarnate-word_haro1"
"incarnate-word","Harrison Reede","incarnate-word_harr1"
"incarnate-word","Marcus Glover","incarnate-word_marc1"
"incarnate-word","Jayden Williams","incarnate-word_jayd1"
"incarnate-word","Love Bettis","incarnate-word_love1"
"incarnate-word","Amani Drummond","incarnate-word_aman1"
"incarnate-word","Mihael Tomic","incarnate-word_miha1"
"incarnate-word","Drew Barbee","incarnate-word_drew1"
"northern-arizona","Diego Campisano","northern-arizona_dieg1"
"indiana-state","Nala Abraham","indiana-state_nala1"
"miami-fl","Tre Donaldson","miami-fl_tred1"
"miami-fl","Shelton Henderson","miami-fl_shel1"
"miami-fl","Ernest Udeh Jr.","miami-fl_erne1"
"miami-fl","Tru Washington","miami-fl_truw1"
"miami-fl","Malik Reneau","miami-fl_mali1"
"miami-fl","Timotej Malovec","miami-fl_timo1"
"miami-fl","Noam Dovrat","miami-fl_noam1"
"miami-fl","Salih Altuntas","miami-fl_sali1"
"miami-fl","John Laboy II","miami-fl_john1"
"miami-fl","Jordyn Kee","miami-fl_jord1"
"new-hampshire","Jack Graham","new-hampshire_jack1"
"new-hampshire","Belal El Shakery","new-hampshire_bela1"
"new-hampshire","KiJan Robinson","new-hampshire_kija1"
"new-hampshire","Davide Poser","new-hampshire_davi1"
"new-hampshire","John Squire","new-hampshire_john1"
"new-hampshire","Tyler Bike","new-hampshire_tyle1"
"new-hampshire","Reginald Kennedy Jr.","new-hampshire_regi1"
"new-hampshire","Comeh Emuobor","new-hampshire_come1"
"new-hampshire","Giannos Xanthopoulos","new-hampshire_gian1"
"saint-louis","Dion Brown","saint-louis_dion1"
"saint-louis","Quentin Jones","saint-louis_quen1"
"saint-louis","Trey Green","saint-louis_trey1"
"saint-louis","Robbie Avila","saint-louis_robb1"
"saint-louis","Amari McCottry","saint-louis_amar1"
"saint-louis","Brady Dunlap","saint-louis_brad1"
"saint-louis","Ishan Sharma","saint-louis_isha1"
"saint-louis","Paul Otieno","saint-louis_paul1"
"saint-louis","Cam Hutson","saint-louis_camh1"
"maryland-baltimore-county","Ace Valentine","maryland-baltimore-county_acev1"
"maryland-baltimore-county","DJ Armstrong","maryland-baltimore-county_djar1"
"maryland-baltimore-county","Jah'Likai King","maryland-baltimore-county_jahl1"
"maryland-baltimore-county","Josh Odunowo","maryland-baltimore-county_josh1"
"maryland-baltimore-county","Riley Jacobs","maryland-baltimore-county_rile1"
"maryland-baltimore-county","Caden Diggs","maryland-baltimore-county_cade1"
"maryland-baltimore-county","Daylon Dickerson","maryland-baltimore-county_dayl1"
"maryland-baltimore-county","Jose Roberto Tanchyn","maryland-baltimore-county_jose1"
"maryland-baltimore-county","Cougar Downing","maryland-baltimore-county_coug1"
"maryland-baltimore-county","Paul Greene","maryland-baltimore-county_paul1"
"maryland-baltimore-county","Tim Eze","maryland-baltimore-county_time1"
"south-florida","Joseph Pinion","south-florida_jose1"
"south-florida","Izaiyah Nelson","south-florida_izai1"
"south-florida","CJ Brown","south-florida_cjbr1"
"south-florida","Adriel Nyorha","south-florida_adri1"
"south-florida","Josh Omojafo","south-florida_josh1"
"south-florida","Daimion Collins","south-florida_daim1"
"south-florida","Devin Haid","south-florida_devi1"
"south-florida","Tristan Beckford","south-florida_tris1"
"south-florida","Isaiah Jones","south-florida_isai1"
"south-florida","Gavin Hightower","south-florida_gavi1"
"south-florida","Caleb Sanders","south-florida_cale1"
"tennessee","Ja'Kobi Gillespie","tennessee_jako1"
"tennessee","DeWayne Brown II","tennessee_dewa1"
"tennessee","Felix Okpara","tennessee_feli1"
"tennessee","Bishop Boswell","tennessee_bish1"
"tennessee","Nate Ament","tennessee_nate1"
"tennessee","Jaylen Carey","tennessee_jayl1"
"tennessee","J.P. Estrella","tennessee_jpes1"
"tennessee","Troy Henderson","tennessee_troy1"
"tennessee","Clarence Massamba","tennessee_clar1"
"tennessee","Amaree Abram","tennessee_amar1"
"tennessee","Amari Evans","tennessee_amar2"
"tennessee","Campbell Duncan","tennessee_camp1"
"tennessee","Grant Hurst","tennessee_gran1"
"tennessee","Gavin Paull","tennessee_gavi1"
"connecticut","Alex Karaban","connecticut_alex1"
"connecticut","Silas Demary Jr.","connecticut_sila1"
"connecticut","Braylon Mullins","connecticut_bray1"
"connecticut","Tarris Reed Jr.","connecticut_tarr1"
"connecticut","Jaylin Stewart","connecticut_jayl1"
"connecticut","Jayden Ross","connecticut_jayd1"
"connecticut","Malachi Smith","connecticut_mala1"
"connecticut","Eric Reibe","connecticut_eric1"
"connecticut","Alec Millender","connecticut_alec1"
"connecticut","Rrezon Elezaj","connecticut_rrez1"
"connecticut","Jacob Furphy","connecticut_jaco1"
"connecticut","Uroš Paunović","connecticut_urop1"
"depaul","RJ Smith","depaul_rjsm1"
"depaul","Kaleb Banks","depaul_kale1"
"depaul","Layden Blocker","depaul_layd1"
"depaul","N.J. Benson","depaul_njbe1"
"depaul","CJ Gunn","depaul_cjgu1"
"depaul","Kruz McClure","depaul_kruz1"
"depaul","Fabian Flores","depaul_fabi1"
"depaul","Brandon Maclin","depaul_bran1"
"depaul","Ilija Milijasevic","depaul_ilij1"
"texas-am-commerce","Gianni Hunt","texas-am-commerce_gian1"
"texas-am-commerce","Ronnie Harrison","texas-am-commerce_ronn1"
"texas-am-commerce","Vinny Sigona","texas-am-commerce_vinn1"
"texas-am-commerce","Alex McCray","texas-am-commerce_alex1"
"texas-am-commerce","Michael Folarin","texas-am-commerce_mich1"
"texas-am-commerce","Damian Garcia","texas-am-commerce_dami1"
"texas-am-commerce","Evan Phelps","texas-am-commerce_evan1"
"texas-am-commerce","Josh Taylor","texas-am-commerce_josh1"
"texas-am-commerce","Noah Pagotto","texas-am-commerce_noah1"
"texas-am-commerce","Tay Mosher","texas-am-commerce_taym1"
"texas-am","Mackenzie Mgbako","texas-am_mack1"
"texas-am","Rashaun Agee","texas-am_rash1"
"texas-am","Jacari Lane","texas-am_jaca1"
"texas-am","Ruben Dominguez","texas-am_rube1"
"texas-am","Marcus Hill","texas-am_marc1"
"texas-am","Rylan Griffen","texas-am_ryla1"
"texas-am","Pop Isaacs","texas-am_popi1"
"texas-am","Josh Holloway","texas-am_josh1"
"texas-am","Ali Abdou Dibba","texas-am_alia1"
"texas-am","Jamie Vinson","texas-am_jami1"
"texas-am","Federiko Federiko","texas-am_fede1"
"texas-am","Zach Clemence","texas-am_zach1"
"texas-am","Jeremiah Green","texas-am_jere1"
"texas-am","Chris McDermott","texas-am_chri1"
"texas-am","Noah Shelby","texas-am_noah1"
"texas-christian","Ashton Simmons","texas-christian_asht1"
"texas-christian","Drew McElroy","texas-christian_drew1"
"texas-christian","Adam Stewart","texas-christian_adam1"
"texas-christian","Trey Stuart","texas-christian_trey1"
"cleveland-state","Tre Beard","cleveland-state_treb1"
"cleveland-state","Holden Pierre-Louis","cleveland-state_hold1"
"cleveland-state","Preist Ryan","cleveland-state_prei1"
"cleveland-state","Jaidon Lipscomb","cleveland-state_jaid1"
"cleveland-state","Dayan Nessah","cleveland-state_daya1"
"cleveland-state","Chevalier Emery","cleveland-state_chev1"
"cleveland-state","Foster Wonders","cleveland-state_fost1"
"cleveland-state","David Giddens","cleveland-state_davi1"
"cleveland-state","Kevo St. Hilaire","cleveland-state_kevo1"
"cleveland-state","Kamari Jones","cleveland-state_kama1"
"milwaukee","Sekou Konneh","milwaukee_seko1"
"eastern-kentucky","Montavious Myrick","eastern-kentucky_mont1"
"eastern-kentucky","Turner Buttry","eastern-kentucky_turn1"
"eastern-kentucky","Yvens Paul","eastern-kentucky_yven1"
"eastern-kentucky","Austin Ball","eastern-kentucky_aust1"
"eastern-kentucky","Juan Cranford Jr.","eastern-kentucky_juan1"
"eastern-kentucky","Jackson Holt","eastern-kentucky_jack1"
"eastern-kentucky","MJ Williams","eastern-kentucky_mjwi1"
"eastern-kentucky","Jayden Harris","eastern-kentucky_jayd1"
"eastern-kentucky","Asa White","eastern-kentucky_asaw1"
"wichita-state","Kenyon Giles","wichita-state_keny1"
"wichita-state","Karon Boyd","wichita-state_karo1"
"wichita-state","TJ Williams","wichita-state_tjwi1"
"wichita-state","Mike Gray Jr.","wichita-state_mike1"
"wichita-state","Emmanuel Okorafor","wichita-state_emma1"
"wichita-state","Dre Kindell","wichita-state_drek1"
"wichita-state","Brian Amuneke","wichita-state_bria1"
"wichita-state","Will Berg","wichita-state_will1"
"wichita-state","Jaret Valencia","wichita-state_jare1"
"wichita-state","Dillon Battie","wichita-state_dill1"
"wichita-state","Noah Hill","wichita-state_noah1"
"wichita-state","Henry Thengvall","wichita-state_henr1"
"california-davis","Nils Cooper","california-davis_nils1"
"california-davis","Connor Sevilla","california-davis_conn1"
"california-davis","Isaiah Chappell","california-davis_isai1"
"california-davis","Marcus Wilson","california-davis_marc1"
"california-davis","Niko Rocak","california-davis_niko1"
"california-davis","Brayden Fagbemi","california-davis_bray1"
"california-davis","Cyril Franklin Jr.","california-davis_cyri1"
"california-davis","Carl Daugherty Jr.","california-davis_carl1"
"california-davis","Jalen Stokes","california-davis_jale1"
"california-davis","Omer Suljanovic","california-davis_omer1"
"california-davis","Abdullah Amzil","california-davis_abdu1"
"idaho-state","Louis Bond","idaho-state_loui1"
"iowa-state","Joshua Jefferson","iowa-state_josh1"
"iowa-state","Milan Momcilovic","iowa-state_mila1"
"iowa-state","Blake Buchanan","iowa-state_blak1"
"iowa-state","Killyan Toure","iowa-state_kill1"
"iowa-state","Tamin Lipsey","iowa-state_tami1"
"iowa-state","Nate Heise","iowa-state_nate1"
"iowa-state","Jamarion Batemon","iowa-state_jama1"
"iowa-state","Dominykas Pleta","iowa-state_domi1"
"iowa-state","Dominick Nelson","iowa-state_domi2"
"iowa-state","Cade Kelderman","iowa-state_cade1"
"iowa-state","Xzavion Mitchell","iowa-state_xzav1"
"iowa-state","Eric Mulder","iowa-state_eric1"
"campbell","Tasos Cook","campbell_taso1"
"campbell","Dovydas Butka","campbell_dovy1"
"campbell","Cam Gregory","campbell_camg1"
"campbell","D.J. Smith","campbell_djsm1"
"campbell","Chris Fields Jr.","campbell_chri1"
"campbell","Jeremiah Johnson","campbell_jere1"
"campbell","Muneer Newton","campbell_mune1"
"campbell","Dominykas Butka","campbell_domi1"
"campbell","Enoch Kalambay","campbell_enoc1"
"minnesota","Cade Tyson","minnesota_cade1"
"minnesota","Bobby Durkin","minnesota_bobb1"
"minnesota","Isaac Asuma","minnesota_isaa1"
"minnesota","Langston Reynolds","minnesota_lang1"
"minnesota","Jaylen Crocker-Johnson","minnesota_jayl1"
"minnesota","Kai Shinholster","minnesota_kais1"
"minnesota","Grayson Grove","minnesota_gray1"
"minnesota","Nehemiah Turner","minnesota_nehe1"
"minnesota","Maximus Gizzi","minnesota_maxi1"
"north-dakota-state","Andy Stefonowicz","north-dakota-state_andy1"
"north-dakota-state","Trevian Carson","north-dakota-state_trev1"
"north-dakota-state","Damari Wheeler-Thomas","north-dakota-state_dama1"
"north-dakota-state","Markhi Strickland","north-dakota-state_mark1"
"north-dakota-state","Noah Feddersen","north-dakota-state_noah1"
"north-dakota-state","Treyson Anderson","north-dakota-state_trey1"
"north-dakota-state","Emil Skytta","north-dakota-state_emil1"
"north-dakota-state","Riley Massey","north-dakota-state_rile1"
"north-dakota-state","Tay Smith","north-dakota-state_tays1"
"north-dakota-state","Carson Smith","north-dakota-state_cars1"
"nicholls-state","Jalik Dunkley","nicholls-state_jali1"
"nicholls-state","Jaylen Searles","nicholls-state_jayl1"
"nicholls-state","Christian Winborne","nicholls-state_chri1"
"nicholls-state","Sincere Malone","nicholls-state_sinc1"
"nicholls-state","Trae English","nicholls-state_trae1"
"nicholls-state","Jalin Rice","nicholls-state_jali2"
"nicholls-state","Grant Sanders","nicholls-state_gran1"
"nicholls-state","Zee Hamoda","nicholls-state_zeeh1"
"nicholls-state","Kevin Pazmino","nicholls-state_kevi1"
"nicholls-state","Nick Krass","nicholls-state_nick1"
"pacific","TJ Wainwright","pacific_tjwa1"
"pacific","Elias Ralph","pacific_elia1"
"pacific","Kajus Kublickas","pacific_kaju1"
"pacific","Isaac Jack","pacific_isaa1"
"pacific","Justin Rochelin","pacific_just1"
"pacific","Jaden Clayton","pacific_jade1"
"pacific","Jaion Pitt","pacific_jaio1"
"pacific","KC Ibekwe","pacific_kcib1"
"alabama-am","Kintavious Dozier","alabama-am_kint1"
"alabama-am","Koron Davis","alabama-am_koro1"
"alabama-am","Sami Pissis","alabama-am_sami1"
"alabama-am","P.J. Eason","alabama-am_pjea1"
"alabama-am","Gabe Kincy","alabama-am_gabe1"
"alabama-am","Louis Hutchinson","alabama-am_loui1"
"alabama-am","Tajden Davis","alabama-am_tajd1"
"alabama-am","Bilal Abdur-Rahman","alabama-am_bila1"
"alabama-am","Angok Anyang","alabama-am_ango1"
"alabama-am","Sam Onu","alabama-am_samo1"
"chattanooga","Jordan Frison","chattanooga_jord1"
"chattanooga","Brennan Watkins","chattanooga_bren1"
"chattanooga","Billy Smith","chattanooga_bill1"
"chattanooga","Tedrick Washington","chattanooga_tedr1"
"chattanooga","Collin Mulholland","chattanooga_coll1"
"chattanooga","Jikari Johnson","chattanooga_jika1"
"chattanooga","Houston Holland","chattanooga_hous1"
"chattanooga","Parker Robison","chattanooga_park1"
"chattanooga","Josh Bowman","chattanooga_josh1"
"chattanooga","Makai Richards","chattanooga_maka1"
"chattanooga","Ryan Lopez","chattanooga_ryan1"
"nebraska","Jamarques Lawrence","nebraska_jama1"
"nebraska","Sam Hoiberg","nebraska_samh1"
"nebraska","Pryce Sandfort","nebraska_pryc1"
"nebraska","Berke Buyuktuncel","nebraska_berk1"
"nebraska","Rienk Mast","nebraska_rien1"
"nebraska","Braden Frager","nebraska_brad1"
"nebraska","Cale Jacobsen","nebraska_cale1"
"nebraska","Jared Garcia","nebraska_jare1"
"nebraska","Leo Curtis","nebraska_leoc1"
"nebraska","Kendall Blue","nebraska_kend1"
"nebraska","Justin Bolis","nebraska_just1"
"north-dakota","Marley Curtis","north-dakota_marl1"
"north-dakota","Matthew Bothun","north-dakota_matt1"
"texas-el-paso","Jamal West Jr.","texas-el-paso_jama1"
"texas-el-paso","Caleb Blackwell","texas-el-paso_cale1"
"texas-el-paso","Kaseem Watson","texas-el-paso_kase1"
"texas-el-paso","Elijah Jones","texas-el-paso_elij1"
"texas-el-paso","Trey Horton III","texas-el-paso_trey1"
"texas-el-paso","KJ Thomas","texas-el-paso_kjth1"
"texas-el-paso","Mouhamed Mbaye","texas-el-paso_mouh1"
"texas-el-paso","Bobby Montgomery Jr.","texas-el-paso_bobb1"
"texas-el-paso","LA Hayes","texas-el-paso_laha1"
"texas-el-paso","David Tubek","texas-el-paso_davi1"
"texas-el-paso","Cassius Brooks","texas-el-paso_cass1"
"boston-college","Fred Payne","boston-college_fred1"
"boston-college","Donald Hand Jr.","boston-college_dona1"
"boston-college","Luka Toews","boston-college_luka1"
"boston-college","Aidan Shaw","boston-college_aida1"
"boston-college","Jayden Hastings","boston-college_jayd1"
"boston-college","Boden Kapke","boston-college_bode1"
"boston-college","Caleb Steger","boston-college_cale1"
"boston-college","Chase Forte","boston-college_chas1"
"boston-college","Jason Asemota","boston-college_jaso1"
"boston-college","Marko Radunovic","boston-college_mark1"
"canisius","Kahlil Singleton","canisius_kahl1"
"canisius","Bryan Ndjonga","canisius_brya1"
"canisius","Myles Wilmoth","canisius_myle1"
"canisius","Marcus Niblack","canisius_marc1"
"canisius","Evan van der Plas","canisius_evan1"
"canisius","Michael Evbagharu","canisius_mich1"
"canisius","King Ijeoma","canisius_king1"
"canisius","Brendan Oliver","canisius_bren1"
"canisius","Anthony Benard","canisius_anth1"
"canisius","Javante Edwards","canisius_java1"
"canisius","Christopher Kumu","canisius_chri1"
"canisius","Andreo Ash","canisius_andr1"
"canisius","Trevor Augustine","canisius_trev1"
"canisius","Zach Christian","canisius_zach1"
"canisius","Nicco DiGiulio","canisius_nicc1"
"duquesne","Tarence Guinyard","duquesne_tare1"
"duquesne","Jimmie Williams","duquesne_jimm1"
"duquesne","Jakub Necas","duquesne_jaku1"
"duquesne","Cameron Crawford","duquesne_came1"
"duquesne","David Dixon","duquesne_davi1"
"duquesne","Lazar Milosevic","duquesne_laza1"
"duquesne","Maximus Edwards","duquesne_maxi1"
"duquesne","Alex Williams","duquesne_alex2"
"duquesne","Jake DiMichele","duquesne_jake1"
"duquesne","Brandon Hall","duquesne_bran1"
"duquesne","Stef van Bussel","duquesne_stef1"
"duquesne","Ethan Anish","duquesne_etha1"
"duquesne","Seamus McDermott","duquesne_seam1"
"duquesne","Lucas Prolla","duquesne_luca1"
"elon","Iker Garmendia","elon_iker1"
"elon","Savion Taylor","elon_savi1"
"elon","Alex Olander","elon_alex1"
"florida-state","Jalen Crawford","florida-state_jale1"
"jacksonville","Chris Lockett","jacksonville_chri1"
"jacksonville","Hayden Wood","jacksonville_hayd1"
"jacksonville","Evan Sterck","jacksonville_evan1"
"jacksonville","Charles Caporaso","jacksonville_char1"
"jacksonville","Enrico Borio","jacksonville_enri1"
"jacksonville","Chris Arias","jacksonville_chri2"
"jacksonville","Simon Wheeler","jacksonville_simo1"
"jacksonville","Donovan Rivers","jacksonville_dono1"
"jacksonville","Jason Thirdkill Jr.","jacksonville_jaso1"
"jacksonville","Allen Udemadu","jacksonville_alle1"
"jacksonville","Michael Harper","jacksonville_mich1"
"fordham","Dejour Reaves","fordham_dejo1"
"fordham","Rikus Schulte","fordham_riku1"
"fordham","Akira Jacobs","fordham_akir1"
"fordham","Roor Akhuar","fordham_roor1"
"fordham","Christian Henry","fordham_chri1"
"fordham","Marcus Greene","fordham_marc1"
"fordham","Abass Bodija","fordham_abas1"
"fordham","Jack Whitbourn","fordham_jack1"
"fordham","Kingston Price","fordham_king1"
"fordham","Jameson O'Toole","fordham_jame1"
"fordham","Aidan Crotty","fordham_aida1"
"fordham","Max Miller","fordham_maxm1"
"new-haven","Andre Pasha","new-haven_andr1"
"new-haven","Najimi George","new-haven_naji1"
"new-haven","Jabri Fitzpatrick","new-haven_jabr1"
"new-haven","Stefano Faloppa","new-haven_stef1"
"new-haven","Kheni Briggs","new-haven_khen1"
"new-haven","Vere Anthony","new-haven_vere1"
"new-haven","Zoumana Traore","new-haven_zoum1"
"new-haven","Maison Adeleye","new-haven_mais1"
"new-haven","Tristan Burth","new-haven_tris1"
"new-haven","Teshaun Steele","new-haven_tesh1"
"new-haven","Aidan Losiewicz","new-haven_aida1"
"indiana","Drew Snively","indiana_drew1"
"siena","Antonio Chandler","siena_anto1"
"siena","Gavin Doty","siena_gavi1"
"siena","Brendan Coyle","siena_bren1"
"siena","Francis Folefac","siena_fran2"
"siena","Justice Shoats","siena_just1"
"siena","Christian Jones","siena_chri1"
"siena","Isaiah Henderson","siena_isai1"
"siena","Chris Torres","siena_chri2"
"east-carolina","Jordan Riley","east-carolina_jord1"
"east-carolina","Giovanni Emejuru","east-carolina_giov1"
"east-carolina","Corey Caulker","east-carolina_core1"
"east-carolina","Tybo Bailey","east-carolina_tybo1"
"east-carolina","Luke Davis","east-carolina_luke1"
"east-carolina","Isaiah Mbeng","east-carolina_isai1"
"east-carolina","Reid Cason","east-carolina_reid1"
"east-carolina","Patrick D'Arcy","east-carolina_patr1"
"east-carolina","Vito Perkovic","east-carolina_vito1"
"east-carolina","Ladontae Felton","east-carolina_lado1"
"north-carolina","Isaiah Denis","north-carolina_isai1"
"north-carolina","James Brown","north-carolina_jame1"
"north-carolina","Zayden High","north-carolina_zayd1"
"north-carolina","Elijah Davis","north-carolina_elij1"
"north-carolina","Ivan Matlekovic","north-carolina_ivan1"
"north-carolina","Evan Smith","north-carolina_evan1"
"north-carolina","John Holbrook","north-carolina_john1"
"ohio","Jesse Burris","ohio_jess1"
"ohio","Jordan Fisher","ohio_jord1"
"ohio","Ayden Evans","ohio_ayde1"
"stonehill","Hermann Koffi","stonehill_herm1"
"stonehill","Ridvan Tutic","stonehill_ridv1"
"stonehill","Raymond Espinal-Guzman","stonehill_raym1"
"stonehill","Davante Hackett","stonehill_dava1"
"stonehill","Rex Sunderland","stonehill_rexs1"
"stonehill","Trenton Ruth","stonehill_tren1"
"stonehill","Pearse McGuinn","stonehill_pear1"
"stonehill","Cory Lovell","stonehill_cory1"
"stonehill","Anthony Holden","stonehill_anth1"
"stonehill","Charlie Diamantis","stonehill_char1"
"stonehill","Eino Montin","stonehill_eino1"
"stonehill","Norbu Jenpa","stonehill_norb1"
"syracuse","Luke Fennell","syracuse_luke1"
"syracuse","Tiefing Diawara","syracuse_tief1"
"syracuse","Noah Lobdell","syracuse_noah1"
"princeton","Jackson Hicke","princeton_jack1"
"princeton","Jack Stanton","princeton_jack2"
"princeton","Landon Clark","princeton_land1"
"princeton","Malik Abdullahi","princeton_mali1"
"princeton","CJ Happy","princeton_cjha1"
"princeton","Jacob Huggins","princeton_jaco1"
"princeton","Sebastian Whitfield","princeton_seba1"
"princeton","Jake Sussberg","princeton_jake1"
"princeton","Peyton Seals","princeton_peyt1"
"temple","Gavin Griffiths","temple_gavi1"
"temple","Masiah Gilyard","temple_masi1"
"rider","Zion Cruz","rider_zion1"
"rider","Flash Burton","rider_flas1"
"rider","Caleb Smith","rider_cale1"
"rider","Davis Bynum","rider_davi1"
"rider","Shemani Fuller","rider_shem1"
"rider","Daniel Helterhoff","rider_dani2"
"rider","Cole McCabe","rider_cole1"
"rider","Jamir McNeil","rider_jami1"
"rider","Kristupas Kepezinskas","rider_kris2"
"rider","AB Coulibaly","rider_abco1"
"rider","Antwan Wilson","rider_antw1"
"rider","Maurizio D'Alessandro","rider_maur1"
"west-virginia","Treysen Eaglestaff","west-virginia_trey1"
"west-virginia","Honor Huff","west-virginia_hono1"
"west-virginia","Brenen Lorient","west-virginia_bren1"
"west-virginia","Jasper Floyd","west-virginia_jasp1"
"west-virginia","Harlan Obioha","west-virginia_harl1"
"west-virginia","Amir Jenkins","west-virginia_amir1"
"west-virginia","Jackson Fields","west-virginia_jack1"
"west-virginia","DJ Thomas","west-virginia_djth1"
"west-virginia","Morris Ugusuk","west-virginia_morr1"
"west-virginia","Niyol Hauet","west-virginia_niyo1"
"eastern-illinois","Markus Blackwell","eastern-illinois_mark1"
"alabama-state","Micah Simpson","alabama-state_mica1"
"alabama-state","Asjon Anderson","alabama-state_asjo1"
"alabama-state","Cam Palesse","alabama-state_camp1"
"alabama-state","Jerquarius Stanback","alabama-state_jerq1"
"alabama-state","R'Chaun King","alabama-state_rcha1"
"alabama-state","Tyler Byrd","alabama-state_tyle1"
"alabama-state","Demarien Yates","alabama-state_dema1"
"alabama-state","Tyler Mason","alabama-state_tyle2"
"alabama-state","Mario Andrews","alabama-state_mari1"
"memphis","William Whorton","memphis_will1"
"memphis","Arop Arop","memphis_arop1"
"memphis","Mason Matthews","memphis_maso1"
"texas-arlington","Raysean Seamster","texas-arlington_rays1"
"texas-arlington","Marcell McCreary","texas-arlington_marc1"
"texas-arlington","Marcus Rigsby Jr.","texas-arlington_marc2"
"texas-arlington","Cameron Jackson","texas-arlington_came1"
"texas-arlington","Casmir Chavis","texas-arlington_casm1"
"texas-arlington","Bahsil Laster","texas-arlington_bahs1"
"texas-arlington","Jordan Lowery","texas-arlington_jord1"
"texas-arlington","Miles Goodman","texas-arlington_mile1"
"texas-arlington","Tyran Mason","texas-arlington_tyra1"
"texas-arlington","Amari Reed","texas-arlington_amar1"
"texas-san-antonio","Macaleab Rich","texas-san-antonio_maca1"
"texas-san-antonio","Austin Nunez","texas-san-antonio_aust1"
"texas-san-antonio","Dorian Hayes","texas-san-antonio_dori1"
"texas-san-antonio","Brent Moss","texas-san-antonio_bren1"
"texas-san-antonio","Matheo Coffi","texas-san-antonio_math1"
"texas-san-antonio","Jamir Simpson","texas-san-antonio_jami1"
"texas-san-antonio","Baboucarr Njie","texas-san-antonio_babo1"
"texas-san-antonio","Mo Njie","texas-san-antonio_monj1"
"texas-san-antonio","Daniel Akitoby","texas-san-antonio_dani1"
"texas-southern","Bryce Roberts","texas-southern_bryc1"
"texas-southern","Troy Hupstead","texas-southern_troy1"
"texas-southern","Zytarious Mortle","texas-southern_zyta1"
"texas-southern","Zaire Hayes","texas-southern_zair1"
"texas-southern","Duane Posey","texas-southern_duan1"
"texas-southern","Oumar Koureissi","texas-southern_ouma1"
"texas-southern","Alex Anderson","texas-southern_alex1"
"texas-southern","Jaylen Wysinger","texas-southern_jayl1"
"texas-southern","Josh Akpovwa","texas-southern_josh1"
"texas-southern","Anthony Andrews","texas-southern_anth1"
"central-michigan","Kayden Nation","central-michigan_kayd1"
"central-michigan","Jorden Brooks","central-michigan_jord1"
"wisconsin","Zach Kinziger","wisconsin_zach1"
"wisconsin","Braeden Carrington","wisconsin_brae1"
"wisconsin","Jack Robison","wisconsin_jack2"
"wisconsin","Isaac Gard","wisconsin_isaa1"
"wisconsin","Riccardo Greppi","wisconsin_ricc1"
"california-santa-barbara","CJ Shaw","california-santa-barbara_cjsh1"
"california-santa-barbara","Aidan Mahaney","california-santa-barbara_aida1"
"california-santa-barbara","Colin Smith","california-santa-barbara_coli1"
"california-santa-barbara","Zion Sensley","california-santa-barbara_zion1"
"california-santa-barbara","Hosana Kitenge","california-santa-barbara_hosa1"
"california-santa-barbara","Evans Kipruto","california-santa-barbara_evan1"
"california-santa-barbara","Marvin McGhee IV","california-santa-barbara_marv1"
"california-santa-barbara","Zachiah Clark","california-santa-barbara_zach1"
"california-santa-barbara","Michael Simcoe","california-santa-barbara_mich1"
"california-santa-barbara","Koat Keat Tong","california-santa-barbara_koat1"
"california-santa-barbara","Luke Zuffelato","california-santa-barbara_luke1"
"portland","Cameron Williams","portland_came1"
"portland","Joel Foxwell","portland_joel1"
"portland","Mikah Ballew","portland_mika1"
"portland","Timo George","portland_timo1"
"portland","James O'Donnell","portland_jame1"
"portland","Matus Hronsky","portland_matu1"
"portland","Garrett Nuckolls","portland_garr1"
"portland","Jermaine Ballisager-Webb","portland_jerm1"
"portland","Dante Censori-Hercules","portland_dant1"
"northern-iowa","Trey Campbell","northern-iowa_trey1"
"northern-iowa","Leon Bond III","northern-iowa_leon1"
"northern-iowa","Ben Schwieger","northern-iowa_bens1"
"northern-iowa","Tristan Smith","northern-iowa_tris1"
"northern-iowa","Will Hornseth","northern-iowa_will1"
"northern-iowa","Ismael Diouf","northern-iowa_isma1"
"northern-iowa","Kyle Pock","northern-iowa_kyle1"
"northern-iowa","Geon Hutchins","northern-iowa_geon1"
"northern-iowa","Chase Courbat","northern-iowa_chas1"
"san-diego-state","Thokbor Majak","san-diego-state_thok1"
"san-diego-state","Cam Lawin","san-diego-state_caml1"
"san-diego-state","Raymar Gonzales","san-diego-state_raym1"
"san-diego","Tim Moore","san-diego_timm1"
"san-diego","Piotr Winkowski","san-diego_piot1"
"san-diego","Neel Beniwal","san-diego_neel1"
"san-diego","Emmanuel Callas","san-diego_emma1"
"san-diego","Josh Hecht","san-diego_josh1"
"san-diego","Nick Del Bosque","san-diego_nick1"
"washington","Nikola Dzepina","washington_niko1"
"washington","Jasir Rencher","washington_jasi1"
"washington","Courtland Muldrew","washington_cour1"
"washington","Brandon Roy Jr.","washington_bran1"
"florida-international","Kennedy Brown","florida-international_kenn1"
"florida-international","Amarion Nimmers","florida-international_amar1"
"florida-international","Renato Ruiz","florida-international_rena1"
"florida-international","Aydan Clinton","florida-international_ayda1"
"george-washington","Jean Aranguren","george-washington_jean1"
"george-washington","Bubu Benjamin","george-washington_bubu1"
"george-washington","Trey Autry","george-washington_trey1"
"george-washington","Tyrone Marshall","george-washington_tyro1"
"george-washington","Rafael Castro","george-washington_rafa1"
"george-washington","Ty Bevins","george-washington_tybe1"
"george-washington","Tre Dinkins","george-washington_tred1"
"george-washington","Luke Hunger","george-washington_luke1"
"george-washington","Amir Arrington","george-washington_amir1"
"george-washington","Mohamed Binzagr","george-washington_moha1"
"massachusetts","Luka Damjanac","massachusetts_luka1"
"massachusetts","Donovan Brown","massachusetts_dono1"
"massachusetts","Charles Outlaw","massachusetts_char1"
"massachusetts","Rollie Castineyra","massachusetts_roll1"
"saint-peters","Brent Bland","saint-peters_bren1"
"saint-peters","Lucas Scroggins","saint-peters_luca1"
"saint-peters","Zaakir Williamson","saint-peters_zaak1"
"saint-peters","Bryce Eaton","saint-peters_bryc1"
"saint-peters","Elijah Perkins","saint-peters_elij1"
"saint-peters","TJ Robinson","saint-peters_tjro1"
"saint-peters","Adetokunbo Bakare","saint-peters_adet1"
"saint-peters","Jahki Gupton","saint-peters_jahk1"
"saint-peters","Shaedon Simpson","saint-peters_shae1"
"saint-peters","Bol Agu","saint-peters_bola1"
"saint-peters","Eric Morgan Jr.","saint-peters_eric1"
"saint-peters","Robert Wilmote","saint-peters_robe1"
"wagner","Jaden Baker","wagner_jade1"
"wagner","Eduardo Placer","wagner_edua1"
"wagner","Zavier Fitch","wagner_zavi1"
"wagner","Bryan Akanamu","wagner_brya1"
"wagner","Makhai Anderson","wagner_makh1"
"wagner","John Awoke","wagner_john1"
"wagner","Nick Jones","wagner_nick1"
"wagner","Binael Basil","wagner_bina1"
"wagner","Michael Cooper","wagner_mich1"
"wagner","Travis Gray","wagner_trav1"
"western-michigan","Nicholas Errica","western-michigan_nich1"
"western-michigan","Junior Sileu","western-michigan_juni1"
"bowling-green-state","Jason Kimbrough Jr.","bowling-green-state_jaso1"
"bowling-green-state","Mohamed Maxamud","bowling-green-state_moha1"
"bowling-green-state","Alijah Adem","bowling-green-state_alij1"
"bowling-green-state","Christian Dedivanaj","bowling-green-state_chri1"
"butler","Jackson Keith","butler_jack1"
"butler","Ethan McComb","butler_etha1"
"njit","David Bolden","njit_davi1"
"njit","Rocco Awad","njit_rocc1"
"njit","Ari Fulton","njit_arif1"
"njit","Jordan Rogers","njit_jord1"
"njit","Malachi Arrington","njit_mala1"
"njit","John Kelly","njit_john1"
"njit","Sebastian Robinson","njit_seba1"
"njit","Cameron Piggee","njit_came1"
"njit","Jeffrey Akintolu","njit_jeff1"
"njit","Zack Scherler","njit_zack1"
"njit","Jeremy Clayville","njit_jere1"
"njit","Quentin Duncan","njit_quen1"
"georgia","Markel Jennings","georgia_mark1"
"west-georgia","Kolten Griffin","west-georgia_kolt1"
"west-georgia","Shelton Williams-Dryden","west-georgia_shel1"
"west-georgia","Malcolm Noel","west-georgia_malc1"
"west-georgia","Kenneth Chime","west-georgia_kenn1"
"west-georgia","Matija Žužić","west-georgia_mati1"
"west-georgia","Javar Daniel","west-georgia_java1"
"west-georgia","Josh Smith","west-georgia_josh1"
"west-georgia","Brady Hardewig","west-georgia_brad1"
"west-georgia","Xavier Shegog","west-georgia_xavi1"
"west-georgia","Eric Baldassarre","west-georgia_eric1"
"miami-oh","Jackson Kotecki","miami-oh_jack1"
"miami-oh","Brady Ganley","miami-oh_brad1"
"miami-oh","Ethan Wright","miami-oh_etha1"
"montana-state","Jeremiah Davis","montana-state_jere1"
"montana-state","Davian Brown","montana-state_davi1"
"montana-state","Jed Miller","montana-state_jedm1"
"montana-state","Patrick McMahon","montana-state_patr1"
"montana-state","Chris Hodges","montana-state_chri1"
"montana-state","Seth Amunrud","montana-state_seth1"
"montana-state","Howie Keene","montana-state_howi1"
"montana-state","Jaden Steppe","montana-state_jade1"
"montana-state","Christian King","montana-state_chri2"
"montana-state","Grayson Gaddis","montana-state_gray1"
"montana-state","Calum Rutherfurd","montana-state_calu1"
"south-carolina","Meechie Johnson Jr.","south-carolina_meec1"
"south-carolina","Kobe Knox","south-carolina_kobe1"
"south-carolina","Mike Sharavjamts","south-carolina_mike1"
"south-carolina","Myles Stute","south-carolina_myle1"
"south-carolina","Christ Essandoko","south-carolina_chri1"
"south-carolina","Eli Ellis","south-carolina_elie1"
"south-carolina","Grant Polk","south-carolina_gran1"
"south-carolina","Elijah Strong","south-carolina_elij1"
"south-carolina","Hayden Assemian","south-carolina_hayd1"
"south-carolina","Jordan Butler","south-carolina_jord1"
"south-carolina","EJ Walker","south-carolina_ejwa1"
"south-carolina","Eli Sparkman","south-carolina_elis1"
"weber-state","Bourgeois Tshilobo","weber-state_bour1"
"weber-state","Brady Smith","weber-state_brad1"
"southern-illinois-edwardsville","Tyler King","southern-illinois-edwardsville_tyle1"
"buffalo","Aleksa Vlajic","buffalo_alek1"
"buffalo","Matas Buteliauskas","buffalo_mata1"
"buffalo","Daniel Shao","buffalo_dani2"
"coppin-state","Josiah Brown","coppin-state_josi1"
"georgetown","Mason Moses","georgetown_maso1"
"american","Matt Mayock","american_matt2"
"virginia","Elijah Gertrude","virginia_elij1"
"virginia","Martin Carrere","virginia_mart1"
"virginia","Carter Lang","virginia_cart1"
"virginia","Desmond Roberts","virginia_desm1"
"fairfield","Michael Rogan","fairfield_mich1"
"fairfield","Luke Davidson","fairfield_luke1"
"fairfield","Joe Ganton","fairfield_joeg1"
"fairfield","Tanner Ostop","fairfield_tann1"
"bryant","Ashley Sims II","bryant_ashl1"
"bryant","Timofei Rudovskii","bryant_timo1"
"bryant","Aaron Davis","bryant_aaro1"
"bryant","Keegan Harvey","bryant_keeg1"
"bryant","Ty Tabales","bryant_tyta1"
"bryant","Jakai Robinson","bryant_jaka1"
"bryant","Quincy Allen","bryant_quin1"
"bryant","Gio Sanford","bryant_gios1"
"bryant","Joseph Green","bryant_jose1"
"bryant","Khalil Williams","bryant_khal1"
"bryant","Frankie Vassalluzzo","bryant_fran1"
"bryant","Langston Bailey","bryant_lang1"
"bryant","Lennart Weber","bryant_lenn1"
"bryant","Michael DeOrsey","bryant_mich1"
"bryant","Jaheim Nyam","bryant_jahe1"
"bryant","Jason Sepe","bryant_jaso1"
"high-point","Cam'Ron Fletcher","high-point_camr1"
"high-point","Babacar Diallo","high-point_baba1"
"high-point","Josh Ibukunoluwa","high-point_josh1"
"high-point","David Fonville","high-point_davi1"
"high-point","Birgir Irving","high-point_birg1"
"louisiana-tech","Kaden Cooper","louisiana-tech_kade1"
"louisiana-tech","AJ Bates","louisiana-tech_ajba1"
"louisiana-tech","Avery Thomas II","louisiana-tech_aver2"
"louisiana-tech","DJ Dudley","louisiana-tech_djdu1"
"louisiana-tech","Sir Issac Herron","louisiana-tech_siri1"
"louisiana-tech","Jaylen Fenner","louisiana-tech_jayl1"
"louisiana-tech","Keegan Rowell","louisiana-tech_keeg1"
"louisiana-tech","Kylan Howze","louisiana-tech_kyla1"
"louisiana-tech","Will Allen","louisiana-tech_will1"
"louisiana-tech","Melian Martinez","louisiana-tech_meli1"
"louisiana-tech","Lachlan Thompson","louisiana-tech_lach1"
"northeastern","Haris Elezovic","northeastern_hari1"
"rhode-island","Keeyan Itejere","rhode-island_keey1"
"rhode-island","Jonah Hinton","rhode-island_jona1"
"rhode-island","Jahmere Tripp","rhode-island_jahm1"
"rhode-island","Myles Corey","rhode-island_myle1"
"rhode-island","Tyler Cochran","rhode-island_tyle1"
"rhode-island","Jalen Harper","rhode-island_jale1"
"rhode-island","Alex Crawford","rhode-island_alex1"
"rhode-island","R.J. Johnson","rhode-island_rjjo1"
"rhode-island","Damone King","rhode-island_damo1"
"rhode-island","Drissa Traore","rhode-island_dris1"
"saint-josephs","Al Amadou","saint-josephs_alam1"
"north-dakota-state","Max Majerle","north-dakota-state_maxm1"
"texas-el-paso","C.J. Smith","texas-el-paso_cjsm1"
"texas-el-paso","Jordan Hernandez","texas-el-paso_jord1"
"wright-state","Michael Cooper","wright-state_mich1"
"wright-state","Dominic Pangonis","wright-state_domi1"
"wright-state","Kellen Pickett","wright-state_kell1"
"wright-state","TJ Burch","wright-state_tjbu1"
"wright-state","Andrea Holden","wright-state_andr1"
"wright-state","Michael Imariagbe","wright-state_mich2"
"wright-state","Logan Woods","wright-state_loga1"
"wright-state","Solomon Callaghan","wright-state_solo1"
"wright-state","Sam Alamutu","wright-state_sama1"
"wright-state","Bryan Etumnu","wright-state_brya1"
"arkansas-little-rock","Truman Claytor IV","arkansas-little-rock_trum1"
"arkansas-little-rock","Caleb Pennyfeather","arkansas-little-rock_cale1"
"arkansas-little-rock","Christian Hughes","arkansas-little-rock_chri1"
"dixie-state","Samuel Ariyibi","dixie-state_samu1"
"grand-canyon","Evan Boisdur","grand-canyon_evan1"
"grand-canyon","Dennis Evans","grand-canyon_denn1"
"grand-canyon","Cole Pepe","grand-canyon_cole1"
"iupui","Kyler D'Augustino","iupui_kyle1"
"iupui","Finley Woodward","iupui_finl1"
"iupui","Maguire Mitchell","iupui_magu1"
"iupui","Kameron Tinsley","iupui_kame1"
"iupui","Gabe Stewart","iupui_gabe1"
"iupui","Micah Davis","iupui_mica1"
"iupui","Aiden Miller","iupui_aide1"
"iupui","Matt Compas","iupui_matt1"
"iupui","Jaxon Edwards","iupui_jaxo1"
"iupui","JP Dragas","iupui_jpdr1"
"iupui","Reece Hagy","iupui_reec1"
"illinois","Keaton Wagler","illinois_keat1"
"illinois","David Mirkovic","illinois_davi1"
"illinois","Andrej Stojakovic","illinois_andr1"
"illinois","Kylan Boswell","illinois_kyla1"
"illinois","Tomislav Ivisic","illinois_tomi1"
"illinois","Ben Humrichous","illinois_benh1"
"illinois","Jake Davis","illinois_jake1"
"illinois","Zvonimir Ivisic","illinois_zvon1"
"illinois","Brandon Lee","illinois_bran1"
"illinois","Jason Jakstys","illinois_jaso1"
"illinois","Mihailo Petrovic","illinois_miha1"
"missouri","Jacob Crews","missouri_jaco1"
"missouri","Mark Mitchell","missouri_mark1"
"missouri","Anthony Robinson II","missouri_anth1"
"missouri","Shawn Phillips Jr.","missouri_shaw1"
"missouri","Annor Boateng","missouri_anno1"
"missouri","Sebastian Mack","missouri_seba1"
"missouri","T.O. Barrett","missouri_toba1"
"missouri","Nicholas Randall","missouri_nich1"
"missouri","Luke Northweather","missouri_luke1"
"missouri","Trent Burns","missouri_tren1"
"davidson","RJ Greer","davidson_rjgr1"
"davidson","Sean Logan","davidson_sean1"
"kansas","Melvin Council Jr.","kansas_melv1"
"kansas","Tre White","kansas_trew1"
"kansas","Bryson Tiller","kansas_brys1"
"kansas","Flory Bidunga","kansas_flor1"
"kansas","Jamari McDowell","kansas_jama1"
"kansas","Kohl Rosario","kansas_kohl1"
"kansas","Jayden Dawson","kansas_jayd1"
"kansas","Elmarko Jackson","kansas_elma1"
"kansas","Samis Calderon","kansas_sami1"
"kansas","Paul Mbiya","kansas_paul1"
"kansas","Nginyu Ngala","kansas_ngin1"
"kansas","Justin Cross","kansas_just1"
"kansas","Wilder Evers","kansas_wild1"
"kansas","Will Thengvall","kansas_will1"
"north-texas","Cole Franklin","north-texas_cole1"
"north-texas","David Terrell Jr.","north-texas_davi1"
"north-texas","Je'Shawn Stevenson","north-texas_jesh1"
"north-texas","Reece Robinson","north-texas_reec1"
"north-texas","Dylan Arnett","north-texas_dyla1"
"north-texas","EJ Horton","north-texas_ejho1"
"north-texas","Curtis Stinson Jr.","north-texas_curt1"
"north-texas","Buddy Hammer Jr.","north-texas_budd1"
"north-texas","Josiah Shackleford","north-texas_josi1"
"north-texas","Demarion Watson","north-texas_dema1"
"north-texas","Cahmai Crosby","north-texas_cahm1"
"maryland-eastern-shore","Jaden Cooper","maryland-eastern-shore_jade1"
"maryland-eastern-shore","Dorion Staples","maryland-eastern-shore_dori1"
"maryland-eastern-shore","Michael Teal","maryland-eastern-shore_mich1"
"maryland-eastern-shore","Levi Beckwith","maryland-eastern-shore_levi1"
"maryland-eastern-shore","Joseph Locandro","maryland-eastern-shore_jose1"
"maryland-eastern-shore","Zion Obanla","maryland-eastern-shore_zion1"
"maryland-eastern-shore","Justin Monden","maryland-eastern-shore_just1"
"maryland-eastern-shore","Christopher Flippin","maryland-eastern-shore_chri1"
"maryland-eastern-shore","Maurio Hanson Jr.","maryland-eastern-shore_maur1"
"maryland-eastern-shore","Maurice Vassel","maryland-eastern-shore_maur2"
"maryland-eastern-shore","Jaden Johnson","maryland-eastern-shore_jade2"
"texas","Dailyn Swain","texas_dail1"
"texas","Jordan Pope","texas_jord2"
"texas","Tramon Mark","texas_tram1"
"texas","Matas Vokietaitis","texas_mata1"
"texas","Camden Heide","texas_camd1"
"texas","Chendall Weaver","texas_chen1"
"texas","Simeon Wilcher","texas_sime1"
"texas","Lassina Traore","texas_lass1"
"texas","Nic Codie","texas_nicc1"
"texas","Declan Duru Jr.","texas_decl1"
"arizona","Jackson Francois","arizona_jack1"
"arizona","Jackson Cook","arizona_jack2"
"bethune-cookman","Jakobi Heady","bethune-cookman_jako1"
"bethune-cookman","Quentin Heady","bethune-cookman_quen1"
"bethune-cookman","Tyler Andrews","bethune-cookman_tyle2"
"bethune-cookman","Rickey Mitchell Jr.","bethune-cookman_rick1"
"bethune-cookman","Daniel Rouzan","bethune-cookman_dani1"
"bethune-cookman","Jordan Johnson","bethune-cookman_jord2"
"bethune-cookman","Ariel Bland","bethune-cookman_arie1"
"bethune-cookman","Dailon Minor","bethune-cookman_dail1"
"bethune-cookman","Trayvon Barbary","bethune-cookman_tray1"
"bethune-cookman","Simeon Womack","bethune-cookman_sime1"
"brigham-young","Keba Keita","brigham-young_keba1"
"brigham-young","Abdullah Ahmed","brigham-young_abdu1"
"brigham-young","Jared McGregor","brigham-young_jare1"
"oklahoma","Derrion Reid","oklahoma_derr1"
"oklahoma","Nijel Pack","oklahoma_nije1"
"oklahoma","Tae Davis","oklahoma_taed1"
"oklahoma","Xzayvier Brown","oklahoma_xzay1"
"oklahoma","Mohamed Wague","oklahoma_moha1"
"oklahoma","Jadon Jones","oklahoma_jado1"
"oklahoma","Kuol Atak","oklahoma_kuol1"
"oklahoma","Jeff Nwankwo","oklahoma_jeff1"
"oklahoma","Kai Rogers","oklahoma_kair1"
"oklahoma","Reid Lovelace","oklahoma_reid1"
"oklahoma","Jake Hansen","oklahoma_jake1"
"stetson","Jamie Phillips Jr.","stetson_jami1"
"stetson","Ethan Copeland","stetson_etha1"
"stetson","Calvin Sirmans III","stetson_calv1"
"stetson","Collin Kuhl","stetson_coll1"
"stetson","Jake Johnson","stetson_jake1"
"stetson","Sean Morgan","stetson_sean1"
"stetson","Janusz Ratowski","stetson_janu1"
"stetson","J.R. Leonard","stetson_jrle1"
"stetson","Finley Sheridan","stetson_finl1"
"stetson","Matar Diop","stetson_mata1"
"stetson","Alex Doyle","stetson_alex1"
"stetson","Miller McGowan","stetson_mill1"
"stetson","Ben Gladieux","stetson_beng1"
"stetson","Isaac Jones","stetson_isaa1"
"sacramento-state","Prophet Johnson","sacramento-state_prop1"
"campbell","Broc Bidwell","campbell_broc1"
"green-bay","Preston Ruedinger","green-bay_pres1"
"green-bay","C.J. O'Hara","green-bay_cjoh1"
"green-bay","Marcus Hall","green-bay_marc1"
"green-bay","Ramel Bethea","green-bay_rame1"
"green-bay","LeBron Thomas","green-bay_lebr1"
"green-bay","Vukasin Todorovic","green-bay_vuka1"
"green-bay","Caden Wilkins","green-bay_cade1"
"green-bay","Justin Allen","green-bay_just1"
"green-bay","Maruan Cicic","green-bay_maru1"
"green-bay","Keegan Van Kauwenberg","green-bay_keeg1"
"green-bay","Rob Stroud","green-bay_robs1"
"green-bay","Mac Wrecke","green-bay_macw1"
"california-riverside","Dylan Godfrey","california-riverside_dyla1"
"california-riverside","Ben Waller","california-riverside_benw1"
"bellarmine","Kenyon Goodin","bellarmine_keny1"
"bellarmine","Brian Waddell","bellarmine_bria1"
"bellarmine","Jack Karasinski","bellarmine_jack1"
"bellarmine","Darrius Bolden","bellarmine_darr1"
"bellarmine","Sam Donald","bellarmine_samd1"
"bellarmine","Tyler Doyle","bellarmine_tyle1"
"bellarmine","Michael Wilson Jr.","bellarmine_mich1"
"bellarmine","Donovan Hunter","bellarmine_dono1"
"bellarmine","Grant Whitaker","bellarmine_gran1"
"bellarmine","Myles Watkins","bellarmine_myle1"
"bellarmine","Tommy Clark","bellarmine_tomm1"
"bellarmine","Grant Neal","bellarmine_gran2"
"bellarmine","Jacob Wassler","bellarmine_jaco1"
"kentucky","Andrija Jelavic","kentucky_andr1"
"florida-atlantic","Max Langenfeld","florida-atlantic_maxl1"
"ohio-state","Mathieu Grujicic","ohio-state_math1"
"missouri-state","Kobi Williams","missouri-state_kobi1"
"missouri-state","Keith Palek III","missouri-state_keit1"
"missouri-state","Zaxton King","missouri-state_zaxt1"
"missouri-state","Michael Osei-Bonsu","missouri-state_mich1"
"missouri-state","Trey Williams Jr.","missouri-state_trey1"
"missouri-state","Melakih Cunningham","missouri-state_mela1"
"missouri-state","Cameron Boone","missouri-state_came1"
"missouri-state","Logan Epes","missouri-state_loga1"
"missouri-state","Darrion Sutton","missouri-state_darr1"
"army","Ryan Curry","army_ryan1"
"army","Jacen Holloway","army_jace1"
"army","Kevin McCarthy","army_kevi1"
"army","Jorn Everson","army_jorn1"
"army","Tate Laczkowski","army_tate1"
"army","Jackson Furman","army_jack1"
"army","Jaxson Bell","army_jaxs1"
"army","Joshua Eli","army_josh1"
"binghamton","Jackson Benigni","binghamton_jack1"
"loyola-marymount","Jael Martin","loyola-marymount_jael1"
"loyola-marymount","Nakyel Shelton","loyola-marymount_naky1"
"morgan-state","Jayden Socka","morgan-state_jayd1"
"harvard","Kenan Parrish","harvard_kena1"
"st-johns-ny","Kelvin Odih","st-johns-ny_kelv1"
"st-johns-ny","Fotis Konstantinidis","st-johns-ny_foti1"
"st-johns-ny","Handje Tamba","st-johns-ny_hand1"
"marshall","Shamarrie Hugie","marshall_sham1"
"marshall","Kai Spears","marshall_kais1"
"villanova","Zion Stanford","villanova_zion1"
"north-carolina-wilmington","Grady Whitt","north-carolina-wilmington_grad1"
"north-carolina-wilmington","JoJo Fullwood","north-carolina-wilmington_jojo1"
"north-carolina-wilmington","Makel Smith","north-carolina-wilmington_make1"
"duquesne","Dom Aekins","duquesne_doma1"
"stanford","Donavin Young","stanford_dona1"
"bryant","Ethane Bourgade","bryant_etha1"
"liberty","TJ Drain","liberty_tjdr1"
"george-mason","Jermahri Hill","george-mason_jerm1"
"pennsylvania","Michelangelo Oberti","pennsylvania_mich2"
"florida-am","Ja'Cobi Hall","florida-am_jaco1"
"georgia-tech","Baye Ndongo","georgia-tech_baye1"
"georgia-tech","Jaeden Mustaf","georgia-tech_jaed1"
"georgia-tech","Eric Chatfield Jr.","georgia-tech_eric2"
"maryland","Aleks Alston","maryland_alek1"
"ohio","Madison Lim","ohio_madi1"
"presbyterian","Luke Allison","presbyterian_luke1"
"saint-josephs","Jaiden Glover","saint-josephs_jaid1"
"wofford","Nils Machowski","wofford_nils1"
"wofford","Cayden Vasko","wofford_cayd1"
"wofford","Luke Flynn","wofford_luke1"
"wofford","Brian Sumpter","wofford_bria1"
"wofford","Kahmare Holmes","wofford_kahm1"
"wofford","Chace Watley","wofford_chac1"
"wofford","Jayden Tyler","wofford_jayd1"
"wofford","Maximo Ortega","wofford_maxi1"
"wofford","Rex Stirling","wofford_rexs1"
"wofford","Brendan Rigsbee","wofford_bren1"
"wofford","Grayson Collins","wofford_gray1"
"wofford","Davis Miller","wofford_davi1"
"austin-peay","Tate McCubbin","austin-peay_tate1"
"austin-peay","Collin Parker","austin-peay_coll1"
"austin-peay","Rashaud Marshall","austin-peay_rash1"
"austin-peay","Matt Enright","austin-peay_matt1"
"austin-peay","Anton Brookshire","austin-peay_anto1"
"austin-peay","Tyler Wagner","austin-peay_tyle1"
"austin-peay","Ja'Corey Robinson","austin-peay_jaco1"
"austin-peay","Zyree Collins","austin-peay_zyre1"
"austin-peay","Travis Torain","austin-peay_trav1"
"austin-peay","Creighton Morisch","austin-peay_crei1"
"austin-peay","Terrell Gaines","austin-peay_terr1"
"austin-peay","Hansel Enmanuel","austin-peay_hans1"
"texas-tech","Jazz Henderson","texas-tech_jazz1"
"texas-tech","Jack Francis","texas-tech_jack1"
"northern-colorado","Quinn Denker","northern-colorado_quin1"
"northern-colorado","Egan Shields","northern-colorado_egan1"
"california-davis","Chase Rawlins","california-davis_chas1"
"oregon-state","Stephen Olowoniyi","oregon-state_step1"
"oregon-state","Ja'Quavis Williford","oregon-state_jaqu1"
"nebraska-omaha","Grant Stubblefield","nebraska-omaha_gran1"
"nebraska-omaha","Valentino Simon","nebraska-omaha_vale1"
"nebraska-omaha","Aidan Skradis","nebraska-omaha_aida1"
"oregon","Oleksandr Kobzystyi","oregon_olek1"
"oregon","Drew Carter","oregon_drew1"
"oregon","Miles Stewart","oregon_mile1"
"gonzaga","Davis Fogle","gonzaga_davi1"
"gonzaga","Ismaila Diagne","gonzaga_isma1"
"gonzaga","Cade Orness","gonzaga_cade1"
"gonzaga","Joaquim ArauzMoore","gonzaga_joaq1"
"pacific","Alexis Marmolejos","pacific_alex1"
"cornell","Trinity Jones","cornell_trin1"
"florida-gulf-coast","Brandon Dwyer","florida-gulf-coast_bran1"
"georgia-state","Joah Chappelle","georgia-state_joah1"
"georgia-state","Kwame Tanic","georgia-state_kwam1"
"mercer","TJ Grant","mercer_tjgr1"
"mercer","Jaydon Cole","mercer_jayd1"
"mercer","Braeden Carlsen","mercer_brae1"
"mercer","Pero Zubac","mercer_pero1"
"mercer","Alex Koch","mercer_alex1"
"morehead-state","Jace Winkleman","morehead-state_jace1"
"north-dakota","Anthony Doppler","north-dakota_anth2"
"north-dakota","Ryan Erikson","north-dakota_ryan1"
"radford","Gabriel Ferreira","radford_gabr1"
"radford","Bradley Land","radford_brad1"
"st-thomas-mn","Tommy Humphries","st-thomas-mn_tomm1"
"longwood","Jerome Williams","longwood_jero1"
"longwood","Isaiah Kalala","longwood_isai1"
"louisiana-lafayette","Karris Bilal","louisiana-lafayette_karr1"
"saint-louis","Jax Kerr","saint-louis_jaxk1"
"saint-louis","Kellen Thames","saint-louis_kell1"
"saint-louis","Isaac Holmes","saint-louis_isaa1"
"saint-louis","Jaden Schertz","saint-louis_jade1"
"cal-state-fullerton","Kiwane Garris Jr.","cal-state-fullerton_kiwa1"
"cal-state-fullerton","Benjamin Winker","cal-state-fullerton_benj1"
"cal-state-fullerton","Matthew Quinlan","cal-state-fullerton_matt1"
"southern-methodist","Nigel Walls","southern-methodist_nige1"
"southern-methodist","Niccolo Kalischer-Stork","southern-methodist_nicc1"
"southern-methodist","Trey Utter","southern-methodist_trey1"
"new-mexico-state","Amarco Doyle","new-mexico-state_amar1"
"new-mexico-state","Christian Villegas","new-mexico-state_chri2"
"missouri-kansas-city","Shatner Booker-Lowery","missouri-kansas-city_shat1"
"missouri-kansas-city","Babacar Mbengue","missouri-kansas-city_baba1"
"california-san-diego","Ryder Elisaldez","california-san-diego_ryde1"
"california-san-diego","Christopher Cox","california-san-diego_chri1"
"california-san-diego","Yaqub Mir","california-san-diego_yaqu1"
"cincinnati","Keyshuan Tillery","cincinnati_keys1"
"cincinnati","Jordi Rodriguez","cincinnati_jord1"
"cincinnati","Grant Darbyshire","cincinnati_gran1"
"lipscomb","Cole Middleton","lipscomb_cole1"
"delaware","Justyn Fernandez","delaware_just1"
"delaware","Macon Emory","delaware_maco1"
"delaware","Christian Bliss","delaware_chri1"
"delaware","Tyler Houser","delaware_tyle1"
"delaware","Bouna Kebe","delaware_boun1"
"delaware","Alex Kazanecki","delaware_alex1"
"delaware","Jayden Taylor","delaware_jayd1"
"delaware","Nnanna Njoku","delaware_nnan1"
"missouri-state","Antwan Burnett","missouri-state_antw1"
"northeastern","Petar Pinter","northeastern_peta1"
"indiana-state","Hunter Harding","indiana-state_hunt1"
"mount-st-marys","Zaria Harleaux","mount-st-marys_zari1"
"cornell","Mateen Rafiq","cornell_mate1"
"cornell","Jax Abalos","cornell_jaxa1"
"cornell","AJ LaBeau","cornell_ajla1"
"cornell","Ian Imegwu","cornell_iani1"
"michigan-state","Nick Sanders","michigan-state_nick1"
"michigan-state","Brennan Walton","michigan-state_bren1"
"michigan-state","Colin Walton","michigan-state_coli1"
"mcneese-state","Garwey Dual","mcneese-state_garw1"
"mcneese-state","Javohn Garcia","mcneese-state_javo1"
"mcneese-state","Larry Johnson","mcneese-state_larr1"
"mcneese-state","Peitok Machar","mcneese-state_peit1"
"mcneese-state","Carl Cherenfant","mcneese-state_carl2"
"mcneese-state","DJ Richards","mcneese-state_djri1"
"mcneese-state","Tyshawn Archie","mcneese-state_tysh1"
"mcneese-state","Jacolb Cole","mcneese-state_jaco1"
"mcneese-state","Yanis Ndjonga","mcneese-state_yani1"
"mcneese-state","Jerrell Colbert","mcneese-state_jerr1"
"north-carolina-at","Lewis Walker","north-carolina-at_lewi1"
"north-carolina-central","Camren Daniels","north-carolina-central_camr1"
"north-carolina-central","Ryan Archey","north-carolina-central_ryan1"
"penn-state","Chris Lotito","penn-state_chri1"
"rutgers","Kaden Powers","rutgers_kade1"
"alabama","Jacob Martin","alabama_jaco1"
"alabama","Preston Murphy Jr.","alabama_pres1"
"yale","Nick Townsend","yale_nick1"
"yale","Isaac Celiscar","yale_isaa1"
"yale","Samson Aletan","yale_sams1"
"yale","Trevor Mullin","yale_trev1"
"yale","Casey Simmons","yale_case1"
"yale","Jordan Brathwaite","yale_jord1"
"yale","Devon Arlington","yale_devo1"
"yale","Riley Fox","yale_rile1"
"yale","Daniel Ogunyemi","yale_dani1"
"yale","Jack Sullivan","yale_jack1"
"yale","Jeannot Basima","yale_jean1"
"yale","Alvin Loving","yale_alvi1"
"yale","Courtney Wallace Jr.","yale_cour1"
"auburn","Simon Walker","auburn_simo1"
"auburn","Blake Muschalek","auburn_blak1"
"queens-nc","Nasir Mann","queens-nc_nasi1"
"queens-nc","Yoav Berman","queens-nc_yoav1"
"queens-nc","Chris Ashby","queens-nc_chri1"
"queens-nc","Jordan Watford","queens-nc_jord1"
"queens-nc","Avantae Parker","queens-nc_avan1"
"queens-nc","Gus Larson","queens-nc_gusl1"
"queens-nc","Maban Jabriel","queens-nc_maba1"
"queens-nc","Kam Clark","queens-nc_kamc1"
"queens-nc","Isaiah Henry","queens-nc_isai1"
"queens-nc","Reid Celestin","queens-nc_reid1"
"baylor","James Goodis","baylor_jame1"
"middle-tennessee","Alec Oglesby","middle-tennessee_alec1"
"indiana-state","Amaya Blake","indiana-state_amay1"
"illinois","Blake Fagbemi","illinois_blak1"
"illinois","AJ Redd","illinois_ajre1"
"southern","Lionel Bell","southern_lion1"
"alabama-state","Kevin Alabi","alabama-state_kevi1"
"alabama-state","Jordon Marshall","alabama-state_jord1"
"mississippi-state","Dellquan Warren","mississippi-state_dell1"
"mississippi-state","Brandon Walker","mississippi-state_bran1"
"mississippi-state","Amier Ali","mississippi-state_amie1"
"southern-illinois","Prince Aligbe","southern-illinois_prin1"
"northern-iowa","Hunter Jacobson","northern-iowa_hunt1"
"valparaiso","Sader Servilus","valparaiso_sade1"
"valparaiso","Mark Brown","valparaiso_mark1"
"tarleton-state","DJ Dormu","tarleton-state_djdo1"
"tarleton-state","Ocypher Owens","tarleton-state_ocyp1"
"texas-arlington","Jayden Smoot","texas-arlington_jayd1"
"new-haven","Kyle Kearson","new-haven_kyle1"
"vanderbilt","Coleson Messer","vanderbilt_cole1"
"california-baptist","Bradey Henige","california-baptist_brad1"
"california-baptist","Miles Daniels","california-baptist_mile1"
"utah-valley","Braden Housley","utah-valley_brad1"
"army","Fiona Hastick","army_fion1"
"brown","Sela Klein","brown_sela1"
"merrimack","Tye Dorset","merrimack_tyed1"
"merrimack","Ernest Shelton","merrimack_erne1"
"merrimack","Kevair Kennedy","merrimack_keva1"
"merrimack","Todd Brogna","merrimack_todd1"
"merrimack","Andres Marrero","merrimack_andr1"
"merrimack","KC Ugwuakazi","merrimack_kcug1"
"merrimack","Dylan Veillette","merrimack_dyla1"
"merrimack","Jaylen Stinson","merrimack_jayl1"
"njit","Melvyn Ebonkoli","njit_melv1"
"marist","Tarik Watson","marist_tari1"
"marist","Martin Kawa","marist_mart1"
"quinnipiac","Braylan Ritvo","quinnipiac_bray1"
"towson","Ryan Conway","towson_ryan2"
"maryland-baltimore-county","Saahil Thakkar","maryland-baltimore-county_saah1"
"dartmouth","Shanon Simango","dartmouth_shan1"
"dartmouth","Tyler Garrett","dartmouth_tyle1"
"youngstown-state","Cam Polak","youngstown-state_camp1"
"ball-state","Kody Clancy","ball-state_kody1"
"ball-state","Easton Foster","ball-state_east1"
"ball-state","Cam Denson","ball-state_camd1"
"cleveland-state","Josiah Harris","cleveland-state_josi1"
"cleveland-state","Ivan Spirov","cleveland-state_ivan1"
"college-of-charleston","Colby Duggan","college-of-charleston_colb1"
"hofstra","Josh Reaves","hofstra_josh2"
"hofstra","Alex Tsynkevich","hofstra_alex1"
"western-kentucky","Jack Edelen","western-kentucky_jack1"
"western-kentucky","Kade Unseld","western-kentucky_kade1"
"louisiana-lafayette","Zoriahn Davis","louisiana-lafayette_zori1"
"louisiana-tech","Scooter Williams Jr.","louisiana-tech_scoo1"
"iona","CJ Anthony","iona_cjan1"
"mount-st-marys","Luke McEldon","mount-st-marys_luke1"
"northwestern-state","Landyn Jumawan","northwestern-state_land1"
"kent-state","Landon Vanderwarker","kent-state_land1"
"kent-state","Brenden Moss","kent-state_bren1"
"kent-state","Deandre Jones","kent-state_dean1"
"purdue","Aaron Fine","purdue_aaro1"
"purdue","Jack Lusk","purdue_jack2"
"purdue","Jace Rayl","purdue_jace1"
"rider","Mohamad Diallo","rider_moha1"
"robert-morris","Nikolaos Chitikoudis","robert-morris_niko1"
"texas-am-commerce","London Fields","texas-am-commerce_lond1"
"new-orleans","Jakevion Buckley","new-orleans_jake1"
"new-orleans","MJ Thomas","new-orleans_mjth1"
"new-orleans","Coleton Benson","new-orleans_cole1"
"new-orleans","Kedrick Osby","new-orleans_kedr1"
"new-orleans","Churchill Abass","new-orleans_chur1"
"new-orleans","Panagiotis Pagonis","new-orleans_pana1"
"new-orleans","Enzo Boudouma","new-orleans_enzo1"
"new-orleans","Irish Coquia","new-orleans_iris1"
"texas-pan-american","Filip Brankovic","texas-pan-american_fili1"
"texas-pan-american","Kwo Agwa","texas-pan-american_kwoa1"
"arkansas","Isaiah Sealy","arkansas_isai1"
"arkansas","Elmir Dzafic","arkansas_elmi1"
"arkansas","Jaden Karuletwa","arkansas_jade1"
"arkansas","Ayden Kelley","arkansas_ayde1"
"arkansas","Amere Brown","arkansas_amer1"
"james-madison","Kose Egbule","james-madison_kose1"
"illinois-chicago","Ante Beljan","illinois-chicago_ante1"
"illinois-chicago","Carlos Harris III","illinois-chicago_carl1"
"houston-baptist","Ryan Bartley","houston-baptist_ryan1"
"houston-baptist","Trent Johnson","houston-baptist_tren1"
"houston-baptist","Kylin Green","houston-baptist_kyli1"
"houston-baptist","Demarco Bethea","houston-baptist_dema1"
"houston-baptist","Bryson Monroe","houston-baptist_brys1"
"houston-baptist","D'Aundre Samuels","houston-baptist_daun1"
"houston-baptist","Demari Williams","houston-baptist_dema2"
"houston-baptist","Mambourou Mara","houston-baptist_mamb1"
"houston-baptist","Nehikhare Igiehon","houston-baptist_nehi1"
"houston-baptist","Ahjany Lee","houston-baptist_ahja1"
"houston-baptist","Caleb Gaston","houston-baptist_cale1"
"louisiana-state","Mazi Mosley","louisiana-state_mazi1"
"louisiana-state","Jaden Bobbett","louisiana-state_jade1"
"ipfw","Mason Shrout","ipfw_maso1"
"milwaukee","Austin Villarreal","milwaukee_aust1"
"mississippi","Koren Johnson","mississippi_kore1"
"northern-arizona","Erez Poran","northern-arizona_erez1"
"northern-arizona","JT Amundsen","northern-arizona_jtam1"
"bethune-cookman","Seneca Willoughby","bethune-cookman_sene1"
"oklahoma-state","Parsa Fallah","oklahoma-state_pars1"
"oklahoma","Kirill Elatontsev","oklahoma_kiri1"
"south-alabama","John Broom","south-alabama_john1"
"south-alabama","Brian Hawthorne","south-alabama_bria1"
"prairie-view","Hassane Diallo","prairie-view_hass1"
"southern-utah","Dylan Jones","southern-utah_dyla1"
"southern-utah","Zeplin Kidd","southern-utah_zepl1"
"texas-el-paso","Abby Priscilla","texas-el-paso_abby1"
"nevada-las-vegas","Al Green","nevada-las-vegas_algr1"
"nevada-las-vegas","Jalen Cunningham","nevada-las-vegas_jale1"
"miami-fl","Dante Allen","miami-fl_dant1"
"texas-southern","Ahmed Nedal Abdelrahman","texas-southern_ahme1"
"air-force","Eli Robinson","air-force_elir1"
"air-force","Kam Sanders","air-force_kams1"
"air-force","Justin Hinds","air-force_just1"
"air-force","Kolby Gilles","air-force_kolb1"
"air-force","Wesley Celichowski","air-force_wesl1"
"air-force","Caleb Walker","air-force_cale1"
"air-force","AJ Patterson","air-force_ajpa1"
"air-force","Lucas Hobin","air-force_luca1"
"air-force","Ethan Greenberg","air-force_etha1"
"air-force","Josh Gatete","air-force_josh1"
"new-mexico","Tomislav Buljan","new-mexico_tomi1"
"colorado-state","Jon Mekonnen","colorado-state_jonm1"
"fresno-state","Makhan Diouf","fresno-state_makh1"
"san-jose-state","Marcus Overstreet","san-jose-state_marc1"
"notre-dame","Mark Zackery IV","notre-dame_mark1"
"stanford","Cameron Grant","stanford_came1"
"princeton","Jacob Hammond","princeton_jaco2"
"maine","Yanis Bamba","maine_yani1"
"howard","Alex Cotton","howard_alex1"
"howard","BJ Powell","howard_bjpo1"
"howard","Calvin Robins","howard_calv1"
"howard","Jeremiah Johnson","howard_jere1"
"howard","Stefan Isailovic","howard_stef1"
"howard","Julian Johnson","howard_juli1"
"howard","River Smith","howard_rive1"
"northwestern","Nick Martinelli","northwestern_nick1"
"citadel","Chase Williams","citadel_chas1"
"east-tennessee-state","Gabe Sisk","east-tennessee-state_gabe1"
"east-tennessee-state","Henry Sisemore","east-tennessee-state_henr1"
"morgan-state","Elijah Davis","morgan-state_elij1"
"albany-ny","Tarique Foster","albany-ny_tari1"
"albany-ny","Bautista Giralt","albany-ny_baut1"
"south-carolina","Nordin Kapic","south-carolina_nord1"
"western-michigan","Justice Williams","western-michigan_just1"
"western-michigan","Sharod Barnes","western-michigan_shar1"
"miami-oh","Justin Kirby","miami-oh_just1"
"incarnate-word","Tyler Simon","incarnate-word_tyle1"
"seton-hall","Najai Hines","seton-hall_naja1"
"alabama-am","James Graham III","alabama-am_jame1"
"alabama-am","Jalen Carruth","alabama-am_jale1"
"arkansas-state","Joey Chammaa","arkansas-state_joey1"
"tennessee-state","JC Brooks","tennessee-state_jcbr1"
"tennessee-state","Alex Garcia","tennessee-state_alex1"
"tennessee-tech","Jacobe Whitted","tennessee-tech_jaco1"
"south-carolina-state","Jamal Miles","south-carolina-state_jama1"
"tennessee","Ethan Burg","tennessee_etha1"
"louisville","Kobe Rodgers","louisville_kobe1"
"nebraska","Ugnius Jarusevicius","nebraska_ugni1"
"new-hampshire","Jon O'Neill","new-hampshire_jono1"
"new-hampshire","Myles Blackley","new-hampshire_myle1"
"new-hampshire","Nicholas Sanford","new-hampshire_nich1"
"new-hampshire","Dylan Saunders","new-hampshire_dyla1"
"long-beach-state","Derrick Michael Xzavierro","long-beach-state_derr1"
"akron","Kam'Ren Rhodes","akron_kamr1"
"brown","Jeremiah Jenkins","brown_jere1"
"brown","Isaiah Langham","brown_isai1"
"brown","Landon Lewis","brown_land1"
"brown","Luke Paragon","brown_luke1"
"brown","N'famara Dabo","brown_nfam1"
"brown","Adrian Uchidiuno","brown_adri1"
"brown","David Rochester","brown_davi1"
"brown","Malcolm Wrisby-Jefferson","brown_malc1"
"brown","Charlie OSullivan","brown_char3"
"brown","Wyatt DeGraaf","brown_wyat1"
"brown","Jonah Drezner","brown_jona1"
"dayton","Damon Friery","dayton_damo1"
"fordham","Louis Lesmond","fordham_loui1"
"east-carolina","Demitri Gardner","east-carolina_demi1"
"bucknell","Pat Curtin","bucknell_patc1"
"bucknell","Quin Berger","bucknell_quin1"
"holy-cross","Aiden Disu","holy-cross_aide1"
"holy-cross","Declan Ryan","holy-cross_decl1"
"lehigh","Edouard Benoit","lehigh_edou1"
"drexel","Dillon Tingler","drexel_dill1"
"loyola-il","Nicolus Anderson","loyola-il_nico1"
"george-washington","Christian Jones","george-washington_chri1"
"clemson","Dallas Thomas","clemson_dall1"
"syracuse","Donnie Freeman","syracuse_donn1"
"depaul","Théo Pierre-Justin","depaul_thop1"
"alabama-birmingham","Jacob Meyer","alabama-birmingham_jaco1"
"northwestern-state","CJ Larry","northwestern-state_cjla1"
"northwestern-state","J.C. Riley","northwestern-state_jcri1"
"baylor","Ella Brow","baylor_ella1"
"loyola-md","Jonas Sirtautas","loyola-md_jona1"
"loyola-md","Ben Menker","loyola-md_benm1"
"american","Laura Nogues","american_laur1"
"boston-university","Quinn Nielsen","boston-university_quin1"
"northern-illinois","Isaiah Washington","northern-illinois_isai1"
"boston-university","Aoibhe Gormley","boston-university_aoib1"
"boston-university","Inez Gallegos","boston-university_inez1"
"columbia","Leland Coleman","columbia_lela1"
"columbia","Edwin Bai","columbia_edwi1"
"florida-atlantic","Vincent Neugebauer","florida-atlantic_vinc1"
"florida-atlantic","Liam Dayco-Green","florida-atlantic_liam1"
"florida-atlantic","Lachlan Smith","florida-atlantic_lach1"
"texas-san-antonio","Kaidon Rayfield","texas-san-antonio_kaid1"
"texas-san-antonio","LJ Brown","texas-san-antonio_ljbr1"
"kansas-state","Ivona Scekic","kansas-state_ivon1"
"kansas-state","Alexis Hess","kansas-state_alex1"
"la-salle","Jaden Johnson","la-salle_jade1"
"la-salle","Jerome Brewer Jr.","la-salle_jero1"
"monmouth","Jack Collins","monmouth_jack2"
"old-dominion","LJ Thomas","old-dominion_ljth1"
"pennsylvania","Johnnie Walter","pennsylvania_john1"
"rice","Dallas Hobbs","rice_dall1"
"rice","Trey Patterson","rice_trey1"
"rice","Evan Cochran","rice_evan1"
"tulsa","Leon Sifferlin","tulsa_leon1"
"tulsa","Cal Conroy","tulsa_calc1"
"virginia-tech","Neoklis Avdalas","virginia-tech_neok1"
"lafayette","Ryan Pettit","lafayette_ryan1"
"lafayette","Ashton Wallace","lafayette_asht1"
"new-orleans","Mathok Majok","new-orleans_math1"
"new-orleans","Jamal Chretien II","new-orleans_jama1"
"new-orleans","Tavaj Cope","new-orleans_tava1"
"new-orleans","Grant Kemp","new-orleans_gran1"
"new-orleans","Vieux Sanneh","new-orleans_vieu1"
"north-dakota-state","Riley Saunders","north-dakota-state_rile2"
"north-dakota-state","Caleb Schoenrock","north-dakota-state_cale1"
"connecticut","Solomon Ball","connecticut_solo1"
"connecticut","Dwayne Koroma","connecticut_dway1"
"xavier","Mier Panoam","xavier_mier1"
"george-mason","Trinity Massenberg","george-mason_trin1"
"georgia-southern","Dwayne Williams Jr.","georgia-southern_dway1"
"duke","Olivia Martin","duke_oliv1"
"chattanooga","Tate Darner","chattanooga_tate1"
"north-carolina-greensboro","Lilian Marville","north-carolina-greensboro_lili1"
"north-carolina-greensboro","Assane Mandian","north-carolina-greensboro_assa1"
"iupui","Lav Cvetkovic'","iupui_lavc1"
"samford","Jadin Booth","samford_jadi1"
"samford","Keaton Norris","samford_keat1"
"samford","Jaxon Pollard","samford_jaxo1"
"jacksonville","Jaylen Jones","jacksonville_jayl1"
"auburn","Quanirah Montague","auburn_quan1"
"stetson","Daniel Macgregor","stetson_dani1"
"northern-iowa","Max Weisbrod","northern-iowa_maxw1"
"southern-illinois-edwardsville","Kendal George","southern-illinois-edwardsville_kend1"
"dartmouth","Anton Strelnikov","dartmouth_anto1"
"rider","Kaylan Deveney","rider_kayl1"
"cal-poly","Dulci Vail","cal-poly_dulc1"
"cal-poly","Maya Sharvit","cal-poly_maya1"
"portland-state","Brayden Barron","portland-state_bray1"
"weber-state","Viljami Vartiainen","weber-state_vilj1"
"cal-state-bakersfield","Dailin Smith","cal-state-bakersfield_dail1"
"california-irvine","Kianna Wormly","california-irvine_kian1"
"louisiana-monroe","Alex Huguet Carrasco","louisiana-monroe_alex2"
"eastern-kentucky","Jalen Cooper","eastern-kentucky_jale1"
"queens-nc","Carson Schweiger","queens-nc_cars1"
"abilene-christian","Yaniel Rivera","abilene-christian_yani1"
"hawaii","Harry Rouhliadeff","hawaii_harr1"
"hawaii","Aaron Hunkin-Claytor","hawaii_aaro1"
"hawaii","Hunter Erickson","hawaii_hunt1"
"hawaii","Isaac Johnson","hawaii_isaa1"
"hawaii","Quandre Bullock","hawaii_quan1"
"hawaii","Gytis Nemeikša","hawaii_gyti1"
"hawaii","Isaiah Kerr","hawaii_isai1"
"hawaii","Isaac Finlinson","hawaii_isaa2"
"hawaii","AJ Economou","hawaii_ajec1"
"hawaii","Hunter Carter","hawaii_hunt2"
"eastern-illinois","Malik Olafioye","eastern-illinois_mali1"
"idaho-state","Landen Birley","idaho-state_land1"
"idaho-state","Kasen Carpenter","idaho-state_kase1"
"sacramento-state","Isaiah Bronson","sacramento-state_isai1"
"idaho-state","Tylie Jones","idaho-state_tyli1"
"hofstra","Nevaeh Brown","hofstra_neva1"
"delaware","Alex McFadden","delaware_alex2"
"jacksonville-state","Thomas Tut","jacksonville-state_thom1"
"jacksonville-state","Toby Nnadozie","jacksonville-state_toby1"
"kennesaw-state","Perry Smith Jr.","kennesaw-state_perr1"
"liberty","Drew Grimes","liberty_drew1"
"oregon","Devon Pryor","oregon_devo1"
"stonehill","Chas Stinson","stonehill_chas1"
"stonehill","Ethan Meuser","stonehill_etha1"
"middle-tennessee","James Dent Jr.","middle-tennessee_jame1"
"portland","Kelson Gebbers","portland_kels1"
"portland","NaVaughn Long","portland_nava1"
"portland","Preston Lee","portland_pres1"
"san-diego","Assane Diop","san-diego_assa1"
"le-moyne","Trevor Roe","le-moyne_trev1"
"le-moyne","Sam Donnelly","le-moyne_samd1"
"le-moyne","Kaelin Thomas","le-moyne_kael1"
"saint-francis-pa","Chris Moncrief","saint-francis-pa_chri1"
"cornell","Ty Iwanonkiw","cornell_tyiw1"
"canisius","Max Jusianiec","canisius_maxj1"
"niagara","Trenton Walters","niagara_tren1"
"niagara","Josiah Sabino","niagara_josi1"
"chicago-state","Braelon Bush","chicago-state_brae1"
"chicago-state","Chauncey Gibson","chicago-state_chau1"
"chicago-state","Daniel Zatsepin","chicago-state_dani1"
"robert-morris","Ubong Okon","robert-morris_ubon1"
"siena","Riley Mulvey","siena_rile1"
"quinnipiac","Ronell Giles Jr.","quinnipiac_rone1"
"lamar","Spencer Ezewiro","lamar_spen1"
"fairleigh-dickinson","Arthur Cox","fairleigh-dickinson_arth1"
"northeastern","Maya Summerville","northeastern_maya1"
"missouri-state","Tyrique Brooks","missouri-state_tyri1"
"west-virginia","Chance Moore","west-virginia_chan1"
"pacific","Emmanuel Manyuon","pacific_emma1"
"pepperdine","Nikola Radovanovic","pepperdine_niko1"
"santa-clara","Brendan Yarusso","santa-clara_bren2"
"bethune-cookman","Arterio Morris","bethune-cookman_arte1"
"florida-am","Micah Octave","florida-am_mica1"
"kansas","Darryn Peterson","kansas_darr1"
"charlotte","Nick Richart","charlotte_nick1"
"houston","Kalifa Sakho","houston_kali1"
"hofstra","A.J. Wills","hofstra_ajwi1"
"maryland-eastern-shore","Trey Brown","maryland-eastern-shore_trey1"
"maryland-eastern-shore","Javoy Thompson","maryland-eastern-shore_javo1"
"albany-ny","Abdoulaye Fall","albany-ny_abdo1"
"vermont","Drew Bessette","vermont_drew1"
"vermont","Sincere Clemons","vermont_sinc1"
"vermont","Ben Wesson","vermont_benw1"
"north-carolina-wilmington","Jahnathan Lamothe","north-carolina-wilmington_jahn1"
"texas-san-antonio","Siena Guttadauro","texas-san-antonio_sien1"
"alabama","London Jemison","alabama_lond1"
"alabama-am","James Flippin","alabama-am_jame2"
"arkansas-pine-bluff","Trevon Payton","arkansas-pine-bluff_trev1"
"arkansas-pine-bluff","Quion Williams","arkansas-pine-bluff_quio1"
"arkansas-pine-bluff","Milhan Charles","arkansas-pine-bluff_milh1"
"arkansas-pine-bluff","Jaquan Scott","arkansas-pine-bluff_jaqu1"
"arkansas-pine-bluff","Alex Mirhosseini","arkansas-pine-bluff_alex1"
"arkansas-pine-bluff","Ramel Lloyd Jr.","arkansas-pine-bluff_rame1"
"arkansas-pine-bluff","Ahmad Johnson","arkansas-pine-bluff_ahma1"
"arkansas-pine-bluff","Dennis Asoro","arkansas-pine-bluff_denn1"
"arkansas-pine-bluff","Anthony Sellars","arkansas-pine-bluff_anth1"
"grambling","Saliou Seye","grambling_sali1"
"grambling","Randarius Jones","grambling_rand1"
"prairie-view","Seryee Lewis","prairie-view_sery1"
"nebraska-omaha","Reilly Palmer","nebraska-omaha_reil1"
"new-orleans","William Patterson","new-orleans_will1"
"southern-illinois-edwardsville","Iwo Baganc","southern-illinois-edwardsville_iwob1"
"nevada","Corey Camper Jr.","nevada_core1"
"air-force","Samuel Imade","air-force_samu1"
"air-force","Brendan Martin","air-force_bren1"
"air-force","Elliott Taite","air-force_elli1"
"nevada","Olivia Poulivaati","nevada_oliv1"
"north-carolina-state","Terrance Arceneaux","north-carolina-state_terr1"
"providence","Peteris Pinnis","providence_pete1"
"kansas-state","Mobi Ikegwuruka","kansas-state_mobi1"
"northern-illinois","Carlos Coronado Jr.","northern-illinois_carl1"
"central-arkansas","Owen Derhmann","central-arkansas_owen1"
"central-arkansas","John Shulman","central-arkansas_john1"
"george-washington","Garrett Johnson","george-washington_garr1"
"longwood","London Harvey","longwood_lond1"
"james-madison","Ike Cornish","james-madison_ikec1"
"queens-nc","Tyler Crider","queens-nc_tyle1"
"southeast-missouri-state","Jay Reynolds","southeast-missouri-state_jayr1"
"western-illinois","Steven Tipton","western-illinois_stev1"
"western-illinois","Jake Edwards","western-illinois_jake1"
"california-baptist","Rene D'Amelio","california-baptist_rene1"
"baylor","James Nnaji","baylor_jame2"
"texas-am-corpus-christi","DA Houston","texas-am-corpus-christi_daho1"
"portland-state","Brycen Long","portland-state_bryc1"
"mississippi-valley-state","Daniel Mayfield","mississippi-valley-state_dani1"
"south-florida","Lana Vukcevic","south-florida_lana1"
"missouri","Jayden Stone","missouri_jayd1"
"missouri","Trent Pierce","missouri_tren2"
"cal-poly","Jackson Mosley","cal-poly_jack1"
"cal-poly","Eric Brown","cal-poly_eric1"
"wagner","Elijah Brown","wagner_elij1"
"illinois-chicago","Elijah Crawford","illinois-chicago_elij1"
"gonzaga","Noah Haaland","gonzaga_noah1"
"creighton","Hudson Greer","creighton_huds1"
"south-florida","Wes Enis","south-florida_wese1"
"denver","Corleone Dandridge","denver_corl1"
"denver","Josh Lee","denver_josh1"
"iona","Matthew Reed","iona_matt1"
"iona","Oscar Hourruitiner","iona_osca1"
"iona","Connor Horan","iona_conn1"
"marist","Antoni Vlogianitis","marist_anto1"
"oakland","MJ Yeager","oakland_mjye1"
"robert-morris","Jeremiah Littlejohn","robert-morris_jere1"
"northern-kentucky","Bryce Darbyshire","northern-kentucky_bryc1"
"dartmouth","Khai Lockwood","dartmouth_khai1"
"texas-southern","Jordan Gorecki","texas-southern_jord2"
"pennsylvania","Ethan Roberts","pennsylvania_etha1"
"princeton","Dalen Davis","princeton_dale1"
"southeastern-louisiana","Ahmed Essahaty","southeastern-louisiana_ahme1"
"cincinnati","Tyler McKinley","cincinnati_tyle1"
"southern-illinois-edwardsville","Corentin Efono","southern-illinois-edwardsville_core1"
"fresno-state","Matteo Porto","fresno-state_matt1"
"san-jose-state","Ben Roseborough","san-jose-state_benr1"
"eastern-michigan","Mbaye N'Diaye","eastern-michigan_mbay1"
"eastern-michigan","Cooper Smith","eastern-michigan_coop1"
"georgetown","Vincent Iwuchukwu","georgetown_vinc1"
"georgetown","Michael Van Raaphorst","georgetown_mich1"
"texas","Anthon McDermott","texas_anth1"
"wyoming","Garrett Spielman","wyoming_garr1"
"wyoming","Talan Taylor","wyoming_tala1"
"army","Alex Engro","army_alex1"
"army","Dylan Murans","army_dyla1"
"army","Dillon Watt","army_dill1"
"east-tennessee-state","Joseph Carter","east-tennessee-state_jose1"
"east-carolina","Eli DeLaurier","east-carolina_elid1"
"wofford","Callum Richard","wofford_call1"
"bradley","Gus Rugaard","bradley_gusr1"
"bradley","Handy Toussaint III","bradley_hand1"
"loyola-il","Caleb Reese","loyola-il_cale1"
"loyola-il","Zachary Royster","loyola-il_zach1"
"loyola-il","Brayden Young","loyola-il_bray1"
"northern-iowa","RJ Taylor","northern-iowa_rjta1"
"charlotte","Jarne Elouna Eyenga","charlotte_jarn1"
"charlotte","Andrew Bailey","charlotte_andr1"
"charleston-southern","Taylor Caldwell","charleston-southern_tayl1"
"chattanooga","Latif Diouf","chattanooga_lati1"
"furman","Cole Bowser","furman_cole1"
"furman","Mason Smith","furman_maso1"
"california","DJ Campbell","california_djca1"
"virginia","Owen Odom","virginia_owen1"
"jacksonville-state","Aidan Driggers","jacksonville-state_aida1"
"oklahoma","Dayton Forsythe","oklahoma_dayt1"
"virginia-tech","Toibu Lawal","virginia-tech_toib1"
"south-dakota","Josiah Dotzler","south-dakota_josi2"
"boise-state","Ethan Lathan","boise-state_etha1"
"campbell","Terren Frank","campbell_terr1"
"hampton","Kellan Lewis","hampton_kell1"
"hampton","Hamza Asadallah","hampton_hamz1"
"eastern-kentucky","Tyler Jackson","eastern-kentucky_tyle1"
"jacksonville","Jaylen Jordon","jacksonville_jayl2"
"jacksonville","Lamont Jackson","jacksonville_lamo1"
"rutgers","Baye Fall","rutgers_baye1"
"western-kentucky","Terrion Murdix","western-kentucky_terr1"
"western-kentucky","Cade Stinnett","western-kentucky_cade1"
"southern-utah","Brayden Johnson","southern-utah_bray1"
"louisiana-monroe","Vanessa Schwarzmann","louisiana-monroe_vane1"
"bellarmine","Olivia Pifer","bellarmine_oliv1"
"stetson","Sierra Driessen","stetson_sier1"
"liberty","Torr Sorensen","liberty_torr1"
"liberty","Brady Kester","liberty_brad1"
"north-florida","Gabriel Jacobs","north-florida_gabr1"
"vermont","David Simon","vermont_davi1"
"southern-indiana","Amaree Brown","southern-indiana_amar1"
"tennessee-state","Jean Yvens Lafleur","tennessee-state_jean1"
"tennessee-state","Jayden Jones","tennessee-state_jayd1"
"cal-state-bakersfield","Tom Mark","cal-state-bakersfield_tomm1"
"california-santa-barbara","Miro Little","california-santa-barbara_miro1"
"cal-state-fullerton","Bailey Nunn","cal-state-fullerton_bail1"
"youngstown-state","Shaheed Solebo","youngstown-state_shah1"
"youngstown-state","Derrick Anderson","youngstown-state_derr1"
"detroit-mercy","Je'kel Cotton","detroit-mercy_jeke1"
"wright-state","Alex Bruskotter","wright-state_alex1"
"green-bay","Brady Fitzgerald","green-bay_brad1"
"cleveland-state","Manny Hill","cleveland-state_mann1"
"sacred-heart","Anquan Hill","sacred-heart_anqu1"
"milwaukee","Stevie Elam","milwaukee_stev1"
"northern-kentucky","Addison Archer","northern-kentucky_addi1"
"northern-kentucky","Mitchel Minor","northern-kentucky_mitc1"
"colorado-state","Rashaan Mbemba","colorado-state_rash1"
