"team","player"
"college-of-charleston","Taylor Barbot"
"college-of-charleston","Tyja Beans"
"college-of-charleston","Taryn Barbot"
"college-of-charleston","Sophia Tougas"
"college-of-charleston","Chynell Mitchell"
"college-of-charleston","Leah Philpotts"
"college-of-charleston","Marissa Brown"
"college-of-charleston","Grace Ezebilo"
"college-of-charleston","Anilys Rolon"
"college-of-charleston","Camila De Pool"
"college-of-charleston","Dani McTeer"
"college-of-charleston","Alana Philpotts"
"college-of-charleston","Naylee Cortes"
"delaware","Kendall Scott"
"delaware","Safiatu Kolliegbo"
"delaware","Laylay Fantroy"
"delaware","Grace Sundback"
"delaware","Ande'a Cherisier"
"delaware","Arantxa Portalez"
"delaware","Kailah Correa"
"delaware","Claudia Clement"
"delaware","Trinity Vance"
"delaware","Jiya Perry"
"florida-am","Miya Giles-Jones"
"florida-am","Tahnyjia Purifoy"
"florida-am","Shaniyah McCarthy"
"florida-am","Breazia Robinson"
"florida-am","Za'Naria Robinson"
"florida-am","Cornelia Ellington"
"florida-am","ZiKeyah Carter"
"florida-am","Jordan Boddie"
"florida-am","Aina Subirats"
"florida-am","Thailan Payne"
"florida-am","Brooklyn Swann"
"florida-am","Zana Justice"
"florida-am","Niah Rhodes"
"florida-am","April Hooks"
"florida-state","Amaya Bonner"
"florida-state","Pania Davis"
"florida-state","Allie Kubek"
"florida-state","Jasmine Shavers"
"florida-state","Sydney Bowles"
"florida-state","Tatum Greene"
"florida-state","Emma Risch"
"florida-state","Solè Williams"
"florida-state","Kemariah Gerton"
"florida-state","Avery Treadwell"
"florida","Liv McGill"
"florida","Laila Reynolds"
"florida","Caterina Piatti"
"florida","Me'Arah O'Neal"
"florida","Alexia Dizeko"
"florida","Nyadieng Yiech"
"florida","Gift Ezekiel"
"florida","Sarah Deng"
"florida","Emilija Dakic"
"florida","KN'isha Godfrey"
"north-florida","Karyzma Pierre"
"north-florida","Jamisyn Stinson"
"north-florida","Georgi Buzzetti"
"north-florida","Alonya Waldon"
"north-florida","Elle Blatchford"
"north-florida","Megan Verbeeten"
"north-florida","Abby Knauff"
"north-florida","Jamison Cardwell"
"north-florida","Nicole Carreno"
"north-florida","Soraya Ogaldez"
"north-florida","Dezuray McGill"
"north-florida","Claire Davis"
"indiana-state","Samiyah Briggs"
"indiana-state","Amerie Flowers"
"indiana-state","Da'Naria Washington"
"indiana-state","Kennedy Claybrooks"
"indiana-state","Kayla Smith"
"indiana-state","Tierney Kelsey"
"indiana-state","Jayci Allen"
"indiana-state","Clemisha Prackett"
"indiana-state","Ruth Sodipe"
"indiana-state","Kennedi Ard"
"iupui","Nevaeh Foster"
"iupui","Olivia Smith"
"iupui","Ariana Williams"
"iupui","Hailey Smith"
"iupui","Sydney Bolden"
"iupui","Destini Craig"
"iupui","Kamara Mills"
"iupui","E'Zaria Adams"
"iupui","Julia Hall"
"iupui","Jemma Amoore"
"iupui","Denali Craig-Edwards"
"buffalo","Anaya Coleman"
"buffalo","Gabby McDuffie"
"buffalo","Aniya Rowe"
"buffalo","Paula Lopez"
"buffalo","Ally Carman"
"buffalo","Meg Lucas"
"buffalo","Deana Thompson"
"buffalo","Diann Jackson"
"buffalo","Elizabeth Field"
"buffalo","Amber Howard"
"buffalo","Janyah Bohanon"
"marshall","Peyton Ilderton"
"marshall","Timaya Lewis-Eutsey"
"marshall","Olivia Olson"
"marshall","Meredith Maier"
"marshall","TreShondra Williams"
"marshall","Timberlynn Yeast"
"marshall","Blessing King"
"marshall","Kassie Ingram"
"marshall","Ni'Kiah Chesterfield"
"marshall","Aarionna Redman"
"marshall","Leyocha Marigney"
"loyola-md","Lex Therien"
"loyola-md","Kailey Kalet"
"loyola-md","Kimmie Hicks"
"loyola-md","Cristina Garcia"
"loyola-md","Koi Sims"
"loyola-md","Avery Simmons"
"loyola-md","Amandine Amorich"
"loyola-md","Whitley Watkins"
"loyola-md","Gabby Betton"
"loyola-md","Sydney Bass"
"loyola-md","Olivia Shaughnessy"
"loyola-md","Marta Espinal"
"loyola-md","Ally Lovisolo"
"maryland","Yarden Garzon"
"maryland","Saylor Poffenbarger"
"maryland","Lea Bartelme"
"maryland","Oluchi Okananwa"
"maryland","Isimenme Ozzy-Momodu"
"maryland","Addi Mack"
"maryland","Kyndal Walker"
"maryland","Rainey Welson"
"maryland","Marya Boiko"
"maryland","Mir McLean"
"maryland","Ava McKennie"
"maryland","Breanna Williams"
"maryland","Nicole Fritea"
"bucknell","Tuana Coskun"
"bucknell","Reese Zemitis"
"bucknell","Elana Weisman"
"bucknell","Isabella Casey"
"bucknell","Anna Kunzwiler"
"bucknell","Ella Kreuzer"
"bucknell","Kaila Richards"
"bucknell","Elena Houghton"
"bucknell","Desirae Ashton"
"bucknell","Mariah Hardy"
"bucknell","Marisa Smith"
"penn-state","Kiyomi McMiller"
"penn-state","Gracie Merkle"
"penn-state","Viktoria Ranisavljevic"
"penn-state","Moriah Murray"
"penn-state","Vitoria Santana"
"penn-state","Amiya Evans"
"penn-state","Shayla Smith"
"penn-state","Nyla McFadden"
"penn-state","Shaelyn Steele"
"penn-state","Rachael Okokoh"
"presbyterian","Aretha Linger"
"presbyterian","Ore Ogunwolere"
"presbyterian","Shelby Fiddler"
"presbyterian","Krystal Haddock"
"presbyterian","Morgan Boyd"
"presbyterian","Daniella Velez"
"presbyterian","Allie Sykes"
"presbyterian","Jacia Cunningham"
"presbyterian","Yolanda Floyd"
"presbyterian","Amani Williams"
"presbyterian","Aminata Tal"
"presbyterian","Laetitia Kamdoum"
"presbyterian","Samantha Mullock"
"fairleigh-dickinson","Ava Renninger"
"fairleigh-dickinson","Kailee McDonald"
"fairleigh-dickinson","Leah Crosby"
"fairleigh-dickinson","Rebecca Osei-Owusu"
"fairleigh-dickinson","Madlena Gerke"
"fairleigh-dickinson","Reese Downey"
"fairleigh-dickinson","Joi Johnson"
"fairleigh-dickinson","Akeelah Lafleur"
"fairleigh-dickinson","Bella Toomey"
"fairleigh-dickinson","Tyler Edwards"
"fairleigh-dickinson","Jada Elston"
"purdue","Hila Karsh"
"purdue","Madison Layden-Zay"
"purdue","Tara Daye"
"purdue","Lana McCarthy"
"purdue","Nya Smith"
"purdue","Kiki Smith"
"purdue","Saige Stahl"
"purdue","Kendall Puryear"
"purdue","Taylor Feldman"
"purdue","Avery Gordon"
"george-mason","Zahirah Walton"
"george-mason","Maliyah Johnson"
"george-mason","Louis Volker"
"george-mason","Jada Brown"
"george-mason","Kennedy Harris"
"george-mason","Page Greenburg"
"george-mason","Mary Amoateng"
"george-mason","Sanyiah Littlejohn-Short"
"george-mason","Makayla Johnson"
"george-mason","Sara Blair"
"george-mason","Leah Keyes"
"temple","Kaylah Turner"
"temple","Tristen Taylor"
"temple","Saniyah Craig"
"temple","Jaleesa Molina"
"temple","Savannah Curry"
"temple","Kelian Cedano"
"temple","Felicia Jacobs"
"temple","Brianna Mead"
"temple","Drew Alexander"
"temple","Khloe Miller"
"temple","Ariana Meriedy"
"radford","Joi Williams"
"radford","Ellie Taylor"
"radford","Georgia Simonsen"
"radford","Cate Carlson"
"radford","Angelina Nice"
"radford","Adelyn Traylor-Walker"
"radford","Anaiah Jenkins"
"radford","Kirah Dandridge"
"radford","Lindsee Williams"
"radford","Cherish Haywood"
"radford","Anna Stromberg"
"wake-forest","Grace Oliver"
"wake-forest","Mary Carter"
"wake-forest","Aurora Sørbye"
"wake-forest","Milan Brown"
"wake-forest","Kennedy Moore"
"wake-forest","Opal Bird"
"wake-forest","Raven Preston"
"wake-forest","Madisyn Jordan"
"wake-forest","Caitlyn Jones"
"wake-forest","Grace Galbavy"
"wake-forest","Emily Johns"
"illinois-chicago","Jessica Carrothers"
"illinois-chicago","Julia Coleman"
"illinois-chicago","Chantrel Clayton"
"illinois-chicago","Sara Zabrecky"
"illinois-chicago","Amelia Strong"
"illinois-chicago","Samantha Serrano"
"illinois-chicago","Crystal Ortiz"
"illinois-chicago","Marissa Green"
"illinois-chicago","London Walker-George"
"robert-morris","Eva Levingston"
"robert-morris","Aislin Malcolm"
"robert-morris","Noa Givon"
"robert-morris","Bailey Kuhns"
"robert-morris","Jada Lee"
"robert-morris","Myriam Traore"
"robert-morris","Mallory Daly"
"robert-morris","Jennica Suggs"
"robert-morris","Layke Fields"
"robert-morris","Markeli Jones-Tynes"
"robert-morris","Ava Leroux"
"robert-morris","Dania McClain"
"robert-morris","Sanai Troutman"
"robert-morris","London Creach"
"dayton","Jayda Johnson"
"dayton","Nayo Lear"
"dayton","Olivia Leung"
"dayton","Fatima Ibrahim"
"dayton","Ajok Madol"
"dayton","Molly O'Riordan"
"dayton","Jordyn Poole"
"dayton","Shantavia Dawkins"
"dayton","Eleanor Monyek"
"illinois-state","Jaeden Pratt"
"illinois-state","Trista Fayta"
"illinois-state","Addison Martin"
"illinois-state","Bella Finnegan"
"illinois-state","Doneelah Washington"
"illinois-state","Nevaeh Thomas"
"illinois-state","Jordan Fenske"
"illinois-state","Grace Nelson"
"illinois-state","Zanyra Adams"
"illinois-state","Madison Austin"
"illinois-state","De'Shawnti Thomas"
"illinois-state","Morgan Bruno"
"loyola-il","Alexa Kinas"
"loyola-il","Rosalie Mercille"
"loyola-il","Kira Chivers"
"loyola-il","Clara Djoko"
"loyola-il","Brooklyn Vaughn"
"loyola-il","Audrey Deptula"
"loyola-il","Alex-Anne Bessette"
"loyola-il","Kendall Hendrix"
"loyola-il","Roisin Grandberry"
"loyola-il","Nevaeh Dickman"
"loyola-il","Daniella Matus"
"milwaukee","Jorey Buwalda"
"milwaukee","Payton Rechlicz"
"milwaukee","Jada Williams"
"milwaukee","Sophia Rampulla"
"milwaukee","Madison Fitzgibbon"
"milwaukee","Valérie Cassidy-De Falco"
"milwaukee","Micayla Silas"
"milwaukee","Grace Lomen"
"milwaukee","Izzy Pugh"
"milwaukee","Tierney Madigan"
"milwaukee","Rita Gomes"
"milwaukee","Cece McNair"
"milwaukee","Kendall Barnes"
"davidson","Katie Donovan"
"davidson","Charlise Dunn"
"davidson","Kyra Bruyndoncx"
"davidson","Edina Strausz"
"davidson","Emilie Bessell"
"davidson","Ines Garcia Monje"
"davidson","Sienna Dauer"
"davidson","Elena Alvarez Castellanos"
"davidson","Angeliki Ziaka"
"davidson","Candice Lienafa"
"davidson","Jasmine Timmerson"
"mississippi-state","Destiney McPhaul"
"mississippi-state","Kharyssa Richardson"
"mississippi-state","Favour Nwaedozi"
"mississippi-state","Trayanna Crisp"
"mississippi-state","Chandler Prater"
"mississippi-state","Madison Francis"
"mississippi-state","Jaylah Lampley"
"mississippi-state","Awa Fane"
"missouri-state","Kaemyn Bekemeier"
"missouri-state","Maycee James"
"missouri-state","Cady Pauley"
"missouri-state","Faith Lee"
"missouri-state","Lainie Douglas"
"missouri-state","Maiesha Washington"
"missouri-state","Audrey Hopkins"
"missouri-state","Kendal Brueggen"
"missouri-state","JaNyla Bush"
"missouri-state","Zoe Canfield"
"saint-louis","Alexia Nelson"
"saint-louis","Zya Nugent"
"saint-louis","Hannah Wallace"
"saint-louis","Alyssa Koerkenmeier"
"saint-louis","Jahda Denis"
"saint-louis","Zhykera Brown"
"saint-louis","Jasaiyah Wallace"
"saint-louis","Jada Tiggett"
"saint-louis","Mia Bergstrom"
"saint-louis","Isabel Tillett"
"central-arkansas","Shae Littleford"
"central-arkansas","Bree Stephens"
"central-arkansas","Paris Santacaterina"
"central-arkansas","Cheyanne Kemp"
"central-arkansas","Julianna Gibson"
"central-arkansas","Linda Amaning"
"central-arkansas","Jenna Cook"
"central-arkansas","Laylah Reese"
"central-arkansas","Emerie Bohanon"
"central-arkansas","Alexis Cox"
"central-arkansas","Kamryn Griffin"
"missouri","Jordana Reisma"
"missouri","Shannon Dowell"
"missouri","Grace Slaughter"
"missouri","Abbey Schreacke"
"missouri","Lisa Thompson"
"missouri","Jayla Smith"
"missouri","Chloe Sotell"
"missouri","Reka Toman"
"missouri","Ma'Riya Vincent"
"new-orleans","Jayla Kimbrough"
"new-orleans","Shanihya Brown"
"new-orleans","Aaliyah Ellis"
"new-orleans","Trinity Bane"
"new-orleans","Chenai Mushore"
"new-orleans","Braille Washington"
"new-orleans","Jayla Owen"
"new-orleans","Lauren Banks"
"new-orleans","Hailee Brennen"
"new-orleans","Mikayla Johnson"
"new-orleans","Mariah Hart"
"new-orleans","Sharon Smith"
"new-orleans","Logan Johnson"
"oklahoma-state","Amari Whiting"
"oklahoma-state","Micah Gray"
"oklahoma-state","Haleigh Timmer"
"oklahoma-state","Stailee Heard"
"oklahoma-state","Achol Akot"
"oklahoma-state","Jadyn Wooten"
"oklahoma-state","Lena Girardi"
"oklahoma-state","Praise Egharevba"
"oklahoma-state","Faith Acker"
"oklahoma-state","Tyla Heard"
"oklahoma-state","Favour Onoh"
"oklahoma-state","Wilnie Joseph"
"belmont","Jailyn Banks"
"belmont","Tuti Jones"
"belmont","Avery Strickland"
"belmont","Kyrah Brodie"
"belmont","Quinn Eubank"
"belmont","Sanaa Tripp"
"belmont","Emily La Chapell"
"belmont","Hilary Fuller"
"belmont","Kensley Feltner"
"belmont","Leah West"
"oklahoma","Aaliyah Chavez"
"oklahoma","Payton Verhulst"
"oklahoma","Sahara Williams"
"oklahoma","Raegan Beers"
"oklahoma","Zya Vann"
"oklahoma","Brooklyn Stewart"
"oklahoma","Beatrice Culliton"
"oklahoma","Keziah Lofton"
"oklahoma","Caya Smith"
"oklahoma","Emma Tolan"
"southern-illinois-edwardsville","Rory Conboy"
"southern-illinois-edwardsville","Emiyah Cobb"
"southern-illinois-edwardsville","Macy Silvey"
"southern-illinois-edwardsville","Adebukola Akomolafe"
"southern-illinois-edwardsville","Lauren Miller"
"southern-illinois-edwardsville","Kiyoko Proctor"
"southern-illinois-edwardsville","Jaiden Bryant"
"southern-illinois-edwardsville","Adriana Blazquez"
"southern-illinois-edwardsville","Ava Gugliuzza"
"southern-illinois-edwardsville","Meegan Fahy"
"southern-illinois-edwardsville","Sy'Rae Stemmons"
"southern-illinois-edwardsville","Syanne Mohamed"
"southern-illinois-edwardsville","Kyra Williams"
"toledo","Evalyse Cole"
"toledo","Kendall Carruthers"
"toledo","Miriam Diala"
"toledo","Patricia Anumgba"
"toledo","Cadence Dykstra"
"toledo","Faith Fedd-Robinson"
"toledo","Ella Weaver"
"toledo","Lizzy Puot"
"toledo","Evyn Carrier"
"toledo","Elisha Dykstra"
"toledo","Camryn Vanden Bosch"
"troy","Rachel Leggett"
"troy","Zay Dyer"
"troy","Fortuna Ngnawo"
"troy","Emani Jenkins"
"troy","Ashley Baez"
"troy","Leilani Guion"
"troy","Saniya Jackson"
"troy","Shakirah Edwards"
"troy","Detavia Salter"
"troy","Kamesha Moore"
"troy","Lana Korićanac"
"arizona-state","McKinna Brackens"
"arizona-state","Gabby Elliott"
"arizona-state","Last-Tear Poa"
"arizona-state","Marley Washenitz"
"arizona-state","Heloisa Carrera"
"arizona-state","Jyah LoVett"
"arizona-state","Amaya Williams"
"arizona-state","Martina Fantini"
"arizona-state","Deborah Davenport"
"arizona-state","Makayla Moore"
"coppin-state","Khila Morris"
"coppin-state","Paris McBride"
"coppin-state","Sydney Burris"
"coppin-state","Jahcelyn Hartfield"
"coppin-state","Erin Henry"
"coppin-state","Princess Nwachukwu"
"coppin-state","Skylar Barnes"
"coppin-state","Kylie Wells"
"coppin-state","Shanaii Gamble"
"coppin-state","Kyley Gary-Grayson"
"coppin-state","Jordyn Adderly"
"utah","Maty Wilke"
"utah","Lani White"
"utah","Brooke Walker"
"utah","Reese Ross"
"utah","Evelina Otto"
"utah","LA Sneed"
"utah","Avery Hjelmstad"
"utah","Sam Crispe"
"utah","Kamryn Mafua"
"utah","Grace Foster"
"utah","Alyssa Blanck"
"eastern-washington","Ella Gallatin"
"eastern-washington","Kourtney Grossman"
"eastern-washington","Caitie Gingras"
"eastern-washington","Elyn Bowers"
"eastern-washington","Jaecy Eggers"
"eastern-washington","Emily McElmurry"
"eastern-washington","Brielle Magnuson"
"eastern-washington","Bella Hays"
"eastern-washington","Paris Kirk"
"eastern-washington","Madeline Gibbs"
"eastern-washington","Léa-line Romain"
"eastern-washington","Autumn Agnew"
"eastern-washington","Addison Hall"
"nevada","Ahrray Young"
"nevada","Skylar Durley"
"nevada","Izzy Sullivan"
"nevada","Imbie Jones"
"nevada","Amelia Raidaveta"
"nevada","Britain Backus"
"nevada","Makayla Carter"
"nevada","Tahj-Monet Bloom"
"nevada","Chloe Williams"
"nevada","Gabby Ramos"
"nevada","Maia Rosarion"
"nevada","Elle Motherway"
"nevada","Kendra Hicks"
"oregon","Mia Jacobs"
"oregon","Katie Fiso"
"oregon","Elisa Mevius"
"oregon","Sofia Bell"
"oregon","Sarah Rambus"
"oregon","Ari Long"
"oregon","Amina Muhammad"
"oregon","Ehis Etute"
"oregon","Astera Tuhina"
"oregon","Avary Cain"
"oregon","Janiyah Williams"
"oregon","Sara Barhoum"
"oregon","Filippa Tilliander"
"west-georgia","Sydne Tolbert"
"west-georgia","Jasmine Jones"
"west-georgia","Asia Donald"
"west-georgia","Gal-la Font"
"west-georgia","Anya McKenzie"
"west-georgia","Tayah Morgan"
"west-georgia","Becca Ledford"
"west-georgia","Georgia Gray"
"north-carolina-greensboro","Jeni Levine"
"north-carolina-greensboro","Tasia Johnson"
"north-carolina-greensboro","Jaila Lee"
"north-carolina-greensboro","Makiah Asidanya"
"north-carolina-greensboro","Rylan Moffitt"
"north-carolina-greensboro","Leyla Minor"
"north-carolina-greensboro","Kristina Rakotobe"
"north-carolina-greensboro","Ciara Harris"
"north-carolina-greensboro","Salimata Traore"
"north-carolina-greensboro","Joelle Davis"
"stanford","Hailee Swain"
"stanford","Nunu Agara"
"stanford","Talana Lepolo"
"stanford","Lara Somfai"
"stanford","Courtney Ogden"
"stanford","Chloe Clardy"
"stanford","Alexandra Eschmeyer"
"stanford","Mary Ashley Stevenson"
"stanford","Shay Ijiwoye"
"stanford","Harper Peterson"
"stanford","Carly Amborn"
"stanford","Nora Ezike"
"idaho","Kyra Gardner"
"idaho","Hope Hassmann"
"idaho","Ana Pinheiro"
"idaho","Ella Uriarte"
"idaho","Lorena Barbosa"
"idaho","Ana Beatriz Passos Alves da Silva"
"idaho","Mary McMorris"
"idaho","Sarah Brans"
"idaho","Débora Reis Dos Santos"
"idaho","Katlin Kangur"
"idaho","Niveya Henley"
"washington-state","Eleonora Villa"
"washington-state","Mackenzie Chatfield"
"washington-state","Charlotte Abraham"
"washington-state","Tanja Valancic"
"washington-state","Alex Covill"
"washington-state","Marta Alsina"
"washington-state","Keandra Koorits"
"washington-state","Malia Ruud"
"washington-state","Jean Chiu"
"seattle","Dylan Mogel"
"seattle","Sydnie Rodriguez"
"seattle","Tamia Stricklin"
"seattle","Ella Brubaker"
"seattle","Andjela Bigovic"
"seattle","Jana Vesic"
"seattle","Chloe Emanga"
"seattle","Lucy Larson"
"seattle","Lucija Milkovic"
"seattle","Aaliyah Ibarra"
"seattle","Fia Proctor"
"washington","Hannah Stines"
"washington","Teagan Brown"
"washington","Avery Howell"
"washington","Sayvia Sellers"
"washington","Yulia Grabovskaia"
"washington","Chloe Briggs"
"washington","Devin Coppinger"
"washington","Sienna Harvey"
"washington","Shayla Gillmer"
"washington","Olivia Anderson"
"washington","Brynn McGaughy"
"washington","Nina Cain"
"kentucky","Clara Strack"
"kentucky","Tonie Morgan"
"kentucky","Amelia Hassett"
"kentucky","Jordan Obi"
"kentucky","Teonni Key"
"kentucky","Asia Boone"
"kentucky","Kaelyn Carroll"
"kentucky","Josie Gilvin"
"kentucky","Lexi Blue"
"morehead-state","Marie Sepp"
"morehead-state","Kateryna Dike"
"morehead-state","Anja Ekstrom"
"morehead-state","Laura Toffali"
"morehead-state","Millie Pearson"
"morehead-state","Landon Forbes"
"morehead-state","Violet McNece"
"morehead-state","Josefine Enander"
"morehead-state","Irene Fernandez Pavesio"
"morehead-state","Circe Rubio Remolar"
"morehead-state","Minna Ersdala"
"butler","Saniya Jackson"
"butler","Lily Zeinstra"
"butler","Kennedy Langham"
"butler","Mallory Miller"
"butler","Caroline Dotsey"
"butler","Anna Wypych"
"butler","Nevaeh Jackson"
"butler","Addison Baxter"
"butler","Lilly Stoddard"
"wright-state","Claire Henson"
"wright-state","Lauren Scott"
"wright-state","Chloe Chard Peloquin"
"wright-state","Breezie Williams"
"wright-state","Abbie Riddle"
"wright-state","Rylee Sagester"
"wright-state","Olivia Brown"
"wright-state","Ellie Magestro-Kennedy"
"wright-state","Florrie Cotterill"
"wright-state","Elaina Rager"
"wright-state","Grace Okih"
"wright-state","Maja Dilén"
"clemson","Mia Moore"
"clemson","Rachael Rose"
"clemson","Raven Thompson"
"clemson","Taylor Johnson-Matthews"
"clemson","DeMeara Hinds"
"clemson","Hannah Kohn"
"clemson","Rusne Augustinaite"
"clemson","Hadley Periman"
"clemson","Holland Harris"
"clemson","Morgan Lee"
"clemson","Morgan Miller"
"clemson","Amaia Jackson"
"south-carolina-upstate","Cassie Gallagher"
"south-carolina-upstate","Gwen Jenkins"
"south-carolina-upstate","Vera Soderblom"
"south-carolina-upstate","Lexi Castator"
"south-carolina-upstate","Zora Fray-Chinn"
"south-carolina-upstate","Aubrie Kierscht"
"south-carolina-upstate","Kinley Paterson"
"south-carolina-upstate","Emma Blair"
"south-carolina-upstate","Macy Wike"
"south-carolina-upstate","Zoe Richardson"
"south-carolina-upstate","Aijah Palmore"
"south-carolina-upstate","Madison Miller"
"south-carolina-upstate","Jessa Troy"
"iona","Naomi Barnwell"
"iona","Mya Zaccagnini"
"iona","Claudia Fiel"
"iona","Isabellah Middleton"
"iona","Zoey Ward"
"iona","Ale Civera"
"iona","Ella Fajardo"
"iona","Johanna Flores Holguin"
"iona","Adrianna Gonzalez"
"middle-tennessee","Alayna Contreras"
"middle-tennessee","Savannah Davis"
"middle-tennessee","Blair Baugus"
"middle-tennessee","Yu Han Lin"
"middle-tennessee","Macie Phifer"
"middle-tennessee","Stanislava Kabernick"
"middle-tennessee","Kirston Verhulst"
"middle-tennessee","Nicole Dominguez Gureeva"
"middle-tennessee","Jenna McClendon"
"middle-tennessee","Carsyn Swaney"
"tennessee-state","Aaniya Webb"
"tennessee-state","XaiOnna Whitfield"
"tennessee-state","Somah Kamara"
"tennessee-state","Erin Martin"
"tennessee-state","Brianna Wooldridge"
"tennessee-state","Kiki Roberts"
"tennessee-state","Shalance Montoya"
"tennessee-state","Genisis Harris"
"tennessee-state","Zoe Young"
"tennessee-state","Amiyah Ferguson"
"north-carolina-central","Najah Lane"
"north-carolina-central","Shakiria Foster"
"north-carolina-central","Victoria Morris"
"north-carolina-central","Aniya Finger"
"north-carolina-central","Kendall Alexander"
"north-carolina-central","Morgan Callahan"
"north-carolina-central","Aysia Hinton"
"north-carolina-central","Amaya Harris"
"north-carolina-central","Nia Young"
"north-carolina-central","Aaliyah Grant"
"north-carolina-central","Dianna Blake"
"north-carolina-central","Tierney Coleman"
"north-carolina","Elina Aarnisalo"
"north-carolina","Ciera Toomey"
"north-carolina","Indya Nivar"
"north-carolina","Nyla Harris"
"north-carolina","Reniya Kelly"
"north-carolina","Nyla Brooks"
"north-carolina","Laila Hull"
"north-carolina","Taissa Queiroz"
"north-carolina","Taliyah Henderson"
"north-carolina","Jordan Zubich"
"north-carolina","Liza Astakhova"
"north-carolina","Sydney Barker"
"oakland","Layla Gold"
"oakland","Lianna Baxter"
"oakland","Angelina Smith"
"oakland","Filippa Goula"
"oakland","Makenzie Luehring"
"oakland","Cali Denson"
"oakland","Jasmine Dupree-Hebert"
"oakland","Karinna Trotter"
"oakland","Sereniti Roberts-Adams"
"oakland","Kyra Lawrence"
"oakland","Aalyssa Rogers"
"youngstown-state","Sophia Gregory"
"youngstown-state","Erica King"
"youngstown-state","Danielle Cameron"
"youngstown-state","Sarah Baker"
"youngstown-state","Casey Santoro"
"youngstown-state","Faith Burch"
"youngstown-state","Brooke Adkins"
"youngstown-state","Hayden Barrier"
"youngstown-state","Paulina Hernandez"
"youngstown-state","Dacia Lewandowski"
"youngstown-state","Bella Samz"
"youngstown-state","Ashlynn Van Tassell"
"baylor","Darianna Littlepage-Buggs"
"baylor","Taliah Scott"
"baylor","Kiersten Johnson"
"baylor","Jana Van Gytenbeek"
"baylor","Bella Fontleroy"
"baylor","Kyla Abraham"
"baylor","Marcayla Johnson"
"baylor","Yuting Deng"
"baylor","Kiera Pemberton"
"duke","Taina Mair"
"duke","Toby Fournier"
"duke","Jadyn Donovan"
"duke","Ashlon Jackson"
"duke","Delaney Thomas"
"duke","Riley Nelson"
"duke","Jordan Wood"
"chattanooga","Caia Elisaldez"
"chattanooga","Gianna Corbitt"
"chattanooga","Falon Bedke"
"chattanooga","Izzy McPherson"
"chattanooga","Kalifa Ford"
"chattanooga","Sarah Owona"
"chattanooga","London Weaver"
"chattanooga","Frode Flos Van der Schans"
"chattanooga","Ava Card"
"chattanooga","Evie Bruce"
"chattanooga","Kami Wilson"
"iowa-state","Audi Crooks"
"iowa-state","Addy Brown"
"iowa-state","Arianna Jackson"
"iowa-state","Mackenzie Hare"
"iowa-state","Jada Williams"
"iowa-state","Sydney Harris"
"iowa-state","Reese Beaty"
"iowa-state","Evangelia Paulk"
"iowa-state","Alisa Williams"
"iowa-state","Lilly Taulelei"
"iowa-state","Reagan Wilson"
"iowa-state","Freya Jensen"
"iowa-state","Aili Tanke"
"st-thomas-mn","Alyssa Sand"
"st-thomas-mn","Faith Feuerbach"
"st-thomas-mn","Abbey Vallance"
"st-thomas-mn","Savannah McGowan"
"st-thomas-mn","Jada Hood"
"st-thomas-mn","Autumn McCall"
"st-thomas-mn","Lydia Aalsma"
"st-thomas-mn","Laura Hauge"
"st-thomas-mn","Savannah Gage"
"st-thomas-mn","Savanah Gardner"
"st-thomas-mn","Addison Schliewe"
"jacksonville-state","Makala Hobdy"
"jacksonville-state","Maria Sanchez Ponce"
"jacksonville-state","Mya Barnes"
"jacksonville-state","Eden Sample"
"jacksonville-state","Adriana Jones"
"jacksonville-state","Kyera Thornsbury"
"jacksonville-state","Masa Buzic"
"jacksonville-state","Mina Djurdjevic"
"jacksonville-state","Abril Ricart Mensah"
"jacksonville-state","Vitória Carvalho"
"jacksonville-state","Brooklyn McDaniel"
"marquette","Halle Vice"
"marquette","Skylar Forbes"
"marquette","Jaidynn Mason"
"marquette","Olivia Porter"
"marquette","Lee Volker"
"marquette","Kennedi Perkins"
"marquette","Jordan Meulemans"
"marquette","Jada Bediako"
"marquette","Charia Smith"
"marquette","Bridget Utberg"
"marquette","Kam Herring"
"marquette","Ayuen Akot"
"marquette","Abbey Cracknell"
"winthrop","Mya Pierfax"
"winthrop","Cori Lard"
"winthrop","Amourie Porter"
"winthrop","Madison Ruff"
"winthrop","Naomi Wilson"
"winthrop","Ryiah Wilson"
"winthrop","Uniyah Franklin"
"winthrop","Tocarra Johnson"
"winthrop","Persais Williams"
"winthrop","Mya Hamilton"
"mcneese-state","Dakota Howard"
"mcneese-state","Arianna Patton"
"mcneese-state","Allasia Washington"
"mcneese-state","Jen Pierre"
"mcneese-state","Lexi Alexander"
"mcneese-state","Tyreona Sibley"
"mcneese-state","Avari Berry"
"mcneese-state","Carley Hamilton"
"mcneese-state","Mo'Nique Joseph"
"mcneese-state","Kaili Chamberlin"
"mcneese-state","Jamari Bell"
"mcneese-state","A'Yiana Flemings"
"arkansas-pine-bluff","Indiya Bowen"
"arkansas-pine-bluff","Jasmine Davis"
"arkansas-pine-bluff","Briontanay Marshall"
"arkansas-pine-bluff","Jailah Pelly"
"arkansas-pine-bluff","Khaniah Gardner"
"arkansas-pine-bluff","Tyra Taylor"
"arkansas-pine-bluff","Jayla Cornelius"
"arkansas-pine-bluff","Ruth Banjoko"
"memphis","Jordan Hunter"
"memphis","Chae Harris"
"memphis","Cori Allen"
"memphis","Tamya Smith"
"memphis","Kennedi Alexander"
"memphis","Daejah Richmond"
"memphis","Paris Gaines"
"memphis","Amauri Williams"
"memphis","Bailey Gilmore"
"memphis","Brooklyn Alexander"
"memphis","Brooklynn Charlo"
"memphis","JahNaesia Spiers"
"mississippi","Sira Thienou"
"mississippi","Christeen Iwuala"
"mississippi","Cotie McMahon"
"mississippi","Latasha Lattimore"
"mississippi","Kaitlin Peterson"
"mississippi","Debreasha Powe"
"mississippi","Denim DeShields"
"mississippi","J'Adore Young"
"mississippi","Jayla Murray"
"mississippi","Tianna Thompson"
"mississippi","Lauren Jacobs"
"mississippi","Desrae Kyles"
"norfolk-state","Anjanae Richardson"
"norfolk-state","Da'Brya Clark"
"norfolk-state","Cire Worley"
"norfolk-state","Jasha Clinton"
"norfolk-state","Carmen Kweti"
"norfolk-state","Ciara Bailey"
"norfolk-state","Jenesis Hill"
"norfolk-state","Iyanna Rogers"
"norfolk-state","Niyah Gaston"
"norfolk-state","LeAire Nicks"
"oral-roberts","Jalei Oglesby"
"oral-roberts","Anna Trusty"
"oral-roberts","Gentry Baldwin"
"oral-roberts","Kayten Donley"
"oral-roberts","A'Maya Holton"
"oral-roberts","Preslee Hartsock"
"oral-roberts","Hannah Coons"
"oral-roberts","Alana Shetlar"
"oral-roberts","Azailah Funches"
"oral-roberts","Bella Edwards"
"oral-roberts","Taylor Jackson"
"oral-roberts","Ari Gordon"
"samford","Briana Rivera"
"samford","Frances Morris"
"samford","Aubrey Blankenship"
"samford","Jada Knight"
"samford","Emily Bowman"
"samford","Carla Baguda"
"samford","Sierra Godbolt"
"samford","Avary Brewer"
"samford","Alyssa Tarpley"
"samford","Kaylee Yarbrough"
"samford","Sydney Martin"
"samford","Yael Maayan"
"samford","Camryn Register"
"stephen-f-austin","Myka Perry"
"stephen-f-austin","Harmanie Dominguez"
"stephen-f-austin","Key Roseby"
"stephen-f-austin","Kaylinn Kemp"
"stephen-f-austin","Makana Gardner"
"stephen-f-austin","Anika Hyland"
"stephen-f-austin","Lydia Cooke-Wiggins"
"stephen-f-austin","Aziyah Farrier"
"alabama-birmingham","Cali Smallwood"
"alabama-birmingham","Riley Talbert"
"alabama-birmingham","Eleecia Carter"
"alabama-birmingham","Sofia Munoz"
"alabama-birmingham","Molly Moffitt"
"alabama-birmingham","Jordan Rosier"
"alabama-birmingham","Ashlyn Howard"
"alabama-birmingham","Mari Miller"
"alabama-birmingham","Monae' Duffy"
"alabama-birmingham","Samari Taylor"
"drake","Abbie Aalsma"
"drake","Grace Knutson"
"drake","Maggie Taylor"
"drake","Anna Becker"
"drake","Ava Hawthorne"
"drake","Peyton McCabe"
"drake","Shannon Fornshell"
"drake","Quinn Vice"
"drake","Brooklin Dailey"
"drake","Lexi Carlsen"
"drake","Taedyn Gray"
"eastern-illinois","Clara Glad"
"eastern-illinois","Ava Stoller"
"eastern-illinois","Ella Lune"
"eastern-illinois","Abbie Boutilier"
"eastern-illinois","Lalani Ellis"
"eastern-illinois","Meioshe Mason"
"eastern-illinois","Nyah Hardy"
"eastern-illinois","Charita Lewis"
"eastern-illinois","Sydney-James Desroches"
"eastern-illinois","Kennedy Davis"
"eastern-illinois","Alanna Phillipo"
"eastern-illinois","Olivia Thostenson"
"eastern-illinois","Adriana Arroyo"
"nebraska","Jessica Petrie"
"nebraska","Britt Prince"
"nebraska","Hailey Weaver"
"nebraska","Callin Hake"
"nebraska","Petra Bozan"
"nebraska","Emily Fisher"
"nebraska","Claire Johnson"
"nebraska","Logan Nissley"
"nebraska","Amiah Hargrove"
"nebraska","Kennadi Williams"
"nebraska","Alanna Neale"
"northwestern-state","Carla Celaya"
"northwestern-state","Nya Valentine"
"northwestern-state","Vernell Atamah"
"northwestern-state","Clarence-Emmanuelle Djuela"
"northwestern-state","Tiara Abron"
"northwestern-state","Jay Scott"
"northwestern-state","Payton Miller"
"northwestern-state","Dasia Turner"
"northwestern-state","Stephie Salumu"
"northwestern-state","Mika Jarrett"
"northwestern-state","Cimiya Rideaux"
"northwestern-state","Alexis Calderon"
"northwestern-state","Joceline Geara"
"northwestern-state","Momina Kassim"
"boise-state","Natalie Pasco"
"boise-state","Tatum Thompson"
"boise-state","Mya Hansen"
"boise-state","Dani Bayes"
"boise-state","Libby Hutton"
"boise-state","Madeline Cooke"
"boise-state","Morgan Maldonado"
"boise-state","Keirra Thompson"
"boise-state","Mason Borcherding"
"duquesne","Alexis Bordas"
"duquesne","Faith Walker"
"duquesne","Mackenzie Blackford"
"duquesne","Raevin Washington"
"duquesne","Gabby Grantham-Medley"
"duquesne","Fatou Sane"
"duquesne","Dunja Zecevic"
"duquesne","Kellie McConnell"
"duquesne","Reina Green"
"duquesne","Nadia Moore"
"duquesne","Maja Rohkohl"
"saint-francis-pa","Aleah James"
"saint-francis-pa","Sonia Sato"
"saint-francis-pa","Cassandra Hawthorne"
"saint-francis-pa","Shelby Ricks"
"saint-francis-pa","Makyiah Ward"
"saint-francis-pa","Sajol Thornhill"
"saint-francis-pa","Zaiha Minnis"
"le-moyne","Eli Clark"
"le-moyne","Sierra Linnin"
"le-moyne","Kayden Clark"
"le-moyne","Ashley Buragas"
"le-moyne","Jessica Wangolo"
"le-moyne","Peyton Dincher"
"le-moyne","Michelina Lombardi"
"le-moyne","Sydney Postell"
"le-moyne","Ava Johnson"
"le-moyne","Rachel Lynch"
"le-moyne","Amya McLeod"
"st-johns-ny","Skye Owen"
"st-johns-ny","Beautiful Waheed"
"st-johns-ny","Jailah Donald"
"st-johns-ny","Shaulana Wagner"
"st-johns-ny","Sa'Mya Wyatt"
"st-johns-ny","Brooke Moore"
"st-johns-ny","Daniela Abies"
"st-johns-ny","Kylie Lavelle"
"st-johns-ny","Janeya Grant"
"st-johns-ny","Julie Bahati"
"st-johns-ny","A'riel Little"
"st-johns-ny","Kyla Hayes"
"california","Taylor Barnes"
"california","Lulu Laditan-Twidale"
"california","Sakima Walker"
"california","Aliyahna Morris"
"california","Mjracle Sheppard"
"california","Lola Donez"
"california","Claudia Langarita"
"california","Gisella Maul"
"california","Naya Ojukwu"
"california","Grace McCallop"
"vanderbilt","Mikayla Blakes"
"vanderbilt","Aubrey Galvan"
"vanderbilt","Justine Pissott"
"vanderbilt","Sacha Washington"
"vanderbilt","Ndjakalenga Mwenentanda"
"vanderbilt","Aiyana Mitchell"
"vanderbilt","Aga Makurat"
"vanderbilt","Aalyah Del Rosario"
"vanderbilt","Jada Brown"
"texas-am-commerce","Ahmya Boyce"
"texas-am-commerce","Reza Po"
"texas-am-commerce","Cora Horvath"
"texas-am-commerce","Alva Hedrich"
"texas-am-commerce","Tiani Ellison"
"texas-am-commerce","Rezia Castillo"
"texas-am-commerce","Nina Horvath"
"texas-am-commerce","Sarah Gatwech"
"texas-am-commerce","Terrayah McCoy"
"texas-am-commerce","J'Unti Franklin"
"texas-am-commerce","Nyaluak Dak"
"texas-am-commerce","Trinity Moreland"
"prairie-view","Jacque Giron"
"prairie-view","CJ Wilson"
"prairie-view","Alana Shields"
"prairie-view","Crystal Schultz"
"prairie-view","Mercy Wamet"
"prairie-view","Krislyn Biscette"
"prairie-view","Preston Young"
"prairie-view","Laila Robinson"
"prairie-view","Margan Allen"
"prairie-view","Marckalia Celestine"
"texas-el-paso","Sirviva Legions"
"texas-el-paso","Ivane Tensaie"
"texas-el-paso","Portia Adams"
"texas-el-paso","Delma Zita"
"texas-el-paso","Ndack Mbengue"
"texas-el-paso","Mary Moses Amaniyo"
"texas-el-paso","Heaven Samayoa-Mathis"
"texas-el-paso","Tatiana Collazo"
"texas-el-paso","Brooklyn Terry"
"texas-el-paso","Irene Asensio"
"texas-el-paso","Aaliyah Davis"
"texas-el-paso","Aolani Woldai"
"texas-el-paso","Osadebamwen Igbinedion Omoruyi"
"massachusetts-lowell","Sabrina Larsson"
"massachusetts-lowell","Paris Gilmore"
"massachusetts-lowell","Maddie Rice"
"massachusetts-lowell","Jaini Edmonds"
"massachusetts-lowell","Klimentina Modeva"
"massachusetts-lowell","Adna Halilbasic"
"massachusetts-lowell","Tyanna Medina"
"massachusetts-lowell","Anabel LaTorre Ciria"
"long-island-university","Janessa Williams"
"long-island-university","Kadidia Toure"
"long-island-university","Kionna Gaines"
"long-island-university","Isabella Tanedo"
"long-island-university","Hannah Humphrey"
"long-island-university","Laura Molnárová"
"long-island-university","Solangelei Akridge"
"long-island-university","Leila Nunez"
"long-island-university","Saran Diallo Toure"
"northeastern","Yirsy Quéliz"
"northeastern","Camryn Collins"
"northeastern","Taylor Holohan"
"northeastern","Nariyah Simmons"
"northeastern","Justice Tramble"
"northeastern","Morgan Matthews"
"northeastern","Alyssa Staten"
"northeastern","Andrea Martinez"
"northeastern","Maria Sánchez Pitarch"
"northeastern","Kailee Beaudion-Foliaki"
"northeastern","Lindsey Lemay"
"alabama","Karly Weathers"
"alabama","Jessica Timmons"
"alabama","Diana Collins"
"alabama","Ta'Mia Scott"
"alabama","Essence Cody"
"alabama","Alancia Ramsey"
"alabama","Lourdes Da Silva Costa"
"alabama","Naomi Jones"
"alabama","Leah Brooks"
"stetson","Mary McMillan"
"stetson","Cameron Thomas"
"stetson","Promise Keshi"
"stetson","Aleah Sorrentino"
"stetson","Rose Caso"
"stetson","Jorah Eppley"
"stetson","Candela Garcia-Escribano"
"stetson","Favour Anyaele"
"stetson","Sophie Locatelli"
"stetson","Eva Bradshaw"
"army","Kya Smith"
"army","Reese Ericson"
"army","Camryn Tade"
"army","Taylor Wilson"
"army","Brooke Wilson"
"army","Reganne Reardon"
"army","Soleil Montrose"
"army","Stella Chartrand"
"army","Audrey Annee"
"army","Jane Preston"
"army","Landry Sherrer"
"army","Kelly Cramer"
"binghamton","Leah Middleton"
"binghamton","Kaia Goode"
"binghamton","Kendall Bennett"
"binghamton","Bella Pucci"
"binghamton","Yanniah Boyd"
"binghamton","Meghan Casey"
"binghamton","Carletta Bennett"
"binghamton","Daysha Salgado"
"binghamton","Ashley Redd"
"binghamton","Klarissa Goode"
"binghamton","Leah Fowler"
"auburn","Ja'Mia Harris"
"auburn","Khady Leye"
"auburn","Kaitlyn Duhon"
"auburn","A'riel Jackson"
"auburn","Mya Petticord"
"auburn","Harissoum Coulibaly"
"auburn","Clara Koulibaly"
"auburn","Syriah Daniels"
"auburn","Sania Richardson"
"auburn","Angena Belloso"
"charlotte","Asianae Nicholson"
"charlotte","Zoe Best"
"charlotte","Tanajah Hayes"
"charlotte","Janavia Gage"
"charlotte","Princess Anderson"
"charlotte","Imani Smith"
"charlotte","Karen Nimo"
"charlotte","Caitlin Staley"
"charlotte","Daphane White"
"charlotte","Caroline Thiel"
"charlotte","Taliah Cornish"
"charlotte","Tylissa Henderson"
"george-washington","Gabby Reynolds"
"george-washington","Mia James"
"george-washington","Sara Lewis"
"george-washington","Kamari Sims"
"george-washington","Emma Theodorsson"
"george-washington","Tanah Becker"
"george-washington","Colleen Phiri"
"george-washington","Jaeda Wilson"
"george-washington","Silvia Gonzalez"
"george-washington","Caia Loving"
"george-washington","Payton Dulin"
"george-washington","Natalia Sierra-Vargas"
"alabama-state","Charlese McClendon"
"alabama-state","Ny'Keria Flowers"
"alabama-state","Amari Franklin"
"alabama-state","Ashley Gray"
"alabama-state","Takaya Walters-Norman"
"alabama-state","Kaitlyn Bryant"
"alabama-state","Clearia Peterson"
"alabama-state","Shamya Reid"
"alabama-state","Caylee Simpson"
"alabama-state","Taylor Smith"
"alabama-state","Kaia Ponder"
"alabama-state","Alanah Pooler"
"alabama-state","Jacqueline Osei"
"alabama-state","Meagan Scott"
"alabama-state","Talayah Hamilton"
"georgia","Dani Carnegie"
"georgia","Trinity Turner"
"georgia","Rylie Theuerkauf"
"georgia","Mia Woolfolk"
"georgia","Vera Ojenuwa"
"georgia","Enjulina Gonzalez"
"georgia","Zhen Craft"
"georgia","Miyah Verse"
"georgia","Jocelyn Faison"
"georgia","Aicha Ndour"
"hofstra","Micaela Carter"
"hofstra","Alarice Gooden"
"hofstra","Emma Von Essen"
"hofstra","Sandra Magolico"
"hofstra","Ayen Angoi"
"hofstra","Sana'a Garrett"
"hofstra","Deivejon Harris"
"hofstra","Ema Karim"
"hofstra","Maddie Pounds"
"hofstra","Michaela Hodge"
"hofstra","Olivia VanPatten"
"hofstra","Kiyanna Blacks-Stewart"
"hofstra","Syniya Barton"
"miami-fl","Gal Raviv"
"miami-fl","Ahnay Adams"
"miami-fl","Amarachi Kimpson"
"miami-fl","Ra Shaya Kyle"
"miami-fl","Jessica Peterson"
"miami-fl","Vittoria Blasigh"
"miami-fl","Natalie Wetzel"
"miami-fl","Candace Kpetikou"
"miami-fl","Simone Pelish"
"miami-fl","Meredith Tippner"
"miami-fl","Soma Okolo"
"miami-fl","Danielle Osho"
"miami-fl","Mya Kone"
"campbell","Hadleigh Dill"
"campbell","Jasmine Nivar"
"campbell","Jasmine Felton"
"campbell","Olivia Tucker"
"campbell","Ciara Alexander"
"campbell","Gianni Boone"
"campbell","Ashleigh Battle"
"campbell","N'na Konate"
"campbell","Emerson Thompson"
"campbell","Peris Smith"
"tulane","Amira Mabry"
"tulane","Kendall Sneed"
"tulane","Sadie Shores"
"tulane","Jayda Brown"
"tulane","Tamiah Robinson"
"tulane","CC Mays"
"tulane","Kanija Daniel"
"tulane","Dyllan Hanna"
"tulane","Mecailin Marshall"
"tulane","Jordyn Weaver"
"tulane","Kayla Hampton"
"appalachian-state","Emma Smith"
"appalachian-state","Jayden McBride"
"appalachian-state","Daisia Mitchell"
"appalachian-state","Emily Hege"
"appalachian-state","Feryal Defne Atli"
"appalachian-state","Zoe McCrary"
"appalachian-state","Elena Pericic"
"appalachian-state","Jada Burton"
"appalachian-state","Addie Biel"
"appalachian-state","Isa Roman"
"appalachian-state","Riley Stoker"
"appalachian-state","Marta Gutierrez"
"western-michigan","De'Ahna Richardson"
"western-michigan","Alli Carlson"
"western-michigan","D'Myjah Bolds"
"western-michigan","Nile Muguira Orbe"
"western-michigan","Kailey Starks"
"western-michigan","Alli Harness"
"western-michigan","Irene Trujillo Suarez"
"western-michigan","Ariana Wilkes"
"western-michigan","Emma Dibarboure"
"western-michigan","Olivia Flynn"
"austin-peay","Jade Rucker"
"austin-peay","Anovia Sheals"
"austin-peay","Veronaye Charlton"
"austin-peay","Mya Williams"
"austin-peay","Ines Gnahore"
"austin-peay","Jim'Miyah Branton"
"austin-peay","Janiah Newell"
"austin-peay","Kyra Perkins"
"austin-peay","Mckenzie Neal"
"austin-peay","Jeanine Brandsma"
"austin-peay","Maeva Fotsa"
"bellarmine","Kendall Wingler"
"bellarmine","Triniti Ralston"
"bellarmine","Ashlee Harris"
"bellarmine","Kayce Hyman"
"bellarmine","Rose Jamison"
"bellarmine","Rachel Shropshire"
"bellarmine","Haya Abdel Aal"
"bellarmine","Ava Smith"
"bellarmine","Andrea Chiquemba"
"bellarmine","Patricia Sherrill"
"boston-college","Athena Tomlinson"
"boston-college","Kayla Rolph"
"boston-college","Lily Carmody"
"boston-college","Teionni McDaniel"
"boston-college","Amirah Anderson"
"boston-college","Jocelyne Grier"
"boston-college","Erin Houpt"
"boston-college","Ava McGee"
"boston-college","Kaia Henderson"
"holy-cross","Meg Cahalan"
"holy-cross","Mary-Elizabeth Donnelly"
"holy-cross","Simone Foreman"
"holy-cross","Kaitlyn Flanagan"
"holy-cross","Hannah Griffin"
"holy-cross","Kendall Eddy"
"holy-cross","Asia Wilson"
"holy-cross","Janie Bachmann"
"holy-cross","Brianna McDermott"
"boston-university","Allison Schwertner"
"boston-university","Anete Adler"
"boston-university","Inés Monteagudo"
"boston-university","Bella McLaughlin"
"boston-university","Audrey Ericksen"
"boston-university","Anastasiia Semenova"
"boston-university","Hildur Gunnsteinsdóttir"
"boston-university","Taylor Williams"
"boston-university","Rose Azmoudeh"
"quinnipiac","Jackie Grisdale"
"quinnipiac","Anna Foley"
"quinnipiac","Karson Martin"
"quinnipiac","Paige Girardi"
"quinnipiac","Ella O'Donnell"
"quinnipiac","Sydney Ryan"
"quinnipiac","Ella Ryan"
"quinnipiac","Emma Lizotte"
"quinnipiac","Maria Kealy"
"bryant","Nia Scott"
"bryant","Mimi Rubino"
"bryant","Mia Mancini"
"bryant","Maranda Nyborg"
"bryant","Izzy Adams"
"bryant","Martina Boba"
"bryant","Rose Nelson"
"bryant","Abbey Lindsey"
"bryant","Jaida Guerra"
"bryant","Giselle Davis"
"bryant","Madara Liepniece"
"bryant","Azanah Campbell"
"central-connecticut-state","Lucia Noin"
"central-connecticut-state","Cierra Pearson"
"central-connecticut-state","Na-kyah Williams"
"central-connecticut-state","Kayla Henry"
"central-connecticut-state","Kiyah Lewis"
"central-connecticut-state","Jessica Farrell"
"central-connecticut-state","Christa Ramos"
"central-connecticut-state","Jah'Nae Stevens"
"central-connecticut-state","Mia Toure"
"central-connecticut-state","Trinty Barnes"
"central-connecticut-state","Nicora Patrick"
"central-connecticut-state","Ilektra Lykaki"
"central-connecticut-state","Reyda Ayva"
"bethune-cookman","Tyler Butler"
"bethune-cookman","Daimoni Dorsey"
"bethune-cookman","Chanelle McDonald"
"bethune-cookman","Shomari Phillips"
"bethune-cookman","Alexandria Johnson"
"bethune-cookman","Jordan Brooks"
"bethune-cookman","Keiara Gregory"
"bethune-cookman","Dariasia Pitts"
"bethune-cookman","Kailyn Peters"
"bethune-cookman","Indigo Brown"
"bethune-cookman","Madison Holden"
"bethune-cookman","Mya Johnson"
"central-florida","Leah Harmon"
"central-florida","Jacorriah Bracey"
"central-florida","Khyala Ngodu"
"central-florida","Mahogany Chandler-Roberts"
"central-florida","Kristol Ayson"
"central-florida","Samari Bankhead"
"central-florida","Jasmynne Gibson"
"central-florida","Kayanna Cox"
"central-florida","Summer Yancy"
"central-florida","Savannah Scott"
"central-florida","Meja Hänsel"
"central-florida","Logan Reed"
"central-florida","Felicia Schölander"
"central-florida","Audreonia Benson"
"coastal-carolina","Kristin Williams"
"coastal-carolina","Olivia Klanac"
"coastal-carolina","Paige Bradley"
"coastal-carolina","Tessa Grady"
"coastal-carolina","Tracey Hueston"
"coastal-carolina","Baylee Lowder"
"coastal-carolina","Tateyoina Harris"
"coastal-carolina","Kinsea Grimes"
"coastal-carolina","J'yana Salton"
"coastal-carolina","Hennessey Luu-Brown"
"miami-oh","Tamar Singer"
"miami-oh","Amber Scalia"
"miami-oh","Amber Tretter"
"miami-oh","Clara Gonzalez Planella"
"miami-oh","Ilse de Vries"
"miami-oh","Núria Jurjo"
"miami-oh","Macie Taylor"
"miami-oh","Brooke Blumenfeld"
"miami-oh","Mio Sakano"
"miami-oh","Emily VanTimmeren"
"east-carolina","Anzhané Hutton"
"east-carolina","Kennedy Fauntleroy"
"east-carolina","Savannah Brooks"
"east-carolina","Keanna Rembert"
"east-carolina","Jayla Hearp"
"east-carolina","Taylor Barner"
"east-carolina","Olivia Hilliard"
"east-carolina","Mildred Dibua"
"east-carolina","Bobbi Smith"
"east-carolina","Zaniah Zellous"
"north-carolina-wilmington","Kylah Silver"
"north-carolina-wilmington","Icyss Storm"
"north-carolina-wilmington","Kate Hollifield"
"north-carolina-wilmington","Tia Dobson"
"north-carolina-wilmington","McCall King"
"north-carolina-wilmington","Torin Rogers"
"north-carolina-wilmington","Rori Cox"
"north-carolina-wilmington","Paige Smith"
"north-carolina-wilmington","Mary Ferrito"
"north-carolina-wilmington","Ebbony Wilson"
"fordham","Alexis Black"
"fordham","Tia Morgan"
"fordham","Ornella Niankan"
"fordham","Lakresha Edwards"
"fordham","Precious Omoshola"
"fordham","Kaila Berry"
"fordham","Ugne Sirtautaite"
"fordham","Carryn Easley"
"fordham","Maysen Hill"
"fordham","London Liley"
"fordham","Emma Wilson-Saltos"
"central-michigan","Nekhu Mitchell"
"central-michigan","Rylan Buschell"
"central-michigan","Madi Morson"
"central-michigan","Ayanna-Sarai Darrington"
"central-michigan","Zareia Chevre"
"central-michigan","Taylor Anderson"
"central-michigan","Demetria Prewitt"
"central-michigan","Taylor Johnson"
"central-michigan","Jayda Mosley"
"central-michigan","Lilah Turnbull"
"georgia-southern","Destiny Garrett"
"georgia-southern","McKenna Eddings"
"georgia-southern","Jashanti Simmons"
"georgia-southern","Liv Fuller"
"georgia-southern","Kishyah Anderson"
"georgia-southern","Kyla Bryant"
"georgia-southern","Lia Anderson"
"georgia-southern","Jamiria Jones"
"georgia-southern","Kayla Cleaveland"
"georgia-southern","Nevaeh Brown"
"georgia-southern","Courtenay Lee"
"georgia-state","Crystal Henderson"
"georgia-state","Cheyenne Holloman"
"georgia-state","Ariana Dyson"
"georgia-state","Morgan Robinson-Nwagwu"
"georgia-state","Kaleigh Addie"
"georgia-state","Gabbie Grooms"
"georgia-state","Grace Lanier"
"georgia-state","Monna Julkunen"
"georgia-state","Savannah Robinson-Holmes"
"georgia-state","Eghosa Obasuyi"
"georgia-state","Nari Powers"
"charleston-southern","Alaina Nettles"
"charleston-southern","Caelan Ellis"
"charleston-southern","Tyonna Bailey"
"charleston-southern","Nevaeh Jones"
"charleston-southern","Asha Sra"
"charleston-southern","Thelma Barbitch"
"charleston-southern","Aïssé Coulibaly"
"charleston-southern","Sydney Bradley"
"charleston-southern","Mya Dotson"
"charleston-southern","Alba Garcia-Valcarcel Bezos"
"jacksonville","Makiya Miller"
"jacksonville","Priscilla Williams"
"jacksonville","Tatum Brown"
"jacksonville","Kali Howard"
"jacksonville","Aniah Smith"
"jacksonville","Comari Mitchell"
"jacksonville","Bailey Burns"
"jacksonville","Mychal White"
"jacksonville","Sharmela Reid"
"jacksonville","Mariah Knight"
"jacksonville","Carmaya Bowman"
"jacksonville","Kimora Hester"
"james-madison","Ashanti Barnes-Williams"
"james-madison","Peyton McDaniel"
"james-madison","Zakiya Stephenson"
"james-madison","Bree Robinson"
"james-madison","Grace McDonough"
"james-madison","Brianna McLeod"
"james-madison","Delilah Soltys"
"james-madison","Regina Walton"
"james-madison","Angela Williams"
"james-madison","Maddie Oliver"
"kent-state","Mya Babbitt"
"kent-state","Riley Rismiller"
"kent-state","Corynne Hauser"
"kent-state","Janae Tyler"
"kent-state","Dionna Gray"
"kent-state","Emory Klatt"
"kent-state","Anna Campanelli"
"kent-state","Meghan Murray"
"kent-state","Tatiana Thomas"
"kent-state","Caitlyn Holmes"
"kent-state","Rylee Kalocay"
"kent-state","Bianca Juzzo"
"maryland-baltimore-county","Carmen Yanez"
"maryland-baltimore-county","Gabby Scott"
"maryland-baltimore-county","Tiara Bellamy"
"maryland-baltimore-county","Jade Tillman"
"maryland-baltimore-county","Delaney Yarborough"
"maryland-baltimore-county","Dagny Slomack"
"maryland-baltimore-county","Lauren Thompson"
"maryland-baltimore-county","Heidi Williams"
"maryland-baltimore-county","Kennedy Austin"
"maryland-baltimore-county","Alaina Williams"
"maryland-baltimore-county","Maisie Crowley"
"new-hampshire","Eva DeChent"
"new-hampshire","Elizabeth Lavoie"
"new-hampshire","Katie Ledden"
"new-hampshire","Camryn Fauria"
"new-hampshire","Kenzie Matulonis"
"new-hampshire","Carolina Williams"
"new-hampshire","Maggie Cavanaugh"
"new-hampshire","Kassidy Thompson"
"new-hampshire","Lucia Melero"
"new-hampshire","Jamie Kent"
"new-hampshire","Sydney Lusher"
"new-hampshire","Alia Cordone"
"new-hampshire","Averie Harding"
"mercer","Micah O'Dell"
"mercer","Ariana Bennett"
"mercer","Talia Kemp"
"mercer","Nahawa Diarra Berthe"
"mercer","Abby Holtman"
"mercer","Talia Harris"
"mercer","Remi-Hope Drantmann"
"mercer","Elena Cabello"
"mercer","Rania Curry"
"mercer","Stephanie Utomi"
"north-carolina-asheville","Nia Green"
"north-carolina-asheville","Journee McDaniel"
"north-carolina-asheville","Aileen Marquez"
"north-carolina-asheville","D'Yanna Maxey"
"north-carolina-asheville","Clementina Odom"
"north-carolina-asheville","Taliya Council"
"north-carolina-asheville","Trinity Fields"
"north-carolina-asheville","Jamaria Freeman"
"north-carolina-asheville","Deb Orianegbena"
"north-carolina-asheville","Kamaria Gipson"
"north-carolina-asheville","Jaidyn Koerdt"
"north-carolina-asheville","Sara Yarnell"
"north-texas","Tiffany Hammond"
"north-texas","Andi Schissler"
"north-texas","Tionna Lidge"
"north-texas","Megan Nestor"
"north-texas","Jazzy owens-Barnett"
"north-texas","Chania Price"
"north-texas","Cherie Spencer"
"north-texas","Jaelyn Talley"
"north-texas","Aysia Proctor"
"north-texas","Mekhia Chase"
"massachusetts","Yahmani McKayle"
"massachusetts","Ayanna Franks"
"massachusetts","Allie Palmieri"
"massachusetts","Megan Olbrys"
"massachusetts","Chinenye Odenigbo"
"massachusetts","Lilly Ferguson"
"massachusetts","Leah Bullard"
"massachusetts","Aiyanna Perkins"
"old-dominion","En'Dya Buford"
"old-dominion","Simone Cunningham"
"old-dominion","Simaru Fields"
"old-dominion","Nevaeh Scott"
"old-dominion","Riley Stack"
"old-dominion","Kelsey Thompson"
"old-dominion","Laila Walker"
"old-dominion","Dalanna Carter"
"old-dominion","Mariah Clayton"
"old-dominion","Jaylen Ponder"
"old-dominion","Nakiyah Allen"
"old-dominion","Alisha Nunley"
"old-dominion","Nisaa Muhammad"
"old-dominion","Hama'ya Fielder"
"south-dakota","Elise Turrubiates"
"south-dakota","Angelina Robles"
"south-dakota","Tori Schlagel"
"south-dakota","Jenna Hopp"
"south-dakota","Patience Williams"
"south-dakota","Molly Joyce"
"south-dakota","Katy Reyerson"
"south-dakota","Alex Flattery"
"south-dakota","Alyssa Bartlett"
"south-dakota","Olivia Kieffer"
"south-dakota","Olivia Moore"
"south-dakota","Josie Hill"
"south-dakota","Coral Mason"
"south-dakota","Grace Peterson"
"florida-international","Claudia Marina Gonzalez"
"florida-international","Grecia Ferrer Leal"
"florida-international","Denika Lightbourne"
"florida-international","Ndate Ndiaye"
"florida-international","Fantasia James"
"florida-international","Ndeye Astou Ndiaye"
"florida-international","Astrid Mukulumpe"
"florida-international","Selene Romero"
"south-florida","Edyn Battle"
"south-florida","Ines Piper"
"south-florida","L'or Mputu"
"south-florida","Stefanie Ingram"
"south-florida","Katie Davidson"
"south-florida","Kirsten Lewis-Williams"
"south-florida","Raina Tomasicka"
"south-florida","Fatou Diakite"
"south-florida","Janette Aarnio"
"south-florida","Jelena Bulajic"
"south-florida","Lee Teichman"
"st-bonaventure","Mackenzie Pettinelli"
"st-bonaventure","Brillana Boyd"
"st-bonaventure","Laycee Drake"
"st-bonaventure","Aaliyah Parker"
"st-bonaventure","Gabby Robinson Forde"
"st-bonaventure","Mallory Heise"
"st-bonaventure","Kaylee Krysztof"
"st-bonaventure","Iva Corluka"
"st-bonaventure","Elyse MacDonough"
"st-bonaventure","Ivona Djikanovic"
"st-bonaventure","Olivia DiFranco"
"st-bonaventure","Diamond Fields"
"st-bonaventure","Brianna Barr-Buday"
"st-bonaventure","Kylie Buckley"
"texas-am-corpus-christi","Marissa Shelton"
"texas-am-corpus-christi","Chelsea Wooten"
"texas-am-corpus-christi","Samora Watson"
"texas-am-corpus-christi","Rayna Williams"
"texas-am-corpus-christi","K'Nari Holliday"
"texas-am-corpus-christi","Asha Walker"
"texas-am-corpus-christi","Torie Sevier"
"texas-am-corpus-christi","Tamar voor de Poort"
"abilene-christian","Emma Troxell"
"abilene-christian","Erin Woodson"
"abilene-christian","Breanna Davis"
"abilene-christian","Meredith Mayes"
"abilene-christian","Payton Hull"
"abilene-christian","Riley Grohman"
"abilene-christian","Molly Daugherty"
"abilene-christian","Emma Daugherty"
"abilene-christian","Bree Riley"
"abilene-christian","Jazmyn Stone"
"abilene-christian","Natalia Chavez"
"abilene-christian","Aimee Flippen"
"abilene-christian","Jordyn Coleman"
"chicago-state","Aiyanna Culver"
"chicago-state","Marisa Gant"
"chicago-state","Kayla Mount"
"chicago-state","Keona McGee"
"chicago-state","Paris Bass"
"chicago-state","Kyara Champagne"
"chicago-state","Kace Urlacher"
"chicago-state","Chloe Sisco"
"chicago-state","Elani Randall"
"chicago-state","Tania Allen"
"chicago-state","Jade Hamilton-Gill"
"chicago-state","Tally Williams"
"chicago-state","Kitali Youmans"
"cleveland-state","Colbi Maples"
"cleveland-state","Jada Leonard"
"cleveland-state","Macey Fegan"
"cleveland-state","Izabella Zingaro"
"cleveland-state","Ella Van Weelden"
"cleveland-state","Paula Pique"
"cleveland-state","Ayisse Magassa"
"cleveland-state","Madison Royal-Davis"
"cleveland-state","Laurel Rockwood"
"cleveland-state","Sarah Hurley"
"cleveland-state","Queen Ruffin"
"cleveland-state","Colby Guinta"
"cleveland-state","Sur Lozano"
"cleveland-state","Hanna Medina Kajevic"
"creighton","Kennedy Townsend"
"creighton","Kiani Lockett"
"creighton","Allison Heathcock"
"creighton","Elizabeth Gentry"
"creighton","Grace Boffeli"
"creighton","Ava Zediker"
"creighton","Kendall McGee"
"creighton","Neleigh Gessert"
"creighton","Norah Gessert"
"creighton","Tara Dacic"
"south-dakota-state","Brooklyn Meyer"
"south-dakota-state","Katie Vasecka"
"south-dakota-state","Madison Mathiowetz"
"south-dakota-state","Emilee Fox"
"south-dakota-state","Maggie Hartwig"
"south-dakota-state","Ellie Colbeck"
"south-dakota-state","Hadley Thul"
"south-dakota-state","Mahli Abdouch"
"east-tennessee-state","Carmen Richardson"
"east-tennessee-state","Kennedy Younkin"
"east-tennessee-state","Anala Nelson"
"east-tennessee-state","Jaidyn Harper"
"east-tennessee-state","Lucy Hood"
"east-tennessee-state","SaBreya Monsanto"
"east-tennessee-state","Yanessa Boyd"
"east-tennessee-state","Paige Lyons"
"east-tennessee-state","Lucia France"
"elon","Jayda Angel"
"elon","Tyana Walker"
"elon","Maraja Pass"
"elon","Quinzia Fulmore"
"elon","LaNae' Corbett"
"elon","Laila Anderson"
"elon","Ashanti Fox"
"elon","Tamia Watkins"
"elon","Kamryn Doty"
"elon","Kierra Morrow"
"elon","Ruby Willard"
"elon","Samira Khalil"
"eastern-kentucky","Liz Freihofer"
"eastern-kentucky","Joseana Vaz"
"eastern-kentucky","Ella Bradley"
"eastern-kentucky","Althea Kara Angeles"
"eastern-kentucky","Ndidiamaka Ndukwe"
"eastern-kentucky","Kenleigh Woods"
"eastern-kentucky","Kailani Lindsey"
"eastern-kentucky","Madison Lewis"
"eastern-kentucky","Jasmine Jordan"
"eastern-kentucky","Love Mays"
"eastern-kentucky","Zyniah Thomas"
"furman","Chantelle Stuart"
"furman","Lauren Bailey"
"furman","Raina McGowens"
"furman","Clare Coyle"
"furman","Kyraha Parnell"
"furman","Sophia Pearl"
"furman","Alyssa Ervin"
"furman","Tyriana Berry"
"furman","Brooklyn King"
"furman","Hilary Englert"
"furman","Samaria Taylor"
"furman","Channing Warren"
"green-bay","Meghan Schultz"
"green-bay","Gracie Grzesk"
"green-bay","Kamy Peppler"
"green-bay","Carley Duffney"
"green-bay","Maddy Skorupski"
"green-bay","Kristina Ouimette"
"green-bay","Ellie Buzzelle"
"green-bay","Kallie Peppler"
"green-bay","Lily Hansford"
"green-bay","Julianna Ouimette"
"high-point","Aaliyah Collins"
"high-point","Lexi Fleming"
"high-point","Anna Hager"
"high-point","Nevaeh Zavala"
"high-point","Macy Spencer"
"high-point","Brecken Snotherly"
"high-point","Chana Paxixe"
"high-point","Dom Nesland"
"high-point","Peyton Gerdes"
"high-point","Kenaya Klintman"
"high-point","Dakota Phillips"
"high-point","Cheyenne Brand"
"high-point","Sky Donaie"
"high-point","Kelsey Miller"
"iowa","Chazadi Wright"
"iowa","Hannah Stuelke"
"iowa","Ava Heiden"
"iowa","Taylor McCabe"
"iowa","Kylie Feuerbach"
"iowa","Emely Rodriguez"
"iowa","Taylor Stremlow"
"iowa","Addison Deal"
"iowa","Layla Hays"
"iowa","Journey Houston"
"southern","Mykayla Cunningham"
"southern","Zaria Hurston"
"southern","Jaylia Reed"
"southern","D'Shantae Edwards"
"southern","Demya Porter"
"southern","Jocelyn Tate"
"southern","Jestiny Dixon"
"southern","Anaja Hall"
"southern","Olivia Delancy"
"southern","Demonnie Lagway"
"southern","Xyllize Harrison"
"southern","Kiana Wilson"
"southern","Aubri Wilkins"
"jackson-state","Leianya Massenat"
"jackson-state","Derrica McCall"
"jackson-state","Jada Patton"
"jackson-state","Jaileyah Cotton"
"jackson-state","Mikayla Brown"
"jackson-state","Rhema Pegues"
"jackson-state","Angel Wilkinson"
"jackson-state","Pierre-Noelle Tcheuhchoua"
"jackson-state","Mariah Reed-Jones"
"jackson-state","Laila Grant"
"jackson-state","Skyler Christmas"
"jackson-state","McKenzie Stewart"
"kansas-state","Taryn Sides"
"kansas-state","Nastja Claessens"
"kansas-state","Tess Heal"
"kansas-state","Brandie Harrod"
"kansas-state","Jenessa Cotton"
"kansas-state","Jordan Speiser"
"kansas-state","Izela Arenas"
"kansas-state","Aniya' Foy"
"kansas-state","Ramiya White"
"kansas-state","Gina Garcia"
"kansas-state","Mikayla Parks"
"nebraska-omaha","Leekaya Burke Perryman"
"nebraska-omaha","Alison Stephens"
"nebraska-omaha","Sarai Estupiñan"
"nebraska-omaha","Cora Olsen"
"nebraska-omaha","Avril Smith"
"nebraska-omaha","Lillian Merow"
"nebraska-omaha","Daria Shelby"
"nebraska-omaha","Elsa Vedral"
"nebraska-omaha","Esra Kurban"
"bowling-green-state","Paige Kohler"
"bowling-green-state","Taya Ellis"
"bowling-green-state","Ky'Aira Miller"
"bowling-green-state","Johnea Donahue"
"bowling-green-state","Joniyah Bland-Fitzpatrick"
"bowling-green-state","Lauren Gerken"
"bowling-green-state","Emily Siesel"
"bowling-green-state","Jasmine Fearne"
"bowling-green-state","Jaedyn Cook"
"bowling-green-state","Laila Harrison"
"bowling-green-state","Kendal Moxey"
"bowling-green-state","Sofia Moschen"
"louisiana-lafayette","Imani Daniel"
"louisiana-lafayette","Mikaylah Manley"
"louisiana-lafayette","Sierra Jones"
"louisiana-lafayette","Marina Artero"
"louisiana-lafayette","Jazmyne Jackson"
"louisiana-lafayette","Amijah Price"
"louisiana-lafayette","Stephanie Mosley"
"louisiana-lafayette","Arionna Patterson"
"louisiana-lafayette","Bianca Silva"
"louisiana-lafayette","Lilybeth Ba"
"louisiana-lafayette","Kahlen Norris"
"eastern-michigan","Ainhoa Cea"
"eastern-michigan","Sisi Eleko"
"eastern-michigan","Peyton Hill"
"eastern-michigan","Brooklyn Thrash"
"eastern-michigan","Fernanda Ovalle"
"eastern-michigan","Artemis Kouki"
"eastern-michigan","Oliwia Pelka"
"eastern-michigan","Sarah Rekowski"
"eastern-michigan","Alli Zajac"
"louisiana-monroe","Asjah Inniss"
"louisiana-monroe","Asia Barclay"
"louisiana-monroe","Marcavia Shavers"
"louisiana-monroe","J'Mani Ingram"
"louisiana-monroe","Jazmine Jackson"
"louisiana-monroe","Nakiyah Mays-Prince"
"louisiana-monroe","Keshumti Nichols"
"louisiana-monroe","Abby Leahy"
"louisiana-monroe","Marissa Gasaway"
"louisiana-monroe","Nailea Nicholas"
"louisiana-monroe","Kamille Brown"
"louisiana-monroe","Katelyn Chomko"
"manhattan","Brianna Davis"
"manhattan","Kristina Juric"
"manhattan","Agar Farres Garcia"
"manhattan","Colette Mulderig"
"manhattan","Hana Muhl"
"manhattan","Ishuana Hunter"
"manhattan","Autumn Taylor"
"manhattan","Elisa Solé Sanchez"
"manhattan","Tatianna Collins"
"manhattan","Celeste Harper"
"manhattan","Rotem Kahlon"
"rhode-island","Palmire Mbu"
"rhode-island","Brooklyn Gray"
"rhode-island","Albina Syla"
"rhode-island","Sophia Vital"
"rhode-island","Ta'Viyanna Habib"
"rhode-island","Valentina Ojeda"
"rhode-island","Ines Debroise"
"rhode-island","Vanessa Harris"
"rhode-island","Lilyana Fontcha"
"monmouth","Divine Dibula"
"monmouth","Fatu Djaló"
"monmouth","Alexis Andrews"
"monmouth","Alexis Davis"
"monmouth","GiGi Gamble"
"monmouth","Ella Farrelly"
"monmouth","Kathy Kersaint-Pierre"
"monmouth","Kellyn Preira"
"monmouth","Maria Amaro"
"monmouth","Tessa Carman"
"monmouth","Rebecca Milon"
"monmouth","Isabella Murray"
"alcorn-state","Kiarra Henderson"
"alcorn-state","Nakia Cheatham"
"alcorn-state","Maya Claytor"
"alcorn-state","Dalayja Hurt-Floyd"
"alcorn-state","Chrishunti Walker"
"alcorn-state","Lauren Nelson"
"alcorn-state","Ja'Sharreah Hunt"
"alcorn-state","Leyah Houston"
"alcorn-state","Arene Iyekekpolor"
"alcorn-state","Jazlyn Johnson"
"alcorn-state","Frances Anyakudo"
"nicholls-state","Anyra Wilson"
"nicholls-state","Sh'Diamond McKnight"
"nicholls-state","Jesslynn Jalomo"
"nicholls-state","Emani Burks"
"nicholls-state","Marie Kenembeni"
"nicholls-state","Jasmine Matthews"
"nicholls-state","Laryn Scott"
"nicholls-state","Reese Hoadley"
"nicholls-state","Makayla Charles"
"nicholls-state","Sanaiya Morris"
"nicholls-state","India McMahon"
"north-alabama","Katie Criswell"
"north-alabama","Greta Ramon"
"north-alabama","Cameron McNamara"
"north-alabama","Sofia Ceppellotti"
"north-alabama","Jazzy Klinge"
"north-alabama","Bukky Akinsola"
"north-alabama","Gabby Jackson"
"north-alabama","Alexsandra Alvarado"
"north-alabama","India Howard"
"north-alabama","Venla Ulander"
"tennessee-martin","Kenley McCarn"
"tennessee-martin","Sidni Middleton"
"tennessee-martin","Norah Clark"
"tennessee-martin","Brittani Wells"
"tennessee-martin","Zakheria Thompson"
"tennessee-martin","Grace Billington"
"tennessee-martin","Kennedy Horton"
"tennessee-martin","Camden Ward"
"north-dakota-state","Abby Krzewinski"
"north-dakota-state","Molly Lenz"
"north-dakota-state","Avery Koenen"
"north-dakota-state","Jocelyn Schiller"
"north-dakota-state","Marisa Frost"
"north-dakota-state","Abby Graham"
"north-dakota-state","Amelia Hobson"
"north-dakota-state","Karrington Asp"
"north-dakota-state","Lily Niebuhr"
"northern-iowa","Elise Jaeger"
"northern-iowa","Jenna Twedt"
"northern-iowa","Taryn Wharton"
"northern-iowa","Ryley Goebel"
"northern-iowa","Bri Robinson"
"northern-iowa","Virginia Edmondson"
"northern-iowa","Maren Schmotzer"
"northern-iowa","Mya Nicholson"
"northern-iowa","Kaylynn Janes"
"northern-iowa","Abby Tuttle"
"northern-iowa","Lauren Walker"
"gardner-webb","Makayla Legette"
"gardner-webb","Jaelyn Acker"
"gardner-webb","Kayla Martin"
"gardner-webb","Amina Gray"
"gardner-webb","Amira Ofunniyin"
"gardner-webb","Nyla Walker"
"gardner-webb","Sara Menendez"
"gardner-webb","Kamille Henriksen"
"queens-nc","Jermany Mapp"
"queens-nc","Dayuna Colvin"
"queens-nc","Brenae Jones-Grant"
"queens-nc","Hannah Hicks"
"queens-nc","Ana Barreto"
"queens-nc","Robynn Thompson"
"queens-nc","Magda Freire"
"queens-nc","Breah Franks"
"queens-nc","Kelley Hutcherson"
"queens-nc","Alyssa Lewis"
"rutgers","Kaylah Ivey"
"rutgers","Zachara Perkins"
"rutgers","Nene Ndiaye"
"rutgers","Imani Lester"
"rutgers","Lauryn Swann"
"rutgers","Yacine N'Diaye"
"rutgers","Janae Walker"
"rutgers","Antonia Bates"
"rutgers","Kennedy Brandt"
"rutgers","Precious Wheeler"
"rutgers","Makylah Moore"
"rutgers","Deja Young"
"wagner","Priscila Varela"
"wagner","Keana Foz"
"wagner","Malia Mpondo"
"wagner","Lijirin Doyinsola Modesayor"
"wagner","Klea Kaci"
"wagner","Maria Doreste"
"wagner","Saioa San Francisco"
"wagner","Raneem Elbarky"
"wagner","Alivia Landy"
"wagner","Hawa Balde-Camara"
"wagner","Angelie Ricard"
"wagner","Jada Johnson"
"njit","Alejandra Zuniga"
"njit","Marissa Gingrich"
"njit","Olivia Kulyk"
"njit","Madilyn Dogs"
"njit","Olivia O'Meally"
"njit","Allison Cannon"
"njit","Ava Locklear"
"njit","Mackenzie Wright-Rawls"
"njit","Avery O'Roke"
"njit","Mia Angeli Gestosani"
"njit","Piper Engelby"
"njit","Kyleigh Welsh"
"njit","Lauren Lee"
"sacred-heart","Sierra Johnson"
"sacred-heart","Amelia Wood"
"sacred-heart","Emma Kirby"
"sacred-heart","Nalyce Dudley"
"sacred-heart","Grace John"
"sacred-heart","Sophie Nascimento"
"sacred-heart","Esther Kursite"
"sacred-heart","Jordanna Schrecker"
"sacred-heart","Taaliyah Porter"
"sacred-heart","Dianne Crespo López"
"sacred-heart","Kristen Phelan"
"sacred-heart","Faith Pappas"
"sam-houston-state","Deborah Ogayemi"
"sam-houston-state","Esther Rodellar"
"sam-houston-state","Aysia Ward-Strong"
"sam-houston-state","Nyla Inmon"
"sam-houston-state","Fanta Kone"
"sam-houston-state","Whitney Dunn"
"sam-houston-state","Alaisha Brown"
"sam-houston-state","Kelis Grant"
"sam-houston-state","Kaylie Carr"
"sam-houston-state","Bryana Block"
"sam-houston-state","Blessing Okoh"
"sam-houston-state","Lea Salinas Beamen"
"grand-canyon","Anisa Jeffries"
"grand-canyon","Chloe Mann"
"grand-canyon","Julianna LaMendola"
"grand-canyon","Sifa Joyeuse"
"grand-canyon","Holly Griffiths"
"grand-canyon","Ale'Jah Douglas"
"grand-canyon","Norah Moo"
"grand-canyon","Faith Carson"
"grand-canyon","Casey Valenti-Paea"
"grand-canyon","Rapuluchi Ayodele"
"grand-canyon","Karley Johnson"
"grand-canyon","Diamond Wright"
"grand-canyon","Ines Zounia"
"grand-canyon","Kaitlyn Elsholz"
"south-carolina","Tessa Johnson"
"south-carolina","Ta'Niya Latson"
"south-carolina","Joyce Edwards"
"south-carolina","Raven Johnson"
"south-carolina","Madina Okot"
"south-carolina","Agot Makeer"
"south-carolina","Ayla McDowell"
"south-carolina","Adhel Tac"
"south-carolina","Maryam Dauda"
"south-carolina","Maddy McDaniel"
"southeastern-louisiana","Natalie Huff"
"southeastern-louisiana","Taylor Ross"
"southeastern-louisiana","Eryn McKinzie"
"southeastern-louisiana","Aliyah Collins"
"southeastern-louisiana","Lihi Azouri"
"southeastern-louisiana","Mia Ramos"
"southeastern-louisiana","Erynn Williams"
"southeastern-louisiana","Fatime Seck"
"southeastern-louisiana","Bethany Graves"
"southeastern-louisiana","Taylor Wilkins"
"southeastern-louisiana","Aisha Marten-Coney"
"southeastern-louisiana","Mari Dangerfield"
"southern-indiana","Chloe Gannon"
"southern-indiana","Shannon Blacher"
"southern-indiana","Sophia Loden"
"southern-indiana","Amiyah Buchanan"
"southern-indiana","Lexi Sepulveda"
"southern-indiana","Maddy Fay"
"southern-indiana","Kylee Dennis"
"southern-indiana","Lily Graves"
"southern-indiana","Sarang West"
"southern-indiana","Alli Robertson"
"northern-illinois","Nadechka Laccen"
"northern-illinois","Emilie Sorensen"
"northern-illinois","Neveah Wingate"
"northern-illinois","Maria Serracanta"
"northern-illinois","Teresa Mbemba"
"northern-illinois","Sa'Mahn Johnson"
"northern-illinois","Marta Hermoso"
"northern-illinois","Reagan Barkema"
"northern-illinois","Cyra Conwell"
"northern-illinois","Lexi Kerstein"
"northern-illinois","Makenzie Brass"
"northern-illinois","Julia Sollberger"
"southern-mississippi","Carly Keats"
"southern-mississippi","Meloney Thames"
"southern-mississippi","Jakayla Johnson"
"southern-mississippi","Hayleigh Breland"
"southern-mississippi","Sakyia White"
"southern-mississippi","Morgan Sieper"
"southern-mississippi","Brikayla Gray"
"southern-mississippi","Anaisha Carriere"
"southern-mississippi","Ramiah Augurson"
"southern-mississippi","Je'Mya Evans"
"southern-mississippi","Timya Thurman"
"southern-mississippi","Whitney Hart"
"stonehill","Brooke Paquette"
"stonehill","Julia Webster"
"stonehill","Emma Arcà"
"stonehill","Breana Delaney"
"stonehill","Isabella Mallory"
"stonehill","Reese Roggenburk"
"stonehill","Phoena Dadson"
"stonehill","Ella Pelletier"
"stonehill","Sydney McLaughlin"
"stonehill","Catelyn Wheeler"
"stonehill","Paige Martin"
"stonehill","Rissi Smith"
"tennessee-tech","Chloe Larry"
"tennessee-tech","Reghan Grimes"
"tennessee-tech","Reagan Hurst"
"tennessee-tech","Cam Mathews"
"tennessee-tech","LaReesha Cawthorn"
"tennessee-tech","Lyriq Mastin"
"tennessee-tech","Amelia Pfeiffer"
"tennessee-tech","Amaya Thomas"
"tennessee-tech","Angelika Girgenson"
"tennessee-tech","Maddy Newman"
"tennessee-tech","Amaya Redd"
"tennessee-tech","Sofi Miller"
"texas-pan-american","Charlotte O'Keefe"
"texas-pan-american","Jalayah Ingram"
"texas-pan-american","Erin Maguire"
"texas-pan-american","Gianna Angiolet"
"texas-pan-american","Ivy Brown"
"texas-pan-american","Madison Huhn"
"texas-pan-american","Kayla Lorenz"
"texas-pan-american","Chazlyn Dettor"
"texas-pan-american","Rylie Whitehair"
"texas-pan-american","Elizabeth Romer"
"texas-pan-american","Sophia Zufelt"
"texas-pan-american","Elise Horne"
"north-carolina-at","D’Mya Tucker"
"north-carolina-at","Paris Locke"
"north-carolina-at","Darrionna Howard"
"north-carolina-at","Jordan Brown"
"north-carolina-at","Chaniya Clark"
"north-carolina-at","Anaya Karriem"
"north-carolina-at","Jamyia Lindsey"
"north-carolina-at","Elliott Jessup"
"north-carolina-at","Crystal Hardy"
"north-carolina-at","Ja'naya Meyers"
"north-carolina-at","Eva Andrews"
"texas-tech","Gemma Nunez"
"texas-tech","Denae Fritz"
"texas-tech","Jalynn Bristow"
"texas-tech","Bailey Maupin"
"texas-tech","Sarengbe Sanogo"
"texas-tech","Snudda Collins"
"texas-tech","Jada Malone"
"texas-tech","Adlee Blacklock"
"texas-tech","Bird Martin"
"texas-tech","Mariam Sanogo"
"texas-tech","Julie Nekolna"
"lafayette","Teresa Kiewiet"
"lafayette","Talia Zurinskas"
"lafayette","Sauda Ntaconayigize"
"lafayette","Tasha Chudy"
"lafayette","Maddison Krug"
"lafayette","Rosie Scognamiglio"
"lafayette","Haley Poser"
"lafayette","Haylie Adamski"
"lafayette","Emma Heaney"
"lafayette","Sofia Valente"
"lafayette","Brynn Beffert"
"villanova","Kennedy Henry"
"villanova","Jasmine Bascoe"
"villanova","Kelsey Joens"
"villanova","Denae Carter"
"villanova","Kylee Watson"
"villanova","MD Ntambue"
"villanova","Brooke Bender"
"villanova","Brynn McCurry"
"villanova","Dani Ceseretti"
"villanova","Ryanne Allen"
"villanova","Rachel Wirts"
"villanova","Annie Welde"
"ipfw","Jordan Reid"
"ipfw","Alana Nelson"
"ipfw","Nika Lokica"
"ipfw","Lauren Lee"
"ipfw","Lili Krasovec"
"ipfw","Ella Riggs"
"ipfw","Rylee Bess"
"ipfw","Destiny Macharia"
"ipfw","Bailee Duck"
"ipfw","Avery Wagner"
"ipfw","Hillary Offing"
"west-virginia","Sydney Shaw"
"west-virginia","Jordan Harrison"
"west-virginia","Sydney Woodley"
"west-virginia","Kierra Wheeler"
"west-virginia","Jordan Thomas"
"west-virginia","Riley Makalusky"
"west-virginia","Gigi Cooke"
"west-virginia","Loghan Johnson"
"west-virginia","Carter McCray"
"west-virginia","Célia Rivière"
"west-virginia","Madison Parrish"
"wichita-state","Taya Davis"
"wichita-state","Jaila Harding"
"wichita-state","Abby Cater"
"wichita-state","Bre'Yon White"
"wichita-state","Cheyenne Banks"
"wichita-state","Jaida Mcdonald"
"wichita-state","Azjah Reeves"
"wichita-state","Kyleigh Ortiz"
"wichita-state","Diamond Richardson"
"wichita-state","Sophie Benharouga"
"wichita-state","Maimouna Sissoko"
"wichita-state","Fiona Diomande"
"wofford","Toni Warren"
"wofford","Gabby Mundy"
"wofford","Maddie Heiss"
"wofford","Queen Ikhiuwu"
"wofford","Molly Masingale"
"wofford","Courtney Swider"
"wofford","Sophia Rueppell"
"wofford","Elli Porter"
"wofford","Abby Eller"
"wofford","Madi Hawk"
"wofford","Mia Flor"
"wofford","Brady Branam"
"arkansas-little-rock","Jordan Holman"
"arkansas-little-rock","Alaina Payne"
"arkansas-little-rock","Brenna Burk"
"arkansas-little-rock","Taelor Coxford"
"arkansas-little-rock","Destinee Salgado"
"arkansas-little-rock","Mya Cotto"
"arkansas-little-rock","Jarahle Daniels"
"arkansas-little-rock","Lidia Belmonte Hurtado"
"arkansas-little-rock","Rakiya Nelson"
"arkansas-little-rock","Ashley Lester"
"arkansas-little-rock","Blessing Teamer"
"arkansas-little-rock","Naomi Smitherman"
"arkansas-little-rock","Pearson McVay"
"arkansas-little-rock","Aaliyah Taylor"
"arkansas-state","Crislyn Rose"
"arkansas-state","Wynter Rogers"
"arkansas-state","Marlie Dickerson"
"arkansas-state","Zyion Shannon"
"arkansas-state","Bella Weary"
"arkansas-state","Mia Tarver"
"arkansas-state","Aniyah Ruddock"
"arkansas-state","Mimi McCollister"
"arkansas-state","D'Arrah Allen"
"arkansas-state","Yves Cox"
"arkansas-state","Allyson Ferguson"
"ball-state","Karsyn Norman"
"ball-state","Bree Salenbien"
"ball-state","Grace Kingery"
"ball-state","Aniss Tagayi"
"ball-state","Alba Caballero"
"ball-state","Zhen Verburgt"
"ball-state","Zuri Ransom"
"ball-state","Tessa Towers"
"ball-state","Giorgia Gorini"
"ball-state","Ashlynn Brooke"
"california-baptist","Filipa Barros"
"california-baptist","Emma Johansson"
"california-baptist","Chance Bucher"
"california-baptist","CeCe Legaspi"
"california-baptist","Sofia Alonso"
"california-baptist","Shawnee Nordstrom"
"california-baptist","Lauren Olsen"
"california-baptist","Reyleigh Hess"
"california-riverside","Bria Shine"
"california-riverside","Seneca Hackley"
"california-riverside","Shelley Duchemin"
"california-riverside","Taylor Swanson"
"california-riverside","Aaliyah Stanton"
"california-riverside","Kaylani Polk"
"california-riverside","Makayla Minshall"
"california-riverside","Maya Chocano"
"california-riverside","Lucia Moreno Tallon"
"air-force","Alexis Cortez"
"air-force","Jayda McNabb"
"air-force","Jordyn DeVaughn"
"air-force","Keelie O'Hollaren"
"air-force","Emily Adams"
"air-force","Bhret Clay"
"air-force","Madelyn Jensen"
"air-force","Marissa Hargrave"
"denver","Coryn Watts"
"denver","Laia Monclova"
"denver","Victoria Baker"
"denver","Brooke Murrell"
"denver","Ana Conde"
"denver","Lily Esparza"
"denver","Karolina Padilla"
"denver","Jocelyn Medina"
"denver","Teodora Simoncevic"
"fresno-state","Emilia Long"
"fresno-state","Danae Powell"
"fresno-state","Djessira Diawara"
"fresno-state","Jaisa Gamble"
"fresno-state","Ashlyn Rean"
"fresno-state","Ava Marr"
"fresno-state","Avery Watkins"
"fresno-state","Hedda Koehne"
"fresno-state","Aloni Oliver"
"fresno-state","Morelia Chavez"
"akron","Shaena Brew"
"akron","Keiryn McGuff"
"akron","Monique Mitchell"
"akron","Natalie Johnson"
"akron","Liz Murphy"
"akron","Maddie Vejsicky"
"akron","Izzy Callaway"
"akron","Ni'Rah Clark"
"akron","Corinne Reed"
"akron","Ella Wigal"
"akron","Teniesha Clarke"
"akron","Liisa Taponen"
"south-alabama","Daniela Gonzalez"
"south-alabama","Amyah Sutton"
"south-alabama","Cordasia Harris"
"south-alabama","Ronaltha Marc"
"south-alabama","Chrysta Narcisse"
"south-alabama","Diawna Carter-Hartley"
"south-alabama","Jeriyah Baines"
"south-alabama","Aroa Mangas"
"south-alabama","Miyah Holmes"
"south-alabama","Alicia Spann"
"south-alabama","Chloe Donnell"
"south-alabama","Princess Okafor Nweze"
"southern-utah","Sierra Chambers"
"southern-utah","Brooklyn Fely"
"southern-utah","Devyn Kiernan"
"southern-utah","Kortney Doman"
"southern-utah","Ava Uhrich"
"southern-utah","Denver Anderson"
"southern-utah","Morgan Trigueiro"
"southern-utah","Bella Hasan"
"southern-utah","Charli Kay"
"southern-utah","Ashley Banks"
"southern-utah","Vallory Kuelker"
"southern-utah","Emily Scholtes"
"southern-utah","Olivia Malafu"
"tarleton-state","Gia Adams"
"tarleton-state","Kyriana Jones"
"tarleton-state","Jakoriah Long"
"tarleton-state","Shadasia Brackens"
"tarleton-state","Elodie Lutbert"
"tarleton-state","Allie Myers"
"tarleton-state","Tessa Engelman"
"tarleton-state","Luka Malinka"
"tarleton-state","Kristian Hieskill"
"tarleton-state","Mar'Cyah Willis"
"tarleton-state","Caroline Lyles"
"tarleton-state","Nyah Buntun"
"tarleton-state","Jaylynn Perez-Richard"
"ohio","Elli Garnett"
"ohio","Asiah Baxter"
"ohio","Bella Ranallo"
"ohio","Bailey Tabeling"
"ohio","Aliah McWhorter"
"ohio","Gigi Bower"
"ohio","Antonicia Moultrie"
"ohio","Danni Scully"
"ohio","ReRe Jennings"
"ohio","Monica Williams"
"ohio","Cassidy Lafler"
"texas-state","Kyla McBride"
"texas-state","Deja Jones"
"texas-state","Mia Galbraith"
"texas-state","Kyra Anderson"
"texas-state","Taleiyah Gibbs"
"texas-state","KP Parr"
"texas-state","Saniya Burks"
"texas-state","Angela Carroll"
"texas-state","Kaliyah Murphy"
"texas-state","Kyaija Stewart"
"texas-state","Amyria Walker"
"incarnate-word","Destiny Whitaker"
"incarnate-word","Morgan Borgstadt"
"incarnate-word","Jorja Elliott"
"incarnate-word","Brynn Lusby"
"incarnate-word","Madison Cockrell"
"incarnate-word","Gwendlyn McGrew"
"incarnate-word","Londyn Oliphant"
"incarnate-word","Mallory McQuietor"
"incarnate-word","Madison Williams"
"incarnate-word","Deja Lumsden"
"incarnate-word","Breelyn Sanborn"
"incarnate-word","Martina Monton Martinez"
"texas","Madison Booker"
"texas","Jordan Lee"
"texas","Aaliyah Crump"
"texas","Rori Harmon"
"texas","Breya Cunningham"
"texas","Kyla Oldacre"
"texas","Bryanna Preston"
"texas","Justice Carlton"
"texas","Teya Sidberry"
"texas","Grace Prenter"
"texas","Sarah Graves"
"cal-poly","Jordan Billing"
"cal-poly","Vanessa McManus"
"cal-poly","Alana Goosby"
"cal-poly","Charish Thompson"
"cal-poly","Madison Butcher"
"cal-poly","Ana Moleon Hidalgo"
"cal-poly","Nora Perez"
"cal-poly","Gillian Bears"
"cal-state-bakersfield","Morgan Hawkins"
"cal-state-bakersfield","Maria Dias"
"cal-state-bakersfield","Marley Langi"
"cal-state-bakersfield","Chrishawn Coleman"
"cal-state-bakersfield","Tena Ikidi"
"cal-state-bakersfield","Adrienne Puletasi"
"cal-state-bakersfield","Dae'Jaidence Kincade"
"cal-state-bakersfield","Aaliyah Carter"
"cal-state-bakersfield","Tianna Sutherland"
"cal-state-bakersfield","Ophelia Powell"
"cal-state-bakersfield","Alexandra Dioli"
"cal-state-bakersfield","Zalissa Finley"
"cal-state-bakersfield","Jaime Gallatly"
"utah-valley","Tessa Chaney"
"utah-valley","Halle Nelson"
"utah-valley","Kylee Mabry"
"utah-valley","Cambree Blackham"
"utah-valley","Amanda Barcello"
"utah-valley","Saige Gibb"
"utah-valley","Naia Tanuvasa"
"utah-valley","Kaylee Headrick"
"utah-valley","Anna Shreeve"
"utah-valley","Eibhlin Leeson"
"utah-valley","Kennedy Carlyle"
"utah-valley","Gaby Goo"
"california-santa-barbara","Zoe Shaw"
"california-santa-barbara","Zoe Borter"
"california-santa-barbara","Madison Naro"
"california-santa-barbara","Olivia Bradley"
"california-santa-barbara","Skylar Burke"
"california-santa-barbara","Jessica Grant"
"california-santa-barbara","Chauncey Andersen"
"california-santa-barbara","Ava Rawlins"
"california-santa-barbara","Julia Puente Valverde"
"california-santa-barbara","Bojana Radnjic"
"california-santa-barbara","Helena Koubek"
"california-santa-barbara","Malani Mastora"
"california-santa-barbara","Valentina Penna"
"new-mexico","Nayli Padilla"
"new-mexico","Alyssa Hargrove"
"new-mexico","Joana Magalhães"
"new-mexico","Clarissa Craig"
"new-mexico","Destinee Hooks"
"new-mexico","Laila Abdurraqib"
"new-mexico","Emma Najjuma"
"new-mexico","Kaia Foster"
"new-mexico","Tyler Jones"
"new-mexico","Jessie Joaquim"
"new-mexico","Drew Jordon"
"new-mexico","Leonor Peixinho"
"northern-arizona","Naomi White"
"northern-arizona","Madison Watts"
"northern-arizona","Simone Morris"
"northern-arizona","Audrey Taylor"
"northern-arizona","Layla Davis"
"northern-arizona","Emma Dasovich"
"northern-arizona","Eri Blithikioti"
"northern-arizona","Valentina Saric"
"northern-arizona","Hannah Williams"
"northern-arizona","JBionna Robinson"
"northern-arizona","Kayla Williams"
"california-san-diego","Dymonique Maxie"
"california-san-diego","Erin Condron"
"california-san-diego","Sabrina Ma"
"california-san-diego","Makayla Rose"
"california-san-diego","Lev Feiman"
"california-san-diego","Michaela Fairwell"
"california-san-diego","Junae Mahan"
"california-san-diego","Niya Price"
"california-san-diego","Nicki Polocheck"
"california-san-diego","Gracie Gallegos"
"pacific","Marina Radocaj"
"pacific","Daria Nestorov"
"pacific","Winner Bartholomew"
"pacific","Sydney Ward"
"pacific","Stella Szabo"
"pacific","Liv Yergensen"
"pacific","Sophia Mindermann"
"pacific","Nyah Lowery"
"pacific","Luisa Anderegg"
"pacific","Tyla Fautua"
"pacific","Hannah Burg"
"sacramento-state","Benthe Versteeg"
"sacramento-state","Natalie Picton"
"sacramento-state","Rubi Gray"
"sacramento-state","Fatoumata Jaiteh"
"sacramento-state","Elizabeth Abiara"
"sacramento-state","Tali Fa'i"
"sacramento-state","Jamiah Fontenberry"
"sacramento-state","Brooklyn Taylor"
"sacramento-state","Pinja Paananen"
"sacramento-state","Ajong Lual"
"sacramento-state","Keanna Salave'a"
"sacramento-state","Jaety Mandaquit"
"sacramento-state","Elisa Leghissa"
"san-diego","Hallie Rhodes"
"san-diego","Olivia Owens"
"san-diego","Kylie Ray"
"san-diego","Malia Tharpe"
"san-diego","Helen Holley"
"san-diego","Erica Carr"
"san-diego","Jayden Rhodes"
"san-diego","Lilly Amor"
"san-diego","Jessica Ajayi"
"san-diego","Ysabella Von Seipler"
"san-diego","Eva Ruse"
"san-diego","Ayla Williams"
"san-diego","Dresha Moore"
"california-davis","Megan Norris"
"california-davis","Ryann Bennett"
"california-davis","Tegan Young"
"california-davis","Nya Epps"
"california-davis","Avery Sussex"
"california-davis","Emmy Ersdala"
"california-davis","Sophie Lentfer"
"california-davis","Carrington Davis"
"california-davis","Sahana Kanagasabay"
"california-davis","Theoni Tsami"
"san-diego-state","Natalia Martinez"
"san-diego-state","Naomi Panganiban"
"san-diego-state","Kennedy Lee"
"san-diego-state","Bailey Barnhard"
"san-diego-state","Nala Williams"
"san-diego-state","Kaelyn Hamilton"
"san-diego-state","Alyssa Jackson"
"san-diego-state","Carlie Latta"
"san-diego-state","Maria Konstantinidou"
"san-diego-state","Kendall Mosley"
"san-diego-state","Sofia Kelemeni"
"ucla","Gabriela Jaquez"
"ucla","Gianna Kneepkens"
"ucla","Lauren Betts"
"ucla","Charlisse Leger-Walker"
"ucla","Angela Dugalic"
"ucla","Kiki Rice"
"ucla","Lena Bilic"
"ucla","Amanda Muse"
"ucla","Megan Grant"
"ucla","Christina Karamouzi Siegel"
"santa-clara","Aniya Hooker"
"santa-clara","Kylee Fox"
"santa-clara","Ashley Hawkins"
"santa-clara","Maia Jones"
"santa-clara","Sophie Glancey"
"santa-clara","Delainey Miller"
"santa-clara","Tyler Gildersleeve-Stiles"
"santa-clara","Kate Schat"
"santa-clara","Sienna Grieger"
"santa-clara","Alana Goodchild"
"santa-clara","Lauren Grover"
"albany-ny","Delanie Hill"
"albany-ny","Martina Borrellas"
"albany-ny","Anais Levasseur"
"albany-ny","Julia Palomo"
"albany-ny","Gabriela Falcao"
"albany-ny","Lara Langermann"
"albany-ny","Amaya Stewart"
"albany-ny","Bella Stuart"
"albany-ny","Emma Zuccon"
"albany-ny","Emma Hakonardottir"
"albany-ny","Laura Vera"
"marist","Karly Fischer"
"marist","Justine Henry"
"marist","Danielle Williamsen"
"marist","Lexie Tarul"
"marist","Jackie Piddock"
"marist","Elle Bruschuk"
"marist","Malea Egan"
"marist","Julia Corsentino"
"marist","Chloe Escanillas"
"indiana","Nevaeh Caffey"
"indiana","Shay Ciezki"
"indiana","Lenée Beaumont"
"indiana","Zania Socka-Nguemen"
"indiana","Valentyna Kadlecova"
"indiana","Phoenix Stotjin"
"indiana","Edessa Noyan"
"indiana","Maya Makalusky"
"indiana","Chloe Spreen"
"indiana","Jerni Kiaku"
"indiana","Faith Wiseman"
"lipscomb","Molly Heard"
"lipscomb","McKayla Miller"
"lipscomb","Hannah Richardson"
"lipscomb","Taylor Bowen"
"lipscomb","Elena Bertrand"
"lipscomb","Addison Melton"
"lipscomb","Olivia Vinson"
"lipscomb","Hope Counts"
"lipscomb","Maris Zurliene"
"lipscomb","Taylor Holt"
"kennesaw-state","Kailyn Fields"
"kennesaw-state","Kaelyn Flowers"
"kennesaw-state","Trynce Taylor"
"kennesaw-state","Latazia Williamson"
"kennesaw-state","Keyarah Berry"
"kennesaw-state","Madyson Elliott"
"kennesaw-state","TaTianna Stovall"
"kennesaw-state","Shania Nichols-Vannett"
"kennesaw-state","Emaya Lewis"
"kennesaw-state","Marihya Hart"
"kennesaw-state","Mame Kane"
"kennesaw-state","Fanta Daffe"
"kennesaw-state","Gabriela Bendeck-Giron"
"canisius","Franka Wittenberg"
"canisius","Shariah Gailes"
"canisius","Yasmine Djibril"
"canisius","Kelsey Bess"
"canisius","Mary Copple"
"canisius","Irene Rey Pineda"
"canisius","Corniya Clay"
"canisius","Antionique Auston"
"canisius","Evie Van Der Woude"
"canisius","Molly Mescall"
"canisius","Ileana Feliz"
"canisius","Alex Moses"
"canisius","Saige Randolph"
"michigan","Syla Swords"
"michigan","Mila Holloway"
"michigan","Ashley Sofilkanich"
"michigan","Olivia Olson"
"michigan","Alyssa Crockett"
"michigan","McKenzie Mathurin"
"michigan","Te'Yala Delfosse"
"michigan","Brooke Quarles-Daniels"
"michigan","Macy Brown"
"michigan","Ally VanTimmeren"
"michigan","Jessica Fields"
"michigan","Ciara Byars"
"arkansas","Taleyah Jones"
"arkansas","Bonnie Deas"
"arkansas","Emily Robinson"
"arkansas","Maria Anais Rodriguez"
"arkansas","Maryn Archer"
"arkansas","Ashlynn Chlarson"
"arkansas","Harmonie Ware"
"arkansas","Jenna Lawrence"
"arkansas","Jada Bates"
"arkansas","Cristina Sánchez Cerqueira"
"louisiana-tech","Jianna Morris"
"louisiana-tech","Jordan Marshall"
"louisiana-tech","Alexia Weaver"
"louisiana-tech","Paris Bradley"
"louisiana-tech","Averi Aaron"
"louisiana-tech","Joy Madison-Key"
"louisiana-tech","Kaleigh Thompson"
"louisiana-tech","Mackenzie Wurm"
"louisiana-tech","Hillary Dawson"
"louisiana-tech","Jayden Terry"
"illinois","Berry Wallace"
"illinois","Destiny Jackson"
"illinois","Gretchen Dolan"
"illinois","Jasmine Brown-Hagger"
"illinois","Cearah Parchment"
"illinois","Maddie Webber"
"illinois","Lety Vasconcelos"
"illinois","Irene Noya Catoira"
"illinois","Hayven Smith"
"illinois","Gisela Vazquez Segura"
"southeast-missouri-state","Lexi McCully"
"southeast-missouri-state","Carmen Taylor"
"southeast-missouri-state","Ainaya Williams"
"southeast-missouri-state","Raissa Nsabua"
"southeast-missouri-state","Kerra Jones"
"southeast-missouri-state","Charmen Taylor"
"southeast-missouri-state","Aa'Mya Stacker"
"southeast-missouri-state","Zoey Rixter"
"southeast-missouri-state","Noelani Dunn"
"southeast-missouri-state","Madison Ayers"
"southeast-missouri-state","Anjelicia Del Valle"
"southern-illinois","Tkiyah Nelson"
"southern-illinois","Alayna Kraus"
"southern-illinois","Kayla Cooper"
"southern-illinois","Indya Green"
"southern-illinois","Carmen Morales Romero"
"southern-illinois","Karris Allen"
"southern-illinois","Jeniah Thompson"
"southern-illinois","Kynnedi Davis"
"southern-illinois","Ternadoo Agatha Agba"
"southern-illinois","Mia Gaines"
"southern-illinois","Hiba Malkawi"
"southern-illinois","Angela Samuel"
"southern-illinois","Kelowna Ngoyi"
"grambling","Monica Marsh"
"grambling","Zaria Johnson"
"grambling","Douthsine Prien"
"grambling","Deborrah Seitu-Redmon"
"grambling","Shaniah Nunn"
"grambling","Arianna Mosley"
"grambling","Alieghya Bartholomew"
"grambling","Jamirica Roberson"
"grambling","D'Mya Griffin"
"grambling","Claire Simmons"
"grambling","Nicole Sandifer"
"southern-methodist","Kyla Deck"
"southern-methodist","Zahra King"
"southern-methodist","Anaya Brown"
"southern-methodist","Grace Hall"
"southern-methodist","Paulina Paris"
"southern-methodist","Ayanna Thompson"
"southern-methodist","Jzaniya Harriel"
"southern-methodist","Sahnya Jah"
"southern-methodist","Miriam Ibezim"
"southern-methodist","Elizaveta Filchagina"
"north-carolina-state","Zoe Brooks"
"north-carolina-state","Tilda Trygger"
"north-carolina-state","Khamil Pierre"
"north-carolina-state","Zamareya Jones"
"north-carolina-state","Qadence Samuels"
"north-carolina-state","Devyn Quigley"
"north-carolina-state","Maddie Cox"
"north-carolina-state","Destiny Lunan"
"north-carolina-state","Adelaide Jernigan"
"tennessee","Talaysia Cooper"
"tennessee","Lazaria Spearman"
"tennessee","Mia Pauldo"
"tennessee","Janiah Barker"
"tennessee","Nya Robertson"
"tennessee","Deniya Prawl"
"tennessee","Alyssa Latham"
"tennessee","Jaida Civil"
"tennessee","Jersey Wolfenbarger"
"tennessee","Kaniya Boyd"
"tennessee","Mya Pauldo"
"connecticut","Azzi Fudd"
"connecticut","Sarah Strong"
"connecticut","KK Arnold"
"connecticut","Ashlynn Shade"
"connecticut","Serah Williams"
"connecticut","Kayleigh Heckel"
"connecticut","Ice Brady"
"connecticut","Jana El Alfy"
"connecticut","Allie Ziebell"
"louisville","Tajianna Roberts"
"louisville","Laura Ziegler"
"louisville","Elif Istanbulluoglu"
"louisville","Imari Berry"
"louisville","Mackenly Randolph"
"louisville","Reyna Scott"
"louisville","Skylar Jones"
"louisville","Yevheniia Putra"
"cincinnati","Reagan Jackson"
"cincinnati","Caliyah DeVillasee"
"cincinnati","Mya Perry"
"cincinnati","Kylie Torrence"
"cincinnati","Destiny Thomas"
"cincinnati","Ramiyah Byrd"
"cincinnati","Joya Crawford"
"cincinnati","Alliance Ndiba"
"cincinnati","Delaney Snyder"
"cincinnati","Mary Carden"
"lehigh","Gracyn Lovette"
"lehigh","Whitney Lind"
"lehigh","Jessie Ozzauto"
"lehigh","Lily Fandre"
"lehigh","Alana Reddy"
"lehigh","Elizabeth Mjaanes"
"lehigh","Belle Bramer"
"lehigh","Katie Hurt"
"lehigh","Myrto Lianoudi"
"mercyhurst","Lena Walz"
"mercyhurst","Sofia Wilson"
"mercyhurst","Jenna Van Schaik"
"mercyhurst","Imani Frazier"
"mercyhurst","Erica Hall"
"mercyhurst","Shannon Heine"
"mercyhurst","Cici Hernandez"
"mercyhurst","Gabrielle Sweeney"
"mercyhurst","Ella Cupka"
"mercyhurst","Julia Lewis"
"mercyhurst","Lauryn Stover"
"mercyhurst","Alena Fusetti"
"mercyhurst","Sophia Kelly"
"michigan-state","Theryn Hallock"
"michigan-state","Kennedy Blair"
"michigan-state","Marah Dykstra"
"michigan-state","Rashunda Jones"
"michigan-state","Grace Vanslooten"
"michigan-state","Isaline Alexander"
"michigan-state","Jalyn Brown"
"michigan-state","Emma Shumate"
"michigan-state","Amy Terrian"
"michigan-state","Abbey Kimball"
"michigan-state","Anna Terrian"
"drexel","Laine McGurk"
"drexel","Deja Evans"
"drexel","Grace O'Neill"
"drexel","Amaris Baker"
"drexel","Molly Lavin"
"drexel","Mariah Watkins"
"drexel","Molly Rullo"
"drexel","Júlia Garcia Roig"
"drexel","Bria Watkins"
"pittsburgh","Mikayla Johnson"
"pittsburgh","Angel Jones"
"pittsburgh","Fatima Diakhate"
"pittsburgh","Jayda Queeley"
"pittsburgh","Megan Hollingsworth"
"pittsburgh","Lauren Rust"
"pittsburgh","Theresa Hagans"
"pittsburgh","Nylah Wilson"
"pittsburgh","Carla Viegas"
"pittsburgh","Angela Le Faou"
"mount-st-marys","Giana Hoddinott"
"mount-st-marys","Gabrielle Kennerly"
"mount-st-marys","Jaedyn Jamison"
"mount-st-marys","Amber Bullard"
"mount-st-marys","Alana Powell"
"mount-st-marys","Berlynn Carlson"
"mount-st-marys","Mikaela Parris"
"mount-st-marys","Nyodie Guerard"
"mount-st-marys","Erin Edmonds"
"mount-st-marys","Kayla Lindsey"
"mount-st-marys","Wesleigh Ferguson"
"mount-st-marys","Deniz Torgut"
"mount-st-marys","Teodora Ivanovic"
"richmond","Rachel Ullstrom"
"richmond","Maggie Doogan"
"richmond","Ally Sweeney"
"richmond","Alicia Newell"
"richmond","Tierra Simon"
"richmond","Ava Persichetti"
"richmond","Rayne Wright"
"richmond","Payton Richard"
"richmond","Samantha Dewey"
"richmond","Skylah Travis"
"richmond","Shaneka Campbell"
"richmond","Jada Green"
"richmond","Annika Manthy"
"colgate","Abbey Ferguson"
"colgate","Christina Midgette"
"colgate","Anne Bair"
"colgate","Amarah Streiff"
"colgate","Ella Meabon"
"colgate","Lara Cook"
"colgate","Laila Hankerson"
"colgate","Tatiana Matthews"
"colgate","Grace Klag"
"siena","Nicole Melious"
"siena","Genevive Wedemeyer"
"siena","Caydence Hadley"
"siena","Francesca Schiro"
"siena","Kaiya Rain Tucker"
"siena","Garrisen Freeman"
"siena","Jamariah Turner"
"siena","Alden Yergey"
"siena","Dallas Pierce"
"siena","Olivia Watkins"
"vermont","Malia Lenz"
"vermont","Keira Hanson"
"vermont","Nikola Priede"
"vermont","Catherine Gilwee"
"vermont","Jadyn Weltz"
"vermont","Lia Hanson"
"vermont","Savanna Creal"
"vermont","Emma Haan"
"vermont","Jacklynn Hosier"
"vermont","Piper Risdon"
"vermont","Christiana Gordon"
"vermont","Maren Maxon"
"vermont","Devon Yarde"
"towson","India Johnston"
"towson","Zoli Khalil"
"towson","Thalia Shepard"
"towson","Tilda Sjokvist"
"towson","Hannah Dereje"
"towson","Viki Matulevicius"
"towson","Semaya Turner"
"towson","Asya Lara Barnes"
"towson","Kayla Morris"
"towson","Aidan Langley"
"towson","Shariah Baynes"
"towson","Jillian Watson"
"virginia-tech","Kilah Freelon"
"virginia-tech","Mackenzie Nelson"
"virginia-tech","Carleigh Wenzel"
"virginia-tech","Melannie Daley"
"virginia-tech","Carys Baker"
"virginia-tech","Kayl Petersen"
"virginia-tech","Leila Wells"
"virginia-tech","Samyha Suffren"
"virginia-tech","Sophie Swanson"
"virginia-tech","Aniya Trent"
"virginia-tech","Amani Jenkins"
"virginia-tech","Spela Brecelj"
"new-haven","Lindsay Hogan"
"new-haven","Schuyler Coles"
"new-haven","Aniya McDonald-Perry"
"new-haven","Addisen Sulikowski"
"new-haven","Eveani Okwuosa"
"new-haven","Renelle Grannum"
"new-haven","Katelyn Simpson"
"new-haven","Merit Innocent"
"new-haven","Teaira Kelley"
"new-haven","Kelis Simpson"
"xavier","Meri Kanerva"
"xavier","Mariyah Noel"
"xavier","Savannah White"
"xavier","Lucía Martínez López"
"xavier","Petra Oborilova"
"xavier","Audia Young"
"xavier","MacKenzie Givens"
"xavier","Vivien Nejašmić"
"xavier","Phoebe Holmes"
"xavier","Denise Neves"
"xavier","Penda Dieng"
"bradley","Maya Foz"
"bradley","Ellie McDermid"
"bradley","Mya Wardle"
"bradley","Kaylen Nelson"
"bradley","Amy O'Hara"
"bradley","Lila Posthuma"
"bradley","Micah Cooper"
"bradley","Kali Fortson"
"bradley","Caitlin Washington"
"bradley","Lucia Llaveria"
"bradley","Tamia Perryman"
"bradley","Carlie Vick"
"bradley","Claire McDougall"
"depaul","Natiah Nelson"
"depaul","Katie Novik"
"depaul","Ally Timm"
"depaul","Michelle Ojo"
"depaul","Alayna West"
"depaul","Gina Davorija"
"depaul","Sumer Lee"
"depaul","Justis Odom"
"depaul","Faith Okorie"
"valparaiso","Mor Shabtai"
"valparaiso","Mikayla Huffine"
"valparaiso","Fiona Connolly"
"valparaiso","Kamryn Winch"
"valparaiso","Kylie Waytashek"
"valparaiso","Allia von Schlegell"
"valparaiso","Kayla Preston"
"valparaiso","Milana Nenadic"
"valparaiso","Kayla Sullivan"
"valparaiso","Autumn Dibb"
"valparaiso","Kennedy Sproule"
"valparaiso","Isabella Anderson"
"florida-atlantic","Madi Gerwitz"
"florida-atlantic","Jess Moors"
"florida-atlantic","Vivian Onugha"
"florida-atlantic","Destyne Jackson"
"florida-atlantic","Zahira Arizmendi Rubio"
"florida-atlantic","Grace Carstensen"
"florida-atlantic","Ineivi Plata"
"florida-atlantic","Haley Walker"
"florida-atlantic","Michiyah Simmons"
"houston","Amirah Abdur-Rahim"
"houston","Briana Peguero"
"houston","Kayla King"
"houston","Kierra Merchant"
"houston","TK Pitts"
"houston","Kateri Poole"
"houston","Jade Jones"
"houston","Kyndall Hunter"
"houston","Amani Bartlett"
"houston","Shun'teria Anumele"
"houston","Summer Bostock"
"texas-arlington","Erin Sellers"
"texas-arlington","Alexsyah Goudeau"
"texas-arlington","Kendal Robinson"
"texas-arlington","Mila Reynolds"
"texas-arlington","Laura Bello"
"texas-arlington","Kira Reynolds"
"texas-arlington","Jadyn Atchison"
"texas-arlington","Amiyah Reynolds"
"texas-arlington","Miraya Perkins"
"texas-arlington","Kali Haizlip"
"texas-arlington","Jeanne Rodriguez"
"idaho-state","Kacey Spink"
"idaho-state","Piper Carlson"
"idaho-state","Tasia Jordan"
"idaho-state","Sophia Covello"
"idaho-state","Alyse Aby"
"idaho-state","Maeva GAUFFRENET"
"idaho-state","Aspen Caldwell"
"idaho-state","Mackenzie Marenchin"
"idaho-state","Camryn Collman"
"idaho-state","Asa Wolfram"
"liberty","Elisabeth Aegisdottir"
"liberty","Claudia Acin"
"liberty","Emmy Stout"
"liberty","Avery Mills"
"liberty","Ify Nwaobi"
"liberty","JaKayla Thompson"
"liberty","Lynn Peters"
"liberty","Lydie Mwamba"
"liberty","Maleah Alexander"
"liberty","Emma Leon"
"liberty","Zeynep Avci"
"merrimack","Paloma Garcia"
"merrimack","Mia Fiore"
"merrimack","Madison Roman"
"merrimack","Lydia Melashenko"
"merrimack","Molly Manion"
"merrimack","Joi Williams"
"merrimack","Se'Lah Reddick"
"merrimack","Oralye Kiefer"
"merrimack","Makayla Thomas"
"merrimack","Denae Skelton"
"merrimack","Kaylee Fears"
"merrimack","Daria Shishkina"
"merrimack","Kristen Kelly"
"merrimack","Claudia Gallegos"
"howard","Zennia Thomas"
"howard","Destiny Bynum-Johnson"
"howard","Ariella Henigan"
"howard","Zoe Stewart"
"howard","Nile Miller"
"howard","April Edwards"
"howard","Sa'lah Hemingway"
"howard","Dallysshya Moreno"
"howard","Rayne Durant"
"howard","Emma NuQuay"
"howard","Jada Kendrick"
"providence","Payton Dunbar"
"providence","Orlagh Gormley"
"providence","Sophi Hall"
"providence","Teneisia Brown"
"providence","Audrey Shields"
"providence","Sabou Gueye"
"providence","Princess Moody"
"providence","Ashley Dinges"
"providence","Sami Mancini"
"providence","Riley Hamburger"
"providence","Olivia Rodrigues"
"saint-josephs","Jill Jekot"
"saint-josephs","Aleah Snead"
"saint-josephs","Gabby Casey"
"saint-josephs","Rhian Stokes"
"saint-josephs","Faith Stinson"
"saint-josephs","Cecilia Kay"
"saint-josephs","Kaylie Griffin"
"saint-josephs","Emily Knouse"
"saint-josephs","Amar Mansour"
"saint-josephs","Kaylinn Bethea"
"saint-josephs","Emirson Devenie"
"saint-josephs","Meja Jägerskog"
"saint-josephs","Olivia Lutterodt"
"saint-josephs","Lauren Greer"
"saint-peters","Laila Grant"
"saint-peters","Louella Allana"
"saint-peters","Layla Laws"
"saint-peters","Nikola Zdenkova"
"saint-peters","Carys Roy"
"saint-peters","De'Naya Rippey"
"saint-peters","Eszter Turi"
"saint-peters","Jayshlynn Vega"
"saint-peters","Jineen Ayyash"
"saint-peters","Jada Mills"
"saint-peters","Sierra Patricio"
"saint-peters","Reilly Sunday"
"seton-hall","Savannah Catalon"
"seton-hall","Jada Eads"
"seton-hall","Shailyn Pinkney"
"seton-hall","Mariana Valenzuela"
"seton-hall","Jordana Codio"
"seton-hall","Cam Rust"
"seton-hall","Ja'Kahla Craft"
"seton-hall","Zahara Bishop"
"seton-hall","Savanna Jones"
"seton-hall","Messiah Hunter"
"seton-hall","Natalia Hall-Rosa"
"seton-hall","Jada Snow"
"seton-hall","Ari Woodard"
"stony-brook","Sandra Frau-Garcia"
"stony-brook","Caitlin Frost"
"stony-brook","Janay Brantley"
"stony-brook","Chloe Oliver"
"stony-brook","Melissa Mwanza"
"stony-brook","Ebere Egbirika"
"stony-brook","Diaka Berete"
"stony-brook","Johanna Potter"
"stony-brook","Alex Brown"
"stony-brook","Alonna Sellers"
"stony-brook","Delaney Cooper"
"syracuse","Laila Phelia"
"syracuse","Sophie Burrows"
"syracuse","Dominique Darius"
"syracuse","Camdyn Nelson"
"syracuse","Uche Izoje"
"syracuse","Shy Hawkins"
"syracuse","Journey Thompson"
"syracuse","Angelica Velez"
"syracuse","Keira Scott"
"syracuse","Justus Fitzgerald"
"syracuse","Jasmyn Cooper"
"syracuse","Madeline Potts"
"syracuse","Oyindamola Akinbolawa"
"morgan-state","Kailyn Nash"
"morgan-state","Mihjae Hayes"
"morgan-state","Tiyanna James"
"morgan-state","Gabrielle Johnson"
"morgan-state","Sierra Headquist"
"morgan-state","Ja'la Bannerman"
"morgan-state","Maya Woodson"
"morgan-state","Michaela Bogans"
"morgan-state","Kimora Daly"
"morgan-state","Success Prysock"
"morgan-state","Selina Gutierrez"
"virginia","Paris Clark"
"virginia","Kymora Johnson"
"virginia","Tabitha Amanze"
"virginia","Romi Levy"
"virginia","Jillian Brown"
"virginia","Breona Hurd"
"virginia","Gabby White"
"virginia","Adeang Ring"
"virginia","Raiane Dos Santos"
"virginia","Olivia McGhee"
"virginia","Caitlin Weimar"
"colorado-state","Lexus Bargesser"
"colorado-state","Kloe Froebe"
"colorado-state","Hannah Ronsiek"
"colorado-state","Brooke Carlson"
"colorado-state","Lexi Deden"
"colorado-state","Marta Leimane"
"colorado-state","Madelyn Bragg"
"colorado-state","Jadyn Fife"
"colorado-state","McKenna Murphy"
"colorado-state","Gianna Smith"
"weber-state","Lanae Billy"
"weber-state","Sydney White"
"weber-state","Hannah Robbins"
"weber-state","Paris Lauro"
"weber-state","Antoniette Emma-Nnopu"
"weber-state","Maya Davis"
"weber-state","Nicole Willardson"
"weber-state","Makenna Shaffer"
"houston-baptist","Jordan Jackson"
"houston-baptist","Dasia Hyams"
"houston-baptist","Madelyne Davis"
"houston-baptist","Hannah Fields"
"houston-baptist","Jo Oly"
"houston-baptist","Tove Caesar"
"houston-baptist","Grace Booth"
"houston-baptist","Kamryn McLaurin"
"houston-baptist","Sidney Carr"
"houston-baptist","Veronika Korchagina"
"houston-baptist","Madison Hurta"
"louisiana-state","Mikaylah Williams"
"louisiana-state","Flau'jae Johnson"
"louisiana-state","ZaKiyah Johnson"
"louisiana-state","Jada Richard"
"louisiana-state","Kate Koval"
"louisiana-state","MiLaysia Fulwiley"
"louisiana-state","Grace Knox"
"louisiana-state","Bella Hines"
"louisiana-state","Amiya Joyner"
"louisiana-state","Kailyn Gilbert"
"louisiana-state","Divine Bourrage"
"louisiana-state","Meghan Yarnevich"
"minnesota","Amaya Battle"
"minnesota","Grace Grocholski"
"minnesota","Tori McKinney"
"minnesota","Mara Braun"
"minnesota","Sophie Hart"
"minnesota","Makena Christian"
"minnesota","Brylee Glenn"
"minnesota","Taylor Woodson"
"minnesota","Finau Tonga"
"minnesota","Niamya Holloway"
"minnesota","Tracey Bershers"
"minnesota","Kennedy Klick"
"minnesota","Brynn Senden"
"north-dakota","London Harris"
"north-dakota","Ava Miller"
"north-dakota","Mackenzie Hughes"
"north-dakota","Walker Demers"
"north-dakota","Sydney Piekny"
"north-dakota","Lauren Hillesheim"
"north-dakota","Mikayla Aumer"
"north-dakota","Finley Ohnstad"
"north-dakota","Skyler Volmer"
"north-dakota","Anaiyah Fletcher"
"north-dakota","Kendra Harvey"
"north-dakota","Mataeya Mathern"
"north-dakota","Lauren Reardon"
"north-dakota","Miranda Vanderwal"
"northern-colorado","Neenah George"
"northern-colorado","Lele Tanuvasa"
"northern-colorado","Gabi Fields"
"northern-colorado","Tatum West"
"northern-colorado","Erin Powell"
"northern-colorado","Heather Baymon"
"northern-colorado","Claire Fraser"
"northern-colorado","Ruthie Loomis-Goltl"
"northern-colorado","London Gamble"
"northern-colorado","Julia Riley"
"northern-colorado","Aniah Hall"
"northern-colorado","Olivia Loomis-Goltl"
"western-illinois","Allie Meadows"
"western-illinois","Addi Brownfield"
"western-illinois","Kaylen Reed"
"western-illinois","Mia Nicastro"
"western-illinois","Raegan McCowan"
"western-illinois","Shelby Bowman"
"western-illinois","Katelyn Eggena"
"western-illinois","Mallory Shetley"
"western-illinois","Madison Davis"
"western-illinois","Sidney Skrobot"
"western-illinois","Kennedy Herrig"
"western-illinois","Ainsley Holthaus"
"saint-marys-ca","Edie Clarke"
"saint-marys-ca","Abby Shoff"
"saint-marys-ca","Malia Latu"
"saint-marys-ca","Emily Foy"
"saint-marys-ca","Georgia Grigoropoulou"
"saint-marys-ca","Mauriana Hashemian-Orr"
"saint-marys-ca","Addison Wedin"
"saint-marys-ca","Charlece Ohiaeri"
"saint-marys-ca","Jada Hunter"
"saint-marys-ca","Melesungu Afeaki"
"saint-marys-ca","Amy Kurkowski"
"wyoming","Henna Sandvik"
"wyoming","Malene Pedersen"
"wyoming","Lana Beslic"
"wyoming","Madi Symons"
"wyoming","Logann Alvar"
"wyoming","Payton Muma"
"wyoming","Heidur Karlsdottir"
"wyoming","Peyton Wohlford"
"wyoming","Mikyn Hamlin"
"wyoming","Jane Rumpf"
"wyoming","Aurore Eyango"
"cal-state-northridge","Erika Aspajo"
"cal-state-northridge","Rita Nazario"
"cal-state-northridge","Morgan Edwards"
"cal-state-northridge","Nadia Bernard"
"cal-state-northridge","Mariona Cos-Morales"
"cal-state-northridge","Kelly Tumlin"
"cal-state-northridge","Jana Canadell"
"cal-state-northridge","Amya Moody"
"cal-state-northridge","Laini Dahlin"
"cal-state-northridge","Jite Gbemuotor"
"cal-state-northridge","Alondra Lizama"
"cal-state-northridge","Saray White"
"cal-state-northridge","Maya Contreras"
"montana-state","Taylee Chirrick"
"montana-state","Isobel Bunyan"
"montana-state","Addison Harris"
"montana-state","Ella Johnson"
"montana-state","Jamison Philip"
"montana-state","Heidi Smith"
"montana-state","Brooke Berry"
"montana-state","Brianne Bailey"
"montana-state","Kadynce Couture"
"montana-state","Grace Hintz"
"montana","Jocelyn Land"
"montana","Mack Konig"
"montana","Avery Waddington"
"montana","Macy Donarski"
"montana","Kennedy Gillette"
"montana","Draya Wacker"
"montana","Maggie Hutka"
"montana","Adria Lincoln"
"montana","Rae Ehrman"
"montana","Aby Shubert"
"montana","Lauren Dick"
"montana","Chloe Larsen"
"montana","Zoey Washington"
"montana","Ava Cossette"
"portland","Dyani Ananiev"
"portland","Julia Dalan"
"portland","Lainey Spear"
"portland","Rhyan Mogel"
"portland","Florence Dallow"
"portland","Brynn Smith"
"portland","Tiffany Barbosa"
"portland","Natalie Fraley"
"portland","Aubrey Herrin"
"portland","Ella Zimmerman"
"portland","Caitlin Monahan"
"portland","Jada Kennedy"
"portland","Nicole Rodriguez"
"new-mexico-state","Lucia Yenes"
"new-mexico-state","Anna Csenyi"
"new-mexico-state","Keira Hudson"
"new-mexico-state","Imani Warren"
"new-mexico-state","Loes Rozing"
"new-mexico-state","Lucia Lara"
"new-mexico-state","Emma Christiano"
"new-mexico-state","Iyana Beh"
"new-mexico-state","DeAvion Wilson"
"new-mexico-state","Marta Guilera"
"new-mexico-state","Nikki Stanic"
"new-mexico-state","Morane Dossou"
"southern-california","Jazzy Davidson"
"southern-california","Kennedy Smith"
"southern-california","Kara Dunn"
"southern-california","Malia Samuels"
"southern-california","Vivian Iwuchukwu"
"southern-california","Londynn Jones"
"southern-california","Dayana Mendes"
"southern-california","Gerda Raulusaityte"
"southern-california","Laura Williams"
"southern-california","Yakiya Milton"
"southern-california","Rian Forestier"
"southern-california","Brooklyn Shamblin"
"cal-state-fullerton","Nicole Steiner"
"cal-state-fullerton","Jana Falsdottir"
"cal-state-fullerton","Kya Pearson"
"cal-state-fullerton","Maddy Tauro"
"cal-state-fullerton","Cristina Jones"
"cal-state-fullerton","Madelynn Muniz"
"cal-state-fullerton","Maxine Sutisna"
"cal-state-fullerton","Mimi Moon"
"cal-state-fullerton","Dylan Swindle"
"cal-state-fullerton","Lilliana Petersen"
"cal-state-fullerton","Talia Maxwell"
"pepperdine","Taija Sta. Maria"
"pepperdine","Elli Guiney"
"pepperdine","Meghan Fiso"
"pepperdine","Irune Orio"
"pepperdine","Shorna Preston"
"pepperdine","Ivory Finley"
"pepperdine","Seleh Harmon"
"pepperdine","Bella Green"
"pepperdine","Lina Falk"
"pepperdine","Quinn VanSickle"
"pepperdine","Zoe Shanahan"
"pepperdine","Ilinca Belegante"
"hampton","Kiarra Mcelrath"
"hampton","Olivia Smith"
"hampton","Taylor Gibson"
"hampton","Aaryn Battle"
"hampton","Kiya Dorroh"
"hampton","Le'Asia Foreman"
"hampton","Kayla Lezama"
"hampton","Tyra Kennedy"
"hampton","Akilah Shelton"
"hampton","Diamond Wiggins"
"hampton","Arlisha Boston"
"hampton","Aisha Dabo"
"hampton","Tiani Abrams"
"hampton","Janaye Walker"
"hawaii","Saniyah Neverson"
"hawaii","Teyahna Bond"
"hawaii","Bailey Flavell"
"hawaii","Rebecca Moors"
"hawaii","Imani Perez"
"hawaii","Danijela Kujovic"
"hawaii","Kyra Webb"
"hawaii","Kira-May Filemu"
"hawaii","Keiara Curtis"
"hawaii","Fiamma Serra"
"hawaii","Ella Collins"
"portland-state","Laynee Torres-Kahapea"
"portland-state","Ajae Yoakum"
"portland-state","Kyleigh Brown"
"portland-state","Kirstine Munk"
"portland-state","Alani Encinas"
"portland-state","Sophie Buzzard"
"portland-state","Hannah Chicken"
"portland-state","Taylor Moffat"
"portland-state","Katelyn Best"
"alabama-am","Vanessa Wimberly"
"alabama-am","Coriah Beck"
"alabama-am","Jaida Belton"
"alabama-am","Sumayah McIntosh"
"alabama-am","Aniya Palmer"
"alabama-am","Kalyn Ervin"
"alabama-am","Kamiyha Griffin"
"alabama-am","Shelomi Sanders"
"alabama-am","Rakiyah Beal"
"alabama-am","Tre'Miyah Berry"
"alabama-am","Moses Davenport"
"alabama-am","Amber Scott"
"alabama-am","Crystianna Whitehead"
"alabama-am","Zaria Glover"
"western-kentucky","Tatum Boettjer"
"western-kentucky","Torri James"
"western-kentucky","Tia Shelling"
"western-kentucky","Trinity Rowe"
"western-kentucky","Zsofia Telegdy"
"western-kentucky","Salma Khedr"
"western-kentucky","Lola Bond"
"western-kentucky","Jeniffer Silva"
"western-kentucky","Mya Pratcher"
"western-kentucky","Enni Ahervuo"
"western-kentucky","Caleigh-Rose West"
"western-kentucky","Yendri Acosta"
"western-kentucky","Tobi Ademuwagun"
"san-francisco","Candy Edokpaigbe"
"san-francisco","Meghan McIntyre"
"san-francisco","Aina Cargol"
"san-francisco","Mara Neira"
"san-francisco","Noelia Mourino Freiria"
"san-francisco","Nevarh Ferrara Horne"
"san-francisco","Natasa Tausova"
"san-francisco","Paula Tirado"
"san-francisco","Michelle Ugwah"
"san-francisco","Sophia Priestley"
"san-francisco","Amy Pateman"
"wisconsin","Destiny Howell"
"wisconsin","Kyrah Daniels"
"wisconsin","Laci Steele"
"wisconsin","Breauna Ware"
"wisconsin","Shay Bollin"
"wisconsin","Ronnie Porter"
"wisconsin","Jovana Spasovki"
"wisconsin","Dorja Iva Zaja"
"wisconsin","Lily Krahn"
"wisconsin","Nikki Kerstein"
"wisconsin","Gift Uchenna"
"wisconsin","Alba Martín Mesa"
"north-florida","Alexa Washington"
"chicago-state","Brianna Hill"
"lindenwood","Mya Skoff"
"lindenwood","Ellie Brueggemann"
"lindenwood","Brooke Coffey"
"lindenwood","Gracie Kelsey"
"lindenwood","Gracy Wernli"
"lindenwood","Aleshia Jones"
"lindenwood","Alyssa Nielsen"
"lindenwood","Valerie Norwood"
"lindenwood","Anna McCarn"
"lindenwood","Justice Macon"
"lindenwood","Jovana Nikolić"
"california-irvine","Jada Wynn"
"california-irvine","Shirel Nahum"
"california-irvine","Lauryn Madsen"
"california-irvine","Hunter Hernandez"
"california-irvine","Daniela Falcon Hernandez"
"california-irvine","Nohealani Stores"
"california-irvine","Naomy Zonzon-Huyghe"
"california-irvine","Ameerah Grant"
"california-irvine","Haley Hernandez"
"california-irvine","Despoina Baltzi"
"california-irvine","Reese Noa"
"delaware-state","Nykesha Sanders"
"delaware-state","Mahogany Cottingham"
"delaware-state","Zyan Reynolds"
"delaware-state","Nevaeh Reaves"
"delaware-state","Kaitlyn Adams"
"delaware-state","Ericka Huggins"
"delaware-state","Amya Scott"
"delaware-state","Channing Williams"
"delaware-state","Liliana Harrison"
"delaware-state","Layla Burton"
"delaware-state","Toni Smith"
"maryland-eastern-shore","Ashanti Lynch"
"maryland-eastern-shore","Brianna Barnes"
"maryland-eastern-shore","Lainey Allen"
"maryland-eastern-shore","Dakieren Turner"
"maryland-eastern-shore","Kalise Hill"
"maryland-eastern-shore","Kaliya Perry"
"maryland-eastern-shore","Jailynn Clayton"
"maryland-eastern-shore","Jaida Cameron"
"maryland-eastern-shore","Candela Sabater Sanchez"
"maryland-eastern-shore","Enola Papin"
"maryland-eastern-shore","Desi Taylor"
"virginia-commonwealth","Mary-Anna Asare"
"virginia-commonwealth","Patricia Augustin"
"virginia-commonwealth","Tanya Tkachenko"
"virginia-commonwealth","Ann Zachariah"
"virginia-commonwealth","Lucy Ghaifan"
"virginia-commonwealth","Lucia Sotelo Miguez"
"virginia-commonwealth","Cyriah Griffin"
"virginia-commonwealth","Daija Preston"
"virginia-commonwealth","Isabel Whitelaw"
"virginia-commonwealth","Hawa Doumbouya"
"virginia-commonwealth","Laia Crespin Pastor"
"alcorn-state","Milaan Moore"
"alcorn-state","Jeanee Anderson"
"alcorn-state","Ariyah Burke"
"kansas","S'Mya Nichols"
"kansas","Lilly Meister"
"kansas","Libby Fandel"
"kansas","Elle Evans"
"kansas","Jaliya Davis"
"kansas","Regan Williams"
"kansas","Laia Conesa"
"kansas","Keeley Parks"
"kansas","Brittany Harshaw"
"kansas","Nadira Eltayeb"
"kansas","Sania Copeland"
"kansas","Tatyonna Brown"
"missouri-kansas-city","Zaire Harrell"
"missouri-kansas-city","Emani Bennett"
"missouri-kansas-city","Tierra Trotter"
"missouri-kansas-city","Elauni Bennett"
"missouri-kansas-city","Kelby Bannerman"
"missouri-kansas-city","Funmi Amode"
"missouri-kansas-city","Jamyah Winter"
"missouri-kansas-city","Hallie Majoros"
"missouri-kansas-city","Jumoke Adaramoye"
"missouri-kansas-city","Alyssa Febres"
"missouri-kansas-city","Lailah Hatcher"
"longwood","Frances Ulysse"
"longwood","JaMya Robinson"
"longwood","Amor Harris"
"longwood","Malea Brown"
"longwood","Jasmine Peaks"
"longwood","Olivia Bowes"
"longwood","Lili Booker"
"longwood","Jaci Bolden"
"longwood","Kayla Washington"
"longwood","Jesstynie Scott"
"longwood","Nalani Simmons"
"longwood","Alary Bell"
"fairleigh-dickinson","Sydney Stokes"
"fairleigh-dickinson","Talia Baptiste"
"notre-dame","Vanessa de Jesus"
"notre-dame","Gisela Sanchez"
"notre-dame","Cassandre Prosper"
"notre-dame","KK Bransford"
"notre-dame","Hannah Hidalgo"
"notre-dame","Kelly Ratigan"
"notre-dame","Jordyn Smith"
"notre-dame","Luci Jensen"
"notre-dame","Bella Tehrani"
"south-carolina-state","Lemyiah Harris"
"south-carolina-state","Mya Byrd"
"south-carolina-state","Angie Juste-Jean"
"south-carolina-state","Monajah Ford"
"south-carolina-state","Janiah Hinton"
"south-carolina-state","Heaven Harper"
"south-carolina-state","Shaunice Reed"
"south-carolina-state","Kimora Smith"
"south-carolina-state","Feliah Greer"
"south-carolina-state","Ariana Perry"
"south-carolina-state","Dream Watson"
"south-carolina-state","Mya Giles"
"tulsa","Dora Toman"
"tulsa","Mady Cartwright"
"tulsa","Laura Di Stefano"
"tulsa","Alisha Peavy"
"tulsa","Abigail Jegede"
"tulsa","Haven Fisher"
"tulsa","Layla-J Cameron"
"tulsa","RyLee Grays"
"tulsa","Brynn Eshoo"
"fairfield","Kaety L'Amoreaux"
"fairfield","Jillian Huerter"
"fairfield","Meghan Andersen"
"fairfield","Cyanne Coe"
"fairfield","Lauren Beach"
"fairfield","Milou van Vliet"
"fairfield","Sydni Scott"
"loyola-marymount","Andjela Matic"
"loyola-marymount","Ivana Krajina"
"loyola-marymount","Maya Hernandez"
"loyola-marymount","Carly Heidger"
"loyola-marymount","Jess Lawson"
"loyola-marymount","Kayla Jones"
"loyola-marymount","Zawadi Ogot"
"loyola-marymount","Mari Somvichian"
"northwestern","Grace Sullivan"
"northwestern","Casey Harter"
"northwestern","Tayla Thomas"
"northwestern","Caroline Lau"
"northwestern","Tate Lash"
"northwestern","Xamiya Walton"
"northwestern","Claire Keswick"
"northwestern","Daija Turner"
"northwestern","Angelina Hodgens"
"texas-am-corpus-christi","Trinity Slocum"
"texas-am","Ny'Ceara Pryor"
"texas-am","Fatmata Janneh"
"texas-am","Lauren Ware"
"texas-am","Lemyah Hylton"
"texas-am","Salese Blow"
"texas-am","Janae Kent"
"texas-am","Jordan Webster"
"texas-am","Pien Steenbergen"
"texas-am","Emerald Parker"
"texas-am","Chaney Spencer"
"texas-am","Vanessa Saidu"
"brigham-young","Delaney Gibb"
"brigham-young","Sydney Benally"
"brigham-young","Brinley Cannon"
"brigham-young","Marya Hudgins"
"brigham-young","Lara Rohkohl"
"brigham-young","Olivia Hamlin"
"brigham-young","Arielle Mackey-Williams"
"brigham-young","Bolanle Yussuf"
"brigham-young","Braeden Gunlock"
"brigham-young","Hattie Ogden"
"brigham-young","Heather Hamson"
"nevada-las-vegas","Aaliyah Alexander"
"nevada-las-vegas","Meadow Roland"
"nevada-las-vegas","Teagan Colvin"
"nevada-las-vegas","Jasmyn Lott"
"nevada-las-vegas","Shelbee Brown"
"nevada-las-vegas","Mariah Elohim"
"nevada-las-vegas","Destiny Brown"
"nevada-las-vegas","Destiny Leo"
"nevada-las-vegas","Erica Collins"
"washington-state","Malvina Haziri"
"georgia-tech","Brianna Turnage"
"georgia-tech","Erica Moon"
"georgia-tech","Ines Noguero"
"georgia-tech","Ariadna Termis"
"georgia-tech","Talayah Walker"
"georgia-tech","D'Asia Thomas-Harris"
"georgia-tech","Savannah Samuel"
"georgia-tech","Catherine Alben"
"georgia-tech","La'Nya Foster"
"georgia-tech","Jada Crawshaw"
"radford","Ava Sawi"
"radford","Amanda Mitchell"
"radford","Anna Chacha"
"marshall","Emari Doby"
"northern-kentucky","Maddie Moody"
"northern-kentucky","Taysha Rushton"
"northern-kentucky","Mya Meredith"
"northern-kentucky","Kamora Morgan"
"northern-kentucky","Abby Wolterman"
"northern-kentucky","Mia Jordan"
"northern-kentucky","Kylee Hunt"
"northern-kentucky","Karina Bystry"
"northern-kentucky","Noelle Hubert"
"northern-kentucky","Anna Hamilton"
"northern-kentucky","Jamaya Thomas"
"bethune-cookman","Sanai Tyler"
"north-carolina","Lanie Grant"
"purdue","McKenna Layden"
"wake-forest","Savannah Metcalfe"
"evansville","Camryn Runner"
"evansville","Logan Luebbers Palmer"
"evansville","Georgia Cox"
"evansville","Breaunna Ward"
"evansville","Jelena Savic"
"evansville","Elle Snyder"
"evansville","Avery Kelley"
"evansville","Georgia Ferguson"
"evansville","Sydney Huber"
"evansville","Kaiden Kreinhagen"
"arizona","Sumayah Sugapong"
"arizona","Mireia Jurado Pla"
"arizona","Lani Cornfield"
"arizona","Daniah Trammell"
"arizona","Molly Ladwig"
"arizona","Mickayla Perdue"
"arizona","Nora Francois"
"arizona","Kamryn Kitchen"
"arizona","Blessing Adebanjo"
"arizona","Achol Magot"
"california-riverside","Dieynaba Sylla"
"santa-clara","Ava Schmidt"
"coppin-state","Mickelle Lowry"
"north-alabama","Alyssa Clutter"
"north-alabama","Brooke Hallman"
"texas-southern","Taliyah Logwood"
"texas-southern","Lauren Perry"
"texas-southern","Aaliyah Henderson"
"texas-southern","Daeja Holmes"
"texas-southern","Ciara Brannon"
"texas-southern","Malaya LeSueur"
"texas-southern","Maci Quiller"
"texas-southern","Da'Myiah Lewis"
"texas-southern","Jordyn Marshall"
"texas-southern","Ayanna Jackson"
"texas-southern","Alisa Blalock"
"mississippi-valley-state","Jaeda Murphy"
"mississippi-valley-state","Ariel Jefferson"
"mississippi-valley-state","Janiya Jones"
"mississippi-valley-state","Nairobi Lewis"
"mississippi-valley-state","Kylah McCullers"
"mississippi-valley-state","Poetrie Dace"
"mississippi-valley-state","Sydnei Marshall"
"mississippi-valley-state","Taylor Crawford"
"mississippi-valley-state","Keanna Coburn"
"mississippi-valley-state","Aaliyah Taylor"
"mississippi-valley-state","Sydney Thompson"
"mississippi-valley-state","Caiside Snapp"
"troy","Marianah Achol"
"boston-college","Kiera Edmonds"
"jacksonville","Giana Provenzano"
"george-mason","Matilde Motta"
"kentucky","Gabby Brooks"
"loyola-il","Yasmyn Palmer"
"rider","Aliya McIver"
"rider","Alena Cofield"
"rider","Emmy Roach"
"rider","Aina Perez Mesquida"
"rider","Kristina Ekofo Yomane"
"rider","Deb Okechukwu"
"rider","Daniya Brown"
"rider","Amany Lopez"
"western-carolina","Aryana Dizon"
"western-carolina","Ally Hollifield"
"western-carolina","Ellie Richardson"
"western-carolina","Joyce Mulumba"
"western-carolina","Taj Hunter"
"western-carolina","Justice Zimmerman"
"western-carolina","Betsey Burnett"
"western-carolina","Kehinde Obasuyi"
"western-carolina","Christina Bowers"
"western-carolina","Kennedy Hilsenroth"
"alabama","Ace Austin"
"alabama","Eris Lester"
"davidson","Sylvie Jackson"
"davidson","Asha Nightingale"
"davidson","Eliza Buerk"
"william-mary","Monet Dance"
"william-mary","Cassidy Geddes"
"william-mary","Alexa Mikeska"
"william-mary","Natalie Fox"
"william-mary","Kyah Smith"
"william-mary","Jana Sallman"
"william-mary","Sophia LeGoullon"
"william-mary","Marley Long"
"william-mary","Dynasti Pierce"
"william-mary","Amelia Basit"
"william-mary","Ari Mercado"
"william-mary","Aisha Dos Santos"
"dayton","Nicole Stephens"
"dayton","Kamryn Grant"
"georgetown","Victoria Rivera"
"georgetown","Brianna Scott"
"georgetown","Khia Miller"
"georgetown","Khadee Hession"
"georgetown","Chet Nweke"
"georgetown","Laila Jewett"
"georgetown","Brianna Byars"
"georgetown","Cristen Carter"
"georgetown","Summer Davis"
"georgetown","Destiny Agubata"
"georgetown","Alexia Araujo-Dagba"
"georgetown","Indya Davis"
"georgetown","Amanda Ajobiewe"
"georgetown","Braelynn Barnett"
"la-salle","Ashleigh Connor"
"la-salle","Aryss Macktoon"
"la-salle","Anna Przyszlak"
"la-salle","Kiara Williams"
"la-salle","Joan Quinn"
"la-salle","Lauren Patnode"
"la-salle","Ivona Miljanic"
"la-salle","Yar Manyiel"
"la-salle","Amiya Moses"
"la-salle","Sania Jenkins"
"nebraska-omaha","Regan Juenemann"
"norfolk-state","Jaz Spencer"
"queens-nc","Tamar Kopilevech"
"queens-nc","Imani Morris"
"quinnipiac","Bri Bowen"
"south-carolina-upstate","Gracie Barnes"
"texas-san-antonio","Damara Allen"
"texas-san-antonio","Mia Hammonds"
"texas-san-antonio","Adriana Robles"
"texas-san-antonio","Cheyenne Rowe"
"texas-san-antonio","Idara Udo"
"texas-san-antonio","Jayda Holiman"
"texas-san-antonio","Emilia Dannebauer"
"texas-san-antonio","Sanaa Bean"
"wichita-state","Treasure Thompson"
"colorado","Anaelle Dutat"
"colorado","Desiree Wooten"
"colorado","Kennedy Sanders"
"colorado","Jade Masogayo"
"colorado","Logyn Greer"
"colorado","Jade Crook"
"colorado","Claire O'Connor"
"colorado","Erianna Gooden"
"colorado","Sophia Zadel"
"colorado","Maeve McErlane"
"colorado","Zyanna Walker"
"texas-christian","Olivia Miles"
"texas-christian","Marta Suarez"
"texas-christian","Maddie Scherr"
"texas-christian","Donovyn Hunter"
"texas-christian","Clara Silva"
"texas-christian","Kennedy Basham"
"texas-christian","Taylor Bigby"
"texas-christian","Clara Bielefeld"
"texas-christian","Veronica Sheffey"
"texas-christian","Natalie Mazurek"
"texas-christian","Taliyah Parker"
"texas-christian","Emily Hunter"
"navy","Julianna Almeida"
"navy","Zoe Mesuch"
"navy","Zanai Barnett-Gay"
"navy","Morgan Demos"
"navy","Maren Louridas"
"navy","Mary Gibbons"
"navy","Christina Liggio"
"navy","Kate Samson"
"navy","Saran Moschella"
"navy","Quinn Boettinger"
"navy","Lizzie Holder"
"navy","Kelli Giuliani"
"navy","Nia Henley"
"navy","Sidney Quinn"
"illinois-chicago","Magdalena Winter"
"illinois-chicago","Jarius Powers"
"miami-oh","Anna Hurst"
"cincinnati","Kali Barrett"
"penn-state","Tea Cleante"
"stony-brook","Nal'la Bennett"
"stony-brook","Ioanna Giannopoulou"
"arkansas-pine-bluff","Zoey Davis"
"arkansas-pine-bluff","Jada James"
"arkansas","Danika Galea"
"jackson-state","Camryn O'Neil"
"mississippi-state","Nataliyah Gray"
"mississippi-state","Faith Wylder"
"mississippi-state","Rocío Jiménez"
"missouri-state","Victoria Dixon"
"texas-arlington","Nya Threatt"
"utah-state","Karyn Sanford"
"utah-state","Marina Asensio"
"utah-state","Aaliyah Gayles"
"utah-state","Macie Brown"
"utah-state","Sophie Sene"
"utah-state","Rachel Wilson"
"utah-state","Aitana Rosello Lopez"
"utah-state","Jamisyn Heaton"
"utah-state","Elise Livingston"
"utah-state","Andjela Marojevic"
"utah-state","Paloma Munoz Herreros"
"utah-state","Bella Cosme"
"utah","Chyra Evans"
"oregon-state","Tiara Bolden"
"oregon-state","Kennedie Shuler"
"oregon-state","Ally Schimel"
"oregon-state","Jenna Villa"
"oregon-state","Nene Sow"
"oregon-state","Lara Alonso-Basurto"
"oregon-state","Cloe Vecina"
"oregon-state","Lizzy Williamson"
"oregon-state","Elisa Mehyar"
"oregon-state","Katelyn Field"
"oregon-state","Keira Lindemans"
"oregon-state","Susana Yepes"
"oregon-state","Mackenzie Shivers"
"saint-marys-ca","Ella Wedin"
"charleston-southern","Courtney Davis"
"air-force","Milahnie Perry"
"air-force","Tanah Gorman"
"fordham","Anastasija Veljovic"
"pennsylvania","Tina Njike"
"pennsylvania","Katie Collins"
"pennsylvania","Brooke Suttle"
"pennsylvania","Mataya Gayle"
"pennsylvania","Ese Ogbevire"
"pennsylvania","Sarah Gordon"
"pennsylvania","Ruke Ogbevire"
"pennsylvania","Ashna Tambe"
"pennsylvania","Georgia Heine"
"pennsylvania","Ari Paraskevopoulou"
"pennsylvania","Gabriella Kelley"
"pennsylvania","Reagan Jamison"
"pennsylvania","Simone Sawyer"
"pennsylvania","Saniah Caldwell"
"pennsylvania","Sarah Miller"
"pennsylvania","Abby Sharpe"
"pennsylvania","Kate Lipatova"
"bellarmine","Seairra Hughes"
"boston-university","Kate Allard"
"dartmouth","Alexandra Eldredge"
"dartmouth","Olivia Austin"
"dartmouth","Cate MacDonald"
"dartmouth","Zeynep Ozel"
"dartmouth","Clare Meyer"
"dartmouth","Nina Minicozzi"
"dartmouth","Sierra Carson"
"dartmouth","Jacalyn Myrthil"
"dartmouth","Tahira Muhammad"
"dartmouth","Debra Hill"
"dartmouth","Olivia Lawlor"
"dartmouth","Brooke Hollawell"
"bryant","Olivia Fernandez"
"cornell","Kelsey Langston"
"cornell","Clarke Jackson"
"cornell","Rachel Kaus"
"cornell","Paige Engels"
"cornell","Emily Pape"
"cornell","Grace Renners"
"cornell","Audrey Chen"
"cornell","Ally Pape"
"cornell","Vivienne Knee"
"cornell","Willa Chinn"
"cornell","Ashley Childers"
"cornell","Alana Andrews"
"columbia","Riley Weiss"
"columbia","Perri Page"
"columbia","Marija Aviljas"
"columbia","Fliss Henderson"
"columbia","Susie Rafiu"
"columbia","Mia Broom"
"columbia","Marta Jaama"
"columbia","Nasi Simmons"
"columbia","Hilke Feldrappe"
"columbia","Eirny Erinugha"
"columbia","Shay Shippen"
"eastern-michigan","Believe Tshibangu"
"eastern-michigan","Paula Balada Muntadas"
"eastern-michigan","Ruby Brannon"
"niagara","Talia Dial"
"niagara","Jade Rutledge"
"niagara","Chasity Wilson"
"niagara","Katarina Veljovic"
"niagara","Jordyn Williams"
"niagara","Jisca Bila"
"niagara","Tyasia Freeman"
"niagara","Kenedie Haruna"
"niagara","Jade Campbell"
"north-carolina-central","Natalie Jasper"
"north-carolina-central","Madjiguene Pene"
"north-carolina-wilmington","Corrie McLauglin"
"old-dominion","T'anna Saddler"
"rhode-island","Aimee Michel"
"rhode-island","Eva Agba"
"murray-state","Halli Poock"
"murray-state","Briley Pena"
"murray-state","Keslyn Secrist"
"murray-state","Haven Ford"
"murray-state","Sharnecce Currie-Jelks"
"murray-state","Ellery Minch"
"murray-state","Jada Cook"
"murray-state","Braxcynn Baker"
"southern-indiana","Ali Saunders"
"east-tennessee-state","Emmah McAmis"
"east-tennessee-state","Maya McCorkle"
"tennessee","Kaiya Wynn"
"tennessee","Lauren Hurst"
"yale","Kiley Capstraw"
"yale","Ciniya Moore"
"yale","Luisa Vydrova"
"yale","Ke'iara Odume"
"yale","Marisa Chapman"
"yale","Magdalena Schmidt"
"yale","Olivia Kim"
"yale","Ana Guillen"
"incarnate-word","Raimi McCrary"
"belmont","Kate McGinnis"
"belmont","Claire Hyde"
"brown","Olivia Young"
"brown","Alyssa Moreland"
"brown","Aima Ofunrein"
"brown","Elizabeth Nelson"
"brown","Charlotte Adams-Lopez"
"brown","Mackenzie Leahy"
"brown","Isabella Wesley"
"brown","Monet Witherspoon"
"brown","Mady Calhoun"
"brown","Charlotte Climenhage"
"central-arkansas","Kaidyn Beckwith"
"central-arkansas","Carla Ramirez"
"central-arkansas","Alivia Cox"
"colgate","Kennedy Parrott"
"colgate","Ella Mahaffey"
"colgate","Karena Eberts"
"louisiana-tech","Isla Airey"
"maine","Adrianna Smith"
"maine","Olivia Alvarez Tirado"
"maine","Asta Blauenfeldt"
"maine","Sarah Talon"
"maine","Kaliyah Sain"
"maine","Maddie Fitzpatrick"
"maine","Lizzy Gruber"
"maine","Amiyah Donaldson"
"maine","Emmie Streams"
"maine","Abby Price"
"drexel","Iriona Gravley"
"north-texas","Shelby Thornton"
"long-island-university","Janiya Reed"
"long-island-university","Camille Wiley"
"richmond","Aneisha Scott"
"harvard","Gabby Anderson"
"harvard","Karlee White"
"harvard","Abigail Wright"
"harvard","Katie Krupa"
"harvard","Saniyah Glenn-Bello"
"harvard","Olivia Jones"
"harvard","Alayna Rocco"
"harvard","Nina Emnace"
"harvard","Lydia Chatira"
"harvard","Aubrey Shaw"
"harvard","Mary Hollensteiner"
"manhattan","Johlana Tatum"
"manhattan","Alyssa Costigan"
"gonzaga","Allie Turner"
"gonzaga","Ines Bettencourt"
"gonzaga","Taylor Smith"
"gonzaga","Zeryhia Aokuso"
"gonzaga","Lauren Whittaker"
"gonzaga","McKynnlie Dalan"
"gonzaga","Julia Wilson"
"gonzaga","Jaiden Haile"
"gonzaga","Teryn Gardner"
"gonzaga","Paige Lofing"
"gonzaga","Sierra Lichtie"
"rice","Victoria Flores"
"rice","Dominique Ennis"
"rice","Hailey Adams"
"rice","Aniah Alexis"
"rice","Shelby Hayes"
"rice","Louann Battiston"
"rice","Myah Hazelton"
"rice","Jordin Blackmon"
"rice","Kennedy Clifton"
"rice","Jill Twiehaus"
"south-dakota-state","Hilary Behrens"
"south-dakota-state","Brooklynn Felchle"
"fresno-state","Briana Webb"
"california-san-diego","Rosa Smith"
"california-san-diego","Damilola Sule"
"denver","Laila McLeod"
"denver","Alexa Pletschette"
"denver","Anna Rosenberger"
"denver","Natalia Fanjul Mardones"
"denver","Paula Oliva Gomez"
"long-beach-state","Brynna Pukis"
"long-beach-state","JaQuoia Jones-Brown"
"long-beach-state","Kennan Ka"
"long-beach-state","Judit Oliva Fernandez"
"long-beach-state","Khylee Pepe"
"long-beach-state","Lauren Cummings"
"long-beach-state","Haley Wright"
"long-beach-state","Christy Reynoso"
"long-beach-state","Rosie Akot"
"long-beach-state","Tairat Samuel-Afolabi"
"long-beach-state","Morgan Mack"
"massachusetts","Anya George"
"gardner-webb","Rafferty Powell"
"west-georgia","Grace O'Gara"
"west-georgia","Destiny Jones"
"west-georgia","Riley Black"
"arizona-state","Timya Grice"
"lamar","Molly Powell"
"lamar","R'Mani Taylor"
"lamar","Jacei Denley"
"lamar","Kamryn Wilson"
"lamar","Solenne Olenga"
"lamar","Shaila Forman"
"lamar","Taliah Hill"
"lamar","Chisom Oguego"
"lamar","Keyiona Mcdaniel"
"saint-francis-pa","Bati Assefa"
"vermont","Annemarie Batista"
"detroit-mercy","Aaliyah McQueen"
"detroit-mercy","Makayla Jackson"
"detroit-mercy","Myonna Hooper"
"detroit-mercy","Jasmine Edwards"
"detroit-mercy","Anna Lassan"
"detroit-mercy","Maya Anderson"
"detroit-mercy","Nisea Burrell"
"detroit-mercy","Addisen Mastriano"
"detroit-mercy","Brendha Schwartz"
"detroit-mercy","Naima Diawara"
"detroit-mercy","Amaya Burch"
"valparaiso","Bella Swedlund"
"longwood","Otaifo Esenabhalu"
"pittsburgh","Amiya Jenkins"
"alabama-state","Samiah Puckett"
"auburn","Arek Angui"
"howard","Jenesis Perrin"
"alabama-birmingham","Peyton Musial"
"alabama-birmingham","Lika Kvirkvelia"
"south-alabama","Tamara Ortiz"
"missouri-kansas-city","Nikole Thomas"
"missouri-kansas-city","Claudia Frances"
"missouri-kansas-city","Trinity Chears"
"st-thomas-mn","Mikayla Werner"
"san-jose-state","Allie Cummins"
"san-jose-state","Maya Anderson"
"san-jose-state","Stella Sgro"
"san-jose-state","Amira Brown"
"san-jose-state","Kaliyah Dillard"
"san-jose-state","Rylei Waugh"
"san-jose-state","McKenna Simons"
"san-jose-state","Gabriela Pato"
"san-jose-state","Amelie Sitterud"
"san-jose-state","Harisa Mehmedovic"
"san-jose-state","Mecca Alexander"
"san-jose-state","Carla Fuster"
"dixie-state","Chardonnay Hartley"
"dixie-state","Kaylee Borden"
"dixie-state","Brie Crittendon"
"dixie-state","Paige Cofer"
"dixie-state","Maddie Warren"
"dixie-state","Calyn Dallas"
"dixie-state","Merceius Mili"
"dixie-state","Lauren Crocker"
"dixie-state","Andjela Colic"
"dixie-state","Annalyse Shimada"
"northern-arizona","Faith Curry"
"northern-arizona","Alyssa Harris"
"northern-arizona","Addison Dunn"
"california-baptist","Khloe Lemon"
"pacific","Mali Ennis"
"weber-state","Arizana Peaua"
"weber-state","Japrix Stubbs"
"american","Molly Driscoll"
"american","Charlotte Tuhy"
"american","Anna Rescifina"
"american","Madisyn Moore-Nicholson"
"american","Kayla Greyvensteyn"
"american","Lexi Salazar"
"american","Elizabeth Archer"
"american","Mary Bolesky"
"delaware-state","Aniyah Jones"
"san-diego-state","Ellie Chen"
"san-diego-state","Aubrey Cook"
"fairfield","Christina Pham"
"fairfield","Julia Karpell"
"fairfield","Janelle Brown"
"fairfield","Keyarah Gregory"
"fairfield","Selen Yusan"
"fairfield","Jalyn Sackrider"
"lehigh","Leia Edwards"
"lehigh","Sibelle Zambie"
"florida-gulf-coast","Sinai Douglas"
"florida-gulf-coast","Cerina Rolle"
"florida-gulf-coast","Anna Mortag"
"florida-gulf-coast","Anasia Staton"
"florida-gulf-coast","Jalei Pillow"
"florida-gulf-coast","Karina Gordon"
"florida-gulf-coast","Maca Retamales"
"florida-gulf-coast","Eve Alexander"
"florida-gulf-coast","Jordan Campbell"
"florida-gulf-coast","Shameir Quimby"
"florida-gulf-coast","Airah Lavy"
"idaho-state","Halle Wright"
"texas-san-antonio","Ereauna Hardaway"
"nicholls-state","Caroline Adams"
"connecticut","Caroline Ducharme"
"connecticut","Kelis Fisher"
"connecticut","Ayanna Patterson"
"duke","Anna Wikstrom"
"holy-cross","Simone Lewis"
"holy-cross","Stella Gougoufkas"
"holy-cross","Mackenzie Teevan"
"holy-cross","Kimora Berry"
"louisville","Peyton Bradley"
"louisville","Anaya Hardy"
"louisville","Reagan Bender"
"louisville","Rebekah Graves"
"northern-kentucky","Alma Rashelbach"
"northern-kentucky","Gabby Razzano"
"northern-kentucky","Caroline Eaglin"
"northern-kentucky","Sam Lindhorst"
"harvard","Asani Ceaser"
"michigan","Kendall Dudley"
"michigan","Aaiyanna Dunbar"
"columbia","Maria Arrebola"
"columbia","Blau Tor"
"columbia","Vasiliki Cholopoulou"
"columbia","Alicia Mitchell"
"toledo","Alexa Hocevar"
"duquesne","Harriet Ford"
"grambling","Zhaniah Ervin"
"illinois-state","Kya Hurt"
"illinois","Aaliyah Guyton"
"prairie-view","Taiya Kikunga"
"boise-state","Jayda Lewis"
"boise-state","Izzie Harms"
"boise-state","Josee Steadman"
"boise-state","Kenna Garza"
"idaho","Sofia Ekh"
"idaho","Catelyn Deaver"
"saint-marys-ca","Coco Urlacher"
"cal-poly","Vivian Franklin"
"stanford","Stavi Papadaki"
"le-moyne","Praise Matthews"
"boston-college","Emma LoPinto"
"boston-college","Eleanor Trout"
"massachusetts-lowell","Amina Kameric"
"massachusetts-lowell","Nia Chima"
"central-michigan","Riley Smith"
"coastal-carolina","D'Yanis Jimenez"
"coppin-state","Patricia Sosa Lora"
"ohio-state","Jaloni Cambridge"
"ohio-state","Kennedy Cambridge"
"ohio-state","Elsa Lemmilä"
"ohio-state","Chance Gray"
"ohio-state","Kylee Kitts"
"ohio-state","Ava Watson"
"ohio-state","T'Yana Todd"
"ohio-state","Ella Hobbs"
"ohio-state","Bryn Martin"
"ohio-state","Dasha Biriuk"
"ohio-state","Seini Henry"
"buffalo","Ella Corry"
"georgia-southern","McKayla Hosley"
"princeton","Ashley Chea"
"princeton","Fadima Tall"
"princeton","Madison St. Rose"
"princeton","Olivia Hutcherson"
"princeton","Skye Belker"
"princeton","Toby Nweke"
"princeton","Taylor Charles"
"princeton","Emily Eadie"
"princeton","Grace O'Sullivan"
"michigan-state","Juliann Woodard"
"new-haven","Jasmine Mckay"
"virginia-commonwealth","Tyrielle Williams"
"baylor","Kayla Nelms"
"campbell","Mikayla Taborn"
"colorado-state","Caitlin Kramer"
"colorado-state","Olivia Pawlicki"
"evansville","Mireia Mustaros"
"evansville","Daniela Llavero"
"iowa","Callie Levin"
"iowa","Jada Gyamfi"
"northwestern","Crystal Wang"
"northwestern","Amparo López"
"northwestern","Rachel Mutombo"
"northwestern","Sandra Moreno"
"northwestern","Sammy White"
"texas-state","Takeira Ramey"
"texas-tech","Sidney Love"
"arizona","Tanyuel Welch"
"james-madison","Kylie Marshall"
"james-madison","Jemma Eleby"
"depaul","Aizhanique Mayo"
"california","Isis Johnson-Musah"
"dartmouth","Emma Olausson"
"florida","Daviane Mindoudi"
"vanderbilt","Ava Black"
"vanderbilt","Trinity Wilson"
"vanderbilt","Monique Williams"
"wisconsin","Leena Patibandla"
"wisconsin","Alie Bisballe"
"wisconsin","Reese Jaramillo"
"elon","Ashlee Shaw"
"north-dakota-state","Miriley Simon"
"north-dakota-state","Audrey Martinez-Stewart"
"north-dakota-state","McKenna Johnson"
"montana-state","Teagan Erickson"
"montana-state","Courtney Smith"
"delaware-state","Jermesha Frierson"
"delaware-state","Iman Addison"
"alabama","Tianna Chambers"
"alabama","Joy Egbuna"
"alabama","Reychel Douglas"
"north-carolina-greensboro","Ella Pierre-Louis"
"lamar","T'Aliyah Miner"
"lamar","KJ Walker"
"lamar","Alexis Parker"
"providence","Eseosa Imafidon"
"prairie-view","Ja'nya Polk"
"missouri-state","Tyra Robinson"
"wyoming","Liv Blomkvist"
"utah-valley","Gracie Sorenson"
"niagara","Caliana Fenceroy"
"quinnipiac","Ava Sollenne"
"east-carolina","Amaya Shaw"
"east-carolina","Amanda Smith"
"george-washington","Filipa Calisto"
"howard","Dylan Watson"
"maryland-eastern-shore","Dayshawna Carter"
"green-bay","Madison Hoffmann"
"indiana-state","Camariyana Tavares"
"long-island-university","Carmela Nunez"
"maine","Mackenzie Mori"
"maine","Izzy Allen"
"north-carolina-state","Lorena Awou"
"north-carolina-state","Mallory Collier"
"middle-tennessee","Emilly Monson"
"northern-arizona","Sydney Scott"
"murray-state","Cam Hoover"
"murray-state","Gabby Spink"
"south-dakota-state","Claire Sheppard"
"south-dakota-state","Jaidyn Dunn"
"south-dakota-state","Abby Hoselton"
"fresno-state","Indiya Clarke"
"california","Anastasia Drosouni"
"pacific","Kenlee Durrill"
"portland-state","Ciera Ellington"
"portland-state","Brooklyn Strandy"
"boston-college","Kennedy Hall"
"rider","Claudia Lazaro Carrasco Claro"
"rider","Sam Richardson"
"butler","Gabby Wilke"
"east-tennessee-state","Meghan Downing"
"nicholls-state","Makensie Charles"
"alabama-birmingham","Journey Armstead"
"oklahoma","Daffa Cissoko"
"new-mexico","Cacia Antonio"
"tulane","Shiloh Kimpson"
"tulane","Madison Gordon"
"ball-state","Brooke Winchester"
"ball-state","Violeta Rojas"
"ball-state","Laura Martinez"
"drexel","Jalyn McNeill"
"drexel","Emilee Jones"
"new-haven","Shannon McCarthy"
"new-haven","Katie Drozd"
"new-haven","Mikayla Taylor"
"new-haven","Jeeanna Pierantoni"
"new-haven","Samantha Battle"
"new-haven","Mallory Farr"
"arkansas-pine-bluff","Jakyra Jackson"
"sam-houston-state","Annika Corcoran"
"western-carolina","Riley Price"
"connecticut","Blanca Quinonez"
"connecticut","Gandy Malou-Mamel"
"duke","Emilee Skinner"
"duke","Arianna Roberson"
"duke","Hailey Johnson"
"north-carolina-at","Shimei Muhammad"
"north-carolina-at","Londyn Walker"
"notre-dame","Iyana Moore"
"notre-dame","Malaya Cowles"
"tennessee-state","Icesis Thomas"
"tennessee-state","Laila Lancaster"
"texas-southern","Fenishka Bertho"
"bowling-green-state","Kaia Woods"
"california-baptist","Paula Haw"
"nebraska","Eliza Maupin"
"cal-state-fullerton","Basak Orhan"
"florida","Jade Weathersby"
"maryland","Kaylene Smikle"
"saint-francis-pa","Giselle Eke"
"mercer","Lex Brewster"
"mississippi-state","Saniyah King"
"tarleton-state","Alexis Rynders"
"siena","Valencia Fontenelle-Posson"
"siena","Zyriah Price"
"american","Andrea Jude"
"american","Vienn Sheng"
"florida-gulf-coast","Mikayla Paschal"
"southern-methodist","Tyi Skinner"
"tulsa","Hannah Riddick"
"tulsa","Jade Clack"
"illinois-chicago","Megen Sanaj"
"iowa","Teagan Mallegni"
"iowa","Kennise Johnson"
"lafayette","Jordyn Mays"
"nebraska-omaha","Erikka Gooden"
"north-carolina","Blanca Thomas"
"iona","Nevaeh Stone"
"hawaii","Izzy Forsyth"
"hawaii","Jade Peacock"
"north-carolina-greensboro","Mia Simpson"
"north-carolina-greensboro","Danaya Stokes"
"la-salle","Ava Hoy"
"la-salle","Charity Sawyer"
"la-salle","India Webb"
"virginia-commonwealth","Katarina Knezevic"
"yale","Sophia Gibson"
"northwestern","Kat Righeimer"
"california-davis","Victoria Baker"
"wyoming","Katie Harrington"
"florida-international","Parris Atkins"
"florida-international","Rhema Collins"
"florida-international","Adama Badjie Coly"
"florida-international","Riley Burd"
"northeastern","Beatriz Perez Pulgar"
"morgan-state","Dakota Alston"
"fresno-state","Diarrah Sissoko"
"east-tennessee-state","Gemma Gutettner Bacoul"
"weber-state","Fui Niumeitolu"
"california","Sofia Bowes"
"missouri","Saniah Tyler"
"harvard","Ava Krumwiede"
"harvard","Sam Wills"
"harvard","Hana Belibi"
"arkansas-pine-bluff","Briah Hampton"
"gonzaga","Christabel Osarobo"
"davidson","Stephanie Gutierrez-Rodriguez"
"dayton","Maliyah Johnson"
"georgia","Savannah Henderson"
"st-thomas-mn","Kammie Ludwig"
"syracuse","Aurora Almón-Sanchez"
"syracuse","Olivia Schmitt"
"wagner","Irene Fernandez de Caleya"
"le-moyne","Sophia Bonnell"
"tarleton-state","Jailynn Brill"
"tennessee-martin","Yar Tong"
"tennessee-martin","Sidney Blackwell"
"tennessee-martin","Nyjha Webster"
"arkansas","Wyvette Mayberry"
"mississippi-valley-state","Ja'la Douglas"
"pacific","Lamiracle Lebon"
"charlotte","McKenzie Graves"
"depaul","Devin Hagemann"
"stonehill","Shira Elkis"
"lindenwood","Aalayah Wilson"
"illinois","Naomi Benson"
"illinois","Mia Zenere"
"north-dakota","Hanna Miller"
"oregon-state","Lucia Navarro"
"florida-international","Judit Valero Rodriquez"
"quinnipiac","Aniyah Neal"
"quinnipiac","Reagan Sipla"
"yale","Dorka Kastl"
"massachusetts-lowell","Sophie Baydanov"
"massachusetts","Jess Ross"
"massachusetts","Brooke Pulpi"
"massachusetts","Eva Hannon"
"pittsburgh","Macie Arzner"
"southern-mississippi","Miriam Prince"
"houston-baptist","Remi Langmaid"
"nevada-las-vegas","Ongolea Afu"
"siena","Azera Gates"
"west-georgia","Calie Thrower"
"incarnate-word","Bria McClure"
"incarnate-word","Izzy Majarucon"
"tennessee-state","Sadie Sanchez"
"north-texas","Allison Rickman"
"north-carolina-asheville","Kristen McMillan"
"samford","Martha Bishop"
"brown","Grace Arnolie"
"brown","Ada Anamekwe"
"mercer","Khadidja Toure"
"mississippi-valley-state","Jakyrra Sandifer"
"illinois-chicago","Grace Harris"
"california-baptist","Marta De La Fuente De La Puente"
"california-baptist","Aleyah Harmon"
"san-jose-state","Katarina Anderson"
"bethune-cookman","Janessa Kelley"
"bethune-cookman","Jade Parks"
"south-carolina-state","Jhaven Meade"
"texas-am-corpus-christi","Bruna Anguera"
"missouri-kansas-city","Carleigh Andrews"
"north-florida","Jordan Brooks"
"eastern-illinois","Liana Buckhalton"
"ohio","Vivienne Macheck"
"evansville","Kylee Norkus"
"east-tennessee-state","Daniela López"
"virginia","Danelle Arigbabu"
"south-florida","Carla Brito"
"depaul","Meg Newman"
"northern-illinois","Juliana Haddad"
"boise-state","Emily Howard"
"cal-poly","Katie Peiffer"
"cal-poly","Arissa Garcia"
"california-riverside","Hannah Wickstrom"
"california-riverside","Maria Mejia"
"hawaii","Ritorya Tamilo"
"loyola-marymount","Lova Lagerlid"
"stetson","Raven LeXander"
"saint-francis-pa","Gemma Walker"
"lindenwood","Konstantina Mantziori"
"boston-university","SiSi Bentley"
"green-bay","Jenna Guyer"
"missouri-state","Blake O'Grady"
"portland-state","Ryme Jaekel"
"brown","Morgan Ross"
"brown","Lindsay Harzich"
"princeton","Sarah Lessig"
"western-carolina","Grace Pack"
"stanford","Lauren Green"
"mercyhurst","Emma Sollenne"
"colgate","Ellie Cronin"
"colgate","Maryan Eniafe"
"houston","Jorynn Ross"
"rice","Mylee Guinn"
"texas-pan-american","Noa Feller"
"oakland","ilris Aworet"
"middle-tennessee","Gracie Hamby"
"alcorn-state","Jayda Bowen"
"new-mexico-state","Senoj Jones"
"ipfw","Alyssa Berry"
"wright-state","MaKenzie Drout"
"rutgers","Faith Blackstone"
"iona","Chloe Vasquez"
"cal-poly","Avery Knapp"
"california-san-diego","Tatum Jones"
"holy-cross","Megan Roche"
"massachusetts-lowell","Ella Ner"
"sacred-heart","Missy Nuku"
"sacred-heart","Montana Nicks"
"san-francisco","Sol Castro"
"bucknell","Hope Masonius"
"bucknell","Grace Backus"
"fairfield","Alli Campbell"
"providence","Mariana Padilla"
"providence","Austeja Babraitis"
"indiana","Jade Ondineme"
"pittsburgh","Audrey Biggs"
"texas-am","Anita Franchini"
"texas-am","Talia Kavoka"
"albany-ny","Nila Giraud"
"towson","Masyn Marchbanks"
"morgan-state","Jael Butler"
"purdue","Carley Barrett"
"boston-university","Brooke Baisley"
"iupui","Camron Blank"
"iupui","Kaylin Moorehead"
"delaware","Ella Wanzer"
"delaware","Gianna Johnson"
"niagara","Tamaria Rumph"
"nevada-las-vegas","Trystan James"
"rice","Pace Rickard"
"rice","Layla Conley"
"college-of-charleston","Aubrey Stevenson"
"alabama-am","Kaila Walker"
"washington","Elle Ladine"
"lindenwood","Noah Garcia"
"campbell","Jessica Woods"
"iona","Yannie Chan"
"east-carolina","Chimera iloanya"
"butler","McKenna Johnson"
"jackson-state","Ruthie Mbugua"
"northern-colorado","Louise Dykstra"
"gardner-webb","Kiarra Handley"
"austin-peay","Lameria Thomas"
"southeast-missouri-state","Addison Tarr"
"southeast-missouri-state","Evie Caruso"
"william-mary","Aislinn Gibson"
"dixie-state","Rose Boisnel"
"georgia","Aubrey Beckham"
"miami-oh","Ashton Elley"
"loyola-marymount","Ana Milanovic"
"south-carolina-state","Terrannya Medlock"
"winthrop","Jada Ryce"
"san-francisco","Olivia Williams"
"canisius","Ari Parker"
"north-carolina-wilmington","Angelina Pelayo"
"manhattan","Ella Chandler"
"tennessee-martin","Haylee Jarred"
"texas-state","Myla Harbor"
"alabama","Waiata Jennings"
"delaware-state","Anise Geiger"
"minnesota","Zoey Bershers"
"colorado","Isa Hämäläinen"
"north-carolina-at","Rachel Griffin"
"toledo","Kendall Braden"
"american","Ellie Pingree"
"george-mason","Hawa Komara"
"virginia-commonwealth","Makennah White"
"nevada-las-vegas","Alexis Swillis"
"texas-san-antonio","Marie Han"
"washington-state","Lauren Glazier"
"dayton","Marie Grace Talle"
"siena","Alexis Rosenfeld"
"north-texas","Adhel Tac"
"arkansas-state","Payton Fields"
"georgia-southern","Laney Scoggins"
"tulsa","Shamaryah Duncan"
"cal-poly","Gabby Robinson"
"hawaii","Jovi Lefotu"
"california-riverside","Jayda Cobbs"
"eastern-michigan","Marisa Cribari"
"eastern-michigan","Eirini Chatzinikoli"
"loyola-marymount","Paula Reus Piza"
"hofstra","Chloe Sterling"
"northern-colorado","Lilah Moore"
"southeast-missouri-state","Da'Kariya Jackson"
"brigham-young","Kambree Barber"
"virginia","Sa'Myah Smith"
"saint-louis","Ellie Paloucek"
"saint-louis","Marilena Trianafylli"
"colorado","JoJo Nworie"
"marist","Ciara Croker"
"marist","Kasey Bretones"
"loyola-il","Alexus Mobley"
"western-michigan","Mary Clare Brusek"
"new-orleans","Sephora Kayolo"
"southern-methodist","Jasmine Gipson"
"depaul","Shakara McCline"
"depaul","Katelynn Oxley"
"san-jose-state","Briannah McGee"
"georgia-southern","Armani Cooke"
"cincinnati","Paige Whitted"
"gardner-webb","Anaya Harris"
"grambling","Alisha Murray"
"air-force","AJ Mannering"
"marist","Kate Robbins"
"brigham-young","Mariam Traore"
"loyola-marymount","Allison Clarke"
"portland-state","Jamia Carter"
"california-irvine","Summah Hanson"
"college-of-charleston","Jami Hill"
"navy","Grace Minihane"
"maine","Ashlyne Woods"
"american","Grace Koepke"
"colorado","Tabitha Betson"
"southern-indiana","Channah Gannon"
"michigan-state","Ines Sotelo"
"michigan-state","Sara Sambolic"
"murray-state","Destiny Thomas"
"kent-state","Journey Hildebrand"
"grambling","Jakiylah Esco"
"california-baptist","Grace Schmidt"
"detroit-mercy","Rayven McQueen"
"auburn","Eva Garabadian"
"nicholls-state","Tanita Swift"
"ucla","Sienna Betts"
"la-salle","Jana Mbambo Njoya"
"florida-am","Camille Jackson"
"louisville","Grace Mbugua"
"texas","Ashton Judd"
"wyoming","Karoline Lundin"
"weber-state","Alyssa Coombs"
"charleston-southern","Luke Williams"
"charleston-southern","Jesse Hafemeister"
"charleston-southern","Armari Carraway"
"charleston-southern","Jacob Taylor"
"charleston-southern","Lase Olalere"
"charleston-southern","A'lahn Sumler"
"charleston-southern","Brycen Blaine"
"charleston-southern","Trent Coleman"
"charleston-southern","Nate Brafford"
"charleston-southern","Jaquias Franklin"
"charleston-southern","Reis Jones"
"charleston-southern","Devin Brafford"
"north-florida","Kamrin Oriol"
"north-florida","Kent Jackson"
"north-florida","Devin Hines"
"north-florida","Dalton Gayman"
"north-florida","Mason Lee"
"north-florida","BJ Plummer"
"north-florida","Trey Cady"
"north-florida","Nestor Dyachok"
"north-florida","Dante Oliver"
"north-florida","Taylor Thompson"
"charlotte","Spencer Elliott"
"charlotte","Arden Conyers"
"charlotte","Anton Bonke"
"charlotte","Ben Bradford"
"charlotte","Major Freeman"
"charlotte","Ethan Butler"
"charlotte","Damoni Harrison"
"charlotte","Dezayne Mingo"
"charlotte","Kylan Blackmon"
"charlotte","Kuluel Mading"
"charlotte","Raúl Villar"
"lafayette","Andrew Phillips"
"lafayette","Mark Butler"
"lafayette","Caleb Williams"
"lafayette","Christian Humphrey-Rembert"
"lafayette","Shareef Jackson"
"lafayette","KaiMani Murdock"
"lafayette","Joshua Wyche"
"lafayette","Mike Bednostin"
"lafayette","Folabomi Fayemi"
"lafayette","Luke Bevilacqua"
"bradley","Alex Huibregtse"
"bradley","Demarion Burch"
"bradley","Jaquan Johnson"
"bradley","Ahmet Jonovic"
"bradley","AJ Smith"
"bradley","Montana Wheeler"
"bradley","Timoty van der Knaap"
"bradley","Corey Thomas"
"bradley","Kai Yu"
"bradley","Dietrich Richardson"
"indiana-state","Camp Wagner"
"indiana-state","Ian Scott"
"indiana-state","Xavier Hall"
"indiana-state","Derek Vorst"
"indiana-state","Sterling Young"
"indiana-state","Jo Van Buggenhout"
"indiana-state","Bruno Alocen"
"indiana-state","Enel St. Bernard"
"indiana-state","Cooper Bean"
"american","Greg Jones"
"american","Kade Sebastian"
"american","Geoff Sprouse"
"american","Wyatt Nausadis"
"american","Julen Iturbe"
"american","Madden Collins"
"american","Chris Eagan"
"american","Dean Hogans"
"american","Luke Brown"
"american","Jack Anderson"
"american","Matthew Casey"
"virginia-commonwealth","Nyk Lewis"
"virginia-commonwealth","Lazar Djokovic"
"virginia-commonwealth","Barry Evans"
"virginia-commonwealth","Jadrian Tracey"
"virginia-commonwealth","Brandon Jennings"
"virginia-commonwealth","Terrence Hill Jr."
"virginia-commonwealth","Michael Belle"
"virginia-commonwealth","Keyshawn Mitchell"
"virginia-commonwealth","Jordan Tillery"
"virginia-commonwealth","Ahmad Nowell"
"virginia-commonwealth","Jordann Dumont"
"virginia-commonwealth","Tyrell Ward"
"eastern-illinois","Kooper Jacobi"
"eastern-illinois","Meechie White"
"eastern-illinois","Terry McMorris"
"eastern-illinois","Andre Washington"
"eastern-illinois","Nazareth Fisher"
"eastern-illinois","Zion Fruster"
"eastern-illinois","Andrew Austin"
"eastern-illinois","Preston Turner"
"eastern-illinois","Prince Johnson"
"southern-illinois-edwardsville","Ring Malith"
"southern-illinois-edwardsville","Jack Campion"
"southern-illinois-edwardsville","Jo Valrie"
"southern-illinois-edwardsville","Jordan Pickett"
"southern-illinois-edwardsville","Arnas Sakenis"
"southern-illinois-edwardsville","Harrison Alexander"
"southern-illinois-edwardsville","Kyle Thomas"
"southern-illinois-edwardsville","Darrion Baker"
"southern-illinois-edwardsville","CJ Hall"
"southern-illinois-edwardsville","Darius Robinson Jr."
"drake","Jalen Quinn"
"drake","Owen Larson"
"drake","Okku Federiko"
"drake","Andrew Alia"
"drake","Wilguens Jr. Exacte"
"drake","Jaehshon Thomas"
"drake","Eli Shetlar"
"drake","Griffen Goodbary"
"drake","Braden Appelhans"
"murray-state","Layne Taylor"
"murray-state","Fredrick King"
"murray-state","JJ Traynor"
"murray-state","Mason Miller"
"murray-state","Javon Jackson"
"murray-state","Mathis Courbon"
"murray-state","Roman Domon"
"murray-state","Brayden Shorter"
"murray-state","KJ Tenner"
"murray-state","Dylan Anderson"
"murray-state","Brock Vice"
"louisiana-lafayette","De'Vion Lavergne"
"louisiana-lafayette","Dorian Finister"
"louisiana-lafayette","Milan Mejia"
"louisiana-lafayette","Todd Jones"
"louisiana-lafayette","Joshua Lewis"
"louisiana-lafayette","Jaxon Olvera"
"louisiana-lafayette","Jeremiah Evans"
"louisiana-lafayette","Dariyus Woodson"
"louisiana-lafayette","Michael Collins"
"louisiana-lafayette","Kyran Ratliff"
"louisiana-lafayette","Michael Mouton"
"southern-mississippi","Curt Lewis"
"southern-mississippi","Tylik Weeks"
"southern-mississippi","Dylan Brumfield"
"southern-mississippi","Djahi Binet"
"southern-mississippi","Isaac Taveres"
"southern-mississippi","Chiante Tramble"
"southern-mississippi","Israel Hart"
"southern-mississippi","Tegra Izay"
"southern-mississippi","Brewer Carruth"
"southern-mississippi","Felipe Patino"
"arkansas-pine-bluff","Kristyna Boyd"
"oregon","Sammie Wagner"
"gardner-webb","Curtis Williams"
"gardner-webb","Colin Hawkins"
"gardner-webb","Spence Sims"
"gardner-webb","Jacob Hogarth"
"gardner-webb","Aaron Talbert"
"gardner-webb","Jacob Hudson"
"gardner-webb","Bo Barber"
"gardner-webb","Jamias Ferere"
"gardner-webb","D.J. Jefferson"
"gardner-webb","NaVuan Peterson"
"gardner-webb","Riek Riek"
"gardner-webb","Cameron Gales"
"gardner-webb","Ahmadou Ndiaye"
"gardner-webb","Paul Lindberg"
"gardner-webb","Isaiah Hicks"
"yale","Mary Meng"
"hampton","Jalyke Gaines-Wyatt"
"hampton","Michael Eley"
"hampton","Etienne Strothers"
"hampton","Josh Ogundele"
"hampton","Daniel Johnson"
"hampton","Xzavier Long"
"hampton","Christian Watson"
"hampton","Eunique Rink"
"hampton","Elijah Kennedy"
"hampton","Peter Oduro"
"hampton","Quintin Cooper"
"hampton","Aidan Haskins"
"jackson-state","Jayme Mitchell"
"jackson-state","Dorian McMillian"
"jackson-state","Daeshun Ruffin"
"jackson-state","Mike Williams"
"jackson-state","Dionjahe Thomas"
"jackson-state","Devin Ree"
"jackson-state","Tamarion Hoover"
"jackson-state","Kobe Butler"
"jackson-state","Raevon Thomas"
"jackson-state","Delyle Williams"
"jackson-state","Ebo Wilson"
"jackson-state","Cael Jones"
"appalachian-state","Kasen Jennings"
"appalachian-state","Alonzo Dodd"
"appalachian-state","Luke Wilson"
"appalachian-state","Michael Marcus Jr."
"appalachian-state","Eren Banks"
"appalachian-state","Jason Clarke Jr."
"appalachian-state","Chad Moodie"
"appalachian-state","Jalen Tot"
"appalachian-state","Andrin Njock"
"appalachian-state","Jacari Brim"
"coastal-carolina","RaSheed Jones"
"coastal-carolina","Reggie Hill"
"coastal-carolina","AJ Dancler"
"coastal-carolina","Joshua Beadle"
"coastal-carolina","Nadjrick Peat"
"coastal-carolina","DaJohn Craig"
"coastal-carolina","Jerry Ngopot"
"coastal-carolina","Tristan Thompson"
"coastal-carolina","Braeden MacVicar"
"coastal-carolina","Derrick Green"
"north-carolina-asheville","DJ Patrick"
"north-carolina-asheville","Kameron Taylor"
"north-carolina-asheville","Justin Wright"
"north-carolina-asheville","Myles Mayfield"
"north-carolina-asheville","David Hermes"
"north-carolina-asheville","Toyaz Solomon"
"north-carolina-asheville","Sage Tolentino"
"north-carolina-asheville","Corey Jones"
"north-carolina-asheville","Jake Powell"
"north-carolina-asheville","Julian Clarke"
"north-carolina-asheville","Daniel Thomas"
"north-carolina-asheville","Rasheed Baldwin"
"north-carolina-asheville","Hugo Maton"
"saint-francis-pa","Desire Short"
"central-connecticut-state","James Jones"
"central-connecticut-state","Jay Rodgers"
"central-connecticut-state","Darin Smith Jr."
"central-connecticut-state","Max Frazier"
"central-connecticut-state","Elijah Parker"
"central-connecticut-state","Melo Sanchez"
"central-connecticut-state","Daniel Etiosa James"
"central-connecticut-state","Ashton Reynolds"
"central-connecticut-state","Ja'Kobe Williams"
"central-connecticut-state","Gabe Spinelli"
"central-connecticut-state","Roddy Jones"
"fairfield","Brandon Benjamin"
"fairfield","Braden Sparks"
"fairfield","Declan Wucherpfennig"
"fairfield","Tony Williams"
"fairfield","Halon Rawlins"
"fairfield","Deuce Turner"
"fairfield","Eric Mejia"
"fairfield","Ryan Zan"
"fairfield","Isaac Munkadi"
"fairfield","Cam Estevez"
"fairfield","Nasir Rodriguez"
"davidson","Parker Friedrichsen"
"davidson","Josh Scovens"
"davidson","Ian Platteeuw"
"davidson","Sam Brown"
"davidson","Devin Brown"
"davidson","Roberts Blums"
"davidson","Nick Coval"
"davidson","Hunter Adam"
"davidson","JaQualon ""JQ"" Roberts"
"davidson","Manie Joses"
"davidson","Joe Hurlburt"
"temple","Derrian Ford"
"temple","Jordan Mason"
"temple","Aiden Tobiason"
"temple","Ayuba Bryant Jr."
"temple","Jamai Felt"
"temple","Cam Wallace"
"temple","Babatunde Durodola"
"temple","Spencer Mahoney"
"temple","Mohamed Keita"
"georgia","Jordan Ross"
"georgia","Blue Cain"
"georgia","Somto Cyril"
"georgia","Kanon Catchings"
"georgia","Jeremiah Wilkinson"
"georgia","Marcus Millender"
"georgia","Justin Bailey"
"georgia","Jake Wilkins"
"georgia","Kareem Stagg"
"georgia","Dylan James"
"georgia","Justin Abson"
"georgia","Brandon Klatsky"
"georgia","Jaden Newell"
"western-carolina","Marcus Kell"
"western-carolina","Cord Stansberry"
"western-carolina","CJ Hyland"
"western-carolina","Adbulai Fanta Kabba"
"western-carolina","Julien Soumaoro"
"western-carolina","Tidjiane Dioumassi"
"western-carolina","Tayeshaun Smith"
"western-carolina","Justin Johnson"
"western-carolina","Tahlan Pettway"
"western-carolina","Samuel Dada"
"western-carolina","Fischer Brown"
"grambling","Roderick Coffee III"
"grambling","Antonio Munoz"
"grambling","Rickey Ballard"
"grambling","Devyn Franklin"
"grambling","Jimel Lane"
"grambling","Derrius Ward"
"grambling","Jamil Muttilib"
"grambling","Mekhi Fitts"
"grambling","P.J. Edwards"
"grambling","Richard Amaefule"
"grambling","Chancellor Perkins"
"norfolk-state","Devon Ellis"
"norfolk-state","Elijah Jamison"
"norfolk-state","Anthony McComb III"
"norfolk-state","Jordan Leaks"
"norfolk-state","Keyontae Lewis"
"norfolk-state","Jaquel Morris"
"norfolk-state","My'kel Jenkins"
"norfolk-state","Adrean Newton"
"norfolk-state","Dian Wright-Forde"
"norfolk-state","Rodney Baines"
"norfolk-state","Yel Deeng"
"lehigh","Peter Kramer"
"lehigh","Nasir Whitlock"
"lehigh","Hank Alvey"
"lehigh","Joshua Ingram"
"lehigh","Caleb Thomas"
"lehigh","Andrew Urosevic"
"lehigh","Jalen Vazquez"
"lehigh","Alfredo Addesa"
"lehigh","Jake Pike"
"lehigh","Henri Adiassa"
"lehigh","Tommy Conniff"
"lehigh","Brendan Reed"
"furman","Asa Thomas"
"furman","Ben VanderWal"
"furman","Charles Johnston"
"furman","Alex Wilkins"
"furman","Cooper Bowser"
"furman","Tom House"
"furman","Eddrin Bronson"
"furman","Abijah Franklin"
"manhattan","Jaden Winston"
"manhattan","Devin Dinkins"
"manhattan","Marko Ljubicic"
"manhattan","Fraser Roxburgh"
"manhattan","Erik Oliver-Bush"
"manhattan","Terrance Jones"
"manhattan","Anthony Isaac"
"manhattan","Jackson Delaney"
"houston-baptist","Martyna Czescik"
"northern-arizona","Ryan Abelman"
"northern-arizona","Arne Osojnik"
"northern-arizona","Kavon Bradford"
"northern-arizona","Zack Davidson"
"northern-arizona","Isaiah Shaw"
"northern-arizona","Karl Markus Poom"
"northern-arizona","Chris Komin"
"northern-arizona","Traivar Jackson"
"northern-arizona","Oakland Fort"
"northern-arizona","Brennan Peterson"
"southern-utah","Tanner Hayhurst"
"southern-utah","Zach Bell"
"southern-utah","Isaiah Cottrell"
"southern-utah","Jaiden Feroah"
"southern-utah","Elijah Duval"
"southern-utah","Lorenzo Abellar"
"southern-utah","Cale Barclay"
"southern-utah","Kai Burdick"
"southern-utah","Jalen Lee"
"southern-utah","Logan Stephens"
"delaware-state","Corey Perkins"
"delaware-state","Ponce James"
"delaware-state","Bessanty Saragba"
"delaware-state","Ademar Santos"
"delaware-state","Muazibini Adamu"
"delaware-state","Camian Shell"
"delaware-state","Cyril Obasogie"
"delaware-state","Dean Shepherd"
"delaware-state","John Clemmons"
"delaware-state","Zion Bethea"
"delaware-state","Jalen StClair"
"delaware-state","Omar Stephen"
"saint-josephs","Austin Williford"
"saint-josephs","Anthony Finkley"
"saint-josephs","Dasear Haskins"
"saint-josephs","Derek Simpson"
"saint-josephs","Justice Ajogbor"
"saint-josephs","Khaafiq Myers"
"saint-josephs","Mekai Johnson"
"saint-josephs","Kevin Kearney"
"saint-josephs","Jaden Smith"
"saint-josephs","Steven Solano"
"saint-josephs","Billy Rayer"
"radford","Del Jones"
"radford","Dennis Parker Jr."
"radford","Jaylon Johnson"
"radford","Tyson Brown"
"radford","Lukas Walls"
"radford","Brennan Rigsby"
"radford","Mari Jordan"
"radford","Frederik Erichsen"
"radford","Louie Jordan"
"radford","Warren Keel"
"william-mary","Kyle Pulliam"
"william-mary","Chase Lowe"
"william-mary","Kilian Brockhoff"
"william-mary","Tunde Vahlberg Fasasi"
"william-mary","Cade Haskins"
"william-mary","Reese Miller"
"william-mary","Jo'el Emanuel"
"william-mary","Jhei-R Jones"
"william-mary","Finn Lally"
"william-mary","Ryan Jackson Jr."
"georgia-southern","Tavarus Webb"
"georgia-southern","Alden Applewhite"
"georgia-southern","Tyren Moore"
"georgia-southern","Shainen Carter"
"georgia-southern","Jayden Williams"
"georgia-southern","Khayri Dunn"
"georgia-southern","Nakavieon White"
"georgia-southern","Andres Burney"
"georgia-southern","Tsvet Sotirov"
"georgia-state","Micah Tucker"
"georgia-state","Jelani Hamilton"
"georgia-state","Malachi Brown"
"georgia-state","Anthony Enoh"
"georgia-state","Trey Scott III"
"georgia-state","Ayouba Berthe"
"georgia-state","Jakai Newton"
"georgia-state","James Cooper"
"georgia-state","Christian Beam"
"georgia-state","Christopher Jones"
"georgia-state","Isaiah Sherrard"
"lindenwood","Dontrez Williams"
"lindenwood","Jadis Jones"
"lindenwood","Anias Futrell"
"lindenwood","Mekhi Cooper"
"lindenwood","Milos Nenadic"
"lindenwood","Clayton Jackson"
"lindenwood","Robert Lewis"
"lindenwood","Jeremiah Talton"
"lindenwood","Todd Bieg"
"lindenwood","William Campbell"
"lindenwood","Tidiane d'Almeida"
"western-illinois","Lucas Lorenzen"
"western-illinois","Antwaun Massey"
"western-illinois","Karyiek Dixon"
"western-illinois","Makai Kvamme"
"western-illinois","Isaiah Griffin"
"western-illinois","Tyran Cook"
"western-illinois","Francis Okwuosah"
"western-illinois","Danny Stephens"
"western-illinois","Goanar Biliew"
"western-illinois","Nick Hittle"
"western-illinois","Ifiok Peter"
"western-illinois","Marcus Pigram"
"north-dakota","Eli King"
"north-dakota","Garrett Anderson"
"north-dakota","George Natsvishvili"
"north-dakota","Greyson Uelmen"
"north-dakota","Zach Kraft"
"north-dakota","Anthony Smith lll"
"north-dakota","Josh Jones"
"north-dakota","Wylee Delorme"
"north-dakota","Reggie Thomas"
"north-dakota","Karson Ouse"
"winthrop","Kody Clouet"
"winthrop","Kareem Rozier"
"winthrop","Daylen Berry"
"winthrop","Isaiah Wilson"
"winthrop","Edward Nnamoko"
"winthrop","Josh Meo"
"winthrop","Logan Duncomb"
"winthrop","Tommy Kamarad"
"winthrop","Seifeldin Hendawy"
"winthrop","Pharell Boyogueno"
"winthrop","Tai Hamilton"
"missouri-kansas-city","Karmello Branch"
"missouri-kansas-city","Jayson Petty"
"missouri-kansas-city","Kasheem Grady II"
"missouri-kansas-city","Jerome Palm"
"missouri-kansas-city","U'Riyah Evans"
"missouri-kansas-city","Chris Dockery"
"missouri-kansas-city","Jamaria Clark"
"missouri-kansas-city","Addarin Scott"
"oklahoma-state","Christian Coleman"
"oklahoma-state","Vyctorius Miller"
"oklahoma-state","Anthony Roy"
"oklahoma-state","Andrija Vukovic"
"oklahoma-state","Kanye Clary"
"oklahoma-state","Jaylen Curry"
"oklahoma-state","Isaiah Coleman"
"oklahoma-state","Ryan Crotty"
"oklahoma-state","Benjamin Ahmed"
"oklahoma-state","Kirk Cole"
"oklahoma-state","Mekhi Ragland"
"oklahoma-state","Daniel Guetta"
"arkansas-little-rock","Cameron Wallace"
"arkansas-little-rock","Kachi Nzeh"
"arkansas-little-rock","Johnathan Lawson"
"arkansas-little-rock","Braxton Bayless"
"arkansas-little-rock","Tuongthach Gatkek"
"arkansas-little-rock","Tracy Steele Jr."
"southern-indiana","Ismail Habib"
"southern-indiana","Tolu Samuels"
"southern-indiana","Ola Ajiboye"
"southern-indiana","Sheridan Sharp"
"southern-indiana","Kaden Brown"
"southern-indiana","Cardell Bailey"
"southern-indiana","Ben Ezeagu"
"southern-indiana","Josiah Dunham"
"southern-indiana","Steven Clay"
"tennessee-martin","Andrija Bukumirović"
"tennessee-martin","Filip Radaković"
"tennessee-martin","Matas Deniusas"
"tennessee-martin","Filip Petkovski"
"tennessee-martin","Pedro Santos"
"tennessee-martin","Afan Trnka"
"tennessee-martin","Vladimir Khryapa"
"tennessee-martin","AJ Hopkins"
"tennessee-martin","Damien King"
"tennessee-martin","Luca Colceag"
"tennessee-martin","Lamine Niang"
"tennessee-state","Travis Harper II"
"tennessee-state","Aaron Nkrumah"
"tennessee-state","Dante Harris"
"tennessee-state","Jalen Pitre"
"tennessee-state","Antoine Lorick III"
"tennessee-state","Carlous Williams"
"tennessee-state","Khalil London"
"tennessee-state","Kavien Jones"
"tennessee-state","Jabrion Spikes"
"southeast-missouri-state","Braxton Stacker"
"southeast-missouri-state","BJ Ward"
"southeast-missouri-state","Marqueas Bell"
"southeast-missouri-state","Landren Blocker"
"southeast-missouri-state","David Idada"
"southeast-missouri-state","Luke Almodovar"
"southeast-missouri-state","Troy Cole Jr."
"southeast-missouri-state","PJ Farmer"
"southeast-missouri-state","Elliot Lowndes"
"southeast-missouri-state","Brendan Terry"
"southeast-missouri-state","Trace Sadler"
"tennessee-tech","Ty Owens"
"tennessee-tech","Brandon Muntu"
"tennessee-tech","Dani Pounds"
"tennessee-tech","Mekhi Cameron"
"tennessee-tech","C.J. McPherson"
"tennessee-tech","Ja'Quavian Florence"
"tennessee-tech","JaJuan Nicholls"
"tennessee-tech","Malik Ferguson"
"tennessee-tech","Jah'Kim Payne"
"oral-roberts","Ty Harper"
"oral-roberts","Yuto Yamanouchi"
"oral-roberts","Ofri Naveh"
"oral-roberts","Connor Dow"
"oral-roberts","Cal Furnish"
"oral-roberts","Martins Kilups"
"oral-roberts","Jack Turner"
"oral-roberts","Baron Smith Jr."
"oral-roberts","Luke Gray"
"oral-roberts","Chase Martin"
"oral-roberts","Aaron Jacob"
"texas-christian","Brock Harding"
"texas-christian","David Punch"
"texas-christian","Jayden Pierre"
"texas-christian","Liutauras Lelevicius"
"texas-christian","Xavier Edmonds"
"texas-christian","Tanner Toolson"
"texas-christian","Micah Robinson"
"texas-christian","Jace Posey"
"texas-christian","Kayden Edwards"
"texas-christian","RJ Jones"
"cal-state-bakersfield","AJ George"
"cal-state-bakersfield","Jaden Alexander"
"cal-state-bakersfield","Ron Jessamy"
"cal-state-bakersfield","CJ Hardy"
"cal-state-bakersfield","Pierre Geneste Jr."
"cal-state-bakersfield","Kadar Waller"
"cal-state-bakersfield","Mike Price"
"cal-state-bakersfield","Bentley Waller"
"cal-state-bakersfield","Dylan Purnell"
"cal-state-bakersfield","TJ James Jr."
"idaho-state","Connor Hollenbeck"
"idaho-state","Martin Kheil"
"idaho-state","Lachlan Brewer"
"idaho-state","Jamison Guerra"
"idaho-state","Evan Otten"
"idaho-state","Caleb Van De Griend"
"idaho-state","Cheikh Sow"
"idaho-state","Gus Etchison"
"idaho-state","Quin Patterson"
"idaho-state","Blake Daberkow"
"illinois-state","Ty Pence"
"illinois-state","Chase Walker"
"illinois-state","Boden Skunberg"
"illinois-state","Johnny Kinziger"
"illinois-state","Ty'Reek Coleman"
"illinois-state","Landon Wolf"
"illinois-state","Mason Klabo"
"illinois-state","Landon Moore"
"illinois-state","Brandon Lieb"
"illinois-state","Cameron Barnes"
"illinois-state","Jack Daugherty"
"southern-illinois","Quel'Ron House"
"southern-illinois","Drew Steffe"
"southern-illinois","Damien Mayo Jr."
"southern-illinois","Rolyns Aligbe"
"southern-illinois","Davion Sykes"
"southern-illinois","Max Pikaar"
"southern-illinois","Jorge Moreno"
"southern-illinois","Jalen Haynes"
"southern-illinois","Isaiah Stafford"
"long-beach-state","Petar Majstorovic"
"long-beach-state","Gavin Sykes"
"long-beach-state","Isaiah Lewis"
"long-beach-state","Cole Farrell"
"long-beach-state","Demarshay Johnson Jr."
"long-beach-state","Leopold Levillain"
"long-beach-state","Rob Diaz"
"long-beach-state","Shaquil Bender"
"long-beach-state","Christian Jones"
"long-beach-state","JJ Chaikovsky"
"pepperdine","Danilo Dozic"
"pepperdine","Styles Phipps"
"pepperdine","Yonatan Levy"
"pepperdine","Aaron Clark"
"pepperdine","Pavle Stosic"
"pepperdine","Javon Cooley"
"pepperdine","Luka Vudragovic"
"pepperdine","Stefan Cicic"
"pepperdine","David Mager"
"pepperdine","Vladimir Sudar"
"drexel","Victor Panov"
"drexel","Shane Blakeney"
"drexel","Kevon Vanderhorst"
"drexel","Eli Beard"
"drexel","Martin de Laporterie"
"drexel","Josh Reed"
"drexel","Ralph Akuta"
"drexel","Villiam Garcia Adsten"
"mount-st-marys","Xavier Lipscomb"
"mount-st-marys","Trey Deveaux"
"mount-st-marys","Arlandus Keyes"
"mount-st-marys","Justin Amadi"
"mount-st-marys","Mason So"
"mount-st-marys","Anthony Arrington"
"mount-st-marys","Yakhya Diop"
"mount-st-marys","Abdou Khadre Kébé"
"mount-st-marys","Anastasios Rozakeas"
"florida-state","Martin Somerville"
"florida-state","Robert McCray V"
"florida-state","Lajae Jones"
"florida-state","Kobe MaGee"
"florida-state","Alex Steen"
"florida-state","Cam Miles"
"florida-state","Chauncey Wiggins"
"florida-state","AJ Swinton"
"florida-state","Alier Maluk"
"florida-state","Thomas Bassong"
"florida-state","Shahid Muhammad"
"mississippi-valley-state","Lamont Sams"
"mississippi-valley-state","Michael James"
"mississippi-valley-state","Delkedric Holmes"
"mississippi-valley-state","Patrick Punch"
"mississippi-valley-state","Mussa Mzein"
"mississippi-valley-state","X’Zaevion Barnett"
"mississippi-valley-state","Chance Sutton"
"mississippi-valley-state","Tyrone Iroghama"
"providence","Jaylin Sellers"
"providence","Jamier Jones"
"providence","Corey Floyd Jr."
"providence","Jason Edwards"
"providence","Oswin Erhunmwunse"
"providence","Stefan Vaaks"
"providence","Duncan Powell"
"providence","Ryan Mela"
"providence","Cole Hargrove"
"seton-hall","Adam Clark"
"seton-hall","Elijah Fisher"
"seton-hall","Stephon Payne III"
"seton-hall","Mike Williams III"
"seton-hall","A.J. Staton-McCray"
"seton-hall","TJ Simpkins"
"seton-hall","Trey Parker"
"seton-hall","Josh Rivera"
"seton-hall","Godswill Erheriene"
"seton-hall","Jacob Dar"
"towson","Tyler Coleman"
"towson","Dylan Williamson"
"towson","Tyler Tejada"
"towson","Chike Ndefo"
"towson","Caleb Embeya"
"towson","Jaquan Womack"
"towson","Jaiden Cole"
"towson","Tyler Schmidt"
"towson","Jack Doumbia"
"towson","Mor Seck"
"towson","Ryan Skerry"
"alcorn-state","Nick Woodard"
"alcorn-state","Shane Lancaster"
"alcorn-state","Jameel Morris"
"alcorn-state","Omari Hamilton"
"alcorn-state","Tycen McDaniels"
"alcorn-state","Davian Williams"
"alcorn-state","Bryson Calamese"
"alcorn-state","Mike Jones"
"alcorn-state","Travis Roberts"
"alcorn-state","Will Henderson"
"alcorn-state","Jeremy Ellis"
"baylor","Obi Agbim"
"baylor","Michael Rataj"
"baylor","Tounde Yessoufou"
"baylor","Cameron Carr"
"baylor","Daniel Skillings Jr."
"baylor","Caden Powell"
"baylor","Isaac Williams"
"baylor","Will Kuykendall"
"baylor","Drew Perry"
"missouri-state","Angel Scott"
"villanova","Duke Brennan"
"villanova","Tyler Perkins"
"villanova","Matthew Hodge"
"villanova","Bryce Lindsay"
"villanova","Acaden Lewis"
"villanova","Devin Askew"
"villanova","Malachi Palmer"
"villanova","Tafara Gapare"
"villanova","Braden Pierce"
"wisconsin","Nolan Winter"
"wisconsin","Nick Boyd"
"wisconsin","John Blackwell"
"wisconsin","Andrew Rohde"
"wisconsin","Aleksas Bieliauskas"
"wisconsin","Austin Rapp"
"wisconsin","Jack Janicki"
"wisconsin","Hayden Jones"
"wisconsin","Will Garlock"
"abilene-christian","Chilaydrien Newton"
"abilene-christian","Joseph Venzant"
"abilene-christian","Rich Smith"
"abilene-christian","Bradyn Hubbard"
"abilene-christian","Joseph Scott"
"abilene-christian","Cade Hornecker"
"abilene-christian","Zy Wright"
"abilene-christian","Tylan LEWIS"
"abilene-christian","Christian Alston"
"abilene-christian","Ma'Shy Hill"
"abilene-christian","Isaac Dye"
"abilene-christian","Isaiah Carrillo"
"brigham-young","AJ Dybantsa"
"brigham-young","Robert Wright III"
"brigham-young","Kennard Davis"
"brigham-young","Richie Saunders"
"brigham-young","Khadim Mboup"
"brigham-young","Mihailo Boskovic"
"brigham-young","Tyler Mrus"
"brigham-young","Aleksej Kostić"
"brigham-young","Dominique Diomande"
"brigham-young","Xavion Staton"
"california","Chris Bell"
"california","Semetri (TT) Carr"
"california","John Camden"
"california","Dai Dai Ames"
"california","Lee Dort"
"california","Nolan Dorsey"
"california","Milos Ilic"
"california","Mantas Kocanas"
"california","BJ Fisher"
"california","Dhiaukuei Manyiel Dut"
"california","Stephon Marbury II"
"california","Luke Butler"
"morgan-state","Rob Lawson"
"morgan-state","Christian Meeks"
"morgan-state","Eugene Alvin"
"morgan-state","Christian Oliver"
"morgan-state","Alfred Worrell Jr."
"morgan-state","Walter Peggs Jr."
"morgan-state","Manok Lual"
"morgan-state","Matar Wade"
"morgan-state","David Bumpass"
"morgan-state","Dallas James"
"morgan-state","Marland Harris"
"morgan-state","Breon Barnett"
"seattle","Will Heimbrodt"
"seattle","Jun Seok Yeo"
"seattle","Maleek Arington"
"seattle","Brayden Maldonado"
"seattle","Austin Maurer"
"seattle","Miles Amos"
"seattle","John Christofilis"
"seattle","Houran Dan"
"seattle","Brock Felder"
"seattle","Jojo Murphy"
"washington","Hannes Steinbach"
"washington","Zoom Diallo"
"washington","Desmond Claude"
"washington","Franck Kepnang"
"washington","Wesley Yates III"
"washington","Quimari Peterson"
"washington","Bryson Tucker"
"washington","JJ Mandaquit"
"washington","Lathan Sommerville"
"cal-poly","Cayden Ward"
"cal-poly","Peter Bandelj"
"cal-poly","Hamad Mousa"
"cal-poly","Ali Assran"
"cal-poly","Austin Goode"
"cal-poly","Kieran Elliott"
"cal-poly","Luka Tarlac"
"cal-poly","Guzman Vasilic"
"cal-poly","Troy Plumtree"
"cal-poly","Jason Scott"
"cal-poly","Aaron Price Jr."
"ucla","Eric Dailey Jr."
"ucla","Donovan Dent"
"ucla","Tyler Bilodeau"
"ucla","Skyy Clark"
"ucla","Xavier Booker"
"ucla","Jamar Brown"
"ucla","Trent Perry"
"ucla","Brandon Williams"
"ucla","Eric Freeny"
"ucla","Steven Jamerson II"
"ucla","Christian Horry"
"ucla","Jack Seidler"
"dartmouth","Kareem Thomas"
"dartmouth","Connor Amundsen"
"dartmouth","Brandon Mitchell-Day"
"dartmouth","Jayden Williams"
"dartmouth","Jackson Munro"
"dartmouth","Cameron McNamee"
"dartmouth","Niko Abusara"
"dartmouth","Cameron Hiatt"
"dartmouth","Patrick Tivnan Jr."
"sacred-heart","Dashon Gittens"
"sacred-heart","Mekhi Conner"
"sacred-heart","Nyle Ralph-Beyer"
"sacred-heart","Yann Farell"
"sacred-heart","Abdou Yadd"
"sacred-heart","Fallou Gueye"
"sacred-heart","Jaden Slaughter"
"sacred-heart","Taj Bryant"
"sacred-heart","Lucius Gibson-Savadel"
"mercyhurst","Quinn Borroni"
"south-carolina-state","Jayden Johnson"
"south-carolina-state","Cameron Clark"
"south-carolina-state","Owen Bronston, Jr."
"south-carolina-state","Florian Tenebay"
"south-carolina-state","Derwin Hodge"
"south-carolina-state","Christopher Parker"
"south-carolina-state","James Morrow"
"south-carolina-state","Noah Treadwell"
"south-carolina-state","Rayniel Wright"
"south-carolina-state","D'Shay Wright"
"south-carolina-state","Teon Tindal"
"south-carolina-state","Tim Okojie"
"stonehill","Amaya Dowdy"
"florida-atlantic","Erin Rodgers"
"samford","Cade Norris"
"samford","Isaiah Campbell-Finch"
"samford","Zion Willburn"
"samford","Kam Martin"
"samford","Dylan Faulkner"
"samford","Judson Bjornstad"
"samford","Caleb Harrison"
"samford","Will Shaver"
"samford","Zach Lamey"
"samford","Corey Brown"
"wofford","Sara Deidda"
"fairleigh-dickinson","Joey Niesman"
"fairleigh-dickinson","Taeshaud Jackson"
"fairleigh-dickinson","Eric Parnell"
"fairleigh-dickinson","Raysean Johnson"
"fairleigh-dickinson","Cyril Martynov"
"fairleigh-dickinson","Noah Melson"
"fairleigh-dickinson","Ras Elijah Godbolt"
"fairleigh-dickinson","Sebastian Haubro"
"fairleigh-dickinson","Josiah Francis"
"fairleigh-dickinson","David Jevtic"
"fairleigh-dickinson","Cole Alexander"
"fairleigh-dickinson","Tyler McQuaid"
"hampton","Kody Williams"
"milwaukee","Danilo Jovanovich"
"milwaukee","Josh Dixon"
"milwaukee","Isaiah Dorceus"
"milwaukee","Faizon Fields"
"milwaukee","Aaron Franklin"
"milwaukee","Amar Augillard"
"milwaukee","Chandler Jackson"
"milwaukee","Simeon Murchison"
"milwaukee","Esyah Pippa-White"
"milwaukee","Tate MacKenzie"
"south-dakota-state","Kalen Garry"
"south-dakota-state","Jaden Jackson"
"south-dakota-state","Joe Sayler"
"south-dakota-state","Matthew Mors"
"south-dakota-state","Alec Squires"
"south-dakota-state","Jaden Rogers"
"south-dakota-state","Damon Wilkinson"
"south-dakota-state","Bubz Alvarez"
"south-dakota-state","Luke Haertle"
"south-dakota-state","Caleb Delzell"
"coppin-state","Tyler Koenig"
"coppin-state","Baasil Saunders"
"coppin-state","Khali Horton"
"coppin-state","Daveyon Lydner"
"coppin-state","Chrisdon Morgan"
"coppin-state","Torrin Andrews"
"coppin-state","Taj Thweatt"
"coppin-state","Hussain Williams"
"coppin-state","Nelson Lamizana"
"coppin-state","Hassan Perkins"
"coppin-state","Jamari Piercy"
"coppin-state","Favour Aire"
"navy","Aidan Kehoe"
"navy","Jinwoo Kim"
"navy","Austin Benigni"
"navy","Mike Woods"
"navy","Donovan Draper"
"navy","Jordan Pennick"
"navy","Cam Cole"
"navy","Sam Krist"
"navy","Nyles Howard"
"navy","Cooper Jackson"
"navy","Jerry Ashley Jr."
"navy","Cam Cormany"
"cal-state-northridge","Larry Hughes Jr."
"cal-state-northridge","Davius Loury"
"cal-state-northridge","Josiah Davis"
"cal-state-northridge","Joshua O'Garro"
"cal-state-northridge","Mahmoud Fofana"
"cal-state-northridge","James Evans Jr."
"cal-state-northridge","Aleksander Szymczyk"
"cal-state-northridge","Jordan Brinson"
"cal-state-northridge","Jai Chisolm"
"cal-state-northridge","Grady Lewis"
"cal-state-northridge","Greg Gazarian"
"cal-state-northridge","Robert Thibiant"
"cal-state-northridge","Joseph Barrio"
"akron","Tavari Johnson"
"akron","Sharron Young"
"akron","Amani Lyles"
"akron","Evan Mahaffey"
"akron","Zach Halligan"
"akron","Bowen Hardman"
"akron","Eric Mahaffey"
"akron","Shammah Scott"
"akron","Marvin Musiime-Kamali"
"akron","Ognjen Stankovic"
"akron","Rich Brisco"
"akron","Conner Groce"
"eastern-michigan","Carlos Hart"
"eastern-michigan","Addison Patterson"
"eastern-michigan","Mohammad Habhab"
"eastern-michigan","Jon Sanders"
"eastern-michigan","Godslove Nwabude"
"eastern-michigan","Aidan Rubio"
"eastern-michigan","Braelon Green"
"eastern-michigan","Gregory Lawson"
"eastern-michigan","Mehki Ellison"
"eastern-michigan","Mak Manciel"
"eastern-michigan","John Shanu II"
"eastern-michigan","Merritt Alderink"
"high-point","Terry Anderson"
"high-point","Owen Aquino"
"high-point","Scotty Washington"
"high-point","Rob Martin"
"high-point","Braden Hausen"
"high-point","Conrad Martinez"
"high-point","Vincent Brady II"
"high-point","Chase Johnston"
"high-point","Caden Miller"
"high-point","Youssouf Singare"
"la-salle","Jaeden Marshall"
"la-salle","Josiah Harris"
"la-salle","Eric Acker"
"la-salle","Truth Harris"
"la-salle","Bowyn Beatty"
"la-salle","Ashton Walker"
"la-salle","Rob Dockery"
"la-salle","Edwin Daniel"
"la-salle","Justin Archer"
"la-salle","Damon Strand"
"jackson-state","Deyan Kolev"
"norfolk-state","Mekhi Reid"
"mount-st-marys","Lenora Nkangwen"
"tulsa","Ade Popoola"
"tulsa","Miles Barnstable"
"tulsa","Tylen Riley"
"tulsa","David Green"
"tulsa","Tyler Behrend"
"tulsa","Myles Rigsby"
"tulsa","Jaylen Lawal"
"tulsa","Ian Smikle"
"tulsa","Romad Dean"
"tulsa","KJ Martin Jr."
"western-kentucky","Grant Newell"
"western-kentucky","Ryan Myers"
"western-kentucky","Teagan Moore"
"western-kentucky","LJ Hackman"
"western-kentucky","Noah Boyde"
"western-kentucky","Armelo Boone"
"western-kentucky","Cameron Haffner"
"western-kentucky","Blaise Keita"
"western-kentucky","Louie Semona"
"western-kentucky","Leeroy Odiahi"
"louisiana-state","Marquel Sutton"
"louisiana-state","Dedan Thomas Jr."
"louisiana-state","Max Mackinnon"
"louisiana-state","Michael Nwoko"
"louisiana-state","Pablo Tamba"
"louisiana-state","Robert Miller III"
"louisiana-state","Jalen Reece"
"louisiana-state","Rashad King"
"louisiana-state","Ron Zipper"
"louisiana-state","PJ Carter"
"southeastern-louisiana","Peter Hemschemeier"
"southeastern-louisiana","Isaiah Gaines"
"southeastern-louisiana","Jeremy Elyzee"
"southeastern-louisiana","Ethan Pickett"
"southeastern-louisiana","C.J. Booker"
"southeastern-louisiana","Makhi Myles"
"southeastern-louisiana","Jalen Forrest"
"southeastern-louisiana","Ubong Abasi Etim"
"southeastern-louisiana","Garrett Shoemaker"
"southeastern-louisiana","Jaiden Lawrence"
"southeastern-louisiana","Kyle Edison"
"loyola-marymount","MJ Amey Jr."
"loyola-marymount","Rodney Brown Jr."
"loyola-marymount","Jalen Shelley"
"loyola-marymount","Jan Vide"
"loyola-marymount","Rokas Jocius"
"loyola-marymount","Joshua Dalton"
"loyola-marymount","AJ Thomas"
"loyola-marymount","Aaron McBride"
"loyola-marymount","Rick Issanza"
"loyola-marymount","Kevin Carney"
"loyola-marymount","George Tupy"
"loyola-marymount","Cooper Smith"
"north-alabama","Donte Bacchus"
"north-alabama","Dallas Howell"
"north-alabama","Kevin de Kovachich"
"north-alabama","Canin Jefferson"
"north-alabama","Corneilous Williams"
"north-alabama","Cortez Graham-Howard"
"north-alabama","DarKaun King"
"north-alabama","Jamal Albritton"
"north-alabama","Kedar Bodie"
"north-alabama","Braylon Patton"
"north-alabama","King Walker"
"florida-am","Jordan Chatman"
"florida-am","Antonio Baker"
"florida-am","Jaquan Sanders"
"florida-am","Tyler Shirley"
"florida-am","Miles Ndalama"
"florida-am","Anquan Boldin Jr."
"florida-am","Kaleb Washington"
"florida-am","Lenard Taylor Jr."
"florida-am","Anthony Knowles"
"florida-am","Malcom Stute"
"florida-am","Amir Rahman"
"tarleton-state","Jordan Mizell"
"tarleton-state","Leroy Kelly IV"
"tarleton-state","Freddy Hicks"
"tarleton-state","Chris Mpaka"
"tarleton-state","Kaia Isaac"
"tarleton-state","Andy Sigiscar"
"tarleton-state","Kade Douglas"
"tarleton-state","Dior Johnson"
"tarleton-state","Damion Porter Jr."
"tarleton-state","Camron McDowell"
"belmont","Tyler Lundblade"
"belmont","Sam Orme"
"belmont","Nic McClain"
"belmont","Brigham Rogers"
"belmont","Jabez Jenkins"
"belmont","Drew Scharnowski"
"belmont","Jack Smiley"
"belmont","Isaiah West"
"belmont","Eoin Dillon"
"belmont","Win Miller"
"belmont","Graydon Lemke"
"belmont","Jake Dykstra"
"belmont","Cooper Haynes"
"belmont","Keith Robbins"
"california-irvine","Eli Chol"
"california-irvine","Jurian Dixon"
"california-irvine","Tama Isaac"
"california-irvine","Derin Saran"
"california-irvine","Kyle Evans"
"california-irvine","Andre Henry"
"california-irvine","Jovan Jester Jr."
"california-irvine","Nes Emeneke"
"california-irvine","Harrison Carrington"
"california-irvine","Ben Egbo"
"california-irvine","Akiva McBirney-Griffin"
"california-irvine","Tishan Ahir"
"california-san-diego","Leo Beath"
"california-san-diego","Aidan Burke"
"california-san-diego","Emanuel Prospere II"
"california-san-diego","Tom Beattie"
"california-san-diego","Bol Dengdit"
"california-san-diego","Hudson Mayes"
"california-san-diego","Alex Chaikin"
"california-san-diego","Dimitrije Vukicevic"
"california-san-diego","Cade Pendleton"
"california-san-diego","Jaden Vance"
"california-san-diego","Trap Johnson"
"san-diego","Ty-Laur Johnson"
"san-diego","Adrian McIntyre"
"san-diego","Alejandro Aviles"
"san-diego","Vuk Boskovic"
"san-diego","Juan Sebastian Gorosito"
"san-diego","Toneari Lane"
"san-diego","Dominique Ford"
"san-diego","Gavin Ripp"
"san-diego","Brandon Benjamin"
"san-diego","Darrae Goodwin"
"florida-atlantic","Isaiah Elohim"
"florida-atlantic","Devin Vanterpool"
"florida-atlantic","Kanaan Carlyle"
"florida-atlantic","Devin Williams"
"florida-atlantic","Xander Pintelon"
"florida-atlantic","Josiah Parker"
"florida-atlantic","Niccolo Moretti"
"florida-atlantic","Maxim Logue"
"florida-atlantic","Yohann Sissoko"
"florida-atlantic","Amar Amkou"
"saint-marys-ca","Joshua Dent"
"saint-marys-ca","Paulius Murauskas"
"saint-marys-ca","Mikey Lewis"
"saint-marys-ca","Dillan Shaw"
"saint-marys-ca","Harry Wessels"
"saint-marys-ca","Liam Campbell"
"saint-marys-ca","Andrew McKeever"
"saint-marys-ca","Rory Hawke"
"saint-marys-ca","Tony Duckett"
"saint-marys-ca","Cade Bennett"
"saint-marys-ca","Mantas Juzenas"
"saint-marys-ca","Oliver Faubert"
"colgate","Madison Schiller"
"central-florida","Themus Fulks"
"central-florida","Jordan Burks"
"central-florida","Jamichael Stillwell"
"central-florida","Riley Kugel"
"central-florida","John Bol"
"central-florida","Devan Cambridge"
"central-florida","Chris Johnson"
"central-florida","Carmelo Pacheco"
"central-florida","George Beale"
"central-florida","Jeremy Foumena"
"central-florida","Kris Parker"
"central-florida","Elijah Hulsewe"
"central-florida","Zachary Johnson"
"central-florida","Poohpha Warakulnukroh"
"florida-gulf-coast","J.R. Konieczny"
"florida-gulf-coast","Jordan Ellerbee"
"florida-gulf-coast","Rahmir Barno"
"florida-gulf-coast","Michael Duax"
"florida-gulf-coast","Tristen Guillouette"
"florida-gulf-coast","Rory Stewart"
"florida-gulf-coast","Gabe Tanner"
"florida-gulf-coast","Darren Williams"
"florida-gulf-coast","Isaiah Malone"
"florida-gulf-coast","Jack Reddick"
"florida-gulf-coast","Matthew McCarthy"
"dayton","Javon Bennett"
"dayton","Keonte Jones"
"dayton","Amael L'Etang"
"dayton","De'Shayne Montgomery"
"dayton","Jordan Derkack"
"dayton","Bryce Heard"
"dayton","Jacob Conner"
"dayton","Sean Pouedet"
"dayton","Jaiun Simon"
"dayton","Malcolm THomas"
"liberty","Colin Porter"
"liberty","Zach Cleveland"
"liberty","Kaden Metheny"
"liberty","JJ Harper"
"liberty","Brett Decker Jr."
"liberty","Josh Smith"
"liberty","Zander Carter"
"liberty","Zander Yates"
"liberty","Ryan Jones Jr."
"east-tennessee-state","Brian Taylor"
"east-tennessee-state","Cam Morris III"
"east-tennessee-state","Jordan McCullum"
"east-tennessee-state","Allen Strothers"
"east-tennessee-state","Blake Barkley"
"east-tennessee-state","Jaylen Smith"
"east-tennessee-state","Maki Johnson"
"east-tennessee-state","Isaiah Sutherland"
"jacksonville-state","AC Bryant"
"jacksonville-state","Mostapha El Moutaouakkil"
"jacksonville-state","JaCoby Hill"
"jacksonville-state","Marcus Fitzgerald Jr."
"jacksonville-state","Aitor Anabitarte"
"jacksonville-state","Emondrek Erkins-Ford"
"jacksonville-state","Jaye Nash"
"jacksonville-state","Iaroslav Niagu"
"jacksonville-state","Jamar Franklin"
"florida-international","Corey Stephenson"
"florida-international","Eric Dibami"
"florida-international","Zawdie Jackson"
"florida-international","Ashton Williamson"
"florida-international","Larry Olayinka"
"florida-international","Julian Mackey"
"florida-international","Brit Harris"
"florida-international","Olajuwon Ibrahim"
"florida-international","Thiago Sucatzky"
"long-island-university","Malachi Davis"
"long-island-university","Jomo Goings"
"long-island-university","Jamal Fuller"
"long-island-university","Greg Gordon"
"long-island-university","Shadrak Lasu"
"long-island-university","Faheim Meran"
"long-island-university","Isaiah Miranda"
"long-island-university","Caleb Johnson"
"long-island-university","Mason Porter-Brown"
"long-island-university","Tre'shawn Sheppard"
"south-carolina-state","Ja'Siiyah Holmes"
"georgia-tech","Lamar Washington"
"georgia-tech","Kowacie Reeves Jr."
"georgia-tech","Kam Craft"
"georgia-tech","Akai Fleming"
"georgia-tech","Mouhamed Sylla"
"georgia-tech","Chas Kelley III"
"georgia-tech","Peyton Marshall"
"georgia-tech","Davi Remagen"
"georgia-tech","Cole Kirouac"
"chicago-state","Marcus Tankersley"
"chicago-state","Corey Sands"
"chicago-state","CJ Ray"
"chicago-state","Malek Robinson"
"chicago-state","Dailliss Cox"
"chicago-state","Stephen Byard"
"chicago-state","Doyel Cockrill III"
"chicago-state","Lionel Larvadain"
"chicago-state","Dakari Thomas"
"chicago-state","CJ Delancy"
"chicago-state","Joseph Owens"
"indiana","Lamar Wilkerson"
"indiana","Tucker DeVries"
"indiana","Tayton Conerway"
"indiana","Conor Enright"
"indiana","Sam Alexis"
"indiana","Reed Bailey"
"indiana","Nick Dorn"
"indiana","Trent Sisley"
"indiana","Jasai Miles"
"indiana","Aleksa Ristic"
"indiana","Tryce Grensing"
"indiana","Ian Stephens"
"louisville","Isaac McKneely"
"louisville","Ryan Conwell"
"louisville","J'Vonne Hadley"
"louisville","Adrian Wooley"
"louisville","Sananda Fru"
"louisville","Khani Rooths"
"louisville","Aly Khalifa"
"louisville","Kasean Pryor"
"louisville","Vangelis Zougris"
"louisville","Cole Sherman"
"louisville","Will Hanke"
"louisville","Spencer Legg"
"montana","Tyler Thompson"
"montana","Money Williams"
"montana","Te'Jon Sawyer"
"montana","Kenyon Aguino"
"montana","Tyler Isaak"
"montana","Grant Kepley"
"montana","Connor Dick"
"montana","Brooklyn Hicks"
"montana","Trae Taylor"
"montana","Kadyn Betts"
"montana","Amari Jedkins"
"montana","Chase Henderson"
"kent-state","Delrecco Gillespie"
"kent-state","Morgan Safford"
"kent-state","Cian Medley"
"kent-state","Rob Whaley Jr."
"kent-state","Jahari Williamson"
"kent-state","Quinn Woidke"
"kent-state","Dezmon Briscoe"
"kent-state","Rayvon Griffith"
"kent-state","Omer Hamama"
"kent-state","Magnus Entenmann"
"massachusetts","Marcus Banks Jr."
"massachusetts","Daniel Hankins-Sanford"
"massachusetts","Jayden Ndjigue"
"massachusetts","Leonardo Bettiol"
"massachusetts","Danny Carbuccia"
"massachusetts","K'Jei Parker"
"massachusetts","Dimitri Clerc"
"massachusetts","Dwayne Wimbley Jr."
"massachusetts","Isaiah Placide"
"michigan-state","Jaxon Kohler"
"michigan-state","Jeremy Fears Jr."
"michigan-state","Coen Carr"
"michigan-state","Carson Cooper"
"michigan-state","Divine Ugochukwu"
"michigan-state","Kur Teng"
"michigan-state","Jordan Scott"
"michigan-state","Jesse McCulloch"
"michigan-state","Trey Fort"
"michigan-state","Cameron Ward"
"michigan-state","Denham Wojcik"
"oakland","Brody Robinson"
"oakland","Michael Houge"
"oakland","Isaac Garrett"
"oakland","Ziare Wells"
"oakland","Tuburu Naivalurua"
"oakland","Brett White"
"oakland","Warren Marshall IV"
"oakland","Khoi Thurmon"
"oakland","Nate Deer"
"bowling-green-state","Sam Towns"
"bowling-green-state","Javontae Campbell"
"bowling-green-state","Justin Thomas"
"bowling-green-state","Javon Ruffin"
"bowling-green-state","Troy Glover II"
"bowling-green-state","Makhi Leach"
"bowling-green-state","Josiah Shackelford"
"bowling-green-state","Camden Karel"
"bowling-green-state","Aidenn Goins"
"bowling-green-state","Mayar Wol"
"bowling-green-state","Preston Squire"
"ohio","Jackson Paveletzke"
"ohio","Aidan Hadaway"
"ohio","Ajay Sheldon"
"ohio","JJ Kelly"
"ohio","Javan Simmons"
"ohio","Elijah Elliott"
"ohio","Jalen Breath"
"ohio","Dior Conners"
"ohio","Kiir Kuany"
"penn-state","Maggie Mendelson"
"auburn","Kevin Overton"
"auburn","Keyshawn Hall"
"auburn","KeShawn Murphy"
"auburn","Tahaad Pettiford"
"auburn","Sebastian Williams-Adams"
"auburn","Elyjah Freeman"
"auburn","Filip Jovic"
"auburn","Kaden Magwood"
"purdue","Braden Smith"
"purdue","Fletcher Loyer"
"purdue","Trey Kaufman-Renn"
"purdue","C.J. Cox"
"purdue","Oscar Cluff"
"purdue","Daniel Jacobsen"
"purdue","Gicarri Harris"
"purdue","Omer Mayer"
"purdue","Jack Benter"
"purdue","Liam Murphy"
"citadel","Sola Adebisi"
"citadel","Carter Kingsbury"
"citadel","Braxton Williams"
"citadel","Christian Moore"
"citadel","Eze Wali"
"citadel","Gabe Hernandez"
"citadel","Marcos Gonzales"
"citadel","Logan Applegate"
"citadel","Dante Kearse"
"citadel","Keynan Davis"
"citadel","Simeon German"
"citadel","Cassius Bonjasky"
"richmond","Mikkel Tyne"
"richmond","Will Johnston"
"richmond","A.J. Lopez"
"richmond","Collin Tanner"
"richmond","Michael Walz"
"richmond","Apostolos Roumoglou"
"richmond","David Thomas"
"richmond","Jaden Daughtry"
"richmond","Jonathan Beagle"
"richmond","Aiden Argabright"
"richmond","Jaylen Robinson"
"richmond","Will Harper III"
"richmond","Bryson McGlothin"
"pennsylvania","Michael Zanoni"
"pennsylvania","TJ Power"
"pennsylvania","Cam Thrower"
"pennsylvania","AJ Levine"
"pennsylvania","Augustus Gerhart"
"pennsylvania","Dalton Scantlebury"
"pennsylvania","Jay Jones"
"pennsylvania","Alex Massung"
"pennsylvania","Lucas-Allan Lueth"
"pennsylvania","Niklas Polonowski"
"rutgers","Jamichael Davis"
"rutgers","Harun Zrno"
"rutgers","Dylan Grant"
"rutgers","Denis Badalau"
"rutgers","Emmanuel Ogbole"
"rutgers","Tariq Francis"
"rutgers","Darren Buchanan Jr."
"rutgers","Bryce Dortch"
"rutgers","Angelino Mark"
"rutgers","Christopher Nwuli"
"northeastern","Youri Fritz"
"northeastern","Mike Loughnane"
"northeastern","Xander Alarie"
"northeastern","Ryan Williams"
"northeastern","William Kermoury"
"northeastern","Xavier Abreu"
"northeastern","JB Frankel"
"northeastern","Luca Soroa"
"northeastern","Miles Newton"
"northeastern","Ty Francis"
"northeastern","Liam Koelsch"
"syracuse","Nate Kingz"
"syracuse","Naithan George"
"syracuse","William Kyle III"
"syracuse","JJ Starling"
"syracuse","Sadiq White Jr."
"syracuse","Tyler Betsey"
"syracuse","Kiyan Anthony"
"syracuse","Ibrahim Souare"
"syracuse","Bryce Zephir"
"iona","Alliou Fall"
"iona","Keshawn Williams"
"iona","Lamin Sabally"
"iona","Denver Anglin"
"iona","Kosy Akametu"
"iona","Toby Harris"
"iona","Luke Jungers"
"iona","Chase Cormier"
"iona","Khalil Badru"
"vermont","TJ Long"
"vermont","Sean Blake"
"vermont","TJ Hurley"
"vermont","Noah Barnett"
"vermont","Gus Yalden"
"vermont","Ben Johnson"
"vermont","Ben Michaels"
"vermont","Trey Woodyard"
"vermont","Lucas Mari"
"vermont","Jackson Skipper"
"vermont","Momo Nkugwa"
"elon","Isaac Harrell"
"elon","Chandler Cuthrell"
"elon","Kacper Klaczek"
"elon","Randall Pettus II"
"elon","Ja'Juan Carr"
"elon","DeMarco Johnson"
"elon","Bryson Cokley"
"elon","Ned Hull"
"elon","Bryson Spell"
"elon","Caleb Middleton"
"virginia-tech","Ben Hammond"
"virginia-tech","Tyler Johnson"
"virginia-tech","Amani Hansberry"
"virginia-tech","Christian Gurdak"
"virginia-tech","Jailen Bedford"
"virginia-tech","Jaden Schutt"
"virginia-tech","Izaiah Pasha"
"virginia-tech","Sin'Cere Jones"
"central-michigan","Nathan Claerbaut"
"central-michigan","Phat Phat Brooks"
"central-michigan","Nick Mullen"
"central-michigan","Jaxson Whitaker"
"central-michigan","Tamario Adley"
"central-michigan","Logan McIntire"
"central-michigan","Keenan Garner"
"central-michigan","Jalen Kampen"
"central-michigan","Will Ashford"
"northern-illinois","Makhai Valentine"
"northern-illinois","Gustav Winther"
"northern-illinois","Dylan Ducommun"
"northern-illinois","Daemar Kelly"
"northern-illinois","Hassan Washington"
"northern-illinois","Taj Walters"
"northern-illinois","Gianni Cobb"
"northern-illinois","Ladji Kante"
"northern-illinois","Jao Ituka"
"northern-illinois","Jaylen Wharton"
"arkansas-state","Jaxon Ellingsworth"
"arkansas-state","Chandler Jackson"
"arkansas-state","Chudi Dioramma"
"arkansas-state","Kyle Hayman"
"arkansas-state","Fredy-Salam Sylla"
"arkansas-state","Christian Harmon"
"arkansas-state","Jalen Hampton"
"arkansas-state","TJ Caldwell"
"arkansas-state","Royal Blue Smith"
"arkansas-state","Aly Tounkara"
"southern-mississippi","Robert Cowherd"
"southern-mississippi","EJ Paymon"
"southern-mississippi","Fallou Diagne"
"southern-mississippi","Dalyn Brandon"
"tennessee-martin","Ty Price"
"tennessee-martin","Ama Sow"
"tennessee-tech","Mekhi Turner"
"tennessee-tech","Grant Slatten"
"tennessee-tech","Hagan Preston"
"tennessee-tech","Owen Varnado"
"marshall","Jalen Speer"
"marshall","Noah Otshudi"
"marshall","Wyatt Fricks"
"marshall","Caleb Hollenbeck"
"marshall","Matthew Van Komen"
"marshall","Erich Harding"
"marshall","Wilson Dubinsky"
"marshall","Bryce Slay"
"marshall","Landen Joseph"
"marshall","Andrew Fuquay"
"troy","Thomas Dowd"
"troy","Cooper Campbell"
"troy","Cobi Campbell"
"troy","Theo Seng"
"troy","Victor Valdes"
"troy","Austin Cross"
"troy","Kerrington Kiel"
"troy","Jerrell Bellamy"
"air-force","Julia Leach"
"colorado","Barrington Hargress"
"colorado","Sebastian Rancik"
"colorado","Bangot Dak"
"colorado","Felix Kossaras"
"colorado","Elijah Malone"
"colorado","Isaiah Johnson"
"colorado","Alon Michaeli"
"colorado","Jalin Holland"
"colorado","Josiah Sanders"
"colorado","Fawaz Ifaola"
"stanford","Benny Gealer"
"stanford","Ebuka Okorie"
"stanford","Ryan Agarwal"
"stanford","Chisom Okpara"
"stanford","AJ Rohosy"
"stanford","Aidan Cammann"
"stanford","Oskar Giltay"
"stanford","Jeremy Dent-Smith"
"stanford","Jaylen Thompson"
"lipscomb","Charlie Williams"
"lipscomb","Titas Sargiunas"
"lipscomb","Mateo Esmeraldo"
"lipscomb","Grant Asman"
"lipscomb","Or Ashkenazi"
"lipscomb","Kennedy Okpara"
"lipscomb","Ethan Duncan"
"lipscomb","Ross Candelino"
"lipscomb","Kellan Boylan"
"lipscomb","Luke Carter"
"new-mexico","Jake Hall"
"new-mexico","Luke Haupt"
"new-mexico","Deyton Albury"
"new-mexico","Antonio Chol"
"new-mexico","JT Rock"
"new-mexico","Uriah Tenette"
"new-mexico","Milos Vicentic"
"new-mexico","Tajavis Miller"
"new-mexico","Timeo Pons"
"san-jose-state","Jermaine Washington"
"san-jose-state","Colby Garland"
"san-jose-state","Yaphet Moundi"
"san-jose-state","Douglas Langford"
"san-jose-state","JaVaughn Hannah"
"san-jose-state","Melvin Bell Jr."
"san-jose-state","Pasha Goodarzi"
"san-jose-state","Japhet Moupadele"
"san-jose-state","Sadraque Nganga"
"san-jose-state","Adrian Myers"
"colorado-state","Josh Pascarelli"
"colorado-state","Jevin Muniz"
"colorado-state","Brandon Rechsteiner"
"colorado-state","Carey Booth"
"colorado-state","Kyle Jorgensen"
"colorado-state","Jase Butler"
"colorado-state","Jojo McIver"
"colorado-state","Augustinas Kiudulas"
"colorado-state","Nikola Djapa"
"colorado-state","Darnez Slater"
"utah-state","Adlan Elamin"
"utah-state","Drake Allen"
"utah-state","Mason Falslev"
"utah-state","MJ Collins"
"utah-state","Zach Keller"
"utah-state","Kolby King"
"utah-state","Garry Clark"
"utah-state","Elijah Perryman"
"utah-state","Karson Templin"
"utah-state","Tucker Anderson"
"utah-state","Jordy Barnes"
"utah-state","Luke Kearney"
"eastern-washington","Isaiah Moses"
"eastern-washington","Jojo Anderson"
"eastern-washington","Kiree Huie"
"eastern-washington","Alton Hamilton IV"
"eastern-washington","Straton Rogers"
"eastern-washington","Johnny Radford"
"eastern-washington","Emmett Marquardt"
"eastern-washington","Tyler Powell"
"eastern-washington","Elijah Thomas"
"eastern-washington","Cole Scherer"
"eastern-washington","Maddox Monson"
"eastern-washington","Shaumba Ngoyi"
"utah","Don McHenry"
"utah","Terrence Brown"
"utah","Keanu Dawes"
"utah","Seydou Traore"
"utah","James Okonkwo"
"utah","Kendyl Sanders"
"utah","Obomate Abbey"
"utah","Josh Hayes"
"utah","Ibi Traore"
"utah","Jahki Howard"
"utah","Jerry Huang"
"grand-canyon","Nana Owusu-Anane"
"grand-canyon","Jaden Henley"
"grand-canyon","Caleb Shaw"
"grand-canyon","Efe Demirel"
"grand-canyon","Brian Moore Jr."
"grand-canyon","Makaih Williams"
"grand-canyon","Dusty Stromer"
"grand-canyon","Wilhelm Breidenbach"
"grand-canyon","Kaleb Smith"
"wyoming","Leland Walker"
"wyoming","Nasir Meyer"
"wyoming","Matija Belic"
"wyoming","Khaden Bennett"
"wyoming","Kiani Saxon"
"wyoming","Damarion Dennis"
"wyoming","Adam Harakow"
"wyoming","Abou Magassa"
"wyoming","Uriyah Rojas"
"wyoming","Gavin Gores"
"wyoming","Jared Harris"
"wyoming","Simm Saadi"
"fresno-state","Jake Heidbreder"
"fresno-state","Wilson Jacques"
"fresno-state","Zaon Collins"
"fresno-state","Cameron Faas"
"fresno-state","DeShawn Gory"
"fresno-state","David Douglas Jr."
"fresno-state","DJ Stickman"
"fresno-state","Bastien Rieber"
"fresno-state","Gasper Kocevar"
"fresno-state","Jac Mani"
"nevada-las-vegas","Tyrin Jones"
"nevada-las-vegas","Dra Gibbs-Lawhorn"
"nevada-las-vegas","Kimani Hamilton"
"nevada-las-vegas","Howie Fleming Jr."
"nevada-las-vegas","Jacob Bannarbie"
"nevada-las-vegas","Issac Williamson"
"nevada-las-vegas","Emmanuel Stephen"
"nevada-las-vegas","Walter Brown"
"nevada-las-vegas","Naas Cunningham"
"nevada-las-vegas","Sydni Summers"
"nevada-las-vegas","Hodaya Kabada"
"boise-state","Andrew Meadow"
"boise-state","Javan Buchanan"
"boise-state","Dylan Andrews"
"boise-state","RJ Keene"
"boise-state","Drew Fielder"
"boise-state","Dominic Parolin"
"boise-state","Aginaldo Neto"
"boise-state","Pearson Carmichael"
"boise-state","Spencer Ahrens"
"boise-state","Bhan Buom"
"nevada","Elijah Price"
"nevada","Tayshawn Comer"
"nevada","Vaughn Weems"
"nevada","Chuck Bailey III"
"nevada","Kaleb Lowery"
"nevada","Peyton White"
"nevada","Tyler Rolison"
"nevada","Myles Walker"
"nevada","Amire Robinson"
"nevada","Jeriah Coleman"
"nevada","Ethan Croley"
"kansas-state","PJ Haggerty"
"kansas-state","Nate Johnson"
"kansas-state","Abdi Bashir Jr."
"kansas-state","Khamari McGriff"
"kansas-state","Elias Rapieque"
"kansas-state","David Castillo"
"kansas-state","Christian Jones"
"kansas-state","Taj Manning"
"kansas-state","Dorin Buca"
"kansas-state","Andrej Kostic"
"kansas-state","Marcus Johnson"
"south-dakota","Uzziah Buntyn"
"south-dakota","Isaac Bruns"
"south-dakota","Jordan Crawford"
"south-dakota","Cameron Fens"
"south-dakota","Evan Anderson"
"south-dakota","Jesse Mcintosh"
"south-dakota","Vince Buzelis"
"south-dakota","Ethan Kizer"
"south-dakota","Caleb Kizer"
"kentucky","Otega Oweh"
"kentucky","Denzel Aberdeen"
"kentucky","Mouhamed Dioubate"
"kentucky","Malachi Moreno"
"kentucky","Collin Chandler"
"kentucky","Kam Williams"
"kentucky","Jayden Quaintance"
"kentucky","Jaland Lowe"
"kentucky","Brandon Garrison"
"kentucky","Jasper Johnson"
"kentucky","Trent Noah"
"st-johns-ny","Oziyah Sellers"
"st-johns-ny","Ian Jackson"
"st-johns-ny","Bryce Hopkins"
"st-johns-ny","Zuby Ejiofor"
"st-johns-ny","Joson Sanon"
"st-johns-ny","Dillon Mitchell"
"st-johns-ny","Rubén Prey"
"st-johns-ny","Dylan Darling"
"st-johns-ny","Sadiku Ibine Ayo"
"st-johns-ny","Lefteris Liotopoulos"
"north-carolina-at","Bryson Ogletree"
"north-carolina-at","Zamoku Weluche-Ume"
"north-carolina-at","Trent Middleton"
"north-carolina-at","Dwayne Pierce"
"north-carolina-at","Amadou Doumbia"
"north-carolina-at","Yancarlos Cueto"
"north-carolina-at","Brooklyn Vick"
"north-carolina-at","Mujahiid Burton"
"north-carolina-at","KJ Debrick"
"north-carolina-at","William Felton"
"toledo","Sonny Wilson"
"toledo","Leroy Blyden Jr."
"toledo","Austin Parks"
"toledo","Sean Craig"
"toledo","Kyler Vanderjagt"
"toledo","Jaylan Ouwinga"
"toledo","London Praytor"
"toledo","Mynor Strong"
"toledo","Phoenix Glassnor"
"toledo","Will James Jr."
"toledo","Tyler Ode"
"toledo","Toby Nwokolo"
"william-mary","Emma West"
"detroit-mercy","TJ Nadeau"
"detroit-mercy","Orlando Lovejoy"
"detroit-mercy","Tyler Spratt"
"detroit-mercy","Legend Geeter"
"detroit-mercy","Xavier Istomin-Monroe"
"detroit-mercy","Keshawn Fisher"
"detroit-mercy","Lance Stone"
"detroit-mercy","Jared Lary"
"detroit-mercy","Nate Johnson"
"detroit-mercy","Ryan Kalambay"
"detroit-mercy","London Maiden"
"niagara","Landon Williams"
"niagara","Justin Page"
"niagara","Justin Hawkins"
"niagara","Reggie Prudhomme"
"niagara","Will Shortt"
"niagara","Brian Griffith"
"niagara","Kabeya Tshibangu"
"niagara","Vice Zanki"
"niagara","Drew Larson"
"niagara","AJ McBride"
"niagara","Gael Dalmau Torresola"
"robert-morris","Ryan Prather Jr."
"robert-morris","DeSean Goode"
"robert-morris","Kaleb Brown"
"robert-morris","Albert Vargas"
"robert-morris","Josh Hill"
"robert-morris","Cam Kearney"
"robert-morris","Ta'Zir Smith"
"robert-morris","Eddie Cooke III"
"robert-morris","Samuel Obenjo"
"saint-francis-pa","Zion Russell"
"saint-francis-pa","Ralph Martino Jr."
"saint-francis-pa","Skylar Wicks"
"saint-francis-pa","Victor Payne"
"saint-francis-pa","Gestin Liberis"
"saint-francis-pa","Ahmad Harrison"
"saint-francis-pa","Cameron Tweedy"
"saint-francis-pa","Paris Papadatos"
"saint-francis-pa","Brandon Russell"
"saint-francis-pa","Trey Weiand"
"buffalo","Ryan Sabol"
"buffalo","Daniel Freitag"
"buffalo","Angelo Brizzi"
"buffalo","Tim Oboh"
"buffalo","Noah Batchelor"
"buffalo","Derrick Talton Jr."
"buffalo","Mikhail Pocknett"
"buffalo","Ezra McKenna"
"western-michigan","Jalen Griffith"
"western-michigan","EJ Ryans"
"western-michigan","Max Burton"
"western-michigan","Jayden Brewer"
"western-michigan","Brady Swartz"
"western-michigan","Hudson Ward"
"western-michigan","Trey Lewis"
"western-michigan","Michael Sulaka"
"western-michigan","Carson Vis"
"western-michigan","Declan Peterson"
"south-carolina-upstate","Tyler Smith"
"south-carolina-upstate","Karmani Gregory"
"south-carolina-upstate","Mason Bendinger"
"south-carolina-upstate","Learic Davis"
"south-carolina-upstate","Jafeth Martinez"
"south-carolina-upstate","Carmelo Adkins"
"south-carolina-upstate","Isaiah Skinner"
"south-carolina-upstate","Breylin Garcia"
"south-carolina-upstate","Chico Johnson"
"south-carolina-upstate","Coen Collier"
"south-carolina-upstate","Kanye Jones"
"youngstown-state","Cris Carroll"
"youngstown-state","Rich Rolf"
"youngstown-state","Jason Nelson"
"youngstown-state","Bryson Dawkins"
"youngstown-state","Imanuel Zorgvol"
"youngstown-state","Jaiden Haynes"
"youngstown-state","Andrew King"
"youngstown-state","Vladimer Salaridze"
"youngstown-state","Tae Blackshear"
"youngstown-state","Tyler Robinett"
"ball-state","Mason Jones"
"ball-state","Devon Barnes"
"ball-state","Davion Hill"
"ball-state","Preston Copeland"
"ball-state","Joey Hart"
"ball-state","Elmore James"
"ball-state","Kayden Fish"
"ball-state","Armoni Zeigler"
"ball-state","Juwan Maxey"
"ball-state","Jai Anthoni Bearden"
"miami-oh","Eian Elmer"
"miami-oh","Brant Byers"
"miami-oh","Peter Suder"
"miami-oh","Evan Ipsaro"
"miami-oh","Antwone Woolfolk"
"miami-oh","Luke Skaljac"
"miami-oh","Almar Atlason"
"miami-oh","Trey Perry"
"miami-oh","Kyle Waltz"
"miami-oh","Tyler Robbins"
"harvard","Tey Barbour"
"harvard","Chandler Pigge"
"harvard","Thomas Batties II"
"harvard","Robert Hinton"
"harvard","Ben Eisendrath"
"harvard","Austin Hunt"
"harvard","Frankie Mannino"
"harvard","Ryan Sullivan"
"harvard","Xavier Nesbitt"
"harvard","Luca Ace-Nasteski"
"harvard","Greg Cooper"
"harvard","Dutch Dowdell"
"harvard","Payton Pitts"
"harvard","Joseph Quartey"
"holy-cross","Gabe Warren"
"holy-cross","Joe Nugent"
"holy-cross","Tyler Boston"
"holy-cross","Aidan Richard"
"holy-cross","DeAndre Williams"
"holy-cross","John St. Germain III"
"holy-cross","Will Aljancic"
"holy-cross","Jude Haigh"
"holy-cross","Chuck Hare"
"holy-cross","Jaden Kirkwood"
"holy-cross","Austin Mejia"
"lindenwood","Kevin Anthony"
"binghamton","Jeremiah Quigley"
"binghamton","Wes Peterson"
"binghamton","Bryson Wilson"
"binghamton","Zyier Beverly"
"binghamton","Demetrius Lilley"
"binghamton","Ryan Richardson"
"binghamton","Jake Blackburn"
"binghamton","Stephan Snagg"
"binghamton","Nevin Ibroci"
"mercyhurst","Qadir Martin"
"mercyhurst","Jake Lemelman"
"mercyhurst","Bernie Blunt III"
"mercyhurst","Mykolaus Ivanauskas"
"mercyhurst","Christian Gamble"
"mercyhurst","Cameron Johnson"
"mercyhurst","Deshaun Jackson Jr."
"mercyhurst","Kaden Fuhrmann"
"mercyhurst","Sean Lang"
"mercyhurst","James Thomas"
"mercyhurst","Brady Conner"
"mercyhurst","Or Faran Frenkel"
"mercyhurst","Christopher Leman"
"mercyhurst","Vladimir Pavlovic"
"memphis","Dug McDaniel"
"memphis","Hasan Abdul-Hakim"
"memphis","Ashton Hardaway"
"memphis","Julius Thedford"
"memphis","Thierno Sylla"
"memphis","Aaron Bradshaw"
"memphis","Curtis Givens III"
"memphis","Quante Berry"
"memphis","Sincere Parker"
"memphis","Zachary Davis"
"memphis","Tariq Ingraham"
"memphis","Simon Majok"
"mississippi-state","Josh Hubbard"
"mississippi-state","Shawn Jones Jr."
"mississippi-state","Jayden Epps"
"mississippi-state","Sergej Macura"
"mississippi-state","Quincy Ballard"
"mississippi-state","Jamarion Davis-Fleming"
"mississippi-state","Ja'Borri McGhee"
"mississippi-state","Achor Achor"
"mississippi-state","King Grace"
"monmouth","Adena Webster"
"longwood","Johan Nziemi"
"longwood","Elijah Tucker"
"longwood","Emanuel Richards"
"longwood","Jacoi Hutchinson"
"longwood","Alphonzo Billups III"
"longwood","Redd Thompson"
"longwood","Jaylen Benard"
"longwood","Elijah Kelly"
"longwood","Elijah Jones"
"longwood","Jaylin Payne"
"north-carolina-central","Gage Lattimore"
"north-carolina-central","Khouri Carvey"
"north-carolina-central","Tekao Carpenter"
"north-carolina-central","Dionte Johnson"
"north-carolina-central","Ramondo Battle II"
"north-carolina-central","Jae Slack"
"north-carolina-central","Khalil Arnold"
"north-carolina-central","Justin Edwards"
"north-carolina-central","Kelechi Okworogwo"
"north-carolina-central","Kyric Davis"
"north-carolina-central","Gbenga Olubi"
"howard","Cedric Taylor III"
"howard","Bryce Harris"
"howard","Cam Gillus"
"howard","Ose Okojie"
"howard","Danas Kazakevicius"
"howard","Eddie Holland III"
"howard","Isaiah Brown"
"howard","Travelle Bryson"
"north-carolina-wilmington","Christian May"
"north-carolina-wilmington","Nolan Hodge"
"north-carolina-wilmington","Joshua Williams"
"north-carolina-wilmington","Noah Ross"
"north-carolina-wilmington","Patrick Wessler"
"north-carolina-wilmington","Gavin Walsh"
"north-carolina-wilmington","Madison Durr"
"north-carolina-wilmington","Makoi Mabor"
"northwestern-state","Chris Mubiru"
"northwestern-state","Micah Thomas"
"northwestern-state","Willie Williams"
"northwestern-state","Izzy Miles"
"northwestern-state","Moustapha Loum"
"northwestern-state","Omar Adegbola"
"northwestern-state","Justin Redmond"
"northwestern-state","Kordrick Turner"
"northwestern-state","Chip Brunt"
"northwestern-state","Quentin Bolton Jr."
"old-dominion","Ketron Shaw"
"old-dominion","Jordan Battle"
"old-dominion","Robert Davis Jr."
"old-dominion","Jared Turner"
"old-dominion","Caelum Swanton-Rodger"
"old-dominion","Zacch Wiggins"
"old-dominion","Drew McKenna"
"old-dominion","Ben Nacey"
"old-dominion","Scottie Hubbard"
"old-dominion","Donovan Raymond"
"old-dominion","Rieco Hellams"
"prairie-view","Cory Wells"
"prairie-view","Lance Williams"
"prairie-view","Tai'reon Joseph"
"prairie-view","Dontae Horne"
"prairie-view","Keeshawn Mason"
"prairie-view","Joey Madimba"
"prairie-view","Corey Dunning"
"prairie-view","Ryan Bolton"
"prairie-view","Elijah Mitchell"
"prairie-view","Marcel Bryant"
"prairie-view","Isaiah Foster"
"prairie-view","Jannoy Thomas"
"le-moyne","Deng Garang"
"le-moyne","Shilo Jackson"
"le-moyne","Jakob Blakley"
"le-moyne","Trent Mosquera"
"le-moyne","Eli Greenberg"
"le-moyne","Jakai Sanders"
"le-moyne","Tennessee Rainwater"
"le-moyne","Josiah Lee"
"le-moyne","Samuel Hincapie"
"le-moyne","Isaac Nyakundi"
"st-bonaventure","Dasonte Bowen"
"st-bonaventure","Frank Mitchell"
"st-bonaventure","Cayden Charles"
"st-bonaventure","Daryl Simmons II"
"st-bonaventure","Joseph Grahovac"
"st-bonaventure","Daniel Egbuniwe"
"st-bonaventure","Amar'e Marshall"
"st-bonaventure","Ilia Ermakov"
"st-bonaventure","Andrew Osasuyi"
"st-bonaventure","Achille Lonati"
"louisiana-monroe","Krystian Lewis"
"louisiana-monroe","Martavious Russell"
"louisiana-monroe","Lavell Brodnex"
"louisiana-monroe","Alex Molofeev"
"louisiana-monroe","Renars Sondors"
"louisiana-monroe","Dylan Diaz"
"louisiana-monroe","Ayomide Bamisile"
"louisiana-monroe","Micah Caster"
"louisiana-monroe","William Ball"
"louisiana-monroe","Przemek Hartman"
"north-carolina","Seth Trimble"
"north-carolina","Caleb Wilson"
"north-carolina","Henri Veesaar"
"north-carolina","Kyan Evans"
"north-carolina","Luka Bogavac"
"north-carolina","Jarin Stevenson"
"north-carolina","Derek Dixon"
"north-carolina","Jonathan Powell"
"north-carolina","Jaydon Young"
"ohio-state","Bruce Thornton"
"ohio-state","Devin Royal"
"ohio-state","John Mobley Jr."
"ohio-state","Christoph Tilly"
"ohio-state","Amare Bynum"
"ohio-state","Brandon Noel"
"ohio-state","Colin White"
"ohio-state","Ivan Njegovan"
"ohio-state","Gabe Cupps"
"ohio-state","Taison Chatman"
"denver","Carson Johnson"
"denver","Gabe Oldham"
"denver","Jeremiah Burke"
"denver","Zane Nelson"
"denver","Logan Kinsey"
"denver","Julius Rollins"
"denver","Shaun Wysocki"
"denver","Didier Maleng"
"northern-colorado","Zach Bloch"
"northern-colorado","Brock Wisne"
"northern-colorado","Vincent Delano"
"northern-colorado","Ring Nyeri"
"northern-colorado","Ibu Yamazaki"
"northern-colorado","Ariik Mawien"
"northern-colorado","Hunter Caldwell"
"northern-colorado","Tanner Braketa"
"texas-pan-american","Marshal Destremau"
"texas-pan-american","Marvin McGhee III"
"texas-pan-american","Always Wright"
"texas-pan-american","Zae Blake"
"texas-pan-american","Koree Cotton"
"texas-pan-american","Jaylen Washington"
"texas-pan-american","Demarris Winters"
"texas-pan-american","Dane Christensen"
"texas-pan-american","Mustafo Vanjov"
"texas-pan-american","Julien Gomez"
"texas-pan-american","Jalen Ricks"
"texas-pan-american","Luis Ramirez"
"south-alabama","Chaze Harris"
"south-alabama","Adam Olsen"
"south-alabama","Hantz Louis-Jeune"
"south-alabama","Jayden Cooper"
"south-alabama","Randy Brady"
"south-alabama","Stephen Williams"
"south-alabama","JJ Wheat"
"texas-state","Mark Drone"
"texas-state","Kaden Gumbs"
"texas-state","DJ Hall"
"texas-state","Kyndall Davis"
"texas-state","Makai Willis"
"texas-state","Jalen Bolden"
"texas-state","Franck Emmou"
"texas-state","Robert Fields"
"texas-state","Tay Knox"
"texas-state","Jaelyn Lee"
"butler","Michael Ajayi"
"butler","Finley Bizjack"
"butler","Drayton Jones"
"butler","Azavier Robinson"
"butler","Jamie Kaiser"
"butler","Evan Haywood"
"butler","Yohan Traore"
"butler","Efeosa Oliogu-Elabor"
"butler","Yame Butler"
"northwestern","Tre Singleton"
"northwestern","Jayden Reid"
"northwestern","Arrinten Page"
"northwestern","Jordan Clayton"
"northwestern","Angelo Ciaravino"
"northwestern","Max Green"
"northwestern","K.J. Windham"
"northwestern","Tyler Kropp"
"northwestern","Jake West"
"northwestern","Justin Mullins"
"morehead-state","George Marshall"
"morehead-state","Chase Dawson"
"morehead-state","Jon Carroll"
"morehead-state","Clayton Parker"
"morehead-state","Tyonne Farrell"
"morehead-state","Davion Cunningham"
"morehead-state","Josiah LeGree"
"morehead-state","Tamaury Releford"
"morehead-state","Anouar Mellouk"
"morehead-state","Vince Dawson III"
"southern-indiana","Devin Curtis"
"southeast-missouri-state","Blaize Sagna"
"tennessee-state","Damon Howard Jr."
"utah-valley","Trevan Leonhardt"
"utah-valley","Noah Taitz"
"utah-valley","Jackson Holcombe"
"utah-valley","Tyler Hendricks"
"utah-valley","Isaac Davis"
"utah-valley","Sherman Weatherspoon"
"utah-valley","Hayden Welling"
"utah-valley","Tyler Medaris"
"utah-valley","Tyler Weaver"
"utah-valley","Isaac Hawkins"
"utah-valley","Joul Karram"
"utah-valley","AJ Riggs"
"arkansas","Darius Acuff Jr."
"arkansas","D.J. Wagner"
"arkansas","Karter Knox"
"arkansas","Trevon Brazile"
"arkansas","Nick Pringle"
"arkansas","Malique Ewin"
"arkansas","Billy Richmond III"
"arkansas","Meleek Thomas"
"houston","Milos Uzan"
"houston","Kingston Flemings"
"houston","Emanuel Sharp"
"houston","Chris Cenac Jr."
"houston","Joseph Tugler"
"houston","Ramon Walker Jr."
"houston","Isiah Harwell"
"houston","Cedric Lath"
"houston","Chase McCarty"
"houston","Mercy Miller"
"james-madison","Bradley Douglas"
"james-madison","Cliff Davis"
"james-madison","Eddie Ricks III"
"james-madison","Justin McBride"
"james-madison","Gabe Newhof"
"james-madison","Preston Fowler"
"james-madison","Paul Jones III"
"james-madison","Christian Brown"
"james-madison","Paul Lewis"
"james-madison","Eli Wilborn"
"james-madison","Justin Taylor"
"loyola-il","Kayde Dotson"
"loyola-il","Justin Moore"
"loyola-il","Kymany Houinsou"
"loyola-il","Xavier Amos"
"loyola-il","Miles Rubin"
"loyola-il","Chuck Love III"
"loyola-il","Alexander Richardson"
"loyola-il","Deywilk Tavarez"
"loyola-il","Joshua Ola-Joseph"
"santa-clara","Christian Hammond"
"santa-clara","Elijah Mahi"
"santa-clara","Jake Ensminger"
"santa-clara","Bukky Oboye"
"santa-clara","Brenton Knapper"
"santa-clara","Thierry Darlan"
"santa-clara","Allen Graves"
"santa-clara","Aleksandar Gavalyugov"
"santa-clara","KJ Cochran"
"santa-clara","Francis Chukwudebelu"
"mercer","Baraka Okojie"
"mercer","Armani Mighty"
"mercer","Connor Serven"
"mercer","Brady Shoulders"
"mercer","Zaire Williams"
"mercer","Quinton Perkins II"
"mercer","Tristan Gross"
"mercer","Bendji Pierre"
"mercer","Kyle Cuffe Jr."
"washington-state","Tomas Thrastarson"
"washington-state","Eemeli Yalaho"
"washington-state","Ace Glass lll"
"washington-state","Adria Rodriguez"
"washington-state","ND Okafor"
"washington-state","Jerone Morton"
"washington-state","Rihards Vavers"
"washington-state","Simon Hildebrandt"
"washington-state","Parker Gerrits"
"washington-state","Emmanuel Ugbo"
"bucknell","Amon Dörries"
"bucknell","Achile Spadone"
"bucknell","Ruot Bijiek"
"bucknell","Jayden Williams"
"bucknell","Grgur Brcic"
"bucknell","Aleksander Pachucki"
"bucknell","Jacob Meachem"
"bucknell","Patrick O'Brien"
"bucknell","Kellen Welch"
"bucknell","Matt Lange"
"iowa","Bennett Stirtz"
"iowa","Kael Combs"
"iowa","Tavion Banks"
"iowa","Cooper Koch"
"iowa","Cam Manyawu"
"iowa","Tate Sage"
"iowa","Alvaro Folgueiras"
"iowa","Isaia Howard"
"iowa","Brendan Hausen"
"iowa","Trevin Jirak"
"iowa","Joey Matteoni"
"iowa","Jacob Koch"
"maryland","Solomon Washington"
"maryland","David Coit"
"maryland","George Turkson Jr."
"maryland","Myles Rice"
"maryland","Elijah Saunders"
"maryland","Andre Mills"
"maryland","Darius Adams"
"maryland","Isaiah Watts"
"maryland","Collin Metcalf"
"virginia","Sam Lewis"
"virginia","Dallin Hall"
"virginia","Johann Grünloh"
"virginia","Thijs De Ridder"
"virginia","Malik Thomas"
"virginia","Chance Mallory"
"virginia","Jacari White"
"virginia","Devin Tillis"
"virginia","Ugonna Onyenso"
"mississippi-valley-state","Desiree Smith"
"lamar","Rob Lee Jr."
"lamar","Cody Pennebaker"
"lamar","Andrew Holifield"
"lamar","Errol White"
"lamar","King-Njhsanni Wilhite"
"lamar","Braden East"
"lamar","Eian Lowe"
"lamar","Janko Bulajic"
"lamar","Brian Knight"
"lamar","Jayden Gambrell"
"nebraska-omaha","Tony Osburn"
"nebraska-omaha","Ja'Sean Glover"
"nebraska-omaha","Lance Waddles"
"nebraska-omaha","Kamryn Thomas"
"nebraska-omaha","Christian Richardson"
"nebraska-omaha","Brock Scholl"
"nebraska-omaha","Paul Djobet"
"nebraska-omaha","Khamani Cooper"
"nebraska-omaha","Julian Margrave"
"portland-state","Jaylin Henderson"
"portland-state","Keyon Kensie"
"portland-state","Terri Miller Jr."
"portland-state","Tre-Vaughn Minott"
"portland-state","Alex Dupre"
"portland-state","Kelcy Phipps"
"portland-state","Sebastian Tidor"
"portland-state","Mozae Downing-Rivers"
"portland-state","Isaiah Williams"
"portland-state","Charles Chukwu"
"portland-state","Kean Webb"
"tulane","Scotty Middleton"
"tulane","Rowan Brumbaugh"
"tulane","Asher Woods"
"tulane","Curtis Williams"
"tulane","Tyler Ringgold"
"tulane","KJ Greene"
"tulane","Percy Daniels"
"tulane","JoJo Moore"
"california-baptist","Martel Williams"
"california-baptist","Dominique Daniels Jr."
"california-baptist","Thomas Ndong"
"california-baptist","Jordan Mueller"
"california-baptist","Devon Malcolm"
"california-baptist","Jayden Jackson"
"california-baptist","Jonathan Griman"
"california-baptist","Nathaniel Garcia"
"sacramento-state","Jahni Summers"
"sacramento-state","Mikey Williams"
"sacramento-state","Mark Lavrenov"
"sacramento-state","MaTaj Glover"
"sacramento-state","Shaqir O'Neal"
"sacramento-state","Brandon Gardner"
"sacramento-state","Jayden Teat"
"sacramento-state","Arman Madi"
"sacramento-state","Jeremiah Nyarko"
"creighton","Isaac Traudt"
"creighton","Josh Dix"
"creighton","Jasen Green"
"creighton","Austin Swartz"
"creighton","Ty Davis"
"creighton","Nik Graves"
"creighton","Blake Harper"
"creighton","Fedor Žugić"
"creighton","Owen Freeman"
"creighton","Kerem Konan"
"creighton","Shane Thomas"
"marquette","Nigel James Jr."
"marquette","Chase Ross"
"marquette","Adrien Stevens"
"marquette","Royce Parham"
"marquette","Caedin Hamilton"
"marquette","Damarius Owens"
"marquette","Sean Jones"
"marquette","Ben Gold"
"marquette","Michael Phillips II"
"marquette","Josh Clark"
"marquette","Tre Norman"
"duke","Cameron Boozer"
"duke","Isaiah Evans"
"duke","Caleb Foster"
"duke","Patrick Ngongba"
"duke","Nikolas Khamenia"
"duke","Maliq Brown"
"duke","Cayden Boozer"
"duke","Darren Harris"
"duke","Dame Sarr"
"texas-tech","Christian Anderson"
"texas-tech","Donovan Atwell"
"texas-tech","JT Toppin"
"texas-tech","LeJuan Watts"
"texas-tech","Tyeree Bryan"
"texas-tech","Jaylen Petty"
"texas-tech","Nolan Groves"
"texas-tech","Leon Horner"
"georgetown","Caleb Williams"
"georgetown","Malik Mack"
"georgetown","Julius Halaifonua"
"georgetown","KJ Lewis"
"georgetown","Isaiah Abraham"
"georgetown","Jeremiah Williams"
"georgetown","Jayden Fort"
"georgetown","Kayvaun Mulready"
"georgetown","Langston Love"
"georgetown","Seal Diouf"
"xavier","Malik Moore"
"xavier","Filip Borovicanin"
"xavier","Jovan Milicevic"
"xavier","Tre Carroll"
"xavier","All Wright"
"xavier","Roddie Anderson III"
"xavier","Pape N'Diaye"
"xavier","Isaiah Walker"
"xavier","Anthony Robinson"
"california-riverside","Osiris Grady"
"california-riverside","De'Undrae Perteete"
"california-riverside","Marqui Worthy"
"california-riverside","Andrew Henderson"
"california-riverside","BJ Kolly"
"california-riverside","Jailen Daniel-Dalton"
"california-riverside","EJ Spillman"
"california-riverside","Tyler Jones"
"st-thomas-mn","Nolan Minessale"
"st-thomas-mn","Nick Janowski"
"st-thomas-mn","Carter Bjerke"
"st-thomas-mn","Austin Herro"
"st-thomas-mn","Ben Oosterbaan"
"st-thomas-mn","Isaiah Johnson-Arigu"
"st-thomas-mn","Jermaine Coleman"
"st-thomas-mn","Ryan Dufault"
"st-thomas-mn","Kyle Counts"
"st-thomas-mn","Tim Franks"
"st-thomas-mn","Adam Tauer"
"st-thomas-mn","Jack Tauer"
"st-thomas-mn","Hayden Tibbits"
"texas-am-corpus-christi","Mason Gibson"
"texas-am-corpus-christi","Leo Torbor"
"texas-am-corpus-christi","Sheldon Williams"
"texas-am-corpus-christi","Nicholas Shogbonyo"
"texas-am-corpus-christi","Cenker Evran"
"texas-am-corpus-christi","Cedric Horton"
"texas-am-corpus-christi","Franck Yetna"
"texas-am-corpus-christi","Bryson Wheatfall"
"texas-am-corpus-christi","Devon Kobi Pearson"
"texas-am-corpus-christi","Daniel Michelini-Jackson"
"texas-am-corpus-christi","Trenton Pane"
"texas-am-corpus-christi","Kam Parker"
"texas-am-corpus-christi","Jaden Haire"
"texas-am-corpus-christi","Jamal Ambrose"
"pepperdine","Pasha Shemirani"
"rice","Trae Broadnax"
"rice","Jalen Smith"
"rice","Nick Anderson"
"rice","Jimmy Oladokun Jr."
"rice","Cam Carroll"
"rice","Stephen Giwa"
"rice","Bodey Howell"
"rice","Eternity Eguagie"
"rice","Andrew Akuchie"
"rice","Jordan Williams"
"dixie-state","Ethan Potter"
"dixie-state","Madiba Owona"
"dixie-state","Noah Bolanga"
"dixie-state","Tanner Davis"
"dixie-state","Britton Berrett"
"dixie-state","Chance Trujillo"
"dixie-state","Jusaun Holt"
"dixie-state","Dario Domingos"
"weber-state","Tijan Saine"
"weber-state","Jace Whiting"
"weber-state","Edwin Suarez Jr."
"weber-state","Malek Gomma"
"weber-state","Duce Paschal"
"weber-state","Trevor Hennig"
"weber-state","Nigel Burris"
"weber-state","ArDarius Grayson"
"weber-state","Declan Cutler"
"weber-state","David Hansen"
"arizona","Jaden Bradley"
"arizona","Ivan Kharchenkov"
"arizona","Brayden Burries"
"arizona","Motiejus Krivas"
"arizona","Koa Peat"
"arizona","Tobe Awaka"
"arizona","Anthony Dell'Orso"
"arizona","Dwayne Aristode"
"arizona","Addison Arnold"
"arizona","Sven Djopmo"
"arizona","Sidi Gueye"
"arizona","Evan Nelson"
"san-diego-state","Reese Dixon-Waters"
"san-diego-state","Magoon Gwath"
"san-diego-state","Miles Byrd"
"san-diego-state","Miles Heide"
"san-diego-state","Elzie Harrington"
"san-diego-state","BJ Davis"
"san-diego-state","Tae Simmons"
"san-diego-state","Pharaoh Compton"
"san-diego-state","Sean Newman Jr."
"san-diego-state","Taj DeGourville"
"san-diego-state","Jeremiah Oden"
"boston-university","Michael McNair"
"boston-university","Chance Gladden"
"boston-university","Ben Defty"
"boston-university","Malcolm Chimezie"
"boston-university","Ethan Okwuosa"
"boston-university","Sam Hughes"
"boston-university","Azmar Abdullah"
"boston-university","Donte Tisinger Jr."
"massachusetts-lowell","Angel Montas"
"massachusetts-lowell","Darrel Yepdo"
"massachusetts-lowell","Austin Green"
"massachusetts-lowell","Xavier Spencer"
"massachusetts-lowell","JJ Massaquoi"
"massachusetts-lowell","Victor Okojie"
"massachusetts-lowell","Khalil Farmer"
"massachusetts-lowell","Isaiah Walter"
"massachusetts-lowell","Shawn Simmons II"
"massachusetts-lowell","Jared Frey"
"massachusetts-lowell","Jerell Roberson"
"illinois-chicago","Andy Johnson"
"illinois-chicago","Rashund Washington Jr."
"illinois-chicago","Mekhi Lowery"
"illinois-chicago","Jayce Nathaniel"
"illinois-chicago","Josiah Hammons"
"illinois-chicago","Ahmad Henderson II"
"illinois-chicago","Abdul Momoh"
"illinois-chicago","Sam Silverstein"
"illinois-chicago","Tai Walters-Whitaker"
"cincinnati","Day Day Thomas"
"cincinnati","Baba Miller"
"cincinnati","Moustapha Thiam"
"cincinnati","Shon Abaev"
"cincinnati","Kerr Kriisa"
"cincinnati","Jizzle James"
"cincinnati","Sencire Harris"
"cincinnati","Jalen Celestine"
"cincinnati","Halvine Dzellat"
"clemson","Dillon Hunter"
"clemson","Jestin Porter"
"clemson","RJ Godfrey"
"clemson","Carter Welling"
"clemson","Jake Wahlin"
"clemson","Ace Buckner"
"clemson","Nick Davidson"
"clemson","Efrem Johnson"
"clemson","Chase Thompson"
"cincinnati","Dee Alexander"
"furman","Owen Ritger"
"la-salle","Nas Hart"
"la-salle","Max Lipacis"
"la-salle","Arlan Masharaliyev"
"michigan","Yaxel Lendeborg"
"michigan","Elliot Cadeau"
"michigan","Morez Johnson Jr."
"michigan","Aday Mara"
"michigan","Nimari Burnett"
"michigan","Trey McKenney"
"michigan","Will Tschetter"
"michigan","Roddy Gayle Jr."
"michigan","L.J. Cason"
"michigan","Oscar Goodman"
"michigan","Winters Grady"
"michigan","Malick Kordel"
"michigan","Howard Eisley Jr."
"north-carolina-greensboro","Donald Whitehead Jr."
"north-carolina-greensboro","Noah Norgaard"
"north-carolina-greensboro","KJ Younger"
"north-carolina-greensboro","Justin Neely"
"north-carolina-greensboro","Valentino Pinedo"
"north-carolina-greensboro","Clinton Efinda"
"north-carolina-greensboro","Landon King"
"north-carolina-greensboro","Clyde Bailey II"
"north-carolina-greensboro","Chane Bynum"
"north-carolina-greensboro","Domas Kauzonas"
"north-carolina-greensboro","Braylen Bowman"
"college-of-charleston","Jlynn Counter"
"college-of-charleston","Connor Hickman"
"college-of-charleston","Martin Kalu"
"college-of-charleston","Jaxon Prunty"
"college-of-charleston","Chol Machot"
"college-of-charleston","Djordje Curcic"
"college-of-charleston","Christian Reeves"
"college-of-charleston","Chadlyn Traylor"
"college-of-charleston","Chris Davis Jr."
"northern-kentucky","Dan Gherezgher Jr."
"northern-kentucky","Kael Robinson"
"northern-kentucky","Tae Dozier"
"northern-kentucky","LJ Wells"
"northern-kentucky","Ethan Elliott"
"northern-kentucky","Donovan Oday"
"northern-kentucky","Donovan Rakotonanahary"
"northern-kentucky","Shawn Nelson"
"northern-kentucky","Ryan Tolliver"
"penn-state","Kayden Mingo"
"penn-state","Josh Reed"
"penn-state","Ivan Juric"
"penn-state","Melih Tunca"
"penn-state","Dominick Stewart"
"penn-state","Freddie Dilione V"
"penn-state","Mason Blackwood"
"penn-state","Tibor Mirtic"
"penn-state","Justin Houser"
"penn-state","Eli Rice"
"penn-state","Saša Ciani"
"pittsburgh","Damarco Minor"
"pittsburgh","Roman Siulepa"
"pittsburgh","Barry Dunning Jr."
"pittsburgh","Cameron Corhen"
"pittsburgh","Nojus Indrusaitis"
"pittsburgh","Omari Witherspoon"
"pittsburgh","Brandin Cummings"
"pittsburgh","Kieran Mullen"
"pittsburgh","Macari Moore"
"providence","Nalani Kaysia"
"vanderbilt","Duke Miles"
"vanderbilt","Tyler Nickel"
"vanderbilt","Devin McGlockton"
"vanderbilt","Tyler Tanner"
"vanderbilt","AK Okereke"
"vanderbilt","Tyler Harris"
"vanderbilt","Jalen Washington"
"vanderbilt","Michael James"
"vanderbilt","Chandler Bing"
"vanderbilt","Jaylon Dean-Vines"
"vanderbilt","Jayden Leverett"
"vanderbilt","Miles Keeffe"
"wake-forest","Myles Colvin"
"wake-forest","Juke Harris"
"wake-forest","Tre'Von Spillers"
"wake-forest","Omaha Biliew"
"wake-forest","Nate Calmese"
"wake-forest","Jaylen Cross"
"wake-forest","Cooper Schwieger"
"wake-forest","Isaac Carr"
"wake-forest","Sebastian Akins"
"wake-forest","Mekhi Mason"
"wake-forest","Marqus Marion"
"alabama-birmingham","Chance Westry"
"alabama-birmingham","Salim London"
"alabama-birmingham","Daniel Rivera"
"alabama-birmingham","Evan Chatman"
"alabama-birmingham","Ahmad Robinson"
"alabama-birmingham","KyeRon Lindsay"
"alabama-birmingham","Quaran McPherson"
"alabama-birmingham","Ari Gooch"
"alabama-birmingham","Lance Carr"
"alabama-birmingham","Dayjaun Anderson"
"alabama","Aden Holloway"
"alabama","Labaron Philon"
"alabama","Houston Mallette"
"alabama","Amari Allen"
"alabama","Aiden Sherrell"
"alabama","Latrell Wrightsell Jr."
"alabama","Jalil Bethea"
"alabama","Keitenn Bristow"
"alabama","Taylor Bol Bowen"
"alabama","Noah Williamson"
"kennesaw-state","Braedan Lue"
"kennesaw-state","Simeon Cottle"
"kennesaw-state","Trey Simpson"
"kennesaw-state","Amir Taylor"
"kennesaw-state","Kaden Rickard"
"kennesaw-state","Frankquon Sherman"
"kennesaw-state","RJ Johnson"
"kennesaw-state","Darius Washington III"
"kennesaw-state","Ramone Seals"
"southern","Cam Amboree"
"southern","Brandon Hardy"
"southern","Terrance Dixon Jr."
"southern","Joe Manning"
"southern","DaMariee Jones"
"southern","Michael Jacobs"
"southern","Malek Abdelgowad"
"southern","AJ Barnes"
"southern","Ashton Magee"
"southern","Fazl Oshodi"
"southern","PJ Dobuol"
"bradley","Matthew Zobrist"
"southern-illinois","Caden Hawkins"
"southern-illinois","Jaheem Webber"
"drake","Isaiah Carr"
"evansville","Leif Moeller"
"evansville","Connor Turnbull"
"evansville","Joshua Hughes"
"evansville","Bryce Quinet"
"evansville","Alex Hemenway"
"evansville","AJ Casey"
"evansville","Keishon Porter"
"evansville","Trent Hundley"
"evansville","Kaia Berridge"
"evansville","James Dyson-Merwe"
"illinois-state","Ty Blake"
"indiana-state","Jayan Walker"
"indiana-state","Sivert Nordheim"
"indiana-state","Caden Huttenlocker"
"middle-tennessee","Jahvin Carter"
"middle-tennessee","Torey Alston"
"middle-tennessee","Sean Smith"
"middle-tennessee","Kamari Lands"
"middle-tennessee","Chris Loofe"
"middle-tennessee","Tre Green"
"middle-tennessee","Luka Jovanovic"
"middle-tennessee","Jarred Hall"
"middle-tennessee","Marcus Whitlock"
"new-mexico-state","Julius Mims"
"new-mexico-state","Anthony Wrzeszcz"
"new-mexico-state","Gabe Pickens"
"new-mexico-state","Jemel Jones"
"new-mexico-state","Cyr Malonga"
"new-mexico-state","Elijah Elliott"
"new-mexico-state","Jayland Randall"
"new-mexico-state","Jae'Coby Osborne"
"new-mexico-state","Kyrese Mullen"
"new-mexico-state","Chris Terrell"
"new-mexico-state","Augustine Ekwe"
"sam-houston-state","Damon Nicholas Jr."
"sam-houston-state","Kashie Natt"
"sam-houston-state","Po'Boigh King"
"sam-houston-state","Justin Begg"
"sam-houston-state","Veljko Ilic"
"sam-houston-state","Isaiah Manning"
"sam-houston-state","Jacobe Coleman"
"sam-houston-state","Jacob Walker"
"sam-houston-state","Jaxson Ford"
"sam-houston-state","Matt Dann"
"sam-houston-state","CJ Beaumont"
"cal-poly","Jake Davis"
"idaho","Jackson Rasmussen"
"idaho","Biko Johnson"
"idaho","Kolton Mitchell"
"idaho","Brody Rowbury"
"idaho","Jack Payne"
"idaho","Trevon Blassingame"
"idaho","Isaiah Brickner"
"idaho","Miles Klapper"
"idaho","Seth Joba"
"idaho","Ewan Steele"
"idaho","Aidan Sevilla"
"california","Justin Pippen"
"columbia","Kenny Noland"
"columbia","Blair Thompson"
"columbia","Mason Ritter"
"columbia","Miles Franklin"
"columbia","Ryan Soulis"
"columbia","Connor Igoe"
"columbia","Gerard O'Keefe"
"columbia","Hampton Sanders"
"columbia","Richard Nweke"
"gonzaga","Graham Ike"
"gonzaga","Braden Huff"
"gonzaga","Emmanuel Innocenti"
"gonzaga","Steele Venters"
"gonzaga","Mario Saint-Supery"
"gonzaga","Braeden Smith"
"gonzaga","Jalen Warley"
"gonzaga","Adam Miller"
"gonzaga","Tyon Grant-Foster"
"oregon","Nathan Bittle"
"oregon","Jackson Shelstad"
"oregon","TK Simpkins"
"oregon","Kwame Evans Jr."
"oregon","Sean Stewart"
"oregon","Dezdrick Lindsay"
"oregon","Wei Lin"
"oregon","Ege Demir"
"oregon","Jamari Phillips"
"san-francisco","Ryan Beasley"
"san-francisco","Tyrone Riley IV"
"san-francisco","Guillermo Diaz Graham"
"san-francisco","Vukasin Masic"
"san-francisco","Mookie Cook"
"san-francisco","David Fuchs"
"san-francisco","Legend Smiley"
"san-francisco","Aidan Braccia"
"san-francisco","Veniamin Abosi"
"san-francisco","Junjie Wang"
"san-francisco","Weilun Zhao"
"san-francisco","Saba Gigiberia"
"san-francisco","Sean Blakely"
"southern-california","Chad Baker-Mazara"
"southern-california","Gabe Dynes"
"southern-california","Ryan Cornish"
"southern-california","Jacob Cofie"
"southern-california","Ezra Ausar"
"southern-california","Jordan Marsh"
"southern-california","Kam Woods"
"southern-california","Jerry Easter II"
"southern-california","Terrance Williams II"
"southern-california","Jaden Brownell"
"southern-california","EJ Neal"
"southern-california","Patrick O'Brien"
"southern-california","Jonah Goorin"
"southern-california","Brit Burden"
"detroit-mercy","Kailee Davis"
"detroit-mercy","Allison Basye"
"colgate","Jalen Cox"
"colgate","Sam Wright"
"colgate","Ben Tweedy"
"colgate","Josh Ahayere"
"colgate","Andrew Alekseyenko"
"colgate","Kyle Carlesimo"
"colgate","Cooper Wright"
"colgate","Brady Cummins"
"colgate","Ethan Brown"
"colgate","Eyilayomi Odetoyinbo"
"colgate","Cameron Brennan"
"colgate","Jonathan Niv"
"colgate","Charles Pugh"
"florida","Alex Condon"
"florida","Xaivian Lee"
"florida","Boogie Fland"
"florida","Thomas Haugh"
"florida","Rueben Chinyelu"
"florida","Micah Handlogten"
"florida","Urban Klavzar"
"florida","Alex Kovatchev"
"florida","Isaiah Brown"
"florida","CJ Ingram II"
"florida","Alex Lloyd"
"florida","Viktor Mikic"
"florida","Olivier Rioux"
"mount-st-marys","Elijah Espinosa"
"mount-st-marys","Patrick Haigh"
"mount-st-marys","John Miller IV"
"mount-st-marys","Noah Rogers"
"navy","David Burnett"
"navy","Matt Gaffney"
"navy","Owen Gray"
"navy","Julian Gabbidon"
"navy","Tobi Raji"
"ipfw","Corey Hadnot II"
"ipfw","DeAndre Craig"
"ipfw","Mikale Stevenson"
"ipfw","Maximus Nelson"
"ipfw","Darius Duffy"
"ipfw","Chris Morgan"
"ipfw","Deangelo Elisee"
"ipfw","Ebrahim Kaba"
"ipfw","EJ Mosley"
"ipfw","Yuval Levin"
"notre-dame","Braeden Shrewsberry"
"notre-dame","Jalen Haralson"
"notre-dame","Carson Towt"
"notre-dame","Garrett Sundra"
"notre-dame","Cole Certa"
"notre-dame","Logan Imes"
"notre-dame","Sir Mohammed"
"notre-dame","Brady Koehler"
"notre-dame","Kebba Njie"
"notre-dame","Matthew MacLellan"
"notre-dame","Ryder Frost"
"winthrop","Braylhan Thomas"
"winthrop","Cam Christy"
"winthrop","Henry Harrison"
"hofstra","Cruz Davis"
"hofstra","German Plotnikov"
"hofstra","Preston Edmead"
"hofstra","Victory Onuetu"
"hofstra","Joshua DeCady"
"hofstra","James Patterson"
"hofstra","Silas Sunday"
"hofstra","Jaeden Roberts"
"quinnipiac","Amarri Monroe"
"quinnipiac","Grant Randall"
"quinnipiac","Nate Guerengomba"
"quinnipiac","Asim Jones"
"quinnipiac","Spence Wewe"
"quinnipiac","Tai Turnage"
"quinnipiac","Keith McKnight"
"quinnipiac","Samuel Osayi Nosakhare"
"quinnipiac","Samson Reilly"
"marist","Elijah Lewis"
"marist","Jadin Collins"
"marist","Jaden Daughtry"
"marist","Justin Menard"
"marist","Jason Schofield"
"marist","Rhyjon Blackwell"
"marist","Jordan Gabriel"
"marist","Myles Parker"
"marist","Parby Kabamba"
"marist","Trace Salton"
"marist","Ricky McKenzie"
"stony-brook","Erik Pratt"
"stony-brook","Andrej Shoshkikj"
"stony-brook","Quin Gorman"
"stony-brook","Rob Brown III"
"stony-brook","Richard Goods"
"stony-brook","Tomas Valentiny"
"stony-brook","Ethan Simmon"
"stony-brook","Toby Onyekonwu"
"stony-brook","Jonah Butler"
"stony-brook","Oleg Kojenets"
"stony-brook","Leon Nahar"
"monmouth","Jason Rivera-Torres"
"monmouth","Cornelius Robinson Jr."
"monmouth","Justin Ray"
"monmouth","Anthony Martinez"
"monmouth","Stefanos Spartalis"
"monmouth","Corey Miller"
"monmouth","Andrew Ball"
"monmouth","Dok Muordar"
"monmouth","Jinup Doboul"
"monmouth","Quinn Peters"
"monmouth","Zubayr Griffin"
"monmouth","O'Marion Harvey"
"monmouth","Jack Leahy"
"monmouth","Lucas Orchard"
"mississippi","Travis Perry"
"mississippi","Malik Dia"
"mississippi","Ilias Kamardine"
"mississippi","AJ Storr"
"mississippi","Corey Chest"
"mississippi","Eduardo Klafke"
"mississippi","Zach Day"
"mississippi","Augusto Cassia"
"mississippi","Patton Pinkins"
"mississippi","Niko Bundalo"
"mississippi","James Scott"
"mississippi","Max Smith"
"mississippi","Kezza Giffa"
"north-carolina-state","Quadir Copeland"
"north-carolina-state","Ven-Allen Lubin"
"north-carolina-state","Paul McNeil Jr."
"north-carolina-state","Darrion Williams"
"north-carolina-state","Alyn Breed"
"north-carolina-state","Tre Holloman"
"north-carolina-state","Musa Sagnia"
"north-carolina-state","Matt Able"
"north-carolina-state","Scottie Ebube"
"texas-am","Ibifaa Azogu"
"texas-am","Gianna Gentry"
"albany-ny","Amir Lindsey"
"albany-ny","Jaden Kempson"
"albany-ny","Zach Matulu"
"albany-ny","Isaac Abidde"
"albany-ny","Ma'Kye Taylor"
"albany-ny","Okechukwu Okeke"
"albany-ny","Nasir Muhammad"
"albany-ny","Miles Rose"
"albany-ny","Yaya Keita"
"cornell","Cooper Noard"
"cornell","Jake Fiegen"
"cornell","Adam Tsang Hinton"
"cornell","Jacob Beccles"
"cornell","Kaspar Sepp"
"cornell","Anthony Nimani"
"cornell","Josh Baldwin"
"cornell","DJ Nix"
"cornell","Corbin Zentner"
"cornell","DaMaryon Fishburn"
"cornell","Gioacchino Panzini"
"delaware-state","Miles Webb"
"delaware-state","Rahmir Moore"
"drexel","Garfield Turner"
"maine","Ryan Mabrey"
"maine","Mekhi Gray"
"maine","TJ Biel"
"maine","Logan Carey"
"maine","Keelan Steele"
"maine","Ace Flagg"
"maine","Caleb Crawford"
"maine","Amare Allen"
"maine","Isaac Bonilla"
"maine","Bashir N'Galang"
"maine","Emmitt Byther"
"george-mason","Kory Mincy"
"george-mason","Jahari Long"
"george-mason","Malik Presley"
"george-mason","Riley Allenspach"
"george-mason","Dola Adebayo"
"george-mason","Masai Troutman"
"george-mason","Stas Sivka"
"george-mason","Emmanuel Kanga"
"george-mason","Devin Booker"
"george-mason","Nick Ellington"
"loyola-md","Braeden Speed"
"loyola-md","Jordan Stiemke"
"loyola-md","Jacob Theodosiou"
"loyola-md","Sam Springer"
"loyola-md","Emmett Adair"
"loyola-md","Tyson Commander"
"loyola-md","Everett Barnes"
"loyola-md","Sebastien Emenalo"
"loyola-md","Troy Cicero Jr."
"loyola-md","Garrett Brennan"
"loyola-md","Carter Berg-McLean"
"manhattan","Quron Elliott"
"presbyterian","Jonah Pierce"
"presbyterian","Carl Parrish"
"presbyterian","Jaylen Peterson"
"presbyterian","Triston Wilson"
"presbyterian","Josh Pickett"
"presbyterian","JD Bowden"
"presbyterian","Iverson King"
"presbyterian","Khalon Hudson"
"presbyterian","Amare Anderson"
"presbyterian","Chidi Chiakwelu"
"cal-state-fullerton","Christian Williams"
"cal-state-fullerton","Josh Ward"
"cal-state-fullerton","Jefferson De La Cruz Monegro"
"cal-state-fullerton","Bryce Cofield"
"cal-state-fullerton","Kendrick De Luna"
"cal-state-fullerton","Landon Seaman"
"cal-state-fullerton","Davis White"
"cal-state-fullerton","Jaden Henderson"
"virginia-military-institute","TJ Johnson"
"virginia-military-institute","Tan Yildizoglu"
"virginia-military-institute","Linus Holmstrom"
"virginia-military-institute","AJ Clark"
"virginia-military-institute","Cal Liston"
"virginia-military-institute","Alexander Daushvili"
"virginia-military-institute","Mario Tatum Jr."
"virginia-military-institute","Walker Andrews"
"virginia-military-institute","Kaden Stuckey"
"central-arkansas","Camren Hunter"
"central-arkansas","Ty Robinson"
"central-arkansas","Luke Moore"
"central-arkansas","Malchiah Marable"
"central-arkansas","Cole McCormick"
"central-arkansas","Javion Guy-King"
"central-arkansas","Truman Byrne"
"central-arkansas","Harrison Beauchamp"
"central-arkansas","Tyler Lee"
"central-arkansas","Parker Applegate"
"central-arkansas","Ethan Thomas"
"southern-methodist","Kevin Miller"
"southern-methodist","B.J. Edwards"
"southern-methodist","Samet Yigitoglu"
"southern-methodist","Jaron Pierre Jr."
"southern-methodist","Corey Washington"
"southern-methodist","Jermaine O'Neal Jr."
"southern-methodist","Jaden Toombs"
"southern-methodist","B.J. Davis-Ray"
"southern-methodist","Sam Walters"
"southern-methodist","Mitchell Holmes"
"southern-methodist","Chance Puryear"
"stephen-f-austin","Lateef Patrick Jr."
"stephen-f-austin","Jerald Colonel"
"stephen-f-austin","Kam Burton"
"stephen-f-austin","Keon Thompson"
"stephen-f-austin","Chrishawn Christmas"
"stephen-f-austin","Eltramon Smith Jr."
"stephen-f-austin","Ahamed Mohammed"
"stephen-f-austin","Gediminas Alisas"
"stephen-f-austin","Marcus Scurry"
"stephen-f-austin","Narit Chotikavanic"
"stephen-f-austin","Christian Green"
"stephen-f-austin","Bryceson Melvin"
"stephen-f-austin","Harris Dar"
"stephen-f-austin","Tichyque Musaka"
"valparaiso","Rakim Chaney"
"valparaiso","Shon Tupuola"
"valparaiso","Brody Whitaker"
"valparaiso","JT Pettigrew"
"valparaiso","Isaiah Barnes"
"valparaiso","Owen Dease"
"valparaiso","Carter Hopoi"
"valparaiso","Justus McNair"
"valparaiso","Tucker Tornatta"
"valparaiso","Kyonte Thomas"
"arizona-state","Moe Odum"
"arizona-state","Bryce Ford"
"arizona-state","Santiago Trouet"
"arizona-state","Massamba Diop"
"arizona-state","Andrija Grbovic"
"arizona-state","Anthony Johnson"
"arizona-state","Noah Meeusen"
"arizona-state","Marcus Adams Jr."
"arizona-state","Allen David Mukeba"
"arizona-state","Trevor Best"
"arizona-state","Kash Polk"
"oregon-state","Josiah Lake II"
"oregon-state","Isaiah Sy"
"oregon-state","Dez White"
"oregon-state","Jorge Diaz Graham"
"oregon-state","Yaak Yaak"
"oregon-state","Noah Amenhauser"
"oregon-state","Olavi Suutela"
"oregon-state","Msatija Samar"
"oregon-state","Malcolm Christie"
"oregon-state","Keziah Ekissi"
"oregon-state","Johan Munch"
"incarnate-word","Davion Bailey"
"incarnate-word","Tahj Staveskie"
"incarnate-word","Jordan Pyke"
"incarnate-word","Esteban Mann"
"incarnate-word","Lewis Rowe"
"incarnate-word","Harold Woods"
"incarnate-word","Harrison Reede"
"incarnate-word","Marcus Glover"
"incarnate-word","Jayden Williams"
"incarnate-word","Love Bettis"
"incarnate-word","Amani Drummond"
"incarnate-word","Mihael Tomic"
"incarnate-word","Drew Barbee"
"northern-arizona","Diego Campisano"
"indiana-state","Nala Abraham"
"miami-fl","Tre Donaldson"
"miami-fl","Shelton Henderson"
"miami-fl","Ernest Udeh Jr."
"miami-fl","Tru Washington"
"miami-fl","Malik Reneau"
"miami-fl","Timotej Malovec"
"miami-fl","Noam Dovrat"
"miami-fl","Salih Altuntas"
"miami-fl","John Laboy II"
"miami-fl","Jordyn Kee"
"new-hampshire","Jack Graham"
"new-hampshire","Belal El Shakery"
"new-hampshire","KiJan Robinson"
"new-hampshire","Davide Poser"
"new-hampshire","John Squire"
"new-hampshire","Tyler Bike"
"new-hampshire","Reginald Kennedy Jr."
"new-hampshire","Comeh Emuobor"
"new-hampshire","Giannos Xanthopoulos"
"saint-louis","Dion Brown"
"saint-louis","Quentin Jones"
"saint-louis","Trey Green"
"saint-louis","Robbie Avila"
"saint-louis","Amari McCottry"
"saint-louis","Brady Dunlap"
"saint-louis","Ishan Sharma"
"saint-louis","Paul Otieno"
"saint-louis","Cam Hutson"
"maryland-baltimore-county","Ace Valentine"
"maryland-baltimore-county","DJ Armstrong"
"maryland-baltimore-county","Jah'Likai King"
"maryland-baltimore-county","Josh Odunowo"
"maryland-baltimore-county","Riley Jacobs"
"maryland-baltimore-county","Caden Diggs"
"maryland-baltimore-county","Daylon Dickerson"
"maryland-baltimore-county","Jose Roberto Tanchyn"
"maryland-baltimore-county","Cougar Downing"
"maryland-baltimore-county","Paul Greene"
"maryland-baltimore-county","Tim Eze"
"south-florida","Joseph Pinion"
"south-florida","Izaiyah Nelson"
"south-florida","CJ Brown"
"south-florida","Adriel Nyorha"
"south-florida","Josh Omojafo"
"south-florida","Daimion Collins"
"south-florida","Devin Haid"
"south-florida","Tristan Beckford"
"south-florida","Isaiah Jones"
"south-florida","Gavin Hightower"
"south-florida","Caleb Sanders"
"tennessee","Ja'Kobi Gillespie"
"tennessee","DeWayne Brown II"
"tennessee","Felix Okpara"
"tennessee","Bishop Boswell"
"tennessee","Nate Ament"
"tennessee","Jaylen Carey"
"tennessee","J.P. Estrella"
"tennessee","Troy Henderson"
"tennessee","Clarence Massamba"
"tennessee","Amaree Abram"
"tennessee","Amari Evans"
"tennessee","Campbell Duncan"
"tennessee","Grant Hurst"
"tennessee","Gavin Paull"
"connecticut","Alex Karaban"
"connecticut","Silas Demary Jr."
"connecticut","Braylon Mullins"
"connecticut","Tarris Reed Jr."
"connecticut","Jaylin Stewart"
"connecticut","Jayden Ross"
"connecticut","Malachi Smith"
"connecticut","Eric Reibe"
"connecticut","Alec Millender"
"connecticut","Rrezon Elezaj"
"connecticut","Jacob Furphy"
"connecticut","Uroš Paunović"
"depaul","RJ Smith"
"depaul","Kaleb Banks"
"depaul","Layden Blocker"
"depaul","N.J. Benson"
"depaul","CJ Gunn"
"depaul","Kruz McClure"
"depaul","Fabian Flores"
"depaul","Brandon Maclin"
"depaul","Ilija Milijasevic"
"texas-am-commerce","Gianni Hunt"
"texas-am-commerce","Ronnie Harrison"
"texas-am-commerce","Vinny Sigona"
"texas-am-commerce","Alex McCray"
"texas-am-commerce","Michael Folarin"
"texas-am-commerce","Damian Garcia"
"texas-am-commerce","Evan Phelps"
"texas-am-commerce","Josh Taylor"
"texas-am-commerce","Noah Pagotto"
"texas-am-commerce","Tay Mosher"
"texas-am","Mackenzie Mgbako"
"texas-am","Rashaun Agee"
"texas-am","Jacari Lane"
"texas-am","Ruben Dominguez"
"texas-am","Marcus Hill"
"texas-am","Rylan Griffen"
"texas-am","Pop Isaacs"
"texas-am","Josh Holloway"
"texas-am","Ali Abdou Dibba"
"texas-am","Jamie Vinson"
"texas-am","Federiko Federiko"
"texas-am","Zach Clemence"
"texas-am","Jeremiah Green"
"texas-am","Chris McDermott"
"texas-am","Noah Shelby"
"texas-christian","Ashton Simmons"
"texas-christian","Drew McElroy"
"texas-christian","Adam Stewart"
"texas-christian","Trey Stuart"
"cleveland-state","Tre Beard"
"cleveland-state","Holden Pierre-Louis"
"cleveland-state","Preist Ryan"
"cleveland-state","Jaidon Lipscomb"
"cleveland-state","Dayan Nessah"
"cleveland-state","Chevalier Emery"
"cleveland-state","Foster Wonders"
"cleveland-state","David Giddens"
"cleveland-state","Kevo St. Hilaire"
"cleveland-state","Kamari Jones"
"milwaukee","Sekou Konneh"
"eastern-kentucky","Montavious Myrick"
"eastern-kentucky","Turner Buttry"
"eastern-kentucky","Yvens Paul"
"eastern-kentucky","Austin Ball"
"eastern-kentucky","Juan Cranford Jr."
"eastern-kentucky","Jackson Holt"
"eastern-kentucky","MJ Williams"
"eastern-kentucky","Jayden Harris"
"eastern-kentucky","Asa White"
"wichita-state","Kenyon Giles"
"wichita-state","Karon Boyd"
"wichita-state","TJ Williams"
"wichita-state","Mike Gray Jr."
"wichita-state","Emmanuel Okorafor"
"wichita-state","Dre Kindell"
"wichita-state","Brian Amuneke"
"wichita-state","Will Berg"
"wichita-state","Jaret Valencia"
"wichita-state","Dillon Battie"
"wichita-state","Noah Hill"
"wichita-state","Henry Thengvall"
"california-davis","Nils Cooper"
"california-davis","Connor Sevilla"
"california-davis","Isaiah Chappell"
"california-davis","Marcus Wilson"
"california-davis","Niko Rocak"
"california-davis","Brayden Fagbemi"
"california-davis","Cyril Franklin Jr."
"california-davis","Carl Daugherty Jr."
"california-davis","Jalen Stokes"
"california-davis","Omer Suljanovic"
"california-davis","Abdullah Amzil"
"idaho-state","Louis Bond"
"iowa-state","Joshua Jefferson"
"iowa-state","Milan Momcilovic"
"iowa-state","Blake Buchanan"
"iowa-state","Killyan Toure"
"iowa-state","Tamin Lipsey"
"iowa-state","Nate Heise"
"iowa-state","Jamarion Batemon"
"iowa-state","Dominykas Pleta"
"iowa-state","Dominick Nelson"
"iowa-state","Cade Kelderman"
"iowa-state","Xzavion Mitchell"
"iowa-state","Eric Mulder"
"campbell","Tasos Cook"
"campbell","Dovydas Butka"
"campbell","Cam Gregory"
"campbell","D.J. Smith"
"campbell","Chris Fields Jr."
"campbell","Jeremiah Johnson"
"campbell","Muneer Newton"
"campbell","Dominykas Butka"
"campbell","Enoch Kalambay"
"minnesota","Cade Tyson"
"minnesota","Bobby Durkin"
"minnesota","Isaac Asuma"
"minnesota","Langston Reynolds"
"minnesota","Jaylen Crocker-Johnson"
"minnesota","Kai Shinholster"
"minnesota","Grayson Grove"
"minnesota","Nehemiah Turner"
"minnesota","Maximus Gizzi"
"north-dakota-state","Andy Stefonowicz"
"north-dakota-state","Trevian Carson"
"north-dakota-state","Damari Wheeler-Thomas"
"north-dakota-state","Markhi Strickland"
"north-dakota-state","Noah Feddersen"
"north-dakota-state","Treyson Anderson"
"north-dakota-state","Emil Skytta"
"north-dakota-state","Riley Massey"
"north-dakota-state","Tay Smith"
"north-dakota-state","Carson Smith"
"nicholls-state","Jalik Dunkley"
"nicholls-state","Jaylen Searles"
"nicholls-state","Christian Winborne"
"nicholls-state","Sincere Malone"
"nicholls-state","Trae English"
"nicholls-state","Jalin Rice"
"nicholls-state","Grant Sanders"
"nicholls-state","Zee Hamoda"
"nicholls-state","Kevin Pazmino"
"nicholls-state","Nick Krass"
"pacific","TJ Wainwright"
"pacific","Elias Ralph"
"pacific","Kajus Kublickas"
"pacific","Isaac Jack"
"pacific","Justin Rochelin"
"pacific","Jaden Clayton"
"pacific","Jaion Pitt"
"pacific","KC Ibekwe"
"alabama-am","Kintavious Dozier"
"alabama-am","Koron Davis"
"alabama-am","Sami Pissis"
"alabama-am","P.J. Eason"
"alabama-am","Gabe Kincy"
"alabama-am","Louis Hutchinson"
"alabama-am","Tajden Davis"
"alabama-am","Bilal Abdur-Rahman"
"alabama-am","Angok Anyang"
"alabama-am","Sam Onu"
"chattanooga","Jordan Frison"
"chattanooga","Brennan Watkins"
"chattanooga","Billy Smith"
"chattanooga","Tedrick Washington"
"chattanooga","Collin Mulholland"
"chattanooga","Jikari Johnson"
"chattanooga","Houston Holland"
"chattanooga","Parker Robison"
"chattanooga","Josh Bowman"
"chattanooga","Makai Richards"
"chattanooga","Ryan Lopez"
"nebraska","Jamarques Lawrence"
"nebraska","Sam Hoiberg"
"nebraska","Pryce Sandfort"
"nebraska","Berke Buyuktuncel"
"nebraska","Rienk Mast"
"nebraska","Braden Frager"
"nebraska","Cale Jacobsen"
"nebraska","Jared Garcia"
"nebraska","Leo Curtis"
"nebraska","Kendall Blue"
"nebraska","Justin Bolis"
"north-dakota","Marley Curtis"
"north-dakota","Matthew Bothun"
"texas-el-paso","Jamal West Jr."
"texas-el-paso","Caleb Blackwell"
"texas-el-paso","Kaseem Watson"
"texas-el-paso","Elijah Jones"
"texas-el-paso","Trey Horton III"
"texas-el-paso","KJ Thomas"
"texas-el-paso","Mouhamed Mbaye"
"texas-el-paso","Bobby Montgomery Jr."
"texas-el-paso","LA Hayes"
"texas-el-paso","David Tubek"
"texas-el-paso","Cassius Brooks"
"boston-college","Fred Payne"
"boston-college","Donald Hand Jr."
"boston-college","Luka Toews"
"boston-college","Aidan Shaw"
"boston-college","Jayden Hastings"
"boston-college","Boden Kapke"
"boston-college","Caleb Steger"
"boston-college","Chase Forte"
"boston-college","Jason Asemota"
"boston-college","Marko Radunovic"
"canisius","Kahlil Singleton"
"canisius","Bryan Ndjonga"
"canisius","Myles Wilmoth"
"canisius","Marcus Niblack"
"canisius","Evan van der Plas"
"canisius","Michael Evbagharu"
"canisius","King Ijeoma"
"canisius","Brendan Oliver"
"canisius","Anthony Benard"
"canisius","Javante Edwards"
"canisius","Christopher Kumu"
"canisius","Andreo Ash"
"canisius","Trevor Augustine"
"canisius","Zach Christian"
"canisius","Nicco DiGiulio"
"duquesne","Tarence Guinyard"
"duquesne","Jimmie Williams"
"duquesne","Jakub Necas"
"duquesne","Cameron Crawford"
"duquesne","David Dixon"
"duquesne","Lazar Milosevic"
"duquesne","Maximus Edwards"
"duquesne","Alex Williams"
"duquesne","Jake DiMichele"
"duquesne","Brandon Hall"
"duquesne","Stef van Bussel"
"duquesne","Ethan Anish"
"duquesne","Seamus McDermott"
"duquesne","Lucas Prolla"
"elon","Iker Garmendia"
"elon","Savion Taylor"
"elon","Alex Olander"
"florida-state","Jalen Crawford"
"jacksonville","Chris Lockett"
"jacksonville","Hayden Wood"
"jacksonville","Evan Sterck"
"jacksonville","Charles Caporaso"
"jacksonville","Enrico Borio"
"jacksonville","Chris Arias"
"jacksonville","Simon Wheeler"
"jacksonville","Donovan Rivers"
"jacksonville","Jason Thirdkill Jr."
"jacksonville","Allen Udemadu"
"jacksonville","Michael Harper"
"fordham","Dejour Reaves"
"fordham","Rikus Schulte"
"fordham","Akira Jacobs"
"fordham","Roor Akhuar"
"fordham","Christian Henry"
"fordham","Marcus Greene"
"fordham","Abass Bodija"
"fordham","Jack Whitbourn"
"fordham","Kingston Price"
"fordham","Jameson O'Toole"
"fordham","Aidan Crotty"
"fordham","Max Miller"
"new-haven","Andre Pasha"
"new-haven","Najimi George"
"new-haven","Jabri Fitzpatrick"
"new-haven","Stefano Faloppa"
"new-haven","Kheni Briggs"
"new-haven","Vere Anthony"
"new-haven","Zoumana Traore"
"new-haven","Maison Adeleye"
"new-haven","Tristan Burth"
"new-haven","Teshaun Steele"
"new-haven","Aidan Losiewicz"
"indiana","Drew Snively"
"siena","Antonio Chandler"
"siena","Gavin Doty"
"siena","Brendan Coyle"
"siena","Francis Folefac"
"siena","Justice Shoats"
"siena","Christian Jones"
"siena","Isaiah Henderson"
"siena","Chris Torres"
"east-carolina","Jordan Riley"
"east-carolina","Giovanni Emejuru"
"east-carolina","Corey Caulker"
"east-carolina","Tybo Bailey"
"east-carolina","Luke Davis"
"east-carolina","Isaiah Mbeng"
"east-carolina","Reid Cason"
"east-carolina","Patrick D'Arcy"
"east-carolina","Vito Perkovic"
"east-carolina","Ladontae Felton"
"north-carolina","Isaiah Denis"
"north-carolina","James Brown"
"north-carolina","Zayden High"
"north-carolina","Elijah Davis"
"north-carolina","Ivan Matlekovic"
"north-carolina","Evan Smith"
"north-carolina","John Holbrook"
"ohio","Jesse Burris"
"ohio","Jordan Fisher"
"ohio","Ayden Evans"
"stonehill","Hermann Koffi"
"stonehill","Ridvan Tutic"
"stonehill","Raymond Espinal-Guzman"
"stonehill","Davante Hackett"
"stonehill","Rex Sunderland"
"stonehill","Trenton Ruth"
"stonehill","Pearse McGuinn"
"stonehill","Cory Lovell"
"stonehill","Anthony Holden"
"stonehill","Charlie Diamantis"
"stonehill","Eino Montin"
"stonehill","Norbu Jenpa"
"syracuse","Luke Fennell"
"syracuse","Tiefing Diawara"
"syracuse","Noah Lobdell"
"princeton","Jackson Hicke"
"princeton","Jack Stanton"
"princeton","Landon Clark"
"princeton","Malik Abdullahi"
"princeton","CJ Happy"
"princeton","Jacob Huggins"
"princeton","Sebastian Whitfield"
"princeton","Jake Sussberg"
"princeton","Peyton Seals"
"temple","Gavin Griffiths"
"temple","Masiah Gilyard"
"rider","Zion Cruz"
"rider","Flash Burton"
"rider","Caleb Smith"
"rider","Davis Bynum"
"rider","Shemani Fuller"
"rider","Daniel Helterhoff"
"rider","Cole McCabe"
"rider","Jamir McNeil"
"rider","Kristupas Kepezinskas"
"rider","AB Coulibaly"
"rider","Antwan Wilson"
"rider","Maurizio D'Alessandro"
"west-virginia","Treysen Eaglestaff"
"west-virginia","Honor Huff"
"west-virginia","Brenen Lorient"
"west-virginia","Jasper Floyd"
"west-virginia","Harlan Obioha"
"west-virginia","Amir Jenkins"
"west-virginia","Jackson Fields"
"west-virginia","DJ Thomas"
"west-virginia","Morris Ugusuk"
"west-virginia","Niyol Hauet"
"eastern-illinois","Markus Blackwell"
"alabama-state","Micah Simpson"
"alabama-state","Asjon Anderson"
"alabama-state","Cam Palesse"
"alabama-state","Jerquarius Stanback"
"alabama-state","R'Chaun King"
"alabama-state","Tyler Byrd"
"alabama-state","Demarien Yates"
"alabama-state","Tyler Mason"
"alabama-state","Mario Andrews"
"memphis","William Whorton"
"memphis","Arop Arop"
"memphis","Mason Matthews"
"texas-arlington","Raysean Seamster"
"texas-arlington","Marcell McCreary"
"texas-arlington","Marcus Rigsby Jr."
"texas-arlington","Cameron Jackson"
"texas-arlington","Casmir Chavis"
"texas-arlington","Bahsil Laster"
"texas-arlington","Jordan Lowery"
"texas-arlington","Miles Goodman"
"texas-arlington","Tyran Mason"
"texas-arlington","Amari Reed"
"texas-san-antonio","Macaleab Rich"
"texas-san-antonio","Austin Nunez"
"texas-san-antonio","Dorian Hayes"
"texas-san-antonio","Brent Moss"
"texas-san-antonio","Matheo Coffi"
"texas-san-antonio","Jamir Simpson"
"texas-san-antonio","Baboucarr Njie"
"texas-san-antonio","Mo Njie"
"texas-san-antonio","Daniel Akitoby"
"texas-southern","Bryce Roberts"
"texas-southern","Troy Hupstead"
"texas-southern","Zytarious Mortle"
"texas-southern","Zaire Hayes"
"texas-southern","Duane Posey"
"texas-southern","Oumar Koureissi"
"texas-southern","Alex Anderson"
"texas-southern","Jaylen Wysinger"
"texas-southern","Josh Akpovwa"
"texas-southern","Anthony Andrews"
"central-michigan","Kayden Nation"
"central-michigan","Jorden Brooks"
"wisconsin","Zach Kinziger"
"wisconsin","Braeden Carrington"
"wisconsin","Jack Robison"
"wisconsin","Isaac Gard"
"wisconsin","Riccardo Greppi"
"california-santa-barbara","CJ Shaw"
"california-santa-barbara","Aidan Mahaney"
"california-santa-barbara","Colin Smith"
"california-santa-barbara","Zion Sensley"
"california-santa-barbara","Hosana Kitenge"
"california-santa-barbara","Evans Kipruto"
"california-santa-barbara","Marvin McGhee IV"
"california-santa-barbara","Zachiah Clark"
"california-santa-barbara","Michael Simcoe"
"california-santa-barbara","Koat Keat Tong"
"california-santa-barbara","Luke Zuffelato"
"portland","Cameron Williams"
"portland","Joel Foxwell"
"portland","Mikah Ballew"
"portland","Timo George"
"portland","James O'Donnell"
"portland","Matus Hronsky"
"portland","Garrett Nuckolls"
"portland","Jermaine Ballisager-Webb"
"portland","Dante Censori-Hercules"
"northern-iowa","Trey Campbell"
"northern-iowa","Leon Bond III"
"northern-iowa","Ben Schwieger"
"northern-iowa","Tristan Smith"
"northern-iowa","Will Hornseth"
"northern-iowa","Ismael Diouf"
"northern-iowa","Kyle Pock"
"northern-iowa","Geon Hutchins"
"northern-iowa","Chase Courbat"
"san-diego-state","Thokbor Majak"
"san-diego-state","Cam Lawin"
"san-diego-state","Raymar Gonzales"
"san-diego","Tim Moore"
"san-diego","Piotr Winkowski"
"san-diego","Neel Beniwal"
"san-diego","Emmanuel Callas"
"san-diego","Josh Hecht"
"san-diego","Nick Del Bosque"
"washington","Nikola Dzepina"
"washington","Jasir Rencher"
"washington","Courtland Muldrew"
"washington","Brandon Roy Jr."
"florida-international","Kennedy Brown"
"florida-international","Amarion Nimmers"
"florida-international","Renato Ruiz"
"florida-international","Aydan Clinton"
"george-washington","Jean Aranguren"
"george-washington","Bubu Benjamin"
"george-washington","Trey Autry"
"george-washington","Tyrone Marshall"
"george-washington","Rafael Castro"
"george-washington","Ty Bevins"
"george-washington","Tre Dinkins"
"george-washington","Luke Hunger"
"george-washington","Amir Arrington"
"george-washington","Mohamed Binzagr"
"massachusetts","Luka Damjanac"
"massachusetts","Donovan Brown"
"massachusetts","Charles Outlaw"
"massachusetts","Rollie Castineyra"
"saint-peters","Brent Bland"
"saint-peters","Lucas Scroggins"
"saint-peters","Zaakir Williamson"
"saint-peters","Bryce Eaton"
"saint-peters","Elijah Perkins"
"saint-peters","TJ Robinson"
"saint-peters","Adetokunbo Bakare"
"saint-peters","Jahki Gupton"
"saint-peters","Shaedon Simpson"
"saint-peters","Bol Agu"
"saint-peters","Eric Morgan Jr."
"saint-peters","Robert Wilmote"
"wagner","Jaden Baker"
"wagner","Eduardo Placer"
"wagner","Zavier Fitch"
"wagner","Bryan Akanamu"
"wagner","Makhai Anderson"
"wagner","John Awoke"
"wagner","Nick Jones"
"wagner","Binael Basil"
"wagner","Michael Cooper"
"wagner","Travis Gray"
"western-michigan","Nicholas Errica"
"western-michigan","Junior Sileu"
"bowling-green-state","Jason Kimbrough Jr."
"bowling-green-state","Mohamed Maxamud"
"bowling-green-state","Alijah Adem"
"bowling-green-state","Christian Dedivanaj"
"butler","Jackson Keith"
"butler","Ethan McComb"
"njit","David Bolden"
"njit","Rocco Awad"
"njit","Ari Fulton"
"njit","Jordan Rogers"
"njit","Malachi Arrington"
"njit","John Kelly"
"njit","Sebastian Robinson"
"njit","Cameron Piggee"
"njit","Jeffrey Akintolu"
"njit","Zack Scherler"
"njit","Jeremy Clayville"
"njit","Quentin Duncan"
"georgia","Markel Jennings"
"west-georgia","Kolten Griffin"
"west-georgia","Shelton Williams-Dryden"
"west-georgia","Malcolm Noel"
"west-georgia","Kenneth Chime"
"west-georgia","Matija Žužić"
"west-georgia","Javar Daniel"
"west-georgia","Josh Smith"
"west-georgia","Brady Hardewig"
"west-georgia","Xavier Shegog"
"west-georgia","Eric Baldassarre"
"miami-oh","Jackson Kotecki"
"miami-oh","Brady Ganley"
"miami-oh","Ethan Wright"
"montana-state","Jeremiah Davis"
"montana-state","Davian Brown"
"montana-state","Jed Miller"
"montana-state","Patrick McMahon"
"montana-state","Chris Hodges"
"montana-state","Seth Amunrud"
"montana-state","Howie Keene"
"montana-state","Jaden Steppe"
"montana-state","Christian King"
"montana-state","Grayson Gaddis"
"montana-state","Calum Rutherfurd"
"south-carolina","Meechie Johnson Jr."
"south-carolina","Kobe Knox"
"south-carolina","Mike Sharavjamts"
"south-carolina","Myles Stute"
"south-carolina","Christ Essandoko"
"south-carolina","Eli Ellis"
"south-carolina","Grant Polk"
"south-carolina","Elijah Strong"
"south-carolina","Hayden Assemian"
"south-carolina","Jordan Butler"
"south-carolina","EJ Walker"
"south-carolina","Eli Sparkman"
"weber-state","Bourgeois Tshilobo"
"weber-state","Brady Smith"
"southern-illinois-edwardsville","Tyler King"
"buffalo","Aleksa Vlajic"
"buffalo","Matas Buteliauskas"
"buffalo","Daniel Shao"
"coppin-state","Josiah Brown"
"georgetown","Mason Moses"
"american","Matt Mayock"
"virginia","Elijah Gertrude"
"virginia","Martin Carrere"
"virginia","Carter Lang"
"virginia","Desmond Roberts"
"fairfield","Michael Rogan"
"fairfield","Luke Davidson"
"fairfield","Joe Ganton"
"fairfield","Tanner Ostop"
"bryant","Ashley Sims II"
"bryant","Timofei Rudovskii"
"bryant","Aaron Davis"
"bryant","Keegan Harvey"
"bryant","Ty Tabales"
"bryant","Jakai Robinson"
"bryant","Quincy Allen"
"bryant","Gio Sanford"
"bryant","Joseph Green"
"bryant","Khalil Williams"
"bryant","Frankie Vassalluzzo"
"bryant","Langston Bailey"
"bryant","Lennart Weber"
"bryant","Michael DeOrsey"
"bryant","Jaheim Nyam"
"bryant","Jason Sepe"
"high-point","Cam'Ron Fletcher"
"high-point","Babacar Diallo"
"high-point","Josh Ibukunoluwa"
"high-point","David Fonville"
"high-point","Birgir Irving"
"louisiana-tech","Kaden Cooper"
"louisiana-tech","AJ Bates"
"louisiana-tech","Avery Thomas II"
"louisiana-tech","DJ Dudley"
"louisiana-tech","Sir Issac Herron"
"louisiana-tech","Jaylen Fenner"
"louisiana-tech","Keegan Rowell"
"louisiana-tech","Kylan Howze"
"louisiana-tech","Will Allen"
"louisiana-tech","Melian Martinez"
"louisiana-tech","Lachlan Thompson"
"northeastern","Haris Elezovic"
"rhode-island","Keeyan Itejere"
"rhode-island","Jonah Hinton"
"rhode-island","Jahmere Tripp"
"rhode-island","Myles Corey"
"rhode-island","Tyler Cochran"
"rhode-island","Jalen Harper"
"rhode-island","Alex Crawford"
"rhode-island","R.J. Johnson"
"rhode-island","Damone King"
"rhode-island","Drissa Traore"
"saint-josephs","Al Amadou"
"north-dakota-state","Max Majerle"
"texas-el-paso","C.J. Smith"
"texas-el-paso","Jordan Hernandez"
"wright-state","Michael Cooper"
"wright-state","Dominic Pangonis"
"wright-state","Kellen Pickett"
"wright-state","TJ Burch"
"wright-state","Andrea Holden"
"wright-state","Michael Imariagbe"
"wright-state","Logan Woods"
"wright-state","Solomon Callaghan"
"wright-state","Sam Alamutu"
"wright-state","Bryan Etumnu"
"arkansas-little-rock","Truman Claytor IV"
"arkansas-little-rock","Caleb Pennyfeather"
"arkansas-little-rock","Christian Hughes"
"dixie-state","Samuel Ariyibi"
"grand-canyon","Evan Boisdur"
"grand-canyon","Dennis Evans"
"grand-canyon","Cole Pepe"
"iupui","Kyler D'Augustino"
"iupui","Finley Woodward"
"iupui","Maguire Mitchell"
"iupui","Kameron Tinsley"
"iupui","Gabe Stewart"
"iupui","Micah Davis"
"iupui","Aiden Miller"
"iupui","Matt Compas"
"iupui","Jaxon Edwards"
"iupui","JP Dragas"
"iupui","Reece Hagy"
"illinois","Keaton Wagler"
"illinois","David Mirkovic"
"illinois","Andrej Stojakovic"
"illinois","Kylan Boswell"
"illinois","Tomislav Ivisic"
"illinois","Ben Humrichous"
"illinois","Jake Davis"
"illinois","Zvonimir Ivisic"
"illinois","Brandon Lee"
"illinois","Jason Jakstys"
"illinois","Mihailo Petrovic"
"missouri","Jacob Crews"
"missouri","Mark Mitchell"
"missouri","Anthony Robinson II"
"missouri","Shawn Phillips Jr."
"missouri","Annor Boateng"
"missouri","Sebastian Mack"
"missouri","T.O. Barrett"
"missouri","Nicholas Randall"
"missouri","Luke Northweather"
"missouri","Trent Burns"
"davidson","RJ Greer"
"davidson","Sean Logan"
"kansas","Melvin Council Jr."
"kansas","Tre White"
"kansas","Bryson Tiller"
"kansas","Flory Bidunga"
"kansas","Jamari McDowell"
"kansas","Kohl Rosario"
"kansas","Jayden Dawson"
"kansas","Elmarko Jackson"
"kansas","Samis Calderon"
"kansas","Paul Mbiya"
"kansas","Nginyu Ngala"
"kansas","Justin Cross"
"kansas","Wilder Evers"
"kansas","Will Thengvall"
"north-texas","Cole Franklin"
"north-texas","David Terrell Jr."
"north-texas","Je'Shawn Stevenson"
"north-texas","Reece Robinson"
"north-texas","Dylan Arnett"
"north-texas","EJ Horton"
"north-texas","Curtis Stinson Jr."
"north-texas","Buddy Hammer Jr."
"north-texas","Josiah Shackleford"
"north-texas","Demarion Watson"
"north-texas","Cahmai Crosby"
"maryland-eastern-shore","Jaden Cooper"
"maryland-eastern-shore","Dorion Staples"
"maryland-eastern-shore","Michael Teal"
"maryland-eastern-shore","Levi Beckwith"
"maryland-eastern-shore","Joseph Locandro"
"maryland-eastern-shore","Zion Obanla"
"maryland-eastern-shore","Justin Monden"
"maryland-eastern-shore","Christopher Flippin"
"maryland-eastern-shore","Maurio Hanson Jr."
"maryland-eastern-shore","Maurice Vassel"
"maryland-eastern-shore","Jaden Johnson"
"texas","Dailyn Swain"
"texas","Jordan Pope"
"texas","Tramon Mark"
"texas","Matas Vokietaitis"
"texas","Camden Heide"
"texas","Chendall Weaver"
"texas","Simeon Wilcher"
"texas","Lassina Traore"
"texas","Nic Codie"
"texas","Declan Duru Jr."
"arizona","Jackson Francois"
"arizona","Jackson Cook"
"bethune-cookman","Jakobi Heady"
"bethune-cookman","Quentin Heady"
"bethune-cookman","Tyler Andrews"
"bethune-cookman","Rickey Mitchell Jr."
"bethune-cookman","Daniel Rouzan"
"bethune-cookman","Jordan Johnson"
"bethune-cookman","Ariel Bland"
"bethune-cookman","Dailon Minor"
"bethune-cookman","Trayvon Barbary"
"bethune-cookman","Simeon Womack"
"brigham-young","Keba Keita"
"brigham-young","Abdullah Ahmed"
"brigham-young","Jared McGregor"
"oklahoma","Derrion Reid"
"oklahoma","Nijel Pack"
"oklahoma","Tae Davis"
"oklahoma","Xzayvier Brown"
"oklahoma","Mohamed Wague"
"oklahoma","Jadon Jones"
"oklahoma","Kuol Atak"
"oklahoma","Jeff Nwankwo"
"oklahoma","Kai Rogers"
"oklahoma","Reid Lovelace"
"oklahoma","Jake Hansen"
"stetson","Jamie Phillips Jr."
"stetson","Ethan Copeland"
"stetson","Calvin Sirmans III"
"stetson","Collin Kuhl"
"stetson","Jake Johnson"
"stetson","Sean Morgan"
"stetson","Janusz Ratowski"
"stetson","J.R. Leonard"
"stetson","Finley Sheridan"
"stetson","Matar Diop"
"stetson","Alex Doyle"
"stetson","Miller McGowan"
"stetson","Ben Gladieux"
"stetson","Isaac Jones"
"sacramento-state","Prophet Johnson"
"campbell","Broc Bidwell"
"green-bay","Preston Ruedinger"
"green-bay","C.J. O'Hara"
"green-bay","Marcus Hall"
"green-bay","Ramel Bethea"
"green-bay","LeBron Thomas"
"green-bay","Vukasin Todorovic"
"green-bay","Caden Wilkins"
"green-bay","Justin Allen"
"green-bay","Maruan Cicic"
"green-bay","Keegan Van Kauwenberg"
"green-bay","Rob Stroud"
"green-bay","Mac Wrecke"
"california-riverside","Dylan Godfrey"
"california-riverside","Ben Waller"
"bellarmine","Kenyon Goodin"
"bellarmine","Brian Waddell"
"bellarmine","Jack Karasinski"
"bellarmine","Darrius Bolden"
"bellarmine","Sam Donald"
"bellarmine","Tyler Doyle"
"bellarmine","Michael Wilson Jr."
"bellarmine","Donovan Hunter"
"bellarmine","Grant Whitaker"
"bellarmine","Myles Watkins"
"bellarmine","Tommy Clark"
"bellarmine","Grant Neal"
"bellarmine","Jacob Wassler"
"kentucky","Andrija Jelavic"
"florida-atlantic","Max Langenfeld"
"ohio-state","Mathieu Grujicic"
"missouri-state","Kobi Williams"
"missouri-state","Keith Palek III"
"missouri-state","Zaxton King"
"missouri-state","Michael Osei-Bonsu"
"missouri-state","Trey Williams Jr."
"missouri-state","Melakih Cunningham"
"missouri-state","Cameron Boone"
"missouri-state","Logan Epes"
"missouri-state","Darrion Sutton"
"army","Ryan Curry"
"army","Jacen Holloway"
"army","Kevin McCarthy"
"army","Jorn Everson"
"army","Tate Laczkowski"
"army","Jackson Furman"
"army","Jaxson Bell"
"army","Joshua Eli"
"binghamton","Jackson Benigni"
"loyola-marymount","Jael Martin"
"loyola-marymount","Nakyel Shelton"
"morgan-state","Jayden Socka"
"harvard","Kenan Parrish"
"st-johns-ny","Kelvin Odih"
"st-johns-ny","Fotis Konstantinidis"
"st-johns-ny","Handje Tamba"
"marshall","Shamarrie Hugie"
"marshall","Kai Spears"
"villanova","Zion Stanford"
"north-carolina-wilmington","Grady Whitt"
"north-carolina-wilmington","JoJo Fullwood"
"north-carolina-wilmington","Makel Smith"
"duquesne","Dom Aekins"
"stanford","Donavin Young"
"bryant","Ethane Bourgade"
"liberty","TJ Drain"
"george-mason","Jermahri Hill"
"pennsylvania","Michelangelo Oberti"
"florida-am","Ja'Cobi Hall"
"georgia-tech","Baye Ndongo"
"georgia-tech","Jaeden Mustaf"
"georgia-tech","Eric Chatfield Jr."
"maryland","Aleks Alston"
"ohio","Madison Lim"
"presbyterian","Luke Allison"
"saint-josephs","Jaiden Glover"
"wofford","Nils Machowski"
"wofford","Cayden Vasko"
"wofford","Luke Flynn"
"wofford","Brian Sumpter"
"wofford","Kahmare Holmes"
"wofford","Chace Watley"
"wofford","Jayden Tyler"
"wofford","Maximo Ortega"
"wofford","Rex Stirling"
"wofford","Brendan Rigsbee"
"wofford","Grayson Collins"
"wofford","Davis Miller"
"austin-peay","Tate McCubbin"
"austin-peay","Collin Parker"
"austin-peay","Rashaud Marshall"
"austin-peay","Matt Enright"
"austin-peay","Anton Brookshire"
"austin-peay","Tyler Wagner"
"austin-peay","Ja'Corey Robinson"
"austin-peay","Zyree Collins"
"austin-peay","Travis Torain"
"austin-peay","Creighton Morisch"
"austin-peay","Terrell Gaines"
"austin-peay","Hansel Enmanuel"
"texas-tech","Jazz Henderson"
"texas-tech","Jack Francis"
"northern-colorado","Quinn Denker"
"northern-colorado","Egan Shields"
"california-davis","Chase Rawlins"
"oregon-state","Stephen Olowoniyi"
"oregon-state","Ja'Quavis Williford"
"nebraska-omaha","Grant Stubblefield"
"nebraska-omaha","Valentino Simon"
"nebraska-omaha","Aidan Skradis"
"oregon","Oleksandr Kobzystyi"
"oregon","Drew Carter"
"oregon","Miles Stewart"
"gonzaga","Davis Fogle"
"gonzaga","Ismaila Diagne"
"gonzaga","Cade Orness"
"gonzaga","Joaquim ArauzMoore"
"pacific","Alexis Marmolejos"
"cornell","Trinity Jones"
"florida-gulf-coast","Brandon Dwyer"
"georgia-state","Joah Chappelle"
"georgia-state","Kwame Tanic"
"mercer","TJ Grant"
"mercer","Jaydon Cole"
"mercer","Braeden Carlsen"
"mercer","Pero Zubac"
"mercer","Alex Koch"
"morehead-state","Jace Winkleman"
"north-dakota","Anthony Doppler"
"north-dakota","Ryan Erikson"
"radford","Gabriel Ferreira"
"radford","Bradley Land"
"st-thomas-mn","Tommy Humphries"
"longwood","Jerome Williams"
"longwood","Isaiah Kalala"
"louisiana-lafayette","Karris Bilal"
"saint-louis","Jax Kerr"
"saint-louis","Kellen Thames"
"saint-louis","Isaac Holmes"
"saint-louis","Jaden Schertz"
"cal-state-fullerton","Kiwane Garris Jr."
"cal-state-fullerton","Benjamin Winker"
"cal-state-fullerton","Matthew Quinlan"
"southern-methodist","Nigel Walls"
"southern-methodist","Niccolo Kalischer-Stork"
"southern-methodist","Trey Utter"
"new-mexico-state","Amarco Doyle"
"new-mexico-state","Christian Villegas"
"missouri-kansas-city","Shatner Booker-Lowery"
"missouri-kansas-city","Babacar Mbengue"
"california-san-diego","Ryder Elisaldez"
"california-san-diego","Christopher Cox"
"california-san-diego","Yaqub Mir"
"cincinnati","Keyshuan Tillery"
"cincinnati","Jordi Rodriguez"
"cincinnati","Grant Darbyshire"
"lipscomb","Cole Middleton"
"delaware","Justyn Fernandez"
"delaware","Macon Emory"
"delaware","Christian Bliss"
"delaware","Tyler Houser"
"delaware","Bouna Kebe"
"delaware","Alex Kazanecki"
"delaware","Jayden Taylor"
"delaware","Nnanna Njoku"
"missouri-state","Antwan Burnett"
"northeastern","Petar Pinter"
"indiana-state","Hunter Harding"
"mount-st-marys","Zaria Harleaux"
"cornell","Mateen Rafiq"
"cornell","Jax Abalos"
"cornell","AJ LaBeau"
"cornell","Ian Imegwu"
"michigan-state","Nick Sanders"
"michigan-state","Brennan Walton"
"michigan-state","Colin Walton"
"mcneese-state","Garwey Dual"
"mcneese-state","Javohn Garcia"
"mcneese-state","Larry Johnson"
"mcneese-state","Peitok Machar"
"mcneese-state","Carl Cherenfant"
"mcneese-state","DJ Richards"
"mcneese-state","Tyshawn Archie"
"mcneese-state","Jacolb Cole"
"mcneese-state","Yanis Ndjonga"
"mcneese-state","Jerrell Colbert"
"north-carolina-at","Lewis Walker"
"north-carolina-central","Camren Daniels"
"north-carolina-central","Ryan Archey"
"penn-state","Chris Lotito"
"rutgers","Kaden Powers"
"alabama","Jacob Martin"
"alabama","Preston Murphy Jr."
"yale","Nick Townsend"
"yale","Isaac Celiscar"
"yale","Samson Aletan"
"yale","Trevor Mullin"
"yale","Casey Simmons"
"yale","Jordan Brathwaite"
"yale","Devon Arlington"
"yale","Riley Fox"
"yale","Daniel Ogunyemi"
"yale","Jack Sullivan"
"yale","Jeannot Basima"
"yale","Alvin Loving"
"yale","Courtney Wallace Jr."
"auburn","Simon Walker"
"auburn","Blake Muschalek"
"queens-nc","Nasir Mann"
"queens-nc","Yoav Berman"
"queens-nc","Chris Ashby"
"queens-nc","Jordan Watford"
"queens-nc","Avantae Parker"
"queens-nc","Gus Larson"
"queens-nc","Maban Jabriel"
"queens-nc","Kam Clark"
"queens-nc","Isaiah Henry"
"queens-nc","Reid Celestin"
"baylor","James Goodis"
"middle-tennessee","Alec Oglesby"
"indiana-state","Amaya Blake"
"illinois","Blake Fagbemi"
"illinois","AJ Redd"
"southern","Lionel Bell"
"alabama-state","Kevin Alabi"
"alabama-state","Jordon Marshall"
"mississippi-state","Dellquan Warren"
"mississippi-state","Brandon Walker"
"mississippi-state","Amier Ali"
"southern-illinois","Prince Aligbe"
"northern-iowa","Hunter Jacobson"
"valparaiso","Sader Servilus"
"valparaiso","Mark Brown"
"tarleton-state","DJ Dormu"
"tarleton-state","Ocypher Owens"
"texas-arlington","Jayden Smoot"
"new-haven","Kyle Kearson"
"vanderbilt","Coleson Messer"
"california-baptist","Bradey Henige"
"california-baptist","Miles Daniels"
"utah-valley","Braden Housley"
"army","Fiona Hastick"
"brown","Sela Klein"
"merrimack","Tye Dorset"
"merrimack","Ernest Shelton"
"merrimack","Kevair Kennedy"
"merrimack","Todd Brogna"
"merrimack","Andres Marrero"
"merrimack","KC Ugwuakazi"
"merrimack","Dylan Veillette"
"merrimack","Jaylen Stinson"
"njit","Melvyn Ebonkoli"
"marist","Tarik Watson"
"marist","Martin Kawa"
"quinnipiac","Braylan Ritvo"
"towson","Ryan Conway"
"maryland-baltimore-county","Saahil Thakkar"
"dartmouth","Shanon Simango"
"dartmouth","Tyler Garrett"
"youngstown-state","Cam Polak"
"ball-state","Kody Clancy"
"ball-state","Easton Foster"
"ball-state","Cam Denson"
"cleveland-state","Josiah Harris"
"cleveland-state","Ivan Spirov"
"college-of-charleston","Colby Duggan"
"hofstra","Josh Reaves"
"hofstra","Alex Tsynkevich"
"western-kentucky","Jack Edelen"
"western-kentucky","Kade Unseld"
"louisiana-lafayette","Zoriahn Davis"
"louisiana-tech","Scooter Williams Jr."
"iona","CJ Anthony"
"mount-st-marys","Luke McEldon"
"northwestern-state","Landyn Jumawan"
"kent-state","Landon Vanderwarker"
"kent-state","Brenden Moss"
"kent-state","Deandre Jones"
"purdue","Aaron Fine"
"purdue","Jack Lusk"
"purdue","Jace Rayl"
"rider","Mohamad Diallo"
"robert-morris","Nikolaos Chitikoudis"
"texas-am-commerce","London Fields"
"new-orleans","Jakevion Buckley"
"new-orleans","MJ Thomas"
"new-orleans","Coleton Benson"
"new-orleans","Kedrick Osby"
"new-orleans","Churchill Abass"
"new-orleans","Panagiotis Pagonis"
"new-orleans","Enzo Boudouma"
"new-orleans","Irish Coquia"
"texas-pan-american","Filip Brankovic"
"texas-pan-american","Kwo Agwa"
"arkansas","Isaiah Sealy"
"arkansas","Elmir Dzafic"
"arkansas","Jaden Karuletwa"
"arkansas","Ayden Kelley"
"arkansas","Amere Brown"
"james-madison","Kose Egbule"
"illinois-chicago","Ante Beljan"
"illinois-chicago","Carlos Harris III"
"houston-baptist","Ryan Bartley"
"houston-baptist","Trent Johnson"
"houston-baptist","Kylin Green"
"houston-baptist","Demarco Bethea"
"houston-baptist","Bryson Monroe"
"houston-baptist","D'Aundre Samuels"
"houston-baptist","Demari Williams"
"houston-baptist","Mambourou Mara"
"houston-baptist","Nehikhare Igiehon"
"houston-baptist","Ahjany Lee"
"houston-baptist","Caleb Gaston"
"louisiana-state","Mazi Mosley"
"louisiana-state","Jaden Bobbett"
"ipfw","Mason Shrout"
"milwaukee","Austin Villarreal"
"mississippi","Koren Johnson"
"northern-arizona","Erez Poran"
"northern-arizona","JT Amundsen"
"bethune-cookman","Seneca Willoughby"
"oklahoma-state","Parsa Fallah"
"oklahoma","Kirill Elatontsev"
"south-alabama","John Broom"
"south-alabama","Brian Hawthorne"
"prairie-view","Hassane Diallo"
"southern-utah","Dylan Jones"
"southern-utah","Zeplin Kidd"
"texas-el-paso","Abby Priscilla"
"nevada-las-vegas","Al Green"
"nevada-las-vegas","Jalen Cunningham"
"miami-fl","Dante Allen"
"texas-southern","Ahmed Nedal Abdelrahman"
"air-force","Eli Robinson"
"air-force","Kam Sanders"
"air-force","Justin Hinds"
"air-force","Kolby Gilles"
"air-force","Wesley Celichowski"
"air-force","Caleb Walker"
"air-force","AJ Patterson"
"air-force","Lucas Hobin"
"air-force","Ethan Greenberg"
"air-force","Josh Gatete"
"new-mexico","Tomislav Buljan"
"colorado-state","Jon Mekonnen"
"fresno-state","Makhan Diouf"
"san-jose-state","Marcus Overstreet"
"notre-dame","Mark Zackery IV"
"stanford","Cameron Grant"
"princeton","Jacob Hammond"
"maine","Yanis Bamba"
"howard","Alex Cotton"
"howard","BJ Powell"
"howard","Calvin Robins"
"howard","Jeremiah Johnson"
"howard","Stefan Isailovic"
"howard","Julian Johnson"
"howard","River Smith"
"northwestern","Nick Martinelli"
"citadel","Chase Williams"
"east-tennessee-state","Gabe Sisk"
"east-tennessee-state","Henry Sisemore"
"morgan-state","Elijah Davis"
"albany-ny","Tarique Foster"
"albany-ny","Bautista Giralt"
"south-carolina","Nordin Kapic"
"western-michigan","Justice Williams"
"western-michigan","Sharod Barnes"
"miami-oh","Justin Kirby"
"incarnate-word","Tyler Simon"
"seton-hall","Najai Hines"
"alabama-am","James Graham III"
"alabama-am","Jalen Carruth"
"arkansas-state","Joey Chammaa"
"tennessee-state","JC Brooks"
"tennessee-state","Alex Garcia"
"tennessee-tech","Jacobe Whitted"
"south-carolina-state","Jamal Miles"
"tennessee","Ethan Burg"
"louisville","Kobe Rodgers"
"nebraska","Ugnius Jarusevicius"
"new-hampshire","Jon O'Neill"
"new-hampshire","Myles Blackley"
"new-hampshire","Nicholas Sanford"
"new-hampshire","Dylan Saunders"
"long-beach-state","Derrick Michael Xzavierro"
"akron","Kam'Ren Rhodes"
"brown","Jeremiah Jenkins"
"brown","Isaiah Langham"
"brown","Landon Lewis"
"brown","Luke Paragon"
"brown","N'famara Dabo"
"brown","Adrian Uchidiuno"
"brown","David Rochester"
"brown","Malcolm Wrisby-Jefferson"
"brown","Charlie OSullivan"
"brown","Wyatt DeGraaf"
"brown","Jonah Drezner"
"dayton","Damon Friery"
"fordham","Louis Lesmond"
"east-carolina","Demitri Gardner"
"bucknell","Pat Curtin"
"bucknell","Quin Berger"
"holy-cross","Aiden Disu"
"holy-cross","Declan Ryan"
"lehigh","Edouard Benoit"
"drexel","Dillon Tingler"
"loyola-il","Nicolus Anderson"
"george-washington","Christian Jones"
"clemson","Dallas Thomas"
"syracuse","Donnie Freeman"
"depaul","Théo Pierre-Justin"
"alabama-birmingham","Jacob Meyer"
"northwestern-state","CJ Larry"
"northwestern-state","J.C. Riley"
"baylor","Ella Brow"
"loyola-md","Jonas Sirtautas"
"loyola-md","Ben Menker"
"american","Laura Nogues"
"boston-university","Quinn Nielsen"
"northern-illinois","Isaiah Washington"
"boston-university","Aoibhe Gormley"
"boston-university","Inez Gallegos"
"columbia","Leland Coleman"
"columbia","Edwin Bai"
"florida-atlantic","Vincent Neugebauer"
"florida-atlantic","Liam Dayco-Green"
"florida-atlantic","Lachlan Smith"
"texas-san-antonio","Kaidon Rayfield"
"texas-san-antonio","LJ Brown"
"kansas-state","Ivona Scekic"
"kansas-state","Alexis Hess"
"la-salle","Jaden Johnson"
"la-salle","Jerome Brewer Jr."
"monmouth","Jack Collins"
"old-dominion","LJ Thomas"
"pennsylvania","Johnnie Walter"
"rice","Dallas Hobbs"
"rice","Trey Patterson"
"rice","Evan Cochran"
"tulsa","Leon Sifferlin"
"tulsa","Cal Conroy"
"virginia-tech","Neoklis Avdalas"
"lafayette","Ryan Pettit"
"lafayette","Ashton Wallace"
"new-orleans","Mathok Majok"
"new-orleans","Jamal Chretien II"
"new-orleans","Tavaj Cope"
"new-orleans","Grant Kemp"
"new-orleans","Vieux Sanneh"
"north-dakota-state","Riley Saunders"
"north-dakota-state","Caleb Schoenrock"
"connecticut","Solomon Ball"
"connecticut","Dwayne Koroma"
"xavier","Mier Panoam"
"george-mason","Trinity Massenberg"
"georgia-southern","Dwayne Williams Jr."
"duke","Olivia Martin"
"chattanooga","Tate Darner"
"north-carolina-greensboro","Lilian Marville"
"north-carolina-greensboro","Assane Mandian"
"iupui","Lav Cvetkovic'"
"samford","Jadin Booth"
"samford","Keaton Norris"
"samford","Jaxon Pollard"
"jacksonville","Jaylen Jones"
"auburn","Quanirah Montague"
"stetson","Daniel Macgregor"
"northern-iowa","Max Weisbrod"
"southern-illinois-edwardsville","Kendal George"
"dartmouth","Anton Strelnikov"
"rider","Kaylan Deveney"
"cal-poly","Dulci Vail"
"cal-poly","Maya Sharvit"
"portland-state","Brayden Barron"
"weber-state","Viljami Vartiainen"
"cal-state-bakersfield","Dailin Smith"
"california-irvine","Kianna Wormly"
"louisiana-monroe","Alex Huguet Carrasco"
"eastern-kentucky","Jalen Cooper"
"queens-nc","Carson Schweiger"
"abilene-christian","Yaniel Rivera"
"hawaii","Harry Rouhliadeff"
"hawaii","Aaron Hunkin-Claytor"
"hawaii","Hunter Erickson"
"hawaii","Isaac Johnson"
"hawaii","Quandre Bullock"
"hawaii","Gytis Nemeikša"
"hawaii","Isaiah Kerr"
"hawaii","Isaac Finlinson"
"hawaii","AJ Economou"
"hawaii","Hunter Carter"
"eastern-illinois","Malik Olafioye"
"idaho-state","Landen Birley"
"idaho-state","Kasen Carpenter"
"sacramento-state","Isaiah Bronson"
"idaho-state","Tylie Jones"
"hofstra","Nevaeh Brown"
"delaware","Alex McFadden"
"jacksonville-state","Thomas Tut"
"jacksonville-state","Toby Nnadozie"
"kennesaw-state","Perry Smith Jr."
"liberty","Drew Grimes"
"oregon","Devon Pryor"
"stonehill","Chas Stinson"
"stonehill","Ethan Meuser"
"middle-tennessee","James Dent Jr."
"portland","Kelson Gebbers"
"portland","NaVaughn Long"
"portland","Preston Lee"
"san-diego","Assane Diop"
"le-moyne","Trevor Roe"
"le-moyne","Sam Donnelly"
"le-moyne","Kaelin Thomas"
"saint-francis-pa","Chris Moncrief"
"cornell","Ty Iwanonkiw"
"canisius","Max Jusianiec"
"niagara","Trenton Walters"
"niagara","Josiah Sabino"
"chicago-state","Braelon Bush"
"chicago-state","Chauncey Gibson"
"chicago-state","Daniel Zatsepin"
"robert-morris","Ubong Okon"
"siena","Riley Mulvey"
"quinnipiac","Ronell Giles Jr."
"lamar","Spencer Ezewiro"
"fairleigh-dickinson","Arthur Cox"
"northeastern","Maya Summerville"
"missouri-state","Tyrique Brooks"
"west-virginia","Chance Moore"
"pacific","Emmanuel Manyuon"
"pepperdine","Nikola Radovanovic"
"santa-clara","Brendan Yarusso"
"bethune-cookman","Arterio Morris"
"florida-am","Micah Octave"
"kansas","Darryn Peterson"
"charlotte","Nick Richart"
"houston","Kalifa Sakho"
"hofstra","A.J. Wills"
"maryland-eastern-shore","Trey Brown"
"maryland-eastern-shore","Javoy Thompson"
"albany-ny","Abdoulaye Fall"
"vermont","Drew Bessette"
"vermont","Sincere Clemons"
"vermont","Ben Wesson"
"north-carolina-wilmington","Jahnathan Lamothe"
"texas-san-antonio","Siena Guttadauro"
"alabama","London Jemison"
"alabama-am","James Flippin"
"arkansas-pine-bluff","Trevon Payton"
"arkansas-pine-bluff","Quion Williams"
"arkansas-pine-bluff","Milhan Charles"
"arkansas-pine-bluff","Jaquan Scott"
"arkansas-pine-bluff","Alex Mirhosseini"
"arkansas-pine-bluff","Ramel Lloyd Jr."
"arkansas-pine-bluff","Ahmad Johnson"
"arkansas-pine-bluff","Dennis Asoro"
"arkansas-pine-bluff","Anthony Sellars"
"grambling","Saliou Seye"
"grambling","Randarius Jones"
"prairie-view","Seryee Lewis"
"nebraska-omaha","Reilly Palmer"
"new-orleans","William Patterson"
"southern-illinois-edwardsville","Iwo Baganc"
"nevada","Corey Camper Jr."
"air-force","Samuel Imade"
"air-force","Brendan Martin"
"air-force","Elliott Taite"
"nevada","Olivia Poulivaati"
"north-carolina-state","Terrance Arceneaux"
"providence","Peteris Pinnis"
"kansas-state","Mobi Ikegwuruka"
"northern-illinois","Carlos Coronado Jr."
"central-arkansas","Owen Derhmann"
"central-arkansas","John Shulman"
"george-washington","Garrett Johnson"
"longwood","London Harvey"
"james-madison","Ike Cornish"
"queens-nc","Tyler Crider"
"southeast-missouri-state","Jay Reynolds"
"western-illinois","Steven Tipton"
"western-illinois","Jake Edwards"
"california-baptist","Rene D'Amelio"
"baylor","James Nnaji"
"texas-am-corpus-christi","DA Houston"
"portland-state","Brycen Long"
"mississippi-valley-state","Daniel Mayfield"
"south-florida","Lana Vukcevic"
"missouri","Jayden Stone"
"missouri","Trent Pierce"
"cal-poly","Jackson Mosley"
"cal-poly","Eric Brown"
"wagner","Elijah Brown"
"illinois-chicago","Elijah Crawford"
"gonzaga","Noah Haaland"
"creighton","Hudson Greer"
"south-florida","Wes Enis"
"denver","Corleone Dandridge"
"denver","Josh Lee"
"iona","Matthew Reed"
"iona","Oscar Hourruitiner"
"iona","Connor Horan"
"marist","Antoni Vlogianitis"
"oakland","MJ Yeager"
"robert-morris","Jeremiah Littlejohn"
"northern-kentucky","Bryce Darbyshire"
"dartmouth","Khai Lockwood"
"texas-southern","Jordan Gorecki"
"pennsylvania","Ethan Roberts"
"princeton","Dalen Davis"
"southeastern-louisiana","Ahmed Essahaty"
"cincinnati","Tyler McKinley"
"southern-illinois-edwardsville","Corentin Efono"
"fresno-state","Matteo Porto"
"san-jose-state","Ben Roseborough"
"eastern-michigan","Mbaye N'Diaye"
"eastern-michigan","Cooper Smith"
"georgetown","Vincent Iwuchukwu"
"georgetown","Michael Van Raaphorst"
"texas","Anthon McDermott"
"wyoming","Garrett Spielman"
"wyoming","Talan Taylor"
"army","Alex Engro"
"army","Dylan Murans"
"army","Dillon Watt"
"east-tennessee-state","Joseph Carter"
"east-carolina","Eli DeLaurier"
"wofford","Callum Richard"
"bradley","Gus Rugaard"
"bradley","Handy Toussaint III"
"loyola-il","Caleb Reese"
"loyola-il","Zachary Royster"
"loyola-il","Brayden Young"
"northern-iowa","RJ Taylor"
"charlotte","Jarne Elouna Eyenga"
"charlotte","Andrew Bailey"
"charleston-southern","Taylor Caldwell"
"chattanooga","Latif Diouf"
"furman","Cole Bowser"
"furman","Mason Smith"
"california","DJ Campbell"
"virginia","Owen Odom"
"jacksonville-state","Aidan Driggers"
"oklahoma","Dayton Forsythe"
"virginia-tech","Toibu Lawal"
"south-dakota","Josiah Dotzler"
"boise-state","Ethan Lathan"
"campbell","Terren Frank"
"hampton","Kellan Lewis"
"hampton","Hamza Asadallah"
"eastern-kentucky","Tyler Jackson"
"jacksonville","Jaylen Jordon"
"jacksonville","Lamont Jackson"
"rutgers","Baye Fall"
"western-kentucky","Terrion Murdix"
"western-kentucky","Cade Stinnett"
"southern-utah","Brayden Johnson"
"louisiana-monroe","Vanessa Schwarzmann"
"bellarmine","Olivia Pifer"
"stetson","Sierra Driessen"
"liberty","Torr Sorensen"
"liberty","Brady Kester"
"north-florida","Gabriel Jacobs"
"vermont","David Simon"
"southern-indiana","Amaree Brown"
"tennessee-state","Jean Yvens Lafleur"
"tennessee-state","Jayden Jones"
"cal-state-bakersfield","Tom Mark"
"california-santa-barbara","Miro Little"
"cal-state-fullerton","Bailey Nunn"
"youngstown-state","Shaheed Solebo"
"youngstown-state","Derrick Anderson"
"detroit-mercy","Je'kel Cotton"
"wright-state","Alex Bruskotter"
"green-bay","Brady Fitzgerald"
"cleveland-state","Manny Hill"
"sacred-heart","Anquan Hill"
"milwaukee","Stevie Elam"
"northern-kentucky","Addison Archer"
"northern-kentucky","Mitchel Minor"
"colorado-state","Rashaan Mbemba"
