"date","game_id","sid","opp_sid","win","pred","pred_platt","pred_iso"
2025-12-28,"2025-12-28-16-louisiana-state_w","alabama-state","louisiana-state",0,0.0038283932954073,0.0692950869077553,0
2025-12-28,"2025-12-28-15-mississippi_w","alcorn-state","mississippi",0,0.0059258951805532,0.0700032933188658,0
2025-12-28,"2025-12-28-01-arkansas_w","arkansas","arkansas-state",0,0.433390706777573,0.411144252165687,0.375
2025-12-28,"2025-12-28-01-arkansas_w","arkansas-state","arkansas",1,0.315684974193573,0.274368675960304,0.283582089552239
2025-12-28,"2025-12-28-16-butler_w","butler","connecticut",0,0.0235334206372499,0.076217132353082,0
2025-12-28,"2025-12-28-17-california_w","cal-poly","california",0,0.0106894001364708,0.0716365795769417,0
2025-12-28,"2025-12-28-17-california_w","california","cal-poly",1,0.977897822856903,0.922587918249402,1
2025-12-28,"2025-12-28-01-chicago-state_w","chicago-state","clemson",0,0.0121799362823367,0.0721548287965901,0
2025-12-28,"2025-12-28-01-chicago-state_w","clemson","chicago-state",1,0.988250017166138,0.926353701941011,1
2025-12-28,"2025-12-28-16-butler_w","connecticut","butler",1,0.983791351318359,0.924752911641137,1
2025-12-28,"2025-12-28-14-george-washington_w","coppin-state","george-washington",0,0.0249900352209806,0.0767532528415539,0
2025-12-28,"2025-12-28-03-stanford_w","cornell","stanford",0,0.0340556763112545,0.080168325445341,0
2025-12-28,"2025-12-28-14-georgetown_w","creighton","georgetown",0,0.623939275741577,0.653318690370424,0.566666666666667
2025-12-28,"2025-12-28-14-vermont_w","dartmouth","vermont",0,0.185840144753456,0.161223179490055,0.244444444444444
2025-12-28,"2025-12-28-00-syracuse_w","duke","syracuse",1,0.431406229734421,0.408643073784726,0.375
2025-12-28,"2025-12-28-00-florida_w","florida","furman",1,0.921767592430115,0.898945334166747,0.952027922144095
2025-12-28,"2025-12-28-00-florida_w","furman","florida",0,0.0749371647834778,0.0973484315800479,0
2025-12-28,"2025-12-28-14-george-washington_w","george-washington","coppin-state",1,0.945793867111206,0.909763848784338,1
2025-12-28,"2025-12-28-14-georgetown_w","georgetown","creighton",1,0.361162126064301,0.323966964660117,0.375
2025-12-28,"2025-12-28-00-georgia-tech_w","georgia-tech","wofford",1,0.301575630903244,0.259976780340533,0.283582089552239
2025-12-28,"2025-12-28-03-gonzaga_w","gonzaga","loyola-marymount",1,0.722201585769653,0.758720417540461,0.72093023255814
2025-12-28,"2025-12-28-17-san-jose-state_w","grand-canyon","san-jose-state",1,0.793119847774506,0.819832425111507,0.731707317073171
2025-12-28,"2025-12-28-14-kentucky_w","hofstra","kentucky",0,0.00498975208029151,0.0696863880616209,0
2025-12-28,"2025-12-28-00-purdue_w","illinois","purdue",1,0.932239472866058,0.903795475292994,1
2025-12-28,"2025-12-28-16-iowa_w","iowa","penn-state",1,0.884434401988983,0.879851811752715,0.888888888888889
2025-12-28,"2025-12-28-14-kentucky_w","kentucky","hofstra",1,0.996772706508636,0.929326643998998,1
2025-12-28,"2025-12-28-16-louisiana-state_w","louisiana-state","alabama-state",1,0.998009622097015,0.92974878812734,1
2025-12-28,"2025-12-28-03-gonzaga_w","loyola-marymount","gonzaga",0,0.485379874706268,0.477930387540807,0.566666666666667
2025-12-28,"2025-12-28-14-miami-fl_w","miami-fl","stetson",1,0.801257073879242,0.826010627380105,0.731707317073171
2025-12-28,"2025-12-28-14-michigan-state_w","michigan-state","rutgers",1,0.95448762178421,0.913414363849482,1
2025-12-28,"2025-12-28-15-mississippi_w","mississippi","alcorn-state",1,0.992856025695801,0.92797442414448,1
2025-12-28,"2025-12-28-01-mississippi-state_w","mississippi-state","samford",1,0.991014778614044,0.927330526909389,1
2025-12-28,"2025-12-28-01-missouri_w","missouri","missouri-kansas-city",1,0.961329340934753,0.916192654621604,1
2025-12-28,"2025-12-28-01-missouri_w","missouri-kansas-city","missouri",0,0.0270446538925171,0.0775153532554722,0
2025-12-28,"2025-12-28-13-new-hampshire_w","new-hampshire","new-haven",1,0.790134310722351,0.817523128009464,0.731707317073171
2025-12-28,"2025-12-28-13-new-hampshire_w","new-haven","new-hampshire",0,0.19453938305378,0.167447597863677,0.244444444444444
2025-12-28,"2025-12-28-14-ohio-state_w","ohio-state","ucla",0,0.445297181606293,0.426243149540288,0.375
2025-12-28,"2025-12-28-03-san-francisco_w","oregon-state","san-francisco",1,0.507911622524261,0.507267212695456,0.566666666666667
2025-12-28,"2025-12-28-03-pacific_w","pacific","seattle",1,0.827865481376648,0.845045967546175,0.731707317073171
2025-12-28,"2025-12-28-16-iowa_w","penn-state","iowa",0,0.0963645204901695,0.107610167036823,0.0714285714285714
2025-12-28,"2025-12-28-15-washington-state_w","pepperdine","washington-state",0,0.820894300937653,0.84022962802904,0.731707317073171
2025-12-28,"2025-12-28-03-saint-marys-ca_w","portland","saint-marys-ca",1,0.710653841495514,0.747534316002037,0.72093023255814
2025-12-28,"2025-12-28-12-south-carolina_w","providence","south-carolina",0,0.02531355060637,0.0768727940256184,0
2025-12-28,"2025-12-28-00-purdue_w","purdue","illinois",0,0.0764908939599991,0.0980621686799432,0
2025-12-28,"2025-12-28-14-michigan-state_w","rutgers","michigan-state",0,0.0301532465964556,0.0786815761946461,0
2025-12-28,"2025-12-28-03-saint-marys-ca_w","saint-marys-ca","portland",0,0.394926071166992,0.363624800832414,0.375
2025-12-28,"2025-12-28-01-mississippi-state_w","samford","mississippi-state",0,0.0192723982036114,0.0746684956899231,0
2025-12-28,"2025-12-28-16-santa-clara_w","san-diego","santa-clara",0,0.0853076055645943,0.102201208125015,0.0714285714285714
2025-12-28,"2025-12-28-03-san-francisco_w","san-francisco","oregon-state",0,0.425299346446991,0.400976269555611,0.375
2025-12-28,"2025-12-28-17-san-jose-state_w","san-jose-state","grand-canyon",0,0.301359593868256,0.259760264882963,0.283582089552239
2025-12-28,"2025-12-28-16-santa-clara_w","santa-clara","san-diego",1,0.932253301143646,0.903801740267096,1
2025-12-28,"2025-12-28-03-pacific_w","seattle","pacific",0,0.159848555922508,0.143737277424976,0.244444444444444
2025-12-28,"2025-12-28-00-seton-hall_w","seton-hall","xavier",1,0.786256492137909,0.814489418123871,0.731707317073171
2025-12-28,"2025-12-28-12-south-carolina_w","south-carolina","providence",1,0.979634344577789,0.923231693763435,1
2025-12-28,"2025-12-28-01-texas_w","southeastern-louisiana","texas",0,0.00302287749946117,0.0690248767758982,0
2025-12-28,"2025-12-28-03-stanford_w","stanford","cornell",1,0.959037482738495,0.915271115967086,1
2025-12-28,"2025-12-28-14-miami-fl_w","stetson","miami-fl",0,0.270692080259323,0.230229649561269,0.283582089552239
2025-12-28,"2025-12-28-01-vanderbilt_w","stonehill","vanderbilt",0,0.0118692554533482,0.0720465227410752,0
2025-12-28,"2025-12-28-00-syracuse_w","syracuse","duke",0,0.505752444267273,0.504454885492303,0.566666666666667
2025-12-28,"2025-12-28-01-texas_w","texas","southeastern-louisiana",1,0.997096300125122,0.929437308373844,1
2025-12-28,"2025-12-28-14-ohio-state_w","ucla","ohio-state",1,0.651825249195099,0.685457059202212,0.633333333333333
2025-12-28,"2025-12-28-01-vanderbilt_w","vanderbilt","stonehill",1,0.993302941322327,0.928129918143617,1
2025-12-28,"2025-12-28-14-vermont_w","vermont","dartmouth",1,0.757188737392426,0.790507206005403,0.72093023255814
2025-12-28,"2025-12-28-15-washington-state_w","washington-state","pepperdine",1,0.15709699690342,0.141981646036699,0.244444444444444
2025-12-28,"2025-12-28-00-georgia-tech_w","wofford","georgia-tech",0,0.681761682033539,0.718079622391379,0.633333333333333
2025-12-28,"2025-12-28-00-seton-hall_w","xavier","seton-hall",0,0.279428035020828,0.238395873119072,0.283582089552239
2025-12-29,"2025-12-29-12-army_w","army","howard",1,0.84502762556076,0.856398011841845,0.791666666666667
2025-12-29,"2025-12-29-14-auburn_w","auburn","jackson-state",1,0.975203394889832,0.921579226509067,1
2025-12-29,"2025-12-29-19-southern-illinois_w","belmont","southern-illinois",1,0.736428499221802,0.772030029324337,0.72093023255814
2025-12-29,"2025-12-29-00-fairleigh-dickinson_w","binghamton","fairleigh-dickinson",1,0.143841475248337,0.133773473988088,0.244444444444444
2025-12-29,"2025-12-29-00-boston-college_w","boston-college","north-carolina",0,0.0538373179733753,0.0881058087307152,0
2025-12-29,"2025-12-29-21-california-baptist_w","california-baptist","utah-valley",1,0.59687340259552,0.620724922007856,0.566666666666667
2025-12-29,"2025-12-29-14-georgia_w","charleston-southern","georgia",0,0.00680775381624699,0.0703030405783523,0
2025-12-29,"2025-12-29-16-cleveland-state_w","cleveland-state","youngstown-state",0,0.766664206981659,0.798566589157702,0.72093023255814
2025-12-29,"2025-12-29-14-florida-gulf-coast_w","columbia","florida-gulf-coast",1,0.954728543758392,0.913513598392614,1
2025-12-29,"2025-12-29-13-harvard_w","delaware","harvard",0,0.554297745227814,0.567283459387343,0.566666666666667
2025-12-29,"2025-12-29-14-delaware-state_w","delaware-state","njit",0,0.046955656260252,0.0852670593574018,0
2025-12-29,"2025-12-29-19-depaul_w","depaul","villanova",0,0.070328414440155,0.0952585076646561,0
2025-12-29,"2025-12-29-20-southern-utah_w","dixie-state","southern-utah",0,0.214404702186584,0.182378846559001,0.283582089552239
2025-12-29,"2025-12-29-01-illinois-chicago_w","drake","illinois-chicago",1,0.209243193268776,0.178402527016435,0.283582089552239
2025-12-29,"2025-12-29-13-eastern-kentucky_w","eastern-kentucky","hampton",1,0.803108811378479,0.827392979219777,0.731707317073171
2025-12-29,"2025-12-29-01-evansville_w","evansville","murray-state",0,0.0632715448737144,0.0921362094365745,0
2025-12-29,"2025-12-29-19-manhattan_w","fairfield","manhattan",1,0.990302503108978,0.927080018913372,1
2025-12-29,"2025-12-29-00-fairleigh-dickinson_w","fairleigh-dickinson","binghamton",0,0.813177406787872,0.834757475993889,0.731707317073171
2025-12-29,"2025-12-29-14-florida-gulf-coast_w","florida-gulf-coast","columbia",0,0.0772700533270836,0.0984218445056266,0
2025-12-29,"2025-12-29-14-georgia_w","georgia","charleston-southern",1,0.995254874229431,0.92880542413412,1
2025-12-29,"2025-12-29-13-eastern-kentucky_w","hampton","eastern-kentucky",0,0.171488419175148,0.151364626055799,0.244444444444444
2025-12-29,"2025-12-29-13-harvard_w","harvard","delaware",1,0.509840130805969,0.509778709096053,0.566666666666667
2025-12-29,"2025-12-29-12-army_w","howard","army",0,0.238079890608788,0.201499596533292,0.283582089552239
2025-12-29,"2025-12-29-01-illinois-chicago_w","illinois-chicago","drake",0,0.821295022964478,0.840509737014631,0.731707317073171
2025-12-29,"2025-12-29-01-illinois-state_w","illinois-state","indiana-state",1,0.927683651447296,0.901711497682288,1
2025-12-29,"2025-12-29-01-incarnate-word_w","incarnate-word","mcneese-state",0,0.137985348701477,0.130276838715143,0.244444444444444
2025-12-29,"2025-12-29-00-indiana_w","indiana","minnesota",0,0.129250913858414,0.125206226630711,0.2
2025-12-29,"2025-12-29-01-illinois-state_w","indiana-state","illinois-state",0,0.0601051524281502,0.0907653548371264,0
2025-12-29,"2025-12-29-16-iona_w","iona","rider",1,0.705933451652527,0.742864069697755,0.72093023255814
2025-12-29,"2025-12-29-19-ipfw_w","ipfw","northern-kentucky",0,0.957880079746246,0.914802246740862,1
2025-12-29,"2025-12-29-00-iupui_w","iupui","milwaukee",1,0.484524875879288,0.476818877661145,0.566666666666667
2025-12-29,"2025-12-29-14-auburn_w","jackson-state","auburn",0,0.0517776384949684,0.0872473349654161,0
2025-12-29,"2025-12-29-19-manhattan_w","manhattan","fairfield",0,0.010269028134644,0.0714910412671385,0
2025-12-29,"2025-12-29-14-marist_w","marist","sacred-heart",1,0.298856139183044,0.257259816038384,0.283582089552239
2025-12-29,"2025-12-29-19-marquette_w","marquette","st-johns-ny",0,0.78976845741272,0.817238566692475,0.731707317073171
2025-12-29,"2025-12-29-00-maryland_w","maryland","wisconsin",1,0.944865107536316,0.909365767330192,1
2025-12-29,"2025-12-29-16-pennsylvania_w","maryland-eastern-shore","pennsylvania",0,0.147306114435196,0.13587932044046,0.244444444444444
2025-12-29,"2025-12-29-01-incarnate-word_w","mcneese-state","incarnate-word",1,0.810323178768158,0.832695761369462,0.731707317073171
2025-12-29,"2025-12-29-00-merrimack_w","merrimack","mount-st-marys",1,0.434218227863312,0.412188602314121,0.375
2025-12-29,"2025-12-29-03-oregon_w","michigan","oregon",1,0.876790404319763,0.875577086799256,0.888888888888889
2025-12-29,"2025-12-29-00-iupui_w","milwaukee","iupui",0,0.687626898288727,0.72422520043266,0.633333333333333
2025-12-29,"2025-12-29-00-indiana_w","minnesota","indiana",1,0.72184556722641,0.758380650305012,0.72093023255814
2025-12-29,"2025-12-29-00-merrimack_w","mount-st-marys","merrimack",0,0.619470179080963,0.648025626978976,0.566666666666667
2025-12-29,"2025-12-29-01-evansville_w","murray-state","evansville",1,0.958180963993073,0.91492436217171,1
2025-12-29,"2025-12-29-15-nebraska_w","nebraska","southern-california",0,0.927464425563812,0.901610209305853,1
2025-12-29,"2025-12-29-17-texas-pan-american_w","new-orleans","texas-pan-american",0,0.305786311626434,0.264220102747773,0.283582089552239
2025-12-29,"2025-12-29-18-texas-am-corpus-christi_w","nicholls-state","texas-am-corpus-christi",1,0.947337031364441,0.910421792308329,1
2025-12-29,"2025-12-29-14-delaware-state_w","njit","delaware-state",1,0.930233657360077,0.902882860291065,1
2025-12-29,"2025-12-29-00-boston-college_w","north-carolina","boston-college",1,0.940889775753021,0.907643957587089,1
2025-12-29,"2025-12-29-15-st-thomas-mn_w","northern-illinois","st-thomas-mn",0,0.217748537659645,0.184991421379528,0.283582089552239
2025-12-29,"2025-12-29-14-valparaiso_w","northern-iowa","valparaiso",1,0.963096797466278,0.916897106386776,1
2025-12-29,"2025-12-29-19-ipfw_w","northern-kentucky","ipfw",1,0.112355560064316,0.115877397963427,0.2
2025-12-29,"2025-12-29-03-washington_w","northwestern","washington",0,0.0592114999890327,0.0903817930839436,0
2025-12-29,"2025-12-29-19-notre-dame_w","notre-dame","pittsburgh",1,0.979991674423218,0.92336355522688,1
2025-12-29,"2025-12-29-00-robert-morris_w","oakland","robert-morris",1,0.0709424018859863,0.0955345961531309,0
2025-12-29,"2025-12-29-03-oregon_w","oregon","michigan",0,0.0885621830821037,0.103767804430335,0.0714285714285714
2025-12-29,"2025-12-29-16-pennsylvania_w","pennsylvania","maryland-eastern-shore",1,0.854622960090637,0.862437981826592,0.791666666666667
2025-12-29,"2025-12-29-19-notre-dame_w","pittsburgh","notre-dame",0,0.016230896115303,0.073580832775683,0
2025-12-29,"2025-12-29-15-saint-peters_w","quinnipiac","saint-peters",1,0.956586241722107,0.914275322704909,1
2025-12-29,"2025-12-29-16-iona_w","rider","iona",0,0.157130882143974,0.142003157253494,0.244444444444444
2025-12-29,"2025-12-29-00-robert-morris_w","robert-morris","oakland",0,0.92167717218399,0.898902525161556,0.949451407996196
2025-12-29,"2025-12-29-14-marist_w","sacred-heart","marist",0,0.711515009403229,0.748380250301446,0.72093023255814
2025-12-29,"2025-12-29-15-saint-peters_w","saint-peters","quinnipiac",0,0.0381595194339752,0.0817594345273742,0
2025-12-29,"2025-12-29-15-nebraska_w","southern-california","nebraska",1,0.0654622167348862,0.0930954962769955,0
2025-12-29,"2025-12-29-19-southern-illinois_w","southern-illinois","belmont",0,0.294329822063446,0.252779045503114,0.283582089552239
2025-12-29,"2025-12-29-00-virginia_w","southern-methodist","virginia",0,0.0638520866632462,0.0923895580452809,0
2025-12-29,"2025-12-29-20-southern-utah_w","southern-utah","dixie-state",1,0.680392146110535,0.71663270003146,0.633333333333333
2025-12-29,"2025-12-29-19-marquette_w","st-johns-ny","marquette",1,0.241660162806511,0.204517991799184,0.283582089552239
2025-12-29,"2025-12-29-15-st-thomas-mn_w","st-thomas-mn","northern-illinois",1,0.763083279132843,0.795548375795356,0.72093023255814
2025-12-29,"2025-12-29-17-texas-am-commerce_w","stephen-f-austin","texas-am-commerce",0,0.83679848909378,0.851043631662949,0.731707317073171
2025-12-29,"2025-12-29-20-tarleton-state_w","tarleton-state","texas-arlington",1,0.399710685014725,0.369413331685297,0.375
2025-12-29,"2025-12-29-17-texas-am-commerce_w","texas-am-commerce","stephen-f-austin",1,0.224592164158821,0.190428402878038,0.283582089552239
2025-12-29,"2025-12-29-18-texas-am-corpus-christi_w","texas-am-corpus-christi","nicholls-state",0,0.0659114718437195,0.0932933276215086,0
2025-12-29,"2025-12-29-20-tarleton-state_w","texas-arlington","tarleton-state",0,0.684000790119171,0.720435559855117,0.633333333333333
2025-12-29,"2025-12-29-17-texas-pan-american_w","texas-pan-american","new-orleans",1,0.736846446990967,0.772413096226616,0.72093023255814
2025-12-29,"2025-12-29-21-california-baptist_w","utah-valley","california-baptist",0,0.348075091838837,0.309214673585145,0.375
2025-12-29,"2025-12-29-14-valparaiso_w","valparaiso","northern-iowa",0,0.0302459206432104,0.0787165890444321,0
2025-12-29,"2025-12-29-19-depaul_w","villanova","depaul",1,0.951688289642334,0.912253756307233,1
2025-12-29,"2025-12-29-00-virginia_w","virginia","southern-methodist",1,0.946120619773865,0.909903525349293,1
2025-12-29,"2025-12-29-03-washington_w","washington","northwestern",1,0.916365623474121,0.896359412056166,0.916666666666667
2025-12-29,"2025-12-29-00-maryland_w","wisconsin","maryland",0,0.086981751024723,0.103004425970706,0.0714285714285714
2025-12-29,"2025-12-29-16-cleveland-state_w","youngstown-state","cleveland-state",1,0.302006423473358,0.260408876247429,0.283582089552239
2025-12-30,"2025-12-30-18-east-carolina_w","alabama-birmingham","east-carolina",0,0.513011872768402,0.513908136263754,0.566666666666667
2025-12-30,"2025-12-30-18-jacksonville_w","bethune-cookman","jacksonville",0,0.141426414251328,0.132321946964923,0.244444444444444
2025-12-30,"2025-12-30-13-binghamton_w","binghamton","pennsylvania",0,0.190714597702026,0.164687575761584,0.244444444444444
2025-12-30,"2025-12-30-17-eastern-michigan_w","bowling-green-state","eastern-michigan",0,0.491839975118637,0.486334894022255,0.566666666666667
2025-12-30,"2025-12-30-18-east-carolina_w","east-carolina","alabama-birmingham",1,0.443363785743713,0.423781206552843,0.375
2025-12-30,"2025-12-30-17-eastern-michigan_w","eastern-michigan","bowling-green-state",1,0.572120308876038,0.589922429529009,0.566666666666667
2025-12-30,"2025-12-30-16-fairleigh-dickinson_w","fairleigh-dickinson","maryland-eastern-shore",1,0.748092114925385,0.782549413138857,0.72093023255814
2025-12-30,"2025-12-30-19-florida-atlantic_w","florida-atlantic","north-texas",0,0.387010872364044,0.354135600551921,0.375
2025-12-30,"2025-12-30-03-gonzaga_w","gonzaga","pepperdine",1,0.648979306221008,0.682250991959282,0.633333333333333
2025-12-30,"2025-12-30-19-wright-state_w","green-bay","wright-state",1,0.837666690349579,0.851616216151825,0.731707317073171
2025-12-30,"2025-12-30-18-jacksonville_w","jacksonville","bethune-cookman",1,0.835509181022644,0.850189962530934,0.731707317073171
2025-12-30,"2025-12-30-03-washington-state_w","loyola-marymount","washington-state",1,0.615112781524658,0.642829593295069,0.566666666666667
2025-12-30,"2025-12-30-16-fairleigh-dickinson_w","maryland-eastern-shore","fairleigh-dickinson",0,0.225362092256546,0.191047664910482,0.283582089552239
2025-12-30,"2025-12-30-00-towson_w","morgan-state","towson",0,0.0740927457809448,0.0969624773421469,0
2025-12-30,"2025-12-30-19-florida-atlantic_w","north-texas","florida-atlantic",1,0.485592931509018,0.478207398676468,0.566666666666667
2025-12-30,"2025-12-30-03-saint-marys-ca_w","oregon-state","saint-marys-ca",1,0.801317453384399,0.826055839151788,0.731707317073171
2025-12-30,"2025-12-30-03-pacific_w","pacific","san-diego",1,0.694997489452362,0.731829370266393,0.633333333333333
2025-12-30,"2025-12-30-13-binghamton_w","pennsylvania","binghamton",1,0.828789591789246,0.845675449710163,0.731707317073171
2025-12-30,"2025-12-30-03-gonzaga_w","pepperdine","gonzaga",0,0.293468028306961,0.251931800488125,0.283582089552239
2025-12-30,"2025-12-30-03-san-francisco_w","portland","san-francisco",0,0.597094714641571,0.620996375980685,0.566666666666667
2025-12-30,"2025-12-30-18-rhode-island_w","rhode-island","richmond",1,0.508212864398956,0.507659547393641,0.566666666666667
2025-12-30,"2025-12-30-19-south-florida_w","rice","south-florida",1,0.799548506736755,0.824727416482419,0.731707317073171
2025-12-30,"2025-12-30-18-rhode-island_w","richmond","rhode-island",0,0.500184714794159,0.497202055586746,0.566666666666667
2025-12-30,"2025-12-30-03-saint-marys-ca_w","saint-marys-ca","oregon-state",0,0.139327973127365,0.131071576722179,0.244444444444444
2025-12-30,"2025-12-30-03-pacific_w","san-diego","pacific",0,0.392122805118561,0.360251483110303,0.375
2025-12-30,"2025-12-30-03-san-francisco_w","san-francisco","portland",1,0.423195481300354,0.398345982060677,0.375
2025-12-30,"2025-12-30-21-santa-clara_w","santa-clara","seattle",1,0.958675503730774,0.915124728812096,1
2025-12-30,"2025-12-30-21-santa-clara_w","seattle","santa-clara",0,0.0299152340739965,0.0785917187935382,0
2025-12-30,"2025-12-30-19-south-florida_w","south-florida","rice",0,0.262492209672928,0.222744766881328,0.283582089552239
2025-12-30,"2025-12-30-18-tennessee-tech_w","tennessee-state","tennessee-tech",0,0.142136350274086,0.132747250001708,0.244444444444444
2025-12-30,"2025-12-30-18-tennessee-tech_w","tennessee-tech","tennessee-state",1,0.860043346881866,0.865754658353406,0.791666666666667
2025-12-30,"2025-12-30-01-texas-san-antonio_w","texas-san-antonio","tulane",1,0.473946034908295,0.463088662177003,0.552686967850232
2025-12-30,"2025-12-30-00-towson_w","towson","morgan-state",1,0.964841485023499,0.917587197941557,1
2025-12-30,"2025-12-30-01-texas-san-antonio_w","tulane","texas-san-antonio",0,0.596276104450226,0.619991919125305,0.566666666666667
2025-12-30,"2025-12-30-01-tulsa_w","tulsa","wichita-state",1,0.845202922821045,0.856510308804272,0.791666666666667
2025-12-30,"2025-12-30-03-washington-state_w","washington-state","loyola-marymount",0,0.389439046382904,0.35703484850537,0.375
2025-12-30,"2025-12-30-01-tulsa_w","wichita-state","tulsa",0,0.115354277193546,0.117487860177908,0.2
2025-12-30,"2025-12-30-19-wright-state_w","wright-state","green-bay",0,0.214425921440125,0.182395334639665,0.283582089552239
2025-12-31,"2025-12-31-16-san-diego-state_w","air-force","san-diego-state",0,0.137535750865936,0.130011625952085,0.244444444444444
2025-12-31,"2025-12-31-00-akron_w","akron","ball-state",0,0.254349708557129,0.215485650273644,0.283582089552239
2025-12-31,"2025-12-31-13-loyola-md_w","american","loyola-md",0,0.587927222251892,0.60969020460226,0.566666666666667
2025-12-31,"2025-12-31-02-colorado_w","arizona","colorado",0,0.492641866207123,0.487378780363307,0.566666666666667
2025-12-31,"2025-12-31-02-utah_w","arizona-state","utah",1,0.418042153120041,0.391928224035051,0.375
2025-12-31,"2025-12-31-13-army_w","army","lehigh",0,0.825497329235077,0.843423266438053,0.731707317073171
2025-12-31,"2025-12-31-00-akron_w","ball-state","akron",1,0.788532018661499,0.816274313169411,0.731707317073171
2025-12-31,"2025-12-31-01-oklahoma-state_w","baylor","oklahoma-state",1,0.23283077776432,0.197134688020723,0.283582089552239
2025-12-31,"2025-12-31-02-boise-state_w","boise-state","nevada",1,0.827971398830414,0.845118222263614,0.731707317073171
2025-12-31,"2025-12-31-14-boston-university_w","boston-university","navy",0,0.197577446699142,0.169666145653566,0.248976308507906
2025-12-31,"2025-12-31-02-brigham-young_w","brigham-young","texas-christian",0,0.0784345865249634,0.0989616075729673,0
2025-12-31,"2025-12-31-13-bucknell_w","bucknell","holy-cross",0,0.166228324174881,0.147877400369048,0.244444444444444
2025-12-31,"2025-12-31-00-toledo_w","buffalo","toledo",0,0.179843500256538,0.157042255686961,0.244444444444444
2025-12-31,"2025-12-31-01-texas-tech_w","central-florida","texas-tech",0,0.0773812904953957,0.098473289610811,0
2025-12-31,"2025-12-31-13-central-michigan_w","central-michigan","ohio",0,0.608172535896301,0.63448421906993,0.566666666666667
2025-12-31,"2025-12-31-15-charleston-southern_w","charleston-southern","south-carolina-upstate",1,0.402515351772308,0.372824150535408,0.375
2025-12-31,"2025-12-31-00-charlotte_w","charlotte","memphis",1,0.535521805286407,0.543127557375584,0.566666666666667
2025-12-31,"2025-12-31-14-kansas-state_w","cincinnati","kansas-state",0,0.224059775471687,0.190001095013863,0.283582089552239
2025-12-31,"2025-12-31-00-colgate_w","colgate","lafayette",1,0.259940594434738,0.220451365138743,0.283582089552239
2025-12-31,"2025-12-31-02-colorado_w","colorado","arizona",1,0.465301603078842,0.451909569040876,0.545454545454545
2025-12-31,"2025-12-31-02-grand-canyon_w","colorado-state","grand-canyon",1,0.899547696113586,0.887930955433246,0.916666666666667
2025-12-31,"2025-12-31-00-providence_w","connecticut","providence",1,0.987928688526154,0.926239391631003,1
2025-12-31,"2025-12-31-15-loyola-il_w","davidson","loyola-il",1,0.84500527381897,0.856383687863093,0.791666666666667
2025-12-31,"2025-12-31-19-george-mason_w","dayton","george-mason",0,0.527109563350677,0.532231764250625,0.566666666666667
2025-12-31,"2025-12-31-01-duquesne_w","duquesne","saint-louis",0,0.310982972383499,0.269517850299493,0.283582089552239
2025-12-31,"2025-12-31-00-fordham_w","fordham","la-salle",0,0.4991055727005,0.495796347215407,0.566666666666667
2025-12-31,"2025-12-31-03-nevada-las-vegas_w","fresno-state","nevada-las-vegas",0,0.232036247849464,0.196480248783342,0.283582089552239
2025-12-31,"2025-12-31-00-winthrop_w","gardner-webb","winthrop",1,0.524307668209076,0.52859530887523,0.566666666666667
2025-12-31,"2025-12-31-19-george-mason_w","george-mason","dayton",1,0.361840397119522,0.324741497657024,0.375
2025-12-31,"2025-12-31-00-st-bonaventure_w","george-washington","st-bonaventure",0,0.58375358581543,0.604502783049624,0.566666666666667
2025-12-31,"2025-12-31-00-seton-hall_w","georgetown","seton-hall",0,0.529803276062012,0.535724593836269,0.566666666666667
2025-12-31,"2025-12-31-02-grand-canyon_w","grand-canyon","colorado-state",0,0.101443707942963,0.110178246630224,0.142857142857143
2025-12-31,"2025-12-31-14-high-point_w","high-point","north-carolina-asheville",1,0.947027206420898,0.910290043310948,1
2025-12-31,"2025-12-31-13-bucknell_w","holy-cross","bucknell",1,0.842309236526489,0.854647211665549,0.731707317073171
2025-12-31,"2025-12-31-14-houston_w","houston","iowa-state",0,0.0171301551163197,0.0739008866072934,0
2025-12-31,"2025-12-31-15-houston-baptist_w","houston-baptist","mcneese-state",0,0.085000678896904,0.102054554928938,0.0714285714285714
2025-12-31,"2025-12-31-01-illinois-chicago_w","illinois-chicago","northern-iowa",0,0.374471575021744,0.339337369632284,0.375
2025-12-31,"2025-12-31-01-incarnate-word_w","incarnate-word","southeastern-louisiana",1,0.839245915412903,0.852653064723379,0.731707317073171
2025-12-31,"2025-12-31-14-houston_w","iowa-state","houston",1,0.98686695098877,0.925860524176767,1
2025-12-31,"2025-12-31-14-kansas-state_w","kansas-state","cincinnati",1,0.583460688591003,0.604137840630316,0.566666666666667
2025-12-31,"2025-12-31-00-kent-state_w","kent-state","miami-oh",0,0.0598679818212986,0.0906634169859837,0
2025-12-31,"2025-12-31-00-fordham_w","la-salle","fordham",1,0.533138334751129,0.540044143285407,0.566666666666667
2025-12-31,"2025-12-31-00-colgate_w","lafayette","colgate",0,0.666781842708588,0.702012558384139,0.633333333333333
2025-12-31,"2025-12-31-01-texas-am-commerce_w","lamar","texas-am-commerce",1,0.816376626491547,0.837044114581537,0.731707317073171
2025-12-31,"2025-12-31-13-army_w","lehigh","army",1,0.155558988451958,0.141008139083876,0.244444444444444
2025-12-31,"2025-12-31-15-loyola-il_w","loyola-il","davidson",0,0.233352765440941,0.197565533757948,0.283582089552239
2025-12-31,"2025-12-31-13-loyola-md_w","loyola-md","american",1,0.408425182104111,0.380052452105002,0.375
2025-12-31,"2025-12-31-00-massachusetts_w","massachusetts","western-michigan",1,0.90910416841507,0.892791256167339,0.916666666666667
2025-12-31,"2025-12-31-15-houston-baptist_w","mcneese-state","houston-baptist",1,0.885392725467682,0.88037869350485,0.888888888888889
2025-12-31,"2025-12-31-00-charlotte_w","memphis","charlotte",0,0.398674041032791,0.368155918952284,0.375
2025-12-31,"2025-12-31-00-kent-state_w","miami-oh","kent-state",1,0.952221512794495,0.912475910188985,1
2025-12-31,"2025-12-31-18-missouri-kansas-city_w","missouri-kansas-city","nebraska-omaha",1,0.960725486278534,0.915950736599191,1
2025-12-31,"2025-12-31-14-boston-university_w","navy","boston-university",1,0.710775077342987,0.747653521088446,0.72093023255814
2025-12-31,"2025-12-31-18-missouri-kansas-city_w","nebraska-omaha","missouri-kansas-city",0,0.0561596229672432,0.0890828910363644,0
2025-12-31,"2025-12-31-02-boise-state_w","nevada","boise-state",0,0.193917483091354,0.166996323097006,0.244444444444444
2025-12-31,"2025-12-31-03-nevada-las-vegas_w","nevada-las-vegas","fresno-state",1,0.607868731021881,0.634117010981647,0.566666666666667
2025-12-31,"2025-12-31-15-new-mexico_w","new-mexico","wyoming",1,0.67374974489212,0.709551700481802,0.633333333333333
2025-12-31,"2025-12-31-14-texas-am-corpus-christi_w","new-orleans","texas-am-corpus-christi",0,0.447734236717224,0.429351642819201,0.375
2025-12-31,"2025-12-31-15-texas-pan-american_w","nicholls-state","texas-pan-american",1,0.65728884935379,0.691562557607021,0.633333333333333
2025-12-31,"2025-12-31-14-high-point_w","north-carolina-asheville","high-point",0,0.0280352625995874,0.0778852617900553,0
2025-12-31,"2025-12-31-01-illinois-chicago_w","northern-iowa","illinois-chicago",1,0.688683331012726,0.725323273912305,0.633333333333333
2025-12-31,"2025-12-31-01-northwestern-state_w","northwestern-state","stephen-f-austin",0,0.31782129406929,0.276590464286186,0.283582089552239
2025-12-31,"2025-12-31-13-central-michigan_w","ohio","central-michigan",1,0.47041380405426,0.458515603535198,0.545454545454545
2025-12-31,"2025-12-31-00-purdue_w","ohio-state","purdue",1,0.858893811702728,0.865056963201118,0.791666666666667
2025-12-31,"2025-12-31-01-oklahoma-state_w","oklahoma-state","baylor",0,0.841971278190613,0.854428313167526,0.731707317073171
2025-12-31,"2025-12-31-00-penn-state_w","penn-state","ucla",0,0.0272414404898882,0.0775887080839407,0
2025-12-31,"2025-12-31-00-presbyterian_w","presbyterian","radford",0,0.0545690059661865,0.0884126085573957,0
2025-12-31,"2025-12-31-00-providence_w","providence","connecticut",0,0.0120514063164592,0.072110003927644,0
2025-12-31,"2025-12-31-00-purdue_w","purdue","ohio-state",0,0.115683771669865,0.1176659935097,0.2
2025-12-31,"2025-12-31-00-presbyterian_w","radford","presbyterian",1,0.931563973426819,0.903488992518045,1
2025-12-31,"2025-12-31-14-saint-josephs_w","saint-josephs","virginia-commonwealth",1,0.974712431430817,0.921394137963167,1
2025-12-31,"2025-12-31-01-duquesne_w","saint-louis","duquesne",1,0.683212280273438,0.71960728349449,0.633333333333333
2025-12-31,"2025-12-31-16-san-diego-state_w","san-diego-state","air-force",1,0.776212394237518,0.806451007491541,0.72093023255814
2025-12-31,"2025-12-31-02-utah-state_w","san-jose-state","utah-state",0,0.13246476650238,0.127052006717995,0.2
2025-12-31,"2025-12-31-00-seton-hall_w","seton-hall","georgetown",1,0.454903215169907,0.438527236535944,0.50727467013883
2025-12-31,"2025-12-31-15-charleston-southern_w","south-carolina-upstate","charleston-southern",0,0.556643068790436,0.570280842065067,0.566666666666667
2025-12-31,"2025-12-31-01-incarnate-word_w","southeastern-louisiana","incarnate-word",0,0.327886253595352,0.287206186436152,0.283582089552239
2025-12-31,"2025-12-31-00-st-bonaventure_w","st-bonaventure","george-washington",1,0.429569274187088,0.406332032390536,0.375
2025-12-31,"2025-12-31-01-northwestern-state_w","stephen-f-austin","northwestern-state",1,0.718917667865753,0.755574052562937,0.72093023255814
2025-12-31,"2025-12-31-01-texas-am-commerce_w","texas-am-commerce","lamar",0,0.225770369172096,0.191376670318812,0.283582089552239
2025-12-31,"2025-12-31-14-texas-am-corpus-christi_w","texas-am-corpus-christi","new-orleans",1,0.494639545679092,0.489979780099671,0.566666666666667
2025-12-31,"2025-12-31-02-brigham-young_w","texas-christian","brigham-young",1,0.847093343734741,0.857716688433701,0.791666666666667
2025-12-31,"2025-12-31-15-texas-pan-american_w","texas-pan-american","nicholls-state",0,0.277198135852814,0.236292635080731,0.283582089552239
2025-12-31,"2025-12-31-01-texas-tech_w","texas-tech","central-florida",1,0.92106693983078,0.89861319270705,0.932062909745576
2025-12-31,"2025-12-31-00-toledo_w","toledo","buffalo",1,0.862566530704498,0.867275386072734,0.791666666666667
2025-12-31,"2025-12-31-00-penn-state_w","ucla","penn-state",1,0.964563488960266,0.917477590119918,1
2025-12-31,"2025-12-31-02-utah_w","utah","arizona-state",0,0.504774630069733,0.503181180196926,0.566666666666667
2025-12-31,"2025-12-31-02-utah-state_w","utah-state","san-jose-state",1,0.846640169620514,0.857428266763834,0.791666666666667
2025-12-31,"2025-12-31-14-saint-josephs_w","virginia-commonwealth","saint-josephs",0,0.0221390705555677,0.0757071496501375,0
2025-12-31,"2025-12-31-00-massachusetts_w","western-michigan","massachusetts",0,0.10578265786171,0.112414431171989,0.142857142857143
2025-12-31,"2025-12-31-00-winthrop_w","winthrop","gardner-webb",0,0.469323724508286,0.457105688531568,0.545454545454545
2025-12-31,"2025-12-31-15-new-mexico_w","wyoming","new-mexico",0,0.413932293653488,0.386836486644058,0.375
2026-01-01,"2026-01-01-16-dixie-state_w","abilene-christian","dixie-state",1,0.754546403884888,0.788217949672865,0.72093023255814
2026-01-01,"2026-01-01-14-south-carolina_w","alabama","south-carolina",0,0.191902577877045,0.165540907960985,0.244444444444444
2026-01-01,"2026-01-01-17-mississippi-valley-state_w","alabama-am","mississippi-valley-state",0,0.883153796195984,0.87914461382655,0.888888888888889
2026-01-01,"2026-01-01-01-arkansas-pine-bluff_w","alabama-state","arkansas-pine-bluff",1,0.406270831823349,0.377411113790356,0.375
2026-01-01,"2026-01-01-00-albany-ny_w","albany-ny","vermont",0,0.293572127819061,0.252034042521009,0.283582089552239
2026-01-01,"2026-01-01-01-arkansas_w","arkansas","vanderbilt",0,0.0166527517139912,0.0737308155258773,0
2026-01-01,"2026-01-01-16-arkansas-little-rock_w","arkansas-little-rock","tennessee-tech",1,0.109305515885353,0.114259082438122,0.2
2026-01-01,"2026-01-01-01-arkansas-pine-bluff_w","arkansas-pine-bluff","alabama-state",0,0.605385422706604,0.631109628173127,0.566666666666667
2026-01-01,"2026-01-01-19-southern-mississippi_w","arkansas-state","southern-mississippi",1,0.668477714061737,0.703857813898318,0.633333333333333
2026-01-01,"2026-01-01-01-mississippi-state_w","auburn","mississippi-state",0,0.0787283182144165,0.0990981682241412,0
2026-01-01,"2026-01-01-18-jacksonville_w","austin-peay","jacksonville",1,0.609198093414307,0.635722650913699,0.566666666666667
2026-01-01,"2026-01-01-18-bellarmine_w","bellarmine","queens-nc",0,0.0877378731966019,0.103369025070747,0.0714285714285714
2026-01-01,"2026-01-01-00-duke_w","boston-college","duke",0,0.0810470134019852,0.100182066014353,0
2026-01-01,"2026-01-01-18-bryant_w","bryant","new-hampshire",1,0.678025126457214,0.714121375623496,0.633333333333333
2026-01-01,"2026-01-01-15-california-san-diego_w","cal-poly","california-san-diego",0,0.0918761417269707,0.105384764482676,0.0714285714285714
2026-01-01,"2026-01-01-17-california-irvine_w","cal-state-bakersfield","california-irvine",0,0.0870436280965805,0.103034220031269,0.0714285714285714
2026-01-01,"2026-01-01-17-california-santa-barbara_w","cal-state-fullerton","california-santa-barbara",1,0.363595724105835,0.326750395022122,0.375
2026-01-01,"2026-01-01-21-cal-state-northridge_w","cal-state-northridge","california-davis",0,0.0612371526658535,0.0912533203315372,0
2026-01-01,"2026-01-01-00-north-carolina_w","california","north-carolina",0,0.0939715430140495,0.106418597542031,0.0714285714285714
2026-01-01,"2026-01-01-21-california-baptist_w","california-baptist","texas-arlington",1,0.896692931652069,0.886442147518072,0.916666666666667
2026-01-01,"2026-01-01-21-cal-state-northridge_w","california-davis","cal-state-northridge",1,0.932811856269836,0.90405449202404,1
2026-01-01,"2026-01-01-17-california-irvine_w","california-irvine","cal-state-bakersfield",1,0.876277565956116,0.875285673571955,0.888888888888889
2026-01-01,"2026-01-01-15-california-san-diego_w","california-san-diego","cal-poly",1,0.892088294029236,0.884004416578922,0.916666666666667
2026-01-01,"2026-01-01-17-california-santa-barbara_w","california-santa-barbara","cal-state-fullerton",0,0.664793014526367,0.699840134695928,0.633333333333333
2026-01-01,"2026-01-01-14-fairfield_w","canisius","fairfield",0,0.0181960370391607,0.0742819017742554,0
2026-01-01,"2026-01-01-00-stetson_w","central-arkansas","stetson",1,0.544685184955597,0.554949120848428,0.566666666666667
2026-01-01,"2026-01-01-00-virginia_w","clemson","virginia",0,0.0903175547719002,0.104621541684329,0.0714285714285714
2026-01-01,"2026-01-01-00-coastal-carolina_w","coastal-carolina","marshall",0,0.0741594806313515,0.0969929297209453,0
2026-01-01,"2026-01-01-12-villanova_w","creighton","villanova",0,0.25220400094986,0.213601549550204,0.283582089552239
2026-01-01,"2026-01-01-16-denver_w","denver","north-dakota",1,0.77618396282196,0.806427882303669,0.72093023255814
2026-01-01,"2026-01-01-14-st-johns-ny_w","depaul","st-johns-ny",0,0.0593208558857441,0.0904286508779304,0
2026-01-01,"2026-01-01-16-dixie-state_w","dixie-state","abilene-christian",0,0.187026277184486,0.162060736085362,0.244444444444444
2026-01-01,"2026-01-01-00-duke_w","duke","boston-college",1,0.911761999130249,0.894109642273686,0.916666666666667
2026-01-01,"2026-01-01-18-southeast-missouri-state_w","eastern-illinois","southeast-missouri-state",0,0.459461331367493,0.444383531357019,0.545454545454545
2026-01-01,"2026-01-01-18-eastern-kentucky_w","eastern-kentucky","west-georgia",1,0.802855014801025,0.827204031251145,0.731707317073171
2026-01-01,"2026-01-01-14-fairfield_w","fairfield","canisius",1,0.972978591918945,0.920737295775548,1
2026-01-01,"2026-01-01-14-tennessee_w","florida","tennessee",0,0.270367383956909,0.229929940647717,0.283582089552239
2026-01-01,"2026-01-01-14-florida-gulf-coast_w","florida-gulf-coast","north-alabama",1,0.413360863924026,0.386130464862907,0.375
2026-01-01,"2026-01-01-00-syracuse_w","florida-state","syracuse",0,0.164007365703583,0.146425049684533,0.244444444444444
2026-01-01,"2026-01-01-19-mississippi_w","georgia","mississippi",0,0.793743908405304,0.820312241245529,0.731707317073171
2026-01-01,"2026-01-01-14-old-dominion_w","georgia-southern","old-dominion",0,0.858671486377716,0.864921673123697,0.791666666666667
2026-01-01,"2026-01-01-14-james-madison_w","georgia-state","james-madison",0,0.0814458429813385,0.100369561580897,0
2026-01-01,"2026-01-01-00-georgia-tech_w","georgia-tech","notre-dame",1,0.0391484722495079,0.0821471419862708,0
2026-01-01,"2026-01-01-01-grambling_w","grambling","texas-southern",0,0.570686221122742,0.588113487200598,0.566666666666667
2026-01-01,"2026-01-01-21-sacramento-state_w","idaho-state","sacramento-state",1,0.488751500844955,0.482315572199366,0.566666666666667
2026-01-01,"2026-01-01-01-illinois_w","illinois","maryland",1,0.105037182569504,0.11202743220273,0.142857142857143
2026-01-01,"2026-01-01-00-indiana_w","indiana","michigan-state",0,0.0578103475272655,0.0897833472358444,0
2026-01-01,"2026-01-01-14-indiana-state_w","indiana-state","valparaiso",1,0.827559590339661,0.844837140397645,0.731707317073171
2026-01-01,"2026-01-01-14-quinnipiac_w","iona","quinnipiac",0,0.165516272187233,0.147410476329199,0.244444444444444
2026-01-01,"2026-01-01-14-iowa_w","iowa","nebraska",1,0.160035893321037,0.143857462386767,0.244444444444444
2026-01-01,"2026-01-01-18-jacksonville_w","jacksonville","austin-peay",0,0.280561476945877,0.239469851949789,0.283582089552239
2026-01-01,"2026-01-01-14-james-madison_w","james-madison","georgia-state",1,0.925600290298462,0.900745164643037,1
2026-01-01,"2026-01-01-01-kansas_w","kansas","west-virginia",0,0.16859233379364,0.149436355580766,0.244444444444444
2026-01-01,"2026-01-01-20-louisiana-state_w","kentucky","louisiana-state",1,0.39841166138649,0.367837944906753,0.375
2026-01-01,"2026-01-01-18-lindenwood_w","lindenwood","morehead-state",0,0.938054025173187,0.9063978287277,1
2026-01-01,"2026-01-01-14-north-florida_w","lipscomb","north-florida",1,0.633117198944092,0.664069550110779,0.633333333333333
2026-01-01,"2026-01-01-17-louisiana-lafayette_w","louisiana-lafayette","troy",0,0.159196630120277,0.143319690305865,0.244444444444444
2026-01-01,"2026-01-01-14-louisiana-monroe_w","louisiana-monroe","south-alabama",1,0.427656471729279,0.403929970985361,0.375
2026-01-01,"2026-01-01-20-louisiana-state_w","louisiana-state","kentucky",0,0.376815229654312,0.342080527111681,0.375
2026-01-01,"2026-01-01-00-louisville_w","louisville","southern-methodist",1,0.968443393707275,0.918995415398894,1
2026-01-01,"2026-01-01-00-massachusetts-lowell_w","maine","massachusetts-lowell",1,0.802725613117218,0.827107630558808,0.731707317073171
2026-01-01,"2026-01-01-15-saint-peters_w","manhattan","saint-peters",1,0.237558051943779,0.201062445898589,0.283582089552239
2026-01-01,"2026-01-01-13-xavier_w","marquette","xavier",1,0.747418880462646,0.7819518729809,0.72093023255814
2026-01-01,"2026-01-01-00-coastal-carolina_w","marshall","coastal-carolina",1,0.939997613430023,0.907253525150223,1
2026-01-01,"2026-01-01-01-illinois_w","maryland","illinois",0,0.854046702384949,0.862081355090704,0.791666666666667
2026-01-01,"2026-01-01-18-maryland-baltimore-county_w","maryland-baltimore-county","njit",0,0.20040188729763,0.171749615457027,0.25
2026-01-01,"2026-01-01-00-massachusetts-lowell_w","massachusetts-lowell","maine",0,0.153768107295036,0.139881609629915,0.244444444444444
2026-01-01,"2026-01-01-14-rider_w","merrimack","rider",1,0.596296191215515,0.620016578472608,0.566666666666667
2026-01-01,"2026-01-01-18-virginia-tech_w","miami-fl","virginia-tech",1,0.274974793195724,0.234208374122758,0.283582089552239
2026-01-01,"2026-01-01-03-washington_w","michigan","washington",0,0.896290063858032,0.8862306620252,0.916666666666667
2026-01-01,"2026-01-01-00-indiana_w","michigan-state","indiana",1,0.927896440029144,0.901809722983727,1
2026-01-01,"2026-01-01-19-mississippi_w","mississippi","georgia",1,0.143161237239838,0.133363273004075,0.244444444444444
2026-01-01,"2026-01-01-01-mississippi-state_w","mississippi-state","auburn",1,0.925920248031616,0.900894119346923,1
2026-01-01,"2026-01-01-17-mississippi-valley-state_w","mississippi-valley-state","alabama-am",1,0.0857210531830788,0.102399053494414,0.0714285714285714
2026-01-01,"2026-01-01-01-missouri_w","missouri","texas",0,0.0312325153499842,0.0790902150581786,0
2026-01-01,"2026-01-01-20-northern-arizona_w","montana","northern-arizona",0,0.41498589515686,0.388139494664162,0.375
2026-01-01,"2026-01-01-20-northern-colorado_w","montana-state","northern-colorado",1,0.755372583866119,0.788935692901854,0.72093023255814
2026-01-01,"2026-01-01-18-lindenwood_w","morehead-state","lindenwood",1,0.0572537705302238,0.0895466204985781,0
2026-01-01,"2026-01-01-13-siena_w","mount-st-marys","siena",0,0.351617574691772,0.313171335073686,0.375
2026-01-01,"2026-01-01-14-iowa_w","nebraska","iowa",0,0.785366117954254,0.813787384022155,0.724779392146211
2026-01-01,"2026-01-01-18-bryant_w","new-hampshire","bryant",0,0.304791390895844,0.263213474955611,0.283582089552239
2026-01-01,"2026-01-01-00-sacred-heart_w","niagara","sacred-heart",0,0.0791574791073799,0.0992979936499457,0
2026-01-01,"2026-01-01-18-maryland-baltimore-county_w","njit","maryland-baltimore-county",1,0.854239583015442,0.862200808889469,0.791666666666667
2026-01-01,"2026-01-01-14-florida-gulf-coast_w","north-alabama","florida-gulf-coast",0,0.617093026638031,0.645195213448825,0.566666666666667
2026-01-01,"2026-01-01-00-north-carolina_w","north-carolina","california",1,0.91571182012558,0.896042496347212,0.916666666666667
2026-01-01,"2026-01-01-14-north-carolina-state_w","north-carolina-state","stanford",1,0.159862354397774,0.143746126886431,0.244444444444444
2026-01-01,"2026-01-01-16-denver_w","north-dakota","denver",0,0.254617065191269,0.215721253091194,0.283582089552239
2026-01-01,"2026-01-01-20-oral-roberts_w","north-dakota-state","oral-roberts",1,0.892125308513641,0.884024192357603,0.916666666666667
2026-01-01,"2026-01-01-14-north-florida_w","north-florida","lipscomb",0,0.515466868877411,0.517103127245915,0.566666666666667
2026-01-01,"2026-01-01-20-northern-arizona_w","northern-arizona","montana",1,0.492715865373611,0.487475116737904,0.566666666666667
2026-01-01,"2026-01-01-20-northern-colorado_w","northern-colorado","montana-state",0,0.19864347577095,0.170450137721362,0.25
2026-01-01,"2026-01-01-03-oregon_w","northwestern","oregon",0,0.118265956640244,0.119070109004243,0.2
2026-01-01,"2026-01-01-00-georgia-tech_w","notre-dame","georgia-tech",0,0.966088831424713,0.918077370061968,1
2026-01-01,"2026-01-01-20-texas-am_w","oklahoma","texas-am",1,0.983130574226379,0.924512971045184,1
2026-01-01,"2026-01-01-14-old-dominion_w","old-dominion","georgia-southern",1,0.249303936958313,0.211074178292016,0.283582089552239
2026-01-01,"2026-01-01-20-oral-roberts_w","oral-roberts","north-dakota-state",0,0.126409992575645,0.123593806505688,0.2
2026-01-01,"2026-01-01-03-oregon_w","oregon","northwestern",1,0.918888747692108,0.897574437487971,0.916666666666667
2026-01-01,"2026-01-01-18-pittsburgh_w","pittsburgh","wake-forest",0,0.186460211873055,0.161660586789316,0.244444444444444
2026-01-01,"2026-01-01-22-portland-state_w","portland-state","weber-state",1,0.199739053845406,0.171258857351652,0.25
2026-01-01,"2026-01-01-01-southern_w","prairie-view","southern",0,0.238801404833794,0.202105187699457,0.283582089552239
2026-01-01,"2026-01-01-18-bellarmine_w","queens-nc","bellarmine",1,0.902832627296448,0.889622971645021,0.916666666666667
2026-01-01,"2026-01-01-14-quinnipiac_w","quinnipiac","iona",1,0.829873442649841,0.846411077720562,0.731707317073171
2026-01-01,"2026-01-01-14-rider_w","rider","merrimack",0,0.325032114982605,0.284171242175393,0.283582089552239
2026-01-01,"2026-01-01-00-rutgers_w","rutgers","wisconsin",0,0.201165452599525,0.172316335750623,0.25
2026-01-01,"2026-01-01-21-sacramento-state_w","sacramento-state","idaho-state",0,0.382129371166229,0.348339567923985,0.375
2026-01-01,"2026-01-01-00-sacred-heart_w","sacred-heart","niagara",1,0.880431234836578,0.877629179527451,0.888888888888889
2026-01-01,"2026-01-01-15-saint-peters_w","saint-peters","manhattan",0,0.694258987903595,0.73107348183637,0.633333333333333
2026-01-01,"2026-01-01-13-siena_w","siena","mount-st-marys",1,0.613641142845154,0.641067030956815,0.566666666666667
2026-01-01,"2026-01-01-14-louisiana-monroe_w","south-alabama","louisiana-monroe",0,0.626480460166931,0.656311662948339,0.566666666666667
2026-01-01,"2026-01-01-14-south-carolina_w","south-carolina","alabama",1,0.854739308357239,0.8625098917897,0.791666666666667
2026-01-01,"2026-01-01-01-south-dakota-state_w","south-dakota-state","st-thomas-mn",1,0.655562400817871,0.689640366772946,0.633333333333333
2026-01-01,"2026-01-01-18-southeast-missouri-state_w","southeast-missouri-state","eastern-illinois",1,0.546224057674408,0.556928687167755,0.566666666666667
2026-01-01,"2026-01-01-01-southern_w","southern","prairie-view",1,0.751751899719238,0.785777009152273,0.72093023255814
2026-01-01,"2026-01-01-01-southern-illinois-edwardsville_w","southern-illinois-edwardsville","southern-indiana",0,0.46819344162941,0.45564449993173,0.545454545454545
2026-01-01,"2026-01-01-01-southern-illinois-edwardsville_w","southern-indiana","southern-illinois-edwardsville",1,0.308883935213089,0.26736993236949,0.283582089552239
2026-01-01,"2026-01-01-00-louisville_w","southern-methodist","louisville",0,0.0442855395376682,0.0841881169754114,0
2026-01-01,"2026-01-01-19-southern-mississippi_w","southern-mississippi","arkansas-state",0,0.370427966117859,0.334629818505964,0.375
2026-01-01,"2026-01-01-14-st-johns-ny_w","st-johns-ny","depaul",1,0.948739886283875,0.911016157021262,1
2026-01-01,"2026-01-01-01-south-dakota-state_w","st-thomas-mn","south-dakota-state",0,0.238172367215157,0.2015771393969,0.283582089552239
2026-01-01,"2026-01-01-14-north-carolina-state_w","stanford","north-carolina-state",0,0.713853776454926,0.750668135482969,0.72093023255814
2026-01-01,"2026-01-01-00-stetson_w","stetson","central-arkansas",0,0.589748322963715,0.611945979348771,0.566666666666667
2026-01-01,"2026-01-01-00-syracuse_w","syracuse","florida-state",1,0.851194083690643,0.860304513163646,0.791666666666667
2026-01-01,"2026-01-01-16-utah-valley_w","tarleton-state","utah-valley",0,0.358006805181503,0.32037654306151,0.375
2026-01-01,"2026-01-01-14-tennessee_w","tennessee","florida",1,0.58849561214447,0.610394770788003,0.566666666666667
2026-01-01,"2026-01-01-14-tennessee-martin_w","tennessee-martin","western-illinois",1,0.0405519790947437,0.082700244287776,0
2026-01-01,"2026-01-01-16-arkansas-little-rock_w","tennessee-tech","arkansas-little-rock",0,0.891183733940125,0.883520224763619,0.904743339831059
2026-01-01,"2026-01-01-01-missouri_w","texas","missouri",1,0.977239727973938,0.922342654951414,1
2026-01-01,"2026-01-01-20-texas-am_w","texas-am","oklahoma",0,0.0266132671386003,0.0773547703089219,0
2026-01-01,"2026-01-01-21-california-baptist_w","texas-arlington","california-baptist",0,0.13940455019474,0.131117028759595,0.244444444444444
2026-01-01,"2026-01-01-01-grambling_w","texas-southern","grambling",1,0.510322213172913,0.510406452819246,0.566666666666667
2026-01-01,"2026-01-01-17-louisiana-lafayette_w","troy","louisiana-lafayette",1,0.90408319234848,0.89026121509371,0.916666666666667
2026-01-01,"2026-01-01-16-utah-valley_w","utah-valley","tarleton-state",1,0.654831826686859,0.688824980346449,0.633333333333333
2026-01-01,"2026-01-01-14-indiana-state_w","valparaiso","indiana-state",0,0.175330981612206,0.153954581319888,0.244444444444444
2026-01-01,"2026-01-01-01-arkansas_w","vanderbilt","arkansas",1,0.977531433105469,0.922451457301057,1
2026-01-01,"2026-01-01-00-albany-ny_w","vermont","albany-ny",1,0.748766720294952,0.783146983067304,0.72093023255814
2026-01-01,"2026-01-01-12-villanova_w","villanova","creighton",1,0.75195050239563,0.785951157837833,0.72093023255814
2026-01-01,"2026-01-01-00-virginia_w","virginia","clemson",1,0.944764852523804,0.90932270197827,1
2026-01-01,"2026-01-01-18-virginia-tech_w","virginia-tech","miami-fl",0,0.71482241153717,0.751611618496755,0.72093023255814
2026-01-01,"2026-01-01-18-pittsburgh_w","wake-forest","pittsburgh",1,0.817049205303192,0.83752158515341,0.731707317073171
2026-01-01,"2026-01-01-03-washington_w","washington","michigan",1,0.164081677794456,0.146473452892626,0.244444444444444
2026-01-01,"2026-01-01-22-portland-state_w","weber-state","portland-state",0,0.724635422229767,0.761034418141768,0.72093023255814
2026-01-01,"2026-01-01-18-eastern-kentucky_w","west-georgia","eastern-kentucky",0,0.28019905090332,0.239126079484433,0.283582089552239
2026-01-01,"2026-01-01-01-kansas_w","west-virginia","kansas",1,0.865205109119415,0.868850029939735,0.791666666666667
2026-01-01,"2026-01-01-14-tennessee-martin_w","western-illinois","tennessee-martin",0,0.953612208366394,0.913052917312939,1
2026-01-01,"2026-01-01-00-rutgers_w","wisconsin","rutgers",1,0.763334274291992,0.795761019617218,0.72093023255814
2026-01-01,"2026-01-01-13-xavier_w","xavier","marquette",0,0.212766349315643,0.181109285610061,0.283582089552239
2026-01-02,"2026-01-02-15-belmont_w","belmont","bradley",1,0.34016352891922,0.300478923238534,0.283582089552239
2026-01-02,"2026-01-02-15-belmont_w","bradley","belmont",0,0.600192189216614,0.624787619073746,0.566666666666667
2026-01-02,"2026-01-02-00-hawaii_w","california-riverside","hawaii",1,0.349821507930756,0.311161829592409,0.375
2026-01-02,"2026-01-02-00-towson_w","campbell","towson",0,0.492896884679794,0.487710781998536,0.566666666666667
2026-01-02,"2026-01-02-16-central-connecticut-state_w","central-connecticut-state","long-island-university",0,0.239406958222389,0.20261449718202,0.283582089552239
2026-01-02,"2026-01-02-19-wagner_w","chicago-state","wagner",0,0.357948958873749,0.320310916543171,0.375
2026-01-02,"2026-01-02-19-green-bay_w","cleveland-state","green-bay",0,0.636602342128754,0.668108586477653,0.633333333333333
2026-01-02,"2026-01-02-00-college-of-charleston_w","college-of-charleston","hofstra",1,0.953216552734375,0.912889108856521,1
2026-01-02,"2026-01-02-21-texas-el-paso_w","delaware","texas-el-paso",0,0.483386784791946,0.475339702097647,0.566666666666667
2026-01-02,"2026-01-02-19-wright-state_w","detroit-mercy","wright-state",0,0.738286912441254,0.77372986275802,0.72093023255814
2026-01-02,"2026-01-02-19-drake_w","drake","southern-illinois",1,0.741578221321106,0.776718263179407,0.72093023255814
2026-01-02,"2026-01-02-19-elon_w","elon","monmouth",0,0.396882385015488,0.365986931079083,0.375
2026-01-02,"2026-01-02-17-mercyhurst_w","fairleigh-dickinson","mercyhurst",1,0.951886117458344,0.912336235643777,1
2026-01-02,"2026-01-02-03-seattle_w","gonzaga","seattle",1,0.962284445762634,0.916574000078502,1
2026-01-02,"2026-01-02-19-green-bay_w","green-bay","cleveland-state",1,0.449326366186142,0.43138545279643,0.375
2026-01-02,"2026-01-02-00-hampton_w","hampton","stony-brook",1,0.243257269263268,0.205875244318513,0.283582089552239
2026-01-02,"2026-01-02-00-hawaii_w","hawaii","california-riverside",0,0.610696613788605,0.637528986578807,0.566666666666667
2026-01-02,"2026-01-02-00-college-of-charleston_w","hofstra","college-of-charleston",0,0.0571523085236549,0.0895035267491175,0
2026-01-02,"2026-01-02-01-murray-state_w","illinois-state","murray-state",0,0.247919782996178,0.209875651083657,0.283582089552239
2026-01-02,"2026-01-02-18-oakland_w","ipfw","oakland",1,0.868169844150543,0.87060036353254,0.791666666666667
2026-01-02,"2026-01-02-00-northern-kentucky_w","iupui","northern-kentucky",0,0.623143136501312,0.652378494370008,0.566666666666667
2026-01-02,"2026-01-02-01-jacksonville-state_w","jacksonville-state","western-kentucky",1,0.675874829292297,0.711828455117875,0.633333333333333
2026-01-02,"2026-01-02-00-kennesaw-state_w","kennesaw-state","middle-tennessee",0,0.792639434337616,0.819462373192683,0.731707317073171
2026-01-02,"2026-01-02-18-le-moyne_w","le-moyne","saint-francis-pa",1,0.281277567148209,0.24015008083396,0.283582089552239
2026-01-02,"2026-01-02-02-new-mexico-state_w","liberty","new-mexico-state",1,0.893336355686188,0.884669606036731,0.916666666666667
2026-01-02,"2026-01-02-16-central-connecticut-state_w","long-island-university","central-connecticut-state",1,0.784734666347504,0.813288262238761,0.72093023255814
2026-01-02,"2026-01-02-19-louisiana-tech_w","louisiana-tech","sam-houston-state",0,0.552511215209961,0.56499690746228,0.566666666666667
2026-01-02,"2026-01-02-03-loyola-marymount_w","loyola-marymount","santa-clara",1,0.148401603102684,0.136550959990001,0.244444444444444
2026-01-02,"2026-01-02-17-mercyhurst_w","mercyhurst","fairleigh-dickinson",0,0.0763908252120018,0.098016059891749,0
2026-01-02,"2026-01-02-00-kennesaw-state_w","middle-tennessee","kennesaw-state",1,0.28295761346817,0.241751172718845,0.283582089552239
2026-01-02,"2026-01-02-01-milwaukee_w","milwaukee","robert-morris",0,0.0912511721253395,0.105078135607294,0.0714285714285714
2026-01-02,"2026-01-02-19-elon_w","monmouth","elon",1,0.781289577484131,0.810546988893179,0.72093023255814
2026-01-02,"2026-01-02-01-murray-state_w","murray-state","illinois-state",1,0.672175765037537,0.707858552861526,0.633333333333333
2026-01-02,"2026-01-02-18-new-haven_w","new-haven","stonehill",1,0.262424498796463,0.222683688814909,0.283582089552239
2026-01-02,"2026-01-02-02-new-mexico-state_w","new-mexico-state","liberty",0,0.0788466259837151,0.0991532187993693,0
2026-01-02,"2026-01-02-19-north-carolina-at_w","north-carolina-at","william-mary",0,0.0496927835047245,0.0863860794200065,0
2026-01-02,"2026-01-02-19-north-carolina-wilmington_w","north-carolina-wilmington","northeastern",1,0.3216832280159,0.280634980786312,0.283582089552239
2026-01-02,"2026-01-02-19-north-carolina-wilmington_w","northeastern","north-carolina-wilmington",0,0.73344624042511,0.769283486801449,0.72093023255814
2026-01-02,"2026-01-02-00-northern-kentucky_w","northern-kentucky","iupui",1,0.339551836252213,0.299809393623852,0.283582089552239
2026-01-02,"2026-01-02-18-oakland_w","oakland","ipfw",0,0.182311654090881,0.158752296607013,0.244444444444444
2026-01-02,"2026-01-02-03-oregon-state_w","oregon-state","pacific",1,0.70317417383194,0.740108081475564,0.72093023255814
2026-01-02,"2026-01-02-03-oregon-state_w","pacific","oregon-state",0,0.237376660108566,0.200910658061435,0.283582089552239
2026-01-02,"2026-01-02-03-pepperdine_w","pepperdine","saint-marys-ca",1,0.782321691513062,0.811371468244016,0.72093023255814
2026-01-02,"2026-01-02-21-portland_w","portland","washington-state",1,0.517730951309204,0.520048425644762,0.566666666666667
2026-01-02,"2026-01-02-01-milwaukee_w","robert-morris","milwaukee",1,0.862922251224518,0.867488602125463,0.791666666666667
2026-01-02,"2026-01-02-18-le-moyne_w","saint-francis-pa","le-moyne",0,0.613974511623383,0.641466638212134,0.566666666666667
2026-01-02,"2026-01-02-03-pepperdine_w","saint-marys-ca","pepperdine",0,0.188865408301353,0.163366325545283,0.244444444444444
2026-01-02,"2026-01-02-19-louisiana-tech_w","sam-houston-state","louisiana-tech",1,0.303206861019135,0.261615397976736,0.283582089552239
2026-01-02,"2026-01-02-03-san-diego_w","san-diego","san-francisco",0,0.223281368613243,0.189377648741416,0.283582089552239
2026-01-02,"2026-01-02-03-san-diego_w","san-francisco","san-diego",1,0.85507732629776,0.862718627203393,0.791666666666667
2026-01-02,"2026-01-02-03-loyola-marymount_w","santa-clara","loyola-marymount",0,0.816469311714172,0.837109979834596,0.731707317073171
2026-01-02,"2026-01-02-03-seattle_w","seattle","gonzaga",0,0.0562815591692924,0.0891344634409194,0
2026-01-02,"2026-01-02-19-drake_w","southern-illinois","drake",0,0.256670564413071,0.217537082321505,0.283582089552239
2026-01-02,"2026-01-02-18-new-haven_w","stonehill","new-haven",0,0.770987927913666,0.802166308683134,0.72093023255814
2026-01-02,"2026-01-02-00-hampton_w","stony-brook","hampton",0,0.841516852378845,0.854133546661604,0.731707317073171
2026-01-02,"2026-01-02-21-texas-el-paso_w","texas-el-paso","delaware",1,0.642794191837311,0.675223587827639,0.633333333333333
2026-01-02,"2026-01-02-00-towson_w","towson","campbell",1,0.446412324905396,0.427664820487012,0.375
2026-01-02,"2026-01-02-19-wagner_w","wagner","chicago-state",1,0.700920164585114,0.737842585747403,0.72093023255814
2026-01-02,"2026-01-02-21-portland_w","washington-state","portland",0,0.519199967384338,0.521958706210431,0.566666666666667
2026-01-02,"2026-01-02-01-jacksonville-state_w","western-kentucky","jacksonville-state",0,0.393559247255325,0.361978330066954,0.375
2026-01-02,"2026-01-02-19-north-carolina-at_w","william-mary","north-carolina-at",1,0.961424648761749,0.916230779271099,1
2026-01-02,"2026-01-02-19-wright-state_w","wright-state","detroit-mercy",1,0.401865720748901,0.372032978460771,0.375
2026-01-03,"2026-01-03-16-utah-valley_w","abilene-christian","utah-valley",0,0.837727189064026,0.851656047640346,0.731707317073171
2026-01-03,"2026-01-03-03-air-force_w","air-force","nevada-las-vegas",0,0.230344742536545,0.195092458300339,0.283582089552239
2026-01-03,"2026-01-03-00-ohio_w","akron","ohio",0,0.346485733985901,0.307448493747933,0.283582089552239
2026-01-03,"2026-01-03-01-arkansas-pine-bluff_w","alabama-am","arkansas-pine-bluff",1,0.660610795021057,0.695242497743406,0.633333333333333
2026-01-03,"2026-01-03-00-charlotte_w","alabama-birmingham","charlotte",0,0.769434332847595,0.800878468588196,0.72093023255814
2026-01-03,"2026-01-03-16-mississippi-valley-state_w","alabama-state","mississippi-valley-state",1,0.565920293331146,0.582084930734228,0.566666666666667
2026-01-03,"2026-01-03-14-albany-ny_w","albany-ny","massachusetts-lowell",1,0.838680565357208,0.85228257158619,0.731707317073171
2026-01-03,"2026-01-03-14-jackson-state_w","alcorn-state","jackson-state",1,0.174161791801453,0.153162711999432,0.244444444444444
2026-01-03,"2026-01-03-13-american_w","american","boston-university",1,0.506505608558655,0.505435922223913,0.566666666666667
2026-01-03,"2026-01-03-14-appalachian-state_w","appalachian-state","marshall",0,0.101611293852329,0.110263887757935,0.142857142857143
2026-01-03,"2026-01-03-01-texas-tech_w","arizona","texas-tech",0,0.11651836335659,0.118118243143061,0.2
2026-01-03,"2026-01-03-02-brigham-young_w","arizona-state","brigham-young",0,0.475951552391052,0.465687953402911,0.566666666666667
2026-01-03,"2026-01-03-14-arkansas-little-rock_w","arkansas-little-rock","tennessee-state",1,0.584743559360504,0.605735400962249,0.566666666666667
2026-01-03,"2026-01-03-01-arkansas-pine-bluff_w","arkansas-pine-bluff","alabama-am",0,0.33136659860611,0.29093306661779,0.283582089552239
2026-01-03,"2026-01-03-13-louisiana-monroe_w","arkansas-state","louisiana-monroe",1,0.949445128440857,0.911313609581782,1
2026-01-03,"2026-01-03-00-colgate_w","army","colgate",1,0.893079459667206,0.884532957796195,0.916666666666667
2026-01-03,"2026-01-03-14-north-florida_w","austin-peay","north-florida",1,0.886434674263,0.880949285357218,0.888888888888889
2026-01-03,"2026-01-03-01-northern-illinois_w","ball-state","northern-illinois",1,0.91388589143753,0.89515288011173,0.916666666666667
2026-01-03,"2026-01-03-14-bellarmine_w","bellarmine","west-georgia",0,0.0469270274043083,0.0852554247724641,0
2026-01-03,"2026-01-03-00-bethune-cookman_w","bethune-cookman","florida-am",1,0.436303436756134,0.414823671375322,0.375
2026-01-03,"2026-01-03-13-njit_w","binghamton","njit",1,0.190068617463112,0.164225048997566,0.244444444444444
2026-01-03,"2026-01-03-02-boise-state_w","boise-state","grand-canyon",0,0.74575001001358,0.780465538445007,0.72093023255814
2026-01-03,"2026-01-03-13-american_w","boston-university","american",0,0.48767426609993,0.480914176903256,0.566666666666667
2026-01-03,"2026-01-03-00-bowling-green-state_w","bowling-green-state","central-michigan",0,0.584044218063354,0.604864788321098,0.566666666666667
2026-01-03,"2026-01-03-02-brigham-young_w","brigham-young","arizona-state",1,0.467233538627625,0.454404170589949,0.545454545454545
2026-01-03,"2026-01-03-14-bryant_w","bryant","maine",1,0.462787568569183,0.448666968580708,0.545454545454545
2026-01-03,"2026-01-03-14-lehigh_w","bucknell","lehigh",0,0.341076403856277,0.301479696792667,0.283582089552239
2026-01-03,"2026-01-03-00-western-michigan_w","buffalo","western-michigan",0,0.35587602853775,0.317963886839782,0.375
2026-01-03,"2026-01-03-03-cal-poly_w","cal-poly","long-beach-state",1,0.406797558069229,0.378056240538204,0.375
2026-01-03,"2026-01-03-03-cal-state-bakersfield_w","cal-state-bakersfield","california-davis",0,0.140600726008415,0.131828753151092,0.244444444444444
2026-01-03,"2026-01-03-17-california-irvine_w","cal-state-fullerton","california-irvine",0,0.622083127498627,0.651124837846514,0.566666666666667
2026-01-03,"2026-01-03-17-california-santa-barbara_w","cal-state-northridge","california-santa-barbara",0,0.0481598190963268,0.0857577289948853,0
2026-01-03,"2026-01-03-16-california-baptist_w","california-baptist","tarleton-state",1,0.892402172088623,0.88417201975445,0.916666666666667
2026-01-03,"2026-01-03-03-cal-state-bakersfield_w","california-davis","cal-state-bakersfield",1,0.864861190319061,0.86864568958246,0.791666666666667
2026-01-03,"2026-01-03-17-california-irvine_w","california-irvine","cal-state-fullerton",1,0.574454128742218,0.592861069754697,0.566666666666667
2026-01-03,"2026-01-03-17-california-santa-barbara_w","california-santa-barbara","cal-state-northridge",1,0.911050140857697,0.893757941159416,0.916666666666667
2026-01-03,"2026-01-03-14-sacred-heart_w","canisius","sacred-heart",0,0.26547646522522,0.225448557134759,0.283582089552239
2026-01-03,"2026-01-03-14-florida-gulf-coast_w","central-arkansas","florida-gulf-coast",0,0.804552257061005,0.828464495422054,0.731707317073171
2026-01-03,"2026-01-03-00-bowling-green-state_w","central-michigan","bowling-green-state",1,0.495317369699478,0.490862444462827,0.566666666666667
2026-01-03,"2026-01-03-00-radford_w","charleston-southern","radford",1,0.090048760175705,0.104490410509649,0.0714285714285714
2026-01-03,"2026-01-03-00-charlotte_w","charlotte","alabama-birmingham",1,0.257475078105927,0.218251484206656,0.283582089552239
2026-01-03,"2026-01-03-02-colorado_w","cincinnati","colorado",0,0.140233382582664,0.131609835944792,0.244444444444444
2026-01-03,"2026-01-03-00-coastal-carolina_w","coastal-carolina","georgia-southern",0,0.159534275531769,0.14353584077021,0.244444444444444
2026-01-03,"2026-01-03-00-colgate_w","colgate","army",0,0.122492156922817,0.121399450485477,0.2
2026-01-03,"2026-01-03-02-colorado_w","colorado","cincinnati",1,0.86336100101471,0.867751185478978,0.791666666666667
2026-01-03,"2026-01-03-02-colorado-state_w","colorado-state","fresno-state",1,0.875507235527039,0.874846844379293,0.888888888888889
2026-01-03,"2026-01-03-00-columbia_w","columbia","cornell",0,0.96441775560379,0.917420077628298,1
2026-01-03,"2026-01-03-00-connecticut_w","connecticut","seton-hall",1,0.984024345874786,0.924837349146745,1
2026-01-03,"2026-01-03-14-delaware-state_w","coppin-state","delaware-state",1,0.650538265705109,0.684009387200474,0.633333333333333
2026-01-03,"2026-01-03-00-columbia_w","cornell","columbia",1,0.0302551966160536,0.0787200943509145,0
2026-01-03,"2026-01-03-14-dartmouth_w","dartmouth","harvard",0,0.429248243570328,0.405928571770666,0.375
2026-01-03,"2026-01-03-01-saint-louis_w","davidson","saint-louis",1,0.574011445045471,0.592304166054993,0.566666666666667
2026-01-03,"2026-01-03-13-dayton_w","dayton","duquesne",1,0.674792349338531,0.710670044501252,0.633333333333333
2026-01-03,"2026-01-03-14-delaware-state_w","delaware-state","coppin-state",0,0.211180344223976,0.179886855853574,0.283582089552239
2026-01-03,"2026-01-03-14-denver_w","denver","north-dakota-state",0,0.104519449174404,0.111759346476021,0.142857142857143
2026-01-03,"2026-01-03-13-dayton_w","duquesne","dayton",0,0.397520959377289,0.366759374599694,0.375
2026-01-03,"2026-01-03-14-east-carolina_w","east-carolina","memphis",1,0.906343519687653,0.891406597366528,0.916666666666667
2026-01-03,"2026-01-03-14-tennessee-martin_w","eastern-illinois","tennessee-martin",0,0.156871140003204,0.141838335766363,0.244444444444444
2026-01-03,"2026-01-03-14-eastern-kentucky_w","eastern-kentucky","queens-nc",1,0.879104435443878,0.876884745958637,0.888888888888889
2026-01-03,"2026-01-03-03-eastern-washington_w","eastern-washington","idaho",0,0.169548988342285,0.150071065211394,0.244444444444444
2026-01-03,"2026-01-03-01-evansville_w","evansville","valparaiso",1,0.881986200809479,0.878496698164885,0.888888888888889
2026-01-03,"2026-01-03-14-fairfield_w","fairfield","niagara",1,0.992461144924164,0.927836776318494,1
2026-01-03,"2026-01-03-00-bethune-cookman_w","florida-am","bethune-cookman",0,0.559871196746826,0.574398014569693,0.566666666666667
2026-01-03,"2026-01-03-14-florida-atlantic_w","florida-atlantic","rice",0,0.152440130710602,0.139051137946149,0.244444444444444
2026-01-03,"2026-01-03-14-florida-gulf-coast_w","florida-gulf-coast","central-arkansas",1,0.399089425802231,0.368659552007092,0.375
2026-01-03,"2026-01-03-00-fordham_w","fordham","saint-josephs",0,0.198398023843765,0.170269369787692,0.25
2026-01-03,"2026-01-03-02-colorado-state_w","fresno-state","colorado-state",0,0.107615806162357,0.113371042663437,0.16274408621169
2026-01-03,"2026-01-03-00-la-salle_w","george-washington","la-salle",0,0.544896364212036,0.555220881109113,0.566666666666667
2026-01-03,"2026-01-03-00-coastal-carolina_w","georgia-southern","coastal-carolina",1,0.882915079593658,0.879012389327035,0.888888888888889
2026-01-03,"2026-01-03-13-old-dominion_w","georgia-state","old-dominion",0,0.161145761609077,0.144571206079792,0.244444444444444
2026-01-03,"2026-01-03-15-grambling_w","grambling","prairie-view",1,0.561082065105438,0.575939737798236,0.566666666666667
2026-01-03,"2026-01-03-02-boise-state_w","grand-canyon","boise-state",1,0.302394211292267,0.260798235017522,0.283582089552239
2026-01-03,"2026-01-03-14-dartmouth_w","harvard","dartmouth",1,0.651519775390625,0.685113769744343,0.633333333333333
2026-01-03,"2026-01-03-00-south-carolina-upstate_w","high-point","south-carolina-upstate",1,0.973957002162933,0.921108567836478,1
2026-01-03,"2026-01-03-00-navy_w","holy-cross","navy",1,0.576325178146362,0.595212231665291,0.566666666666667
2026-01-03,"2026-01-03-01-oklahoma-state_w","houston","oklahoma-state",0,0.0234992951154709,0.0762046134220214,0
2026-01-03,"2026-01-03-01-incarnate-word_w","houston-baptist","incarnate-word",0,0.475999146699905,0.465749662167721,0.566666666666667
2026-01-03,"2026-01-03-14-south-carolina-state_w","howard","south-carolina-state",1,0.947114050388336,0.910326990178899,1
2026-01-03,"2026-01-03-03-eastern-washington_w","idaho","eastern-washington",1,0.878202259540558,0.876376337105442,0.888888888888889
2026-01-03,"2026-01-03-17-portland-state_w","idaho-state","portland-state",1,0.767435073852539,0.799211944754371,0.72093023255814
2026-01-03,"2026-01-03-01-incarnate-word_w","incarnate-word","houston-baptist",1,0.563873827457428,0.579488640414974,0.566666666666667
2026-01-03,"2026-01-03-13-iona_w","iona","siena",0,0.456717044115067,0.440855697301761,0.545454545454545
2026-01-03,"2026-01-03-14-jackson-state_w","jackson-state","alcorn-state",0,0.819509983062744,0.839258909121105,0.731707317073171
2026-01-03,"2026-01-03-14-jacksonville_w","jacksonville","lipscomb",1,0.613699018955231,0.641136420785449,0.566666666666667
2026-01-03,"2026-01-03-14-james-madison_w","james-madison","texas-state",1,0.855695605278015,0.863099742040696,0.791666666666667
2026-01-03,"2026-01-03-15-kent-state_w","kent-state","massachusetts",0,0.092079870402813,0.105484890369781,0.0714285714285714
2026-01-03,"2026-01-03-00-la-salle_w","la-salle","george-washington",1,0.264596372842789,0.224648765362964,0.283582089552239
2026-01-03,"2026-01-03-14-lafayette_w","lafayette","loyola-md",1,0.525237560272217,0.529802530182503,0.566666666666667
2026-01-03,"2026-01-03-14-mcneese-state_w","lamar","mcneese-state",0,0.320851564407349,0.279760956206672,0.283582089552239
2026-01-03,"2026-01-03-14-lehigh_w","lehigh","bucknell",1,0.643916189670563,0.676504373193003,0.633333333333333
2026-01-03,"2026-01-03-14-lindenwood_w","lindenwood","southern-indiana",1,0.800804734230042,0.825671623378596,0.731707317073171
2026-01-03,"2026-01-03-14-jacksonville_w","lipscomb","jacksonville",0,0.443281233310699,0.423676169407514,0.375
2026-01-03,"2026-01-03-03-cal-poly_w","long-beach-state","cal-poly",0,0.567400872707367,0.583960474293606,0.566666666666667
2026-01-03,"2026-01-03-14-longwood_w","longwood","presbyterian",1,0.954737782478333,0.913517401724001,1
2026-01-03,"2026-01-03-16-louisiana-lafayette_w","louisiana-lafayette","south-alabama",0,0.433084785938263,0.410758375277255,0.375
2026-01-03,"2026-01-03-13-louisiana-monroe_w","louisiana-monroe","arkansas-state",0,0.0616864189505577,0.091447636560545,0
2026-01-03,"2026-01-03-20-loyola-il_w","loyola-il","rhode-island",0,0.0601395852863789,0.0907801629328777,0
2026-01-03,"2026-01-03-14-lafayette_w","loyola-md","lafayette",0,0.433392852544785,0.411146959141305,0.375
2026-01-03,"2026-01-03-14-bryant_w","maine","bryant",0,0.529338479042053,0.535122150604798,0.566666666666667
2026-01-03,"2026-01-03-14-manhattan_w","manhattan","marist",0,0.118068844079971,0.118962416211677,0.2
2026-01-03,"2026-01-03-14-manhattan_w","marist","manhattan",1,0.849569976329803,0.85928434646836,0.791666666666667
2026-01-03,"2026-01-03-14-appalachian-state_w","marshall","appalachian-state",1,0.896011471748352,0.886084214353188,0.916666666666667
2026-01-03,"2026-01-03-14-maryland-eastern-shore_w","maryland-eastern-shore","morgan-state",1,0.826650023460388,0.844214835620302,0.731707317073171
2026-01-03,"2026-01-03-15-kent-state_w","massachusetts","kent-state",1,0.95161908864975,0.912224888137933,1
2026-01-03,"2026-01-03-14-albany-ny_w","massachusetts-lowell","albany-ny",0,0.159514769911766,0.143523346475613,0.244444444444444
2026-01-03,"2026-01-03-14-mcneese-state_w","mcneese-state","lamar",1,0.611924529075623,0.639006244467284,0.566666666666667
2026-01-03,"2026-01-03-14-east-carolina_w","memphis","east-carolina",0,0.0622537471354008,0.0916935484334523,0
2026-01-03,"2026-01-03-00-merrimack_w","merrimack","saint-peters",1,0.775491654872894,0.805864133425278,0.72093023255814
2026-01-03,"2026-01-03-00-miami-oh_w","miami-oh","toledo",1,0.682860493659973,0.719237272614528,0.633333333333333
2026-01-03,"2026-01-03-16-mississippi-valley-state_w","mississippi-valley-state","alabama-state",0,0.482998222112656,0.474834785426376,0.566666666666667
2026-01-03,"2026-01-03-15-missouri-kansas-city_w","missouri-kansas-city","south-dakota",0,0.148407533764839,0.136554603648763,0.244444444444444
2026-01-03,"2026-01-03-16-northern-colorado_w","montana","northern-colorado",0,0.234263375401497,0.198318844529435,0.283582089552239
2026-01-03,"2026-01-03-16-northern-arizona_w","montana-state","northern-arizona",1,0.845415472984314,0.856646372233644,0.791666666666667
2026-01-03,"2026-01-03-01-southern-illinois-edwardsville_w","morehead-state","southern-illinois-edwardsville",1,0.44142085313797,0.421310925794212,0.375
2026-01-03,"2026-01-03-14-maryland-eastern-shore_w","morgan-state","maryland-eastern-shore",0,0.101030185818672,0.109967174456258,0.142857142857143
2026-01-03,"2026-01-03-00-navy_w","navy","holy-cross",0,0.294719904661179,0.25316316203091,0.283582089552239
2026-01-03,"2026-01-03-01-nebraska-omaha_w","nebraska-omaha","south-dakota-state",0,0.00795369409024715,0.0706943228022857,0
2026-01-03,"2026-01-03-03-nevada_w","nevada","utah-state",1,0.271507501602173,0.230983525891899,0.283582089552239
2026-01-03,"2026-01-03-03-air-force_w","nevada-las-vegas","air-force",1,0.721886694431305,0.758419916811766,0.72093023255814
2026-01-03,"2026-01-03-14-vermont_w","new-hampshire","vermont",0,0.165430337190628,0.147354207484069,0.244444444444444
2026-01-03,"2026-01-03-17-san-jose-state_w","new-mexico","san-jose-state",1,0.957605540752411,0.914690685000992,1
2026-01-03,"2026-01-03-15-new-orleans_w","new-orleans","texas-am-commerce",0,0.249035134911537,0.210841033226777,0.283582089552239
2026-01-03,"2026-01-03-14-fairfield_w","niagara","fairfield",0,0.00661083217710257,0.0702360034125553,0
2026-01-03,"2026-01-03-14-nicholls-state_w","nicholls-state","northwestern-state",0,0.771968901157379,0.802976241105954,0.72093023255814
2026-01-03,"2026-01-03-13-njit_w","njit","binghamton",0,0.884315490722656,0.87978629533496,0.888888888888889
2026-01-03,"2026-01-03-14-north-carolina-central_w","norfolk-state","north-carolina-central",1,0.491365253925323,0.485716966725309,0.566666666666667
2026-01-03,"2026-01-03-00-stetson_w","north-alabama","stetson",0,0.295251250267029,0.253687001394481,0.283582089552239
2026-01-03,"2026-01-03-14-north-carolina-asheville_w","north-carolina-asheville","winthrop",0,0.372755855321884,0.337335988981818,0.375
2026-01-03,"2026-01-03-14-north-carolina-central_w","north-carolina-central","norfolk-state",0,0.447628378868103,0.429216502171207,0.375
2026-01-03,"2026-01-03-15-oral-roberts_w","north-dakota","oral-roberts",0,0.1302490234375,0.125776987770216,0.2
2026-01-03,"2026-01-03-14-denver_w","north-dakota-state","denver",1,0.909978747367859,0.893226667642087,0.916666666666667
2026-01-03,"2026-01-03-14-north-florida_w","north-florida","austin-peay",0,0.131797403097153,0.126666823690173,0.2
2026-01-03,"2026-01-03-19-south-florida_w","north-texas","south-florida",0,0.34523332118988,0.306060705567018,0.283582089552239
2026-01-03,"2026-01-03-16-northern-arizona_w","northern-arizona","montana-state",0,0.20924186706543,0.178401514114463,0.283582089552239
2026-01-03,"2026-01-03-16-northern-colorado_w","northern-colorado","montana",1,0.769039332866669,0.800550033943806,0.72093023255814
2026-01-03,"2026-01-03-01-northern-illinois_w","northern-illinois","ball-state",0,0.107329107820988,0.11322096483146,0.155503643976467
2026-01-03,"2026-01-03-14-nicholls-state_w","northwestern-state","nicholls-state",1,0.278162628412247,0.237200767658715,0.283582089552239
2026-01-03,"2026-01-03-00-ohio_w","ohio","akron",1,0.805776357650757,0.829369045869913,0.731707317073171
2026-01-03,"2026-01-03-01-oklahoma-state_w","oklahoma-state","houston",1,0.977607131004333,0.922479668840563,1
2026-01-03,"2026-01-03-13-old-dominion_w","old-dominion","georgia-state",1,0.888791143894196,0.882231057291186,0.888888888888889
2026-01-03,"2026-01-03-15-oral-roberts_w","oral-roberts","north-dakota",1,0.839616060256958,0.852895216637703,0.731707317073171
2026-01-03,"2026-01-03-14-pennsylvania_w","pennsylvania","princeton",0,0.228246584534645,0.193381366951656,0.283582089552239
2026-01-03,"2026-01-03-17-portland-state_w","portland-state","idaho-state",0,0.21759968996048,0.184874512379782,0.283582089552239
2026-01-03,"2026-01-03-15-grambling_w","prairie-view","grambling",0,0.419748038053513,0.394048653465505,0.375
2026-01-03,"2026-01-03-14-longwood_w","presbyterian","longwood",0,0.0906134843826294,0.104766078712126,0.0714285714285714
2026-01-03,"2026-01-03-14-pennsylvania_w","princeton","pennsylvania",1,0.701659202575684,0.738586790882078,0.72093023255814
2026-01-03,"2026-01-03-14-eastern-kentucky_w","queens-nc","eastern-kentucky",0,0.11600698530674,0.117840958623533,0.2
2026-01-03,"2026-01-03-14-rider_w","quinnipiac","rider",1,0.951797902584076,0.91229946532965,1
2026-01-03,"2026-01-03-00-radford_w","radford","charleston-southern",0,0.909280776977539,0.892879306919603,0.916666666666667
2026-01-03,"2026-01-03-20-loyola-il_w","rhode-island","loyola-il",1,0.924061894416809,0.900026187732506,1
2026-01-03,"2026-01-03-14-florida-atlantic_w","rice","florida-atlantic",1,0.861923456192017,0.866889194882631,0.791666666666667
2026-01-03,"2026-01-03-00-st-bonaventure_w","richmond","st-bonaventure",1,0.5974400639534,0.621419818554966,0.566666666666667
2026-01-03,"2026-01-03-14-rider_w","rider","quinnipiac",0,0.0351423099637032,0.0805868538504057,0
2026-01-03,"2026-01-03-03-sacramento-state_w","sacramento-state","weber-state",1,0.540086686611176,0.549023574189656,0.566666666666667
2026-01-03,"2026-01-03-14-sacred-heart_w","sacred-heart","canisius",1,0.611196219921112,0.638130358901237,0.566666666666667
2026-01-03,"2026-01-03-00-fordham_w","saint-josephs","fordham",1,0.766016483306885,0.798023128607385,0.72093023255814
2026-01-03,"2026-01-03-01-saint-louis_w","saint-louis","davidson",0,0.35709935426712,0.319347861722308,0.375
2026-01-03,"2026-01-03-00-merrimack_w","saint-peters","merrimack",0,0.199638620018959,0.171184593854423,0.25
2026-01-03,"2026-01-03-02-wyoming_w","san-diego-state","wyoming",1,0.908770620822906,0.892624787467348,0.916666666666667
2026-01-03,"2026-01-03-17-san-jose-state_w","san-jose-state","new-mexico",0,0.0520339086651802,0.0873537347809164,0
2026-01-03,"2026-01-03-00-connecticut_w","seton-hall","connecticut",0,0.0138005809858441,0.0727222378575215,0
2026-01-03,"2026-01-03-13-iona_w","siena","iona",1,0.517997562885284,0.520395167452618,0.566666666666667
2026-01-03,"2026-01-03-16-louisiana-lafayette_w","south-alabama","louisiana-lafayette",1,0.634735822677612,0.665948451026389,0.633333333333333
2026-01-03,"2026-01-03-14-south-carolina-state_w","south-carolina-state","howard",0,0.0699317306280136,0.0950805127518058,0
2026-01-03,"2026-01-03-00-south-carolina-upstate_w","south-carolina-upstate","high-point",0,0.022545775398612,0.0758555771998452,0
2026-01-03,"2026-01-03-15-missouri-kansas-city_w","south-dakota","missouri-kansas-city",1,0.771940410137177,0.802952753054127,0.72093023255814
2026-01-03,"2026-01-03-01-nebraska-omaha_w","south-dakota-state","nebraska-omaha",1,0.983992636203766,0.92482586264357,1
2026-01-03,"2026-01-03-19-south-florida_w","south-florida","north-texas",1,0.759121179580688,0.792169881049619,0.72093023255814
2026-01-03,"2026-01-03-17-southeast-missouri-state_w","southeast-missouri-state","western-illinois",0,0.0747363343834877,0.0972565150285414,0
2026-01-03,"2026-01-03-14-southeastern-louisiana_w","southeastern-louisiana","stephen-f-austin",0,0.144536077976227,0.134193437641962,0.244444444444444
2026-01-03,"2026-01-03-01-southern_w","southern","texas-southern",1,0.601908624172211,0.6268819618399,0.566666666666667
2026-01-03,"2026-01-03-20-ucla_w","southern-california","ucla",0,0.253474324941635,0.214715541943079,0.283582089552239
2026-01-03,"2026-01-03-01-southern-illinois-edwardsville_w","southern-illinois-edwardsville","morehead-state",0,0.68394285440445,0.720374753285434,0.633333333333333
2026-01-03,"2026-01-03-14-lindenwood_w","southern-indiana","lindenwood",0,0.17028297483921,0.150559545348078,0.244444444444444
2026-01-03,"2026-01-03-15-southern-mississippi_w","southern-mississippi","troy",1,0.365385323762894,0.328805080406562,0.375
2026-01-03,"2026-01-03-01-texas-arlington_w","southern-utah","texas-arlington",1,0.9281245470047,0.901914922250734,1
2026-01-03,"2026-01-03-00-st-bonaventure_w","st-bonaventure","richmond",0,0.447034657001495,0.428458738831986,0.375
2026-01-03,"2026-01-03-14-southeastern-louisiana_w","stephen-f-austin","southeastern-louisiana",1,0.918688178062439,0.897478315526647,0.916666666666667
2026-01-03,"2026-01-03-00-stetson_w","stetson","north-alabama",1,0.715918004512787,0.752675878186541,0.72093023255814
2026-01-03,"2026-01-03-16-california-baptist_w","tarleton-state","california-baptist",0,0.112659268081188,0.11603962739339,0.2
2026-01-03,"2026-01-03-00-temple_w","temple","texas-san-antonio",0,0.673446774482727,0.709226242543229,0.633333333333333
2026-01-03,"2026-01-03-14-tennessee-martin_w","tennessee-martin","eastern-illinois",1,0.739456295967102,0.774794855447734,0.72093023255814
2026-01-03,"2026-01-03-14-arkansas-little-rock_w","tennessee-state","arkansas-little-rock",0,0.463048666715622,0.449003534649228,0.545454545454545
2026-01-03,"2026-01-03-15-new-orleans_w","texas-am-commerce","new-orleans",1,0.850399434566498,0.859806138513856,0.791666666666667
2026-01-03,"2026-01-03-15-texas-pan-american_w","texas-am-corpus-christi","texas-pan-american",0,0.415616303682327,0.38891989908467,0.375
2026-01-03,"2026-01-03-01-texas-arlington_w","texas-arlington","southern-utah",0,0.0878429040312767,0.103419760742286,0.0714285714285714
2026-01-03,"2026-01-03-02-utah_w","texas-christian","utah",0,0.910184025764465,0.893328640177375,0.916666666666667
2026-01-03,"2026-01-03-15-texas-pan-american_w","texas-pan-american","texas-am-corpus-christi",1,0.558082818984985,0.572118344189802,0.566666666666667
2026-01-03,"2026-01-03-00-temple_w","texas-san-antonio","temple",1,0.250937759876251,0.212495333027594,0.283582089552239
2026-01-03,"2026-01-03-01-southern_w","texas-southern","southern",0,0.369070291519165,0.333056515999,0.375
2026-01-03,"2026-01-03-14-james-madison_w","texas-state","james-madison",0,0.10929611325264,0.114254124091654,0.2
2026-01-03,"2026-01-03-01-texas-tech_w","texas-tech","arizona",1,0.82447874546051,0.842721069336423,0.731707317073171
2026-01-03,"2026-01-03-00-miami-oh_w","toledo","miami-oh",0,0.381222724914551,0.347267929356365,0.375
2026-01-03,"2026-01-03-15-southern-mississippi_w","troy","southern-mississippi",0,0.682433605194092,0.718787869694199,0.633333333333333
2026-01-03,"2026-01-03-15-wichita-state_w","tulane","wichita-state",1,0.45976585149765,0.444775350342528,0.545454545454545
2026-01-03,"2026-01-03-20-ucla_w","ucla","southern-california",1,0.80553811788559,0.829193295756235,0.731707317073171
2026-01-03,"2026-01-03-02-utah_w","utah","texas-christian",1,0.0658960342407227,0.0932865233564757,0
2026-01-03,"2026-01-03-03-nevada_w","utah-state","nevada",0,0.677230179309845,0.713274977128703,0.633333333333333
2026-01-03,"2026-01-03-16-utah-valley_w","utah-valley","abilene-christian",1,0.175577268004417,0.154121812682118,0.244444444444444
2026-01-03,"2026-01-03-01-evansville_w","valparaiso","evansville",0,0.175844982266426,0.154303762293946,0.244444444444444
2026-01-03,"2026-01-03-14-vermont_w","vermont","new-hampshire",1,0.7674161195755,0.799196095163229,0.72093023255814
2026-01-03,"2026-01-03-03-sacramento-state_w","weber-state","sacramento-state",0,0.399230539798737,0.368830710828603,0.375
2026-01-03,"2026-01-03-14-bellarmine_w","west-georgia","bellarmine",1,0.959663212299347,0.915523625665789,1
2026-01-03,"2026-01-03-17-southeast-missouri-state_w","western-illinois","southeast-missouri-state",1,0.921838819980621,0.898979045158026,0.954057542715446
2026-01-03,"2026-01-03-00-western-michigan_w","western-michigan","buffalo",1,0.607735276222229,0.633955655221181,0.566666666666667
2026-01-03,"2026-01-03-15-wichita-state_w","wichita-state","tulane",0,0.492682427167892,0.487431584841209,0.566666666666667
2026-01-03,"2026-01-03-14-north-carolina-asheville_w","winthrop","north-carolina-asheville",1,0.522677719593048,0.526478448755515,0.566666666666667
2026-01-03,"2026-01-03-02-wyoming_w","wyoming","san-diego-state",0,0.106307722628117,0.112687708656208,0.142857142857143
2026-01-04,"2026-01-04-15-alabama_w","alabama","arkansas",1,0.857575058937073,0.864252796957677,0.791666666666667
2026-01-04,"2026-01-04-15-alabama_w","arkansas","alabama",0,0.113141417503357,0.116297578770571,0.2
2026-01-04,"2026-01-04-16-auburn_w","auburn","tennessee",0,0.1366086602211,0.129466195201578,0.2
2026-01-04,"2026-01-04-17-iowa-state_w","baylor","iowa-state",1,0.118880830705166,0.119406588369966,0.2
2026-01-04,"2026-01-04-14-belmont_w","belmont","illinois-state",1,0.210690274834633,0.179510434854613,0.283582089552239
2026-01-04,"2026-01-04-00-boston-college_w","boston-college","pittsburgh",0,0.187832087278366,0.162631737601837,0.244444444444444
2026-01-04,"2026-01-04-01-murray-state_w","bradley","murray-state",0,0.246721267700195,0.208841910256379,0.283582089552239
2026-01-04,"2026-01-04-01-creighton_w","butler","creighton",0,0.448830306529999,0.430751527217547,0.375
2026-01-04,"2026-01-04-14-north-carolina-state_w","california","north-carolina-state",0,0.203698694705963,0.174207119895609,0.25
2026-01-04,"2026-01-04-00-hawaii_w","california-san-diego","hawaii",1,0.742039859294891,0.77713515868701,0.72093023255814
2026-01-04,"2026-01-04-14-drexel_w","campbell","drexel",1,0.264078110456467,0.224178733506163,0.283582089552239
2026-01-04,"2026-01-04-13-new-haven_w","central-connecticut-state","new-haven",0,0.173342853784561,0.152610050436932,0.244444444444444
2026-01-04,"2026-01-04-14-central-florida_w","central-florida","kansas",0,0.525572836399078,0.530237713652667,0.566666666666667
2026-01-04,"2026-01-04-00-long-island-university_w","chicago-state","long-island-university",0,0.101438894867897,0.110175787874236,0.142857142857143
2026-01-04,"2026-01-04-14-miami-fl_w","clemson","miami-fl",1,0.355629175901413,0.317685005557943,0.375
2026-01-04,"2026-01-04-01-milwaukee_w","cleveland-state","milwaukee",0,0.906223952770233,0.891346272775073,0.916666666666667
2026-01-04,"2026-01-04-00-college-of-charleston_w","college-of-charleston","northeastern",1,0.867626011371613,0.870280789495328,0.791666666666667
2026-01-04,"2026-01-04-01-creighton_w","creighton","butler",1,0.573362231254578,0.591487015310789,0.566666666666667
2026-01-04,"2026-01-04-02-new-mexico-state_w","delaware","new-mexico-state",0,0.951305508613586,0.91209396620497,1
2026-01-04,"2026-01-04-15-depaul_w","depaul","providence",0,0.134279817342758,0.128104666865119,0.2
2026-01-04,"2026-01-04-13-northern-kentucky_w","detroit-mercy","northern-kentucky",0,0.291579604148865,0.250081852245211,0.283582089552239
2026-01-04,"2026-01-04-14-drexel_w","drexel","campbell",0,0.673837780952454,0.709646230533486,0.633333333333333
2026-01-04,"2026-01-04-00-duke_w","duke","notre-dame",1,0.71934300661087,0.75598313548224,0.72093023255814
2026-01-04,"2026-01-04-13-elon_w","elon","hampton",1,0.536311388015747,0.544148296923926,0.566666666666667
2026-01-04,"2026-01-04-13-saint-francis-pa_w","fairleigh-dickinson","saint-francis-pa",1,0.943948268890381,0.908971245267403,1
2026-01-04,"2026-01-04-00-florida_w","florida","south-carolina",0,0.0724111124873161,0.0961979286867009,0
2026-01-04,"2026-01-04-00-florida-international_w","florida-international","missouri-state",0,0.603137314319611,0.628378260973954,0.566666666666667
2026-01-04,"2026-01-04-00-florida-state_w","florida-state","virginia",0,0.0356029309332371,0.0807648677774166,0
2026-01-04,"2026-01-04-12-virginia-commonwealth_w","george-mason","virginia-commonwealth",1,0.868592441082001,0.870848232385952,0.791666666666667
2026-01-04,"2026-01-04-14-georgetown_w","georgetown","xavier",0,0.56384015083313,0.579445878668542,0.566666666666667
2026-01-04,"2026-01-04-14-georgia_w","georgia","texas-am",1,0.90378600358963,0.890109834361461,0.916666666666667
2026-01-04,"2026-01-04-01-southern-methodist_w","georgia-tech","southern-methodist",1,0.717470526695251,0.754178747648366,0.72093023255814
2026-01-04,"2026-01-04-16-santa-clara_w","gonzaga","santa-clara",0,0.384826213121414,0.351536233621038,0.375
2026-01-04,"2026-01-04-14-green-bay_w","green-bay","robert-morris",1,0.418928027153015,0.393028869528422,0.375
2026-01-04,"2026-01-04-13-elon_w","hampton","elon",0,0.6006178855896,0.625307480167527,0.566666666666667
2026-01-04,"2026-01-04-00-hawaii_w","hawaii","california-san-diego",0,0.152874276041985,0.139322181937757,0.244444444444444
2026-01-04,"2026-01-04-13-north-carolina-wilmington_w","hofstra","north-carolina-wilmington",1,0.328869879245758,0.28825659606809,0.283582089552239
2026-01-04,"2026-01-04-12-michigan-state_w","illinois","michigan-state",0,0.235733315348625,0.199539423771677,0.283582089552239
2026-01-04,"2026-01-04-01-illinois-chicago_w","illinois-chicago","indiana-state",1,0.836357593536377,0.850752160904197,0.731707317073171
2026-01-04,"2026-01-04-14-belmont_w","illinois-state","belmont",0,0.829452395439148,0.846125647329318,0.731707317073171
2026-01-04,"2026-01-04-00-maryland_w","indiana","maryland",0,0.0576735064387321,0.0897250929041965,0
2026-01-04,"2026-01-04-01-illinois-chicago_w","indiana-state","illinois-chicago",0,0.254668354988098,0.215766472566609,0.283582089552239
2026-01-04,"2026-01-04-17-iowa-state_w","iowa-state","baylor",0,0.827513456344604,0.844805625492502,0.731707317073171
2026-01-04,"2026-01-04-01-jacksonville-state_w","jacksonville-state","middle-tennessee",0,0.749062180519104,0.783408329498321,0.72093023255814
2026-01-04,"2026-01-04-14-central-florida_w","kansas","central-florida",1,0.414704471826553,0.387791295912254,0.375
2026-01-04,"2026-01-04-14-kansas-state_w","kansas-state","west-virginia",0,0.0929964482784271,0.105936396574729,0.0714285714285714
2026-01-04,"2026-01-04-00-kennesaw-state_w","kennesaw-state","western-kentucky",1,0.71899402141571,0.755647522146628,0.72093023255814
2026-01-04,"2026-01-04-12-kentucky_w","kentucky","missouri",1,0.971031010150909,0.919993501120936,1
2026-01-04,"2026-01-04-13-le-moyne_w","le-moyne","mercyhurst",0,0.678289413452148,0.714402435961567,0.633333333333333
2026-01-04,"2026-01-04-02-texas-el-paso_w","liberty","texas-el-paso",1,0.320651292800903,0.27955073260676,0.283582089552239
2026-01-04,"2026-01-04-00-long-island-university_w","long-island-university","chicago-state",1,0.91589230298996,0.896130066646225,0.916666666666667
2026-01-04,"2026-01-04-01-vanderbilt_w","louisiana-state","vanderbilt",0,0.538040935993195,0.546382877080029,0.566666666666667
2026-01-04,"2026-01-04-00-louisville_w","louisville","virginia-tech",1,0.73711758852005,0.772661366037228,0.72093023255814
2026-01-04,"2026-01-04-03-loyola-marymount_w","loyola-marymount","san-francisco",0,0.71107143163681,0.747944754286869,0.72093023255814
2026-01-04,"2026-01-04-16-marquette_w","marquette","villanova",1,0.480953484773636,0.472178629072257,0.566666666666667
2026-01-04,"2026-01-04-00-maryland_w","maryland","indiana",1,0.94334077835083,0.908708987316454,1
2026-01-04,"2026-01-04-13-le-moyne_w","mercyhurst","le-moyne",1,0.267348825931549,0.227156789040921,0.283582089552239
2026-01-04,"2026-01-04-14-miami-fl_w","miami-fl","clemson",0,0.487422525882721,0.480586725706987,0.566666666666667
2026-01-04,"2026-01-04-12-michigan-state_w","michigan-state","illinois",1,0.73003226518631,0.766111016675775,0.72093023255814
2026-01-04,"2026-01-04-01-jacksonville-state_w","middle-tennessee","jacksonville-state",1,0.306969046592712,0.265419959856113,0.283582089552239
2026-01-04,"2026-01-04-01-milwaukee_w","milwaukee","cleveland-state",1,0.0571056492626667,0.0894837155348888,0
2026-01-04,"2026-01-04-01-texas_w","mississippi","texas",0,0.263991087675095,0.22409987784174,0.283582089552239
2026-01-04,"2026-01-04-15-oklahoma_w","mississippi-state","oklahoma",0,0.409648239612579,0.381555158630666,0.375
2026-01-04,"2026-01-04-12-kentucky_w","missouri","kentucky",0,0.0487705692648888,0.0860075729661615,0
2026-01-04,"2026-01-04-00-florida-international_w","missouri-state","florida-international",1,0.430617332458496,0.407650074866163,0.375
2026-01-04,"2026-01-04-13-north-carolina-at_w","monmouth","north-carolina-at",1,0.92502748966217,0.900478002621352,1
2026-01-04,"2026-01-04-01-murray-state_w","murray-state","bradley",1,0.777963280677795,0.807871076691099,0.72093023255814
2026-01-04,"2026-01-04-15-nebraska_w","nebraska","purdue",1,0.865199089050293,0.868846455420116,0.791666666666667
2026-01-04,"2026-01-04-13-new-haven_w","new-haven","central-connecticut-state",1,0.835993409156799,0.85051104845772,0.731707317073171
2026-01-04,"2026-01-04-02-new-mexico-state_w","new-mexico-state","delaware",1,0.0569801777601242,0.0894304607752592,0
2026-01-04,"2026-01-04-00-north-carolina_w","north-carolina","stanford",0,0.691819131374359,0.728566628257383,0.633333333333333
2026-01-04,"2026-01-04-13-north-carolina-at_w","north-carolina-at","monmouth",0,0.0661730170249939,0.0934086737449209,0
2026-01-04,"2026-01-04-14-north-carolina-state_w","north-carolina-state","california",1,0.786957323551178,0.815040564418561,0.731707317073171
2026-01-04,"2026-01-04-13-north-carolina-wilmington_w","north-carolina-wilmington","hofstra",0,0.743883311748505,0.77879440286383,0.72093023255814
2026-01-04,"2026-01-04-00-college-of-charleston_w","northeastern","college-of-charleston",0,0.101092025637627,0.109998716515858,0.142857142857143
2026-01-04,"2026-01-04-15-northern-iowa_w","northern-iowa","southern-illinois",1,0.902182579040527,0.889289927680182,0.916666666666667
2026-01-04,"2026-01-04-13-northern-kentucky_w","northern-kentucky","detroit-mercy",1,0.664600908756256,0.699629816478611,0.633333333333333
2026-01-04,"2026-01-04-00-duke_w","notre-dame","duke",0,0.562566518783569,0.577827782377378,0.566666666666667
2026-01-04,"2026-01-04-14-ohio-state_w","ohio-state","rutgers",1,0.972836792469025,0.920683355601376,1
2026-01-04,"2026-01-04-15-oklahoma_w","oklahoma","mississippi-state",1,0.558739721775055,0.572956068645727,0.566666666666667
2026-01-04,"2026-01-04-03-portland_w","pacific","portland",0,0.516061842441559,0.517877239634197,0.566666666666667
2026-01-04,"2026-01-04-01-wisconsin_w","penn-state","wisconsin",0,0.342864483594894,0.303445423062667,0.283582089552239
2026-01-04,"2026-01-04-00-boston-college_w","pittsburgh","boston-college",1,0.660187304019928,0.694774741013365,0.633333333333333
2026-01-04,"2026-01-04-03-portland_w","portland","pacific",1,0.578981578350067,0.598542751250052,0.566666666666667
2026-01-04,"2026-01-04-15-depaul_w","providence","depaul",1,0.872392058372498,0.873058728120032,0.831585484872682
2026-01-04,"2026-01-04-15-nebraska_w","purdue","nebraska",0,0.138089418411255,0.130338293800729,0.244444444444444
2026-01-04,"2026-01-04-14-green-bay_w","robert-morris","green-bay",0,0.48419177532196,0.476385904028791,0.566666666666667
2026-01-04,"2026-01-04-14-ohio-state_w","rutgers","ohio-state",0,0.0427535772323608,0.0835746914243037,0
2026-01-04,"2026-01-04-13-saint-francis-pa_w","saint-francis-pa","fairleigh-dickinson",0,0.112512864172459,0.115961399299697,0.2
2026-01-04,"2026-01-04-03-san-diego_w","saint-marys-ca","san-diego",1,0.456135839223862,0.440109300665957,0.545454545454545
2026-01-04,"2026-01-04-03-san-diego_w","san-diego","saint-marys-ca",0,0.478825330734253,0.469415786704382,0.566666666666667
2026-01-04,"2026-01-04-03-loyola-marymount_w","san-francisco","loyola-marymount",1,0.155077040195465,0.1407042324182,0.244444444444444
2026-01-04,"2026-01-04-16-santa-clara_w","santa-clara","gonzaga",1,0.62677675485611,0.65665983352561,0.566666666666667
2026-01-04,"2026-01-04-03-seattle_w","seattle","washington-state",0,0.210309371352196,0.179218289113184,0.283582089552239
2026-01-04,"2026-01-04-00-florida_w","south-carolina","florida",1,0.930143177509308,0.902841511784752,1
2026-01-04,"2026-01-04-15-northern-iowa_w","southern-illinois","northern-iowa",0,0.10585568100214,0.112452402433013,0.142857142857143
2026-01-04,"2026-01-04-01-southern-methodist_w","southern-methodist","georgia-tech",0,0.282315790653229,0.24113865547335,0.283582089552239
2026-01-04,"2026-01-04-00-north-carolina_w","stanford","north-carolina",1,0.186138898134232,0.161433806425044,0.244444444444444
2026-01-04,"2026-01-04-14-stonehill_w","stonehill","wagner",0,0.755439102649689,0.788993403472657,0.72093023255814
2026-01-04,"2026-01-04-13-william-mary_w","stony-brook","william-mary",1,0.25121608376503,0.212738123828078,0.283582089552239
2026-01-04,"2026-01-04-00-wake-forest_w","syracuse","wake-forest",1,0.681089520454407,0.717370040826851,0.633333333333333
2026-01-04,"2026-01-04-16-auburn_w","tennessee","auburn",1,0.899785459041595,0.888054180323243,0.916666666666667
2026-01-04,"2026-01-04-01-texas_w","texas","mississippi",1,0.799235820770264,0.824491770130857,0.731707317073171
2026-01-04,"2026-01-04-14-georgia_w","texas-am","georgia",0,0.0458391830325127,0.0848143971118299,0
2026-01-04,"2026-01-04-02-texas-el-paso_w","texas-el-paso","liberty",0,0.527704954147339,0.533004067792842,0.566666666666667
2026-01-04,"2026-01-04-01-vanderbilt_w","vanderbilt","louisiana-state",1,0.443017810583115,0.423341044691648,0.375
2026-01-04,"2026-01-04-16-marquette_w","villanova","marquette",0,0.629794359207153,0.660196125528998,0.568354663605312
2026-01-04,"2026-01-04-00-florida-state_w","virginia","florida-state",1,0.962417960166931,0.916627182655708,1
2026-01-04,"2026-01-04-12-virginia-commonwealth_w","virginia-commonwealth","george-mason",0,0.115123115479946,0.117363027683478,0.2
2026-01-04,"2026-01-04-00-louisville_w","virginia-tech","louisville",0,0.188640832901001,0.163206448124464,0.244444444444444
2026-01-04,"2026-01-04-14-stonehill_w","wagner","stonehill",1,0.329008996486664,0.288405343156676,0.283582089552239
2026-01-04,"2026-01-04-00-wake-forest_w","wake-forest","syracuse",0,0.29607167840004,0.254497243521272,0.283582089552239
2026-01-04,"2026-01-04-03-seattle_w","washington-state","seattle",1,0.830709040164948,0.846976250583292,0.731707317073171
2026-01-04,"2026-01-04-14-kansas-state_w","west-virginia","kansas-state",1,0.950188934803009,0.911626354718498,1
2026-01-04,"2026-01-04-00-kennesaw-state_w","western-kentucky","kennesaw-state",0,0.227384373545647,0.192681531382899,0.283582089552239
2026-01-04,"2026-01-04-13-william-mary_w","william-mary","stony-brook",0,0.761598885059357,0.794287430344544,0.72093023255814
2026-01-04,"2026-01-04-01-wisconsin_w","wisconsin","penn-state",1,0.689995050430298,0.726682909627835,0.633333333333333
2026-01-04,"2026-01-04-14-georgetown_w","xavier","georgetown",1,0.541185975074768,0.55044142829357,0.566666666666667
2026-01-05,"2026-01-05-17-yale_w","brown","yale",1,0.818498194217682,0.838546404964289,0.731707317073171
2026-01-05,"2026-01-05-20-northwestern_w","iowa","northwestern",1,0.930986285209656,0.903226196448832,1
2026-01-05,"2026-01-05-19-ipfw_w","ipfw","iupui",1,0.882176756858826,0.87860264448999,0.888888888888889
2026-01-05,"2026-01-05-19-ipfw_w","iupui","ipfw",0,0.0845740661025047,0.101851024103658,0.0714285714285714
2026-01-05,"2026-01-05-00-michigan_w","michigan","minnesota",1,0.507816553115845,0.507143393275096,0.566666666666667
2026-01-05,"2026-01-05-00-michigan_w","minnesota","michigan",0,0.366571009159088,0.330170018724593,0.375
2026-01-05,"2026-01-05-20-northwestern_w","northwestern","iowa",0,0.108514077961445,0.113842384329487,0.185429550807517
2026-01-05,"2026-01-05-18-youngstown-state_w","oakland","youngstown-state",0,0.0534152239561081,0.0879292606835471,0
2026-01-05,"2026-01-05-17-yale_w","yale","brown",0,0.176741570234299,0.154914399368875,0.244444444444444
2026-01-05,"2026-01-05-18-youngstown-state_w","youngstown-state","oakland",1,0.926353991031647,0.901095728532691,1
