"date","game_id","sid","opp_sid","win","pred","pred_platt","pred_iso"
2025-12-28,"2025-12-28-16-louisiana-state_w","alabama-state","louisiana-state",0,0.000972213817188211,0.0306771899989505,0
2025-12-28,"2025-12-28-15-mississippi_w","alcorn-state","mississippi",0,0.00542710543956558,0.0316072200111359,0
2025-12-28,"2025-12-28-01-arkansas_w","arkansas","arkansas-state",0,0.63227710065886,0.714084730991675,0.675324675324675
2025-12-28,"2025-12-28-01-arkansas_w","arkansas-state","arkansas",1,0.367722899333809,0.285915268998094,0.324675324675325
2025-12-28,"2025-12-28-16-butler_w","butler","connecticut",0,0.0521636202545531,0.0431545644063536,0
2025-12-28,"2025-12-28-17-california_w","cal-poly","california",0,0.0316504884041452,0.0376590113042492,0
2025-12-28,"2025-12-28-17-california_w","california","cal-poly",1,0.96834951159514,0.962340988695594,1
2025-12-28,"2025-12-28-01-chicago-state_w","chicago-state","clemson",0,0.0279567974894896,0.0367436030126647,0
2025-12-28,"2025-12-28-01-chicago-state_w","clemson","chicago-state",1,0.972043202509798,0.963256396987183,1
2025-12-28,"2025-12-28-16-butler_w","connecticut","butler",1,0.947836379744579,0.956845435593424,1
2025-12-28,"2025-12-28-14-george-washington_w","coppin-state","george-washington",0,0.0418483272872875,0.0403014608776274,0
2025-12-28,"2025-12-28-03-stanford_w","cornell","stanford",0,0.120090230930269,0.0673059907832508,0
2025-12-28,"2025-12-28-14-georgetown_w","creighton","georgetown",0,0.428479561781724,0.378741432251649,0.324675324675325
2025-12-28,"2025-12-28-14-vermont_w","dartmouth","vermont",0,0.21216816420188,0.120078772362851,0.161290322580645
2025-12-28,"2025-12-28-00-syracuse_w","duke","syracuse",1,0.269045200929064,0.168244893189892,0.214285714285714
2025-12-28,"2025-12-28-00-florida_w","florida","furman",1,0.945631313727945,0.956210979974005,1
2025-12-28,"2025-12-28-00-florida_w","furman","florida",0,0.0543686862707134,0.043789020025632,0
2025-12-28,"2025-12-28-14-george-washington_w","george-washington","coppin-state",1,0.958151672711622,0.959698539122105,1
2025-12-28,"2025-12-28-14-georgetown_w","georgetown","creighton",1,0.571520438211815,0.621258567737977,0.675324675324675
2025-12-28,"2025-12-28-00-georgia-tech_w","georgia-tech","wofford",1,0.564033817952421,0.60899486210372,0.5
2025-12-28,"2025-12-28-03-gonzaga_w","gonzaga","loyola-marymount",1,0.556198884824541,0.596011714037563,0.5
2025-12-28,"2025-12-28-17-san-jose-state_w","grand-canyon","san-jose-state",1,0.818102180778619,0.900352145817826,0.869565217391304
2025-12-28,"2025-12-28-14-kentucky_w","hofstra","kentucky",0,0.0121363452707412,0.0330595362189266,0
2025-12-28,"2025-12-28-00-purdue_w","illinois","purdue",1,0.793323741382557,0.883878882283563,0.838709677419355
2025-12-28,"2025-12-28-16-iowa_w","iowa","penn-state",1,0.709703622677341,0.810162677933726,0.785714285714286
2025-12-28,"2025-12-28-14-kentucky_w","kentucky","hofstra",1,0.987863654728929,0.96694046378102,1
2025-12-28,"2025-12-28-16-louisiana-state_w","louisiana-state","alabama-state",1,0.999027786182792,0.969322810001064,1
2025-12-28,"2025-12-28-03-gonzaga_w","loyola-marymount","gonzaga",0,0.443801115170882,0.40398828595496,0.5
2025-12-28,"2025-12-28-14-miami-fl_w","miami-fl","stetson",1,0.76409415415652,0.861455150120173,0.838709677419355
2025-12-28,"2025-12-28-14-michigan-state_w","michigan-state","rutgers",1,0.954153333401127,0.958614742250082,1
2025-12-28,"2025-12-28-15-mississippi_w","mississippi","alcorn-state",1,0.994572894560286,0.968392779988851,1
2025-12-28,"2025-12-28-01-mississippi-state_w","mississippi-state","samford",1,0.948564952943735,0.957053129330396,1
2025-12-28,"2025-12-28-01-missouri_w","missouri","missouri-kansas-city",1,0.833952647043476,0.909769397331636,0.916666666666667
2025-12-28,"2025-12-28-01-missouri_w","missouri-kansas-city","missouri",0,0.166047352952728,0.0902306026662582,0.0833333333333333
2025-12-28,"2025-12-28-13-new-hampshire_w","new-hampshire","new-haven",1,0.730017456260724,0.83084550460187,0.785714285714286
2025-12-28,"2025-12-28-13-new-hampshire_w","new-haven","new-hampshire",0,0.269982543733725,0.169154495392818,0.214285714285714
2025-12-28,"2025-12-28-14-ohio-state_w","ohio-state","ucla",0,0.392563157209496,0.322256476690129,0.324675324675325
2025-12-28,"2025-12-28-03-san-francisco_w","oregon-state","san-francisco",1,0.598827351437404,0.664596734844352,0.675324675324675
2025-12-28,"2025-12-28-03-pacific_w","pacific","seattle",1,0.68563146637419,0.783214393766171,0.675324675324675
2025-12-28,"2025-12-28-16-iowa_w","penn-state","iowa",0,0.290296377319021,0.189837322062498,0.214285714285714
2025-12-28,"2025-12-28-15-washington-state_w","pepperdine","washington-state",0,0.704459459137521,0.804518778261513,0.785714285714286
2025-12-28,"2025-12-28-03-saint-marys-ca_w","portland","saint-marys-ca",1,0.611444983939173,0.683770900417586,0.675324675324675
2025-12-28,"2025-12-28-12-south-carolina_w","providence","south-carolina",0,0.0504543427281138,0.0426688092235973,0
2025-12-28,"2025-12-28-00-purdue_w","purdue","illinois",0,0.206676258613363,0.116121117713603,0.161290322580645
2025-12-28,"2025-12-28-14-michigan-state_w","rutgers","michigan-state",0,0.0458466665978343,0.0413852577496568,0
2025-12-28,"2025-12-28-03-saint-marys-ca_w","saint-marys-ca","portland",0,0.388555016053549,0.316229099571658,0.324675324675325
2025-12-28,"2025-12-28-01-mississippi-state_w","samford","mississippi-state",0,0.0514350470547063,0.0429468706691857,0
2025-12-28,"2025-12-28-16-santa-clara_w","san-diego","santa-clara",0,0.0643835837509968,0.0467841777982866,0
2025-12-28,"2025-12-28-03-san-francisco_w","san-francisco","oregon-state",0,0.401172648557317,0.335403265147643,0.324675324675325
2025-12-28,"2025-12-28-17-san-jose-state_w","san-jose-state","grand-canyon",0,0.18189781921667,0.0996478541793056,0.130434782608696
2025-12-28,"2025-12-28-16-santa-clara_w","santa-clara","san-diego",1,0.935616416247257,0.953215822201202,1
2025-12-28,"2025-12-28-03-pacific_w","seattle","pacific",0,0.314368533620058,0.216785606227176,0.324675324675325
2025-12-28,"2025-12-28-00-seton-hall_w","seton-hall","xavier",1,0.691770082373624,0.790339729710693,0.675324675324675
2025-12-28,"2025-12-28-12-south-carolina_w","south-carolina","providence",1,0.949545657271019,0.957331190776183,1
2025-12-28,"2025-12-28-01-texas_w","southeastern-louisiana","texas",0,0.00544693725807686,0.0316114205982586,0
2025-12-28,"2025-12-28-03-stanford_w","stanford","cornell",1,0.879909769067849,0.93269400921597,1
2025-12-28,"2025-12-28-14-miami-fl_w","stetson","miami-fl",0,0.235905845839802,0.138544849876864,0.161290322580645
2025-12-28,"2025-12-28-01-vanderbilt_w","stonehill","vanderbilt",0,0.0326229735380734,0.0379036438333967,0
2025-12-28,"2025-12-28-00-syracuse_w","syracuse","duke",0,0.730954799066599,0.831755106805995,0.785714285714286
2025-12-28,"2025-12-28-01-texas_w","texas","southeastern-louisiana",1,0.994553062741807,0.968388579401736,1
2025-12-28,"2025-12-28-14-ohio-state_w","ucla","ohio-state",1,0.607436842785719,0.677743523302776,0.675324675324675
2025-12-28,"2025-12-28-01-vanderbilt_w","vanderbilt","stonehill",1,0.967377026461101,0.962096356166417,1
2025-12-28,"2025-12-28-14-vermont_w","vermont","dartmouth",1,0.787831835793334,0.879921227633716,0.838709677419355
2025-12-28,"2025-12-28-15-washington-state_w","washington-state","pepperdine",1,0.295540540856825,0.195481221732431,0.214285714285714
2025-12-28,"2025-12-28-00-georgia-tech_w","wofford","georgia-tech",0,0.435966182040876,0.391005137885382,0.5
2025-12-28,"2025-12-28-00-seton-hall_w","xavier","seton-hall",0,0.308229917619711,0.209660270281768,0.324675324675325
2025-12-29,"2025-12-29-12-army_w","army","howard",1,0.614250819706523,0.687953978862303,0.675324675324675
2025-12-29,"2025-12-29-14-auburn_w","auburn","jackson-state",1,0.917216650904413,0.94719889881368,1
2025-12-29,"2025-12-29-19-southern-illinois_w","belmont","southern-illinois",1,0.662800652852528,0.755195595217594,0.675324675324675
2025-12-29,"2025-12-29-00-fairleigh-dickinson_w","binghamton","fairleigh-dickinson",1,0.345662763426494,0.255792430994807,0.324675324675325
2025-12-29,"2025-12-29-00-boston-college_w","boston-college","north-carolina",0,0.135620248172994,0.0743738345042102,0
2025-12-29,"2025-12-29-21-california-baptist_w","california-baptist","utah-valley",1,0.707452787260602,0.807755692271044,0.785714285714286
2025-12-29,"2025-12-29-14-georgia_w","charleston-southern","georgia",0,0.0272474157732352,0.0365702633230432,0
2025-12-29,"2025-12-29-16-cleveland-state_w","cleveland-state","youngstown-state",0,0.593157737368084,0.655796016423882,0.675324675324675
2025-12-29,"2025-12-29-14-florida-gulf-coast_w","columbia","florida-gulf-coast",1,0.912031080283779,0.945375253113189,1
2025-12-29,"2025-12-29-13-harvard_w","delaware","harvard",0,0.44877325936331,0.412299088956294,0.5
2025-12-29,"2025-12-29-14-delaware-state_w","delaware-state","njit",0,0.0709727892693816,0.0488600307071869,0
2025-12-29,"2025-12-29-19-depaul_w","depaul","villanova",0,0.09932345556279,0.0588270049247529,0
2025-12-29,"2025-12-29-20-southern-utah_w","dixie-state","southern-utah",0,0.386889742416371,0.313742783901484,0.324675324675325
2025-12-29,"2025-12-29-01-illinois-chicago_w","drake","illinois-chicago",1,0.454953462271692,0.422698736603402,0.5
2025-12-29,"2025-12-29-13-eastern-kentucky_w","eastern-kentucky","hampton",1,0.694158859032687,0.793065555556345,0.675324675324675
2025-12-29,"2025-12-29-01-evansville_w","evansville","murray-state",0,0.0937284717027669,0.0567197442535688,0
2025-12-29,"2025-12-29-19-manhattan_w","fairfield","manhattan",1,0.969786404780646,0.962699669943024,1
2025-12-29,"2025-12-29-00-fairleigh-dickinson_w","fairleigh-dickinson","binghamton",0,0.654337236575484,0.744207569007916,0.675324675324675
2025-12-29,"2025-12-29-14-florida-gulf-coast_w","florida-gulf-coast","columbia",0,0.0879689197169869,0.054624746887117,0
2025-12-29,"2025-12-29-14-georgia_w","georgia","charleston-southern",1,0.972752584227075,0.963429736677054,1
2025-12-29,"2025-12-29-13-eastern-kentucky_w","hampton","eastern-kentucky",0,0.305841140969803,0.206934444446584,0.324675324675325
2025-12-29,"2025-12-29-13-harvard_w","harvard","delaware",1,0.551226740639755,0.587700911048994,0.5
2025-12-29,"2025-12-29-12-army_w","howard","army",0,0.38574918029592,0.312046021141459,0.324675324675325
2025-12-29,"2025-12-29-01-illinois-chicago_w","illinois-chicago","drake",0,0.545046537730672,0.57730126340074,0.5
2025-12-29,"2025-12-29-01-illinois-state_w","illinois-state","indiana-state",1,0.867440841814467,0.927071271467449,1
2025-12-29,"2025-12-29-01-incarnate-word_w","incarnate-word","mcneese-state",0,0.156169612704093,0.0847747372006378,0.0833333333333333
2025-12-29,"2025-12-29-00-indiana_w","indiana","minnesota",0,0.291979263347661,0.191634771750882,0.214285714285714
2025-12-29,"2025-12-29-01-illinois-state_w","indiana-state","illinois-state",0,0.132559158186818,0.0729287285331937,0
2025-12-29,"2025-12-29-16-iona_w","iona","rider",1,0.678761292338549,0.775034181351418,0.675324675324675
2025-12-29,"2025-12-29-19-ipfw_w","ipfw","northern-kentucky",0,0.662341883358947,0.75460823231238,0.675324675324675
2025-12-29,"2025-12-29-00-iupui_w","iupui","milwaukee",1,0.623085462143253,0.700924379998857,0.675324675324675
2025-12-29,"2025-12-29-14-auburn_w","jackson-state","auburn",0,0.0827833490963681,0.0528011011866208,0
2025-12-29,"2025-12-29-19-manhattan_w","manhattan","fairfield",0,0.0302135952196228,0.0373003300570652,0
2025-12-29,"2025-12-29-14-marist_w","marist","sacred-heart",1,0.560215221168762,0.602685160449539,0.5
2025-12-29,"2025-12-29-19-marquette_w","marquette","st-johns-ny",0,0.477530212821524,0.461207569825425,0.5
2025-12-29,"2025-12-29-00-maryland_w","maryland","wisconsin",1,0.870534052283399,0.928505223669451,1
2025-12-29,"2025-12-29-16-pennsylvania_w","maryland-eastern-shore","pennsylvania",0,0.222784383838267,0.128059709449496,0.161290322580645
2025-12-29,"2025-12-29-01-incarnate-word_w","mcneese-state","incarnate-word",1,0.843830387296742,0.915225262799858,0.916666666666667
2025-12-29,"2025-12-29-00-merrimack_w","merrimack","mount-st-marys",1,0.504441116258953,0.50768209501107,0.5
2025-12-29,"2025-12-29-03-oregon_w","michigan","oregon",1,0.744344605597007,0.844325355545895,0.785714285714286
2025-12-29,"2025-12-29-00-iupui_w","milwaukee","iupui",0,0.376914537858944,0.299075620004459,0.324675324675325
2025-12-29,"2025-12-29-00-indiana_w","minnesota","indiana",1,0.708020736654623,0.808365228251662,0.785714285714286
2025-12-29,"2025-12-29-00-merrimack_w","mount-st-marys","merrimack",0,0.495558883743942,0.49231790499409,0.5
2025-12-29,"2025-12-29-01-evansville_w","murray-state","evansville",1,0.906271528298521,0.943280255746941,1
2025-12-29,"2025-12-29-15-nebraska_w","nebraska","southern-california",0,0.8444328738147,0.915548165528706,0.916666666666667
2025-12-29,"2025-12-29-17-texas-pan-american_w","new-orleans","texas-pan-american",0,0.343408023133168,0.252833739679917,0.324675324675325
2025-12-29,"2025-12-29-18-texas-am-corpus-christi_w","nicholls-state","texas-am-corpus-christi",1,0.837072018375419,0.91152567380108,0.916666666666667
2025-12-29,"2025-12-29-14-delaware-state_w","njit","delaware-state",1,0.929027210731209,0.951139969293032,1
2025-12-29,"2025-12-29-00-boston-college_w","north-carolina","boston-college",1,0.86437975182834,0.925626165496468,1
2025-12-29,"2025-12-29-15-st-thomas-mn_w","northern-illinois","st-thomas-mn",0,0.273242699794757,0.172348671716794,0.214285714285714
2025-12-29,"2025-12-29-14-valparaiso_w","northern-iowa","valparaiso",1,0.878370102894072,0.932022110637349,1
2025-12-29,"2025-12-29-19-ipfw_w","northern-kentucky","ipfw",1,0.337658116643065,0.245391767690312,0.324675324675325
2025-12-29,"2025-12-29-03-washington_w","northwestern","washington",0,0.256720029096084,0.156645402700103,0.214285714285714
2025-12-29,"2025-12-29-19-notre-dame_w","notre-dame","pittsburgh",1,0.950011215113297,0.957462588649267,1
2025-12-29,"2025-12-29-00-robert-morris_w","oakland","robert-morris",1,0.138343887489709,0.0756817265689994,0
2025-12-29,"2025-12-29-03-oregon_w","oregon","michigan",0,0.255655394405588,0.155674644456546,0.214285714285714
2025-12-29,"2025-12-29-16-pennsylvania_w","pennsylvania","maryland-eastern-shore",1,0.777215616163458,0.871940290551906,0.838709677419355
2025-12-29,"2025-12-29-19-notre-dame_w","pittsburgh","notre-dame",0,0.0499887848872281,0.042537411350906,0
2025-12-29,"2025-12-29-15-saint-peters_w","quinnipiac","saint-peters",1,0.937392185264214,0.953760752717949,1
2025-12-29,"2025-12-29-16-iona_w","rider","iona",0,0.321238707663175,0.224965818650769,0.324675324675325
2025-12-29,"2025-12-29-00-robert-morris_w","robert-morris","oakland",0,0.861656112511431,0.924318273431596,1
2025-12-29,"2025-12-29-14-marist_w","sacred-heart","marist",0,0.439784778832383,0.397314839552507,0.5
2025-12-29,"2025-12-29-15-saint-peters_w","saint-peters","quinnipiac",0,0.062607814736129,0.0462392472821826,0
2025-12-29,"2025-12-29-15-nebraska_w","southern-california","nebraska",1,0.155567126186831,0.0844518344721608,0.0833333333333333
2025-12-29,"2025-12-29-19-southern-illinois_w","southern-illinois","belmont",0,0.337199347149607,0.244804404785252,0.324675324675325
2025-12-29,"2025-12-29-00-virginia_w","southern-methodist","virginia",0,0.0927759671821453,0.0563681391402631,0
2025-12-29,"2025-12-29-20-southern-utah_w","southern-utah","dixie-state",1,0.613110257586107,0.686257216102342,0.675324675324675
2025-12-29,"2025-12-29-19-marquette_w","st-johns-ny","marquette",1,0.522469787180792,0.538792430178712,0.5
2025-12-29,"2025-12-29-15-st-thomas-mn_w","st-thomas-mn","northern-illinois",1,0.726757300206548,0.827651328284582,0.785714285714286
2025-12-29,"2025-12-29-17-texas-am-commerce_w","stephen-f-austin","texas-am-commerce",0,0.716926189428606,0.817730269586284,0.785714285714286
2025-12-29,"2025-12-29-20-tarleton-state_w","tarleton-state","texas-arlington",1,0.516209816470659,0.528012044897512,0.5
2025-12-29,"2025-12-29-17-texas-am-commerce_w","texas-am-commerce","stephen-f-austin",1,0.283073810574546,0.182269730417059,0.214285714285714
2025-12-29,"2025-12-29-18-texas-am-corpus-christi_w","texas-am-corpus-christi","nicholls-state",0,0.162927981625824,0.0884743261996638,0.0833333333333333
2025-12-29,"2025-12-29-20-tarleton-state_w","texas-arlington","tarleton-state",0,0.483790183531364,0.47198795510613,0.5
2025-12-29,"2025-12-29-17-texas-pan-american_w","texas-pan-american","new-orleans",1,0.656591976869977,0.74716626032431,0.675324675324675
2025-12-29,"2025-12-29-21-california-baptist_w","utah-valley","california-baptist",0,0.292547212741884,0.192244307731723,0.214285714285714
2025-12-29,"2025-12-29-14-valparaiso_w","valparaiso","northern-iowa",0,0.121629897106874,0.0679778893631047,0
2025-12-29,"2025-12-29-19-depaul_w","villanova","depaul",1,0.900676544437909,0.941172995075549,1
2025-12-29,"2025-12-29-00-virginia_w","virginia","southern-methodist",1,0.907224032818733,0.943631860860093,1
2025-12-29,"2025-12-29-03-washington_w","washington","northwestern",1,0.743279970906464,0.843354597302308,0.785714285714286
2025-12-29,"2025-12-29-00-maryland_w","wisconsin","maryland",0,0.129465947718056,0.0714947763312585,0
2025-12-29,"2025-12-29-16-cleveland-state_w","youngstown-state","cleveland-state",1,0.406842262634505,0.344203983580301,0.324675324675325
2025-12-30,"2025-12-30-18-east-carolina_w","alabama-birmingham","east-carolina",0,0.482941524748458,0.470524710698518,0.5
2025-12-30,"2025-12-30-18-jacksonville_w","bethune-cookman","jacksonville",0,0.221766382004311,0.127275212321895,0.161290322580645
2025-12-30,"2025-12-30-13-binghamton_w","binghamton","pennsylvania",0,0.329625402838393,0.235245361215705,0.324675324675325
2025-12-30,"2025-12-30-17-eastern-michigan_w","bowling-green-state","eastern-michigan",0,0.467186051961044,0.443477689451857,0.5
2025-12-30,"2025-12-30-18-east-carolina_w","east-carolina","alabama-birmingham",1,0.517058475251078,0.529475289300836,0.5
2025-12-30,"2025-12-30-17-eastern-michigan_w","eastern-michigan","bowling-green-state",1,0.532813948037893,0.556522310546479,0.5
2025-12-30,"2025-12-30-16-fairleigh-dickinson_w","fairleigh-dickinson","maryland-eastern-shore",1,0.784724910214405,0.877631058671673,0.838709677419355
2025-12-30,"2025-12-30-19-florida-atlantic_w","florida-atlantic","north-texas",0,0.296516746670786,0.196545749353732,0.214285714285714
2025-12-30,"2025-12-30-03-gonzaga_w","gonzaga","pepperdine",1,0.575748079314732,0.628117023351877,0.675324675324675
2025-12-30,"2025-12-30-19-wright-state_w","green-bay","wright-state",1,0.767268111186538,0.864055635746805,0.838709677419355
2025-12-30,"2025-12-30-18-jacksonville_w","jacksonville","bethune-cookman",1,0.778233617995568,0.872724787678081,0.838709677419355
2025-12-30,"2025-12-30-03-washington-state_w","loyola-marymount","washington-state",1,0.694821739879525,0.793817308041713,0.675324675324675
2025-12-30,"2025-12-30-16-fairleigh-dickinson_w","maryland-eastern-shore","fairleigh-dickinson",0,0.215275089786026,0.122368941328714,0.161290322580645
2025-12-30,"2025-12-30-00-towson_w","morgan-state","towson",0,0.0468027710461695,0.0416485238431608,0
2025-12-30,"2025-12-30-19-florida-atlantic_w","north-texas","florida-atlantic",1,0.703483253329174,0.803454250646322,0.785714285714286
2025-12-30,"2025-12-30-03-saint-marys-ca_w","oregon-state","saint-marys-ca",1,0.645062140848385,0.731799872103978,0.675324675324675
2025-12-30,"2025-12-30-03-pacific_w","pacific","san-diego",1,0.776610785222039,0.871472242015809,0.838709677419355
2025-12-30,"2025-12-30-13-binghamton_w","pennsylvania","binghamton",1,0.670374597161107,0.764754638783784,0.675324675324675
2025-12-30,"2025-12-30-03-gonzaga_w","pepperdine","gonzaga",0,0.424251920685016,0.371882976647861,0.324675324675325
2025-12-30,"2025-12-30-03-san-francisco_w","portland","san-francisco",0,0.585100562513901,0.643104180050589,0.675324675324675
2025-12-30,"2025-12-30-18-rhode-island_w","rhode-island","richmond",1,0.626811860183785,0.706301564810867,0.675324675324675
2025-12-30,"2025-12-30-19-south-florida_w","rice","south-florida",1,0.717229426848281,0.818042805202022,0.785714285714286
2025-12-30,"2025-12-30-18-rhode-island_w","richmond","rhode-island",0,0.373188139814965,0.293698435187467,0.324675324675325
2025-12-30,"2025-12-30-03-saint-marys-ca_w","saint-marys-ca","oregon-state",0,0.354937859150564,0.268200127894715,0.324675324675325
2025-12-30,"2025-12-30-03-pacific_w","san-diego","pacific",0,0.223389214778251,0.128527757984485,0.161290322580645
2025-12-30,"2025-12-30-03-san-francisco_w","san-francisco","portland",1,0.414899437485259,0.356895819948219,0.324675324675325
2025-12-30,"2025-12-30-21-santa-clara_w","santa-clara","seattle",1,0.926961999035786,0.9504715546354,1
2025-12-30,"2025-12-30-21-santa-clara_w","seattle","santa-clara",0,0.0730380009640828,0.0495284453645861,0
2025-12-30,"2025-12-30-19-south-florida_w","south-florida","rice",0,0.282770573151069,0.181957194797401,0.214285714285714
2025-12-30,"2025-12-30-18-tennessee-tech_w","tennessee-state","tennessee-tech",0,0.245962183911147,0.147060701617912,0.161290322580645
2025-12-30,"2025-12-30-18-tennessee-tech_w","tennessee-tech","tennessee-state",1,0.754037816089139,0.852939298382413,0.838709677419355
2025-12-30,"2025-12-30-01-texas-san-antonio_w","texas-san-antonio","tulane",1,0.35650345879524,0.27033170684643,0.324675324675325
2025-12-30,"2025-12-30-00-towson_w","towson","morgan-state",1,0.953197228954104,0.95835147615694,1
2025-12-30,"2025-12-30-01-texas-san-antonio_w","tulane","texas-san-antonio",0,0.643496541204343,0.729668293153123,0.675324675324675
2025-12-30,"2025-12-30-01-tulsa_w","tulsa","wichita-state",1,0.756696744051544,0.855232170440149,0.838709677419355
2025-12-30,"2025-12-30-03-washington-state_w","washington-state","loyola-marymount",0,0.305178260120017,0.206182691957869,0.324675324675325
2025-12-30,"2025-12-30-01-tulsa_w","wichita-state","tulsa",0,0.243303255948219,0.144767829559724,0.161290322580645
2025-12-30,"2025-12-30-19-wright-state_w","wright-state","green-bay",0,0.232731888813644,0.135944364253416,0.161290322580645
2025-12-31,"2025-12-31-16-san-diego-state_w","air-force","san-diego-state",0,0.252069280657839,0.152440820198953,0.194121750347405
2025-12-31,"2025-12-31-00-akron_w","akron","ball-state",0,0.326700279250326,0.231623487811812,0.324675324675325
2025-12-31,"2025-12-31-13-loyola-md_w","american","loyola-md",0,0.484408910743563,0.473055059938561,0.5
2025-12-31,"2025-12-31-02-colorado_w","arizona","colorado",0,0.516223149328903,0.528035036994574,0.5
2025-12-31,"2025-12-31-02-utah_w","arizona-state","utah",1,0.619240546774538,0.695317481101029,0.675324675324675
2025-12-31,"2025-12-31-13-army_w","army","lehigh",0,0.672654346020203,0.767580773588961,0.675324675324675
2025-12-31,"2025-12-31-00-akron_w","ball-state","akron",1,0.67329972075077,0.768376512189648,0.675324675324675
2025-12-31,"2025-12-31-01-oklahoma-state_w","baylor","oklahoma-state",1,0.187240243794542,0.103013945249249,0.130434782608696
2025-12-31,"2025-12-31-02-boise-state_w","boise-state","nevada",1,0.736064304178194,0.836644880888328,0.785714285714286
2025-12-31,"2025-12-31-14-boston-university_w","boston-university","navy",0,0.341482102797585,0.250324525546495,0.324675324675325
2025-12-31,"2025-12-31-02-brigham-young_w","brigham-young","texas-christian",0,0.182139104949904,0.0997977480897397,0.130434782608696
2025-12-31,"2025-12-31-13-bucknell_w","bucknell","holy-cross",0,0.337308748115914,0.244944384602056,0.324675324675325
2025-12-31,"2025-12-31-00-toledo_w","buffalo","toledo",0,0.258389452748987,0.158177538545039,0.214285714285714
2025-12-31,"2025-12-31-01-texas-tech_w","central-florida","texas-tech",0,0.236141813823529,0.13873984068234,0.161290322580645
2025-12-31,"2025-12-31-13-central-michigan_w","central-michigan","ohio",0,0.592624699950012,0.654962962326456,0.675324675324675
2025-12-31,"2025-12-31-15-charleston-southern_w","charleston-southern","south-carolina-upstate",1,0.57814914403551,0.631989590943698,0.675324675324675
2025-12-31,"2025-12-31-00-charlotte_w","charlotte","memphis",1,0.584496784943775,0.64214468979484,0.675324675324675
2025-12-31,"2025-12-31-14-kansas-state_w","cincinnati","kansas-state",0,0.402766967693778,0.337866849078002,0.324675324675325
2025-12-31,"2025-12-31-00-colgate_w","colgate","lafayette",1,0.480687372349593,0.466640661840175,0.5
2025-12-31,"2025-12-31-02-colorado_w","colorado","arizona",1,0.483776850672997,0.471964963008856,0.5
2025-12-31,"2025-12-31-02-grand-canyon_w","colorado-state","grand-canyon",1,0.789644507525663,0.881240214834903,0.838709677419355
2025-12-31,"2025-12-31-00-providence_w","connecticut","providence",1,0.97144840092214,0.963110446451704,1
2025-12-31,"2025-12-31-15-loyola-il_w","davidson","loyola-il",1,0.844810761614072,0.915750124413246,0.916666666666667
2025-12-31,"2025-12-31-19-george-mason_w","dayton","george-mason",0,0.484801079965693,0.473731553437188,0.5
2025-12-31,"2025-12-31-01-duquesne_w","duquesne","saint-louis",0,0.45891601045649,0.429403507337213,0.5
2025-12-31,"2025-12-31-00-fordham_w","fordham","la-salle",0,0.505787481469685,0.510010442718377,0.5
2025-12-31,"2025-12-31-03-nevada-las-vegas_w","fresno-state","nevada-las-vegas",0,0.307176166712298,0.208454598057597,0.324675324675325
2025-12-31,"2025-12-31-00-winthrop_w","gardner-webb","winthrop",1,0.471115200018519,0.450197786849031,0.5
2025-12-31,"2025-12-31-19-george-mason_w","george-mason","dayton",1,0.515198920034487,0.526268446563277,0.5
2025-12-31,"2025-12-31-00-st-bonaventure_w","george-washington","st-bonaventure",0,0.485248274654519,0.474503083650001,0.5
2025-12-31,"2025-12-31-00-seton-hall_w","georgetown","seton-hall",0,0.543597789931118,0.574853096713602,0.5
2025-12-31,"2025-12-31-02-grand-canyon_w","grand-canyon","colorado-state",0,0.210355492474372,0.118759785165187,0.161290322580645
2025-12-31,"2025-12-31-14-high-point_w","high-point","north-carolina-asheville",1,0.954844159952363,0.958803971646637,1
2025-12-31,"2025-12-31-13-bucknell_w","holy-cross","bucknell",1,0.662691251884549,0.75505561539865,0.675324675324675
2025-12-31,"2025-12-31-14-houston_w","houston","iowa-state",0,0.0196126299413288,0.0347538134841248,0
2025-12-31,"2025-12-31-15-houston-baptist_w","houston-baptist","mcneese-state",0,0.163474623148158,0.0887798510384076,0.0833333333333333
2025-12-31,"2025-12-31-01-illinois-chicago_w","illinois-chicago","northern-iowa",0,0.477280855946619,0.460778832018324,0.5
2025-12-31,"2025-12-31-01-incarnate-word_w","incarnate-word","southeastern-louisiana",1,0.720013597706119,0.820892882231704,0.785714285714286
2025-12-31,"2025-12-31-14-houston_w","iowa-state","houston",1,0.980387370058828,0.965246186515932,1
2025-12-31,"2025-12-31-14-kansas-state_w","kansas-state","cincinnati",1,0.597233032306547,0.66213315092264,0.675324675324675
2025-12-31,"2025-12-31-00-kent-state_w","kent-state","miami-oh",0,0.202421580784912,0.113133392830567,0.161290322580645
2025-12-31,"2025-12-31-00-fordham_w","la-salle","fordham",1,0.494212518531606,0.48998955728401,0.5
2025-12-31,"2025-12-31-00-colgate_w","lafayette","colgate",0,0.519312627650223,0.533359338159663,0.5
2025-12-31,"2025-12-31-01-texas-am-commerce_w","lamar","texas-am-commerce",1,0.589377549893332,0.649867741918302,0.675324675324675
2025-12-31,"2025-12-31-13-army_w","lehigh","army",1,0.327345653981375,0.232419226413097,0.324675324675325
2025-12-31,"2025-12-31-15-loyola-il_w","loyola-il","davidson",0,0.155189238385845,0.0842498755867574,0.0833333333333333
2025-12-31,"2025-12-31-13-loyola-md_w","loyola-md","american",1,0.515591089256812,0.526944940062239,0.5
2025-12-31,"2025-12-31-00-massachusetts_w","massachusetts","western-michigan",1,0.859239928805103,0.923140380041083,1
2025-12-31,"2025-12-31-15-houston-baptist_w","mcneese-state","houston-baptist",1,0.836525376852417,0.911220148961964,0.916666666666667
2025-12-31,"2025-12-31-00-charlotte_w","memphis","charlotte",0,0.415503215055017,0.357855310203381,0.324675324675325
2025-12-31,"2025-12-31-00-kent-state_w","miami-oh","kent-state",1,0.797578419215616,0.886866607169861,0.838709677419355
2025-12-31,"2025-12-31-18-missouri-kansas-city_w","missouri-kansas-city","nebraska-omaha",1,0.85401691359328,0.920536542632836,0.916666666666667
2025-12-31,"2025-12-31-14-boston-university_w","navy","boston-university",1,0.658517897202355,0.749675474453543,0.675324675324675
2025-12-31,"2025-12-31-18-missouri-kansas-city_w","nebraska-omaha","missouri-kansas-city",0,0.14598308640651,0.0794634573671028,0.0833333333333333
2025-12-31,"2025-12-31-02-boise-state_w","nevada","boise-state",0,0.263935695822127,0.16335511911206,0.214285714285714
2025-12-31,"2025-12-31-03-nevada-las-vegas_w","nevada-las-vegas","fresno-state",1,0.692823833286944,0.79154540194164,0.675324675324675
2025-12-31,"2025-12-31-15-new-mexico_w","new-mexico","wyoming",1,0.717686561408584,0.818513169079713,0.785714285714286
2025-12-31,"2025-12-31-14-texas-am-corpus-christi_w","new-orleans","texas-am-corpus-christi",0,0.61849779016055,0.69422756230541,0.675324675324675
2025-12-31,"2025-12-31-15-texas-pan-american_w","nicholls-state","texas-pan-american",1,0.658835555382828,0.750087742804754,0.675324675324675
2025-12-31,"2025-12-31-14-high-point_w","north-carolina-asheville","high-point",0,0.0451558400477862,0.0411960283534282,0
2025-12-31,"2025-12-31-01-illinois-chicago_w","northern-iowa","illinois-chicago",1,0.522719144052867,0.539221167980945,0.5
2025-12-31,"2025-12-31-01-northwestern-state_w","northwestern-state","stephen-f-austin",0,0.232351667150533,0.135635615336581,0.161290322580645
2025-12-31,"2025-12-31-13-central-michigan_w","ohio","central-michigan",1,0.407375300050236,0.345037037674072,0.324675324675325
2025-12-31,"2025-12-31-00-purdue_w","ohio-state","purdue",1,0.817534910109319,0.899999421944055,0.869565217391304
2025-12-31,"2025-12-31-01-oklahoma-state_w","oklahoma-state","baylor",0,0.812759756205917,0.896986054751101,0.869565217391304
2025-12-31,"2025-12-31-00-penn-state_w","penn-state","ucla",0,0.0950527396042529,0.057212007248377,0
2025-12-31,"2025-12-31-00-presbyterian_w","presbyterian","radford",0,0.172169785099659,0.093769192683659,0.130434782608696
2025-12-31,"2025-12-31-00-providence_w","providence","connecticut",0,0.028551599077713,0.0368895535482816,0
2025-12-31,"2025-12-31-00-purdue_w","purdue","ohio-state",0,0.182465089891137,0.100000578056285,0.130434782608696
2025-12-31,"2025-12-31-00-presbyterian_w","radford","presbyterian",1,0.827830214900051,0.906230807316223,0.869565217391304
2025-12-31,"2025-12-31-14-saint-josephs_w","saint-josephs","virginia-commonwealth",1,0.891280690038916,0.937468356945369,1
2025-12-31,"2025-12-31-01-duquesne_w","saint-louis","duquesne",1,0.541083989542572,0.570596492661347,0.5
2025-12-31,"2025-12-31-16-san-diego-state_w","san-diego-state","air-force",1,0.747930719342044,0.847559179801022,0.805878249665465
2025-12-31,"2025-12-31-02-utah-state_w","san-jose-state","utah-state",0,0.265947522158787,0.16526664037587,0.214285714285714
2025-12-31,"2025-12-31-00-seton-hall_w","seton-hall","georgetown",1,0.456402210068484,0.425146903285876,0.5
2025-12-31,"2025-12-31-15-charleston-southern_w","south-carolina-upstate","charleston-southern",0,0.421850855963337,0.36801040905459,0.324675324675325
2025-12-31,"2025-12-31-01-incarnate-word_w","southeastern-louisiana","incarnate-word",0,0.279986402294367,0.179107117768881,0.214285714285714
2025-12-31,"2025-12-31-00-st-bonaventure_w","st-bonaventure","george-washington",1,0.514751725345827,0.52549691635075,0.5
2025-12-31,"2025-12-31-01-northwestern-state_w","stephen-f-austin","northwestern-state",1,0.767648332849703,0.864364384663683,0.838709677419355
2025-12-31,"2025-12-31-01-texas-am-commerce_w","texas-am-commerce","lamar",0,0.410622450107614,0.350132258083328,0.324675324675325
2025-12-31,"2025-12-31-14-texas-am-corpus-christi_w","texas-am-corpus-christi","new-orleans",1,0.381502209840337,0.305772437696024,0.324675324675325
2025-12-31,"2025-12-31-02-brigham-young_w","texas-christian","brigham-young",1,0.817860895050072,0.900202251910301,0.869565217391304
2025-12-31,"2025-12-31-15-texas-pan-american_w","texas-pan-american","nicholls-state",0,0.34116444461821,0.249912257196708,0.324675324675325
2025-12-31,"2025-12-31-01-texas-tech_w","texas-tech","central-florida",1,0.763858186177039,0.861260159318202,0.838709677419355
2025-12-31,"2025-12-31-00-toledo_w","toledo","buffalo",1,0.741610547251629,0.841822461455611,0.785714285714286
2025-12-31,"2025-12-31-00-penn-state_w","ucla","penn-state",1,0.9049472603956,0.942787992751602,1
2025-12-31,"2025-12-31-02-utah_w","utah","arizona-state",0,0.380759453224748,0.304682518898055,0.324675324675325
2025-12-31,"2025-12-31-02-utah-state_w","utah-state","san-jose-state",1,0.734052477841351,0.834733359624347,0.785714285714286
2025-12-31,"2025-12-31-14-saint-josephs_w","virginia-commonwealth","saint-josephs",0,0.108719309961256,0.0625316430547375,0
2025-12-31,"2025-12-31-00-massachusetts_w","western-michigan","massachusetts",0,0.140760071195049,0.0768596199590359,0
2025-12-31,"2025-12-31-00-winthrop_w","winthrop","gardner-webb",0,0.528884799981768,0.549802213151613,0.5
2025-12-31,"2025-12-31-15-new-mexico_w","wyoming","new-mexico",0,0.282313438591267,0.181486830920226,0.214285714285714
2026-01-01,"2026-01-01-16-dixie-state_w","abilene-christian","dixie-state",1,0.711044423795268,0.811585494267441,0.785714285714286
2026-01-01,"2026-01-01-14-south-carolina_w","alabama","south-carolina",0,0.252422336336124,0.152756731312801,0.199244752678583
2026-01-01,"2026-01-01-17-mississippi-valley-state_w","alabama-am","mississippi-valley-state",0,0.669564132965606,0.763744216564007,0.675324675324675
2026-01-01,"2026-01-01-01-arkansas-pine-bluff_w","alabama-state","arkansas-pine-bluff",1,0.311004367145801,0.212859184456578,0.324675324675325
2026-01-01,"2026-01-01-00-albany-ny_w","albany-ny","vermont",0,0.379684068425727,0.303108378263479,0.324675324675325
2026-01-01,"2026-01-01-01-arkansas_w","arkansas","vanderbilt",0,0.104652258865384,0.060902064357737,0
2026-01-01,"2026-01-01-16-arkansas-little-rock_w","arkansas-little-rock","tennessee-tech",1,0.207903057929998,0.116995243912153,0.161290322580645
2026-01-01,"2026-01-01-01-arkansas-pine-bluff_w","arkansas-pine-bluff","alabama-state",0,0.688995632849055,0.787140815537562,0.675324675324675
2026-01-01,"2026-01-01-19-southern-mississippi_w","arkansas-state","southern-mississippi",1,0.524864642691765,0.542907620264388,0.5
2026-01-01,"2026-01-01-01-mississippi-state_w","auburn","mississippi-state",0,0.24577125021103,0.146895057308798,0.161290322580645
2026-01-01,"2026-01-01-18-jacksonville_w","austin-peay","jacksonville",1,0.679112158053349,0.775457210128609,0.675324675324675
2026-01-01,"2026-01-01-18-bellarmine_w","bellarmine","queens-nc",0,0.198053891937452,0.110136291343423,0.161290322580645
2026-01-01,"2026-01-01-00-duke_w","boston-college","duke",0,0.226004939314515,0.130568753878237,0.161290322580645
2026-01-01,"2026-01-01-18-bryant_w","bryant","new-hampshire",1,0.767047682783487,0.863876371653105,0.838709677419355
2026-01-01,"2026-01-01-15-california-san-diego_w","cal-poly","california-san-diego",0,0.053186520897896,0.0434477809453903,0
2026-01-01,"2026-01-01-17-california-irvine_w","cal-state-bakersfield","california-irvine",0,0.159310483630482,0.0864762922494225,0.0833333333333333
2026-01-01,"2026-01-01-17-california-santa-barbara_w","cal-state-fullerton","california-santa-barbara",1,0.470454669780781,0.449066729460686,0.5
2026-01-01,"2026-01-01-21-cal-state-northridge_w","cal-state-northridge","california-davis",0,0.157474668012821,0.0854780258903452,0.0833333333333333
2026-01-01,"2026-01-01-00-north-carolina_w","california","north-carolina",0,0.325588300777618,0.230256902589143,0.324675324675325
2026-01-01,"2026-01-01-21-california-baptist_w","california-baptist","texas-arlington",1,0.806542254052433,0.892942225787143,0.869565217391304
2026-01-01,"2026-01-01-21-cal-state-northridge_w","california-davis","cal-state-northridge",1,0.842525331984309,0.914521974108151,0.916666666666667
2026-01-01,"2026-01-01-17-california-irvine_w","california-irvine","cal-state-bakersfield",1,0.840689516366576,0.913523707749018,0.916666666666667
2026-01-01,"2026-01-01-15-california-san-diego_w","california-san-diego","cal-poly",1,0.946813479100698,0.956552219054231,1
2026-01-01,"2026-01-01-17-california-santa-barbara_w","california-santa-barbara","cal-state-fullerton",0,0.529545330213052,0.55093327052891,0.5
2026-01-01,"2026-01-01-14-fairfield_w","canisius","fairfield",0,0.0291694894184943,0.0370417598788374,0
2026-01-01,"2026-01-01-00-stetson_w","central-arkansas","stetson",1,0.690518305562583,0.788900833715973,0.675324675324675
2026-01-01,"2026-01-01-00-virginia_w","clemson","virginia",0,0.257586760085859,0.157439342974446,0.214285714285714
2026-01-01,"2026-01-01-00-coastal-carolina_w","coastal-carolina","marshall",0,0.242048804598755,0.143696429175238,0.161290322580645
2026-01-01,"2026-01-01-12-villanova_w","creighton","villanova",0,0.269627189542889,0.168809197778905,0.214285714285714
2026-01-01,"2026-01-01-16-denver_w","denver","north-dakota",1,0.620372103151921,0.696973718921537,0.675324675324675
2026-01-01,"2026-01-01-14-st-johns-ny_w","depaul","st-johns-ny",0,0.140776683490027,0.0768677763575913,0
2026-01-01,"2026-01-01-16-dixie-state_w","dixie-state","abilene-christian",0,0.288955576199881,0.188414505727521,0.214285714285714
2026-01-01,"2026-01-01-00-duke_w","duke","boston-college",1,0.773995060681098,0.869431246118388,0.838709677419355
2026-01-01,"2026-01-01-18-southeast-missouri-state_w","eastern-illinois","southeast-missouri-state",0,0.506917132693566,0.511963683470964,0.5
2026-01-01,"2026-01-01-18-eastern-kentucky_w","eastern-kentucky","west-georgia",1,0.726938386517626,0.827829995287901,0.785714285714286
2026-01-01,"2026-01-01-14-fairfield_w","fairfield","canisius",1,0.970830510580881,0.96295824012103,1
2026-01-01,"2026-01-01-14-tennessee_w","florida","tennessee",0,0.452196614604671,0.418050643407875,0.5
2026-01-01,"2026-01-01-14-florida-gulf-coast_w","florida-gulf-coast","north-alabama",1,0.419433121911071,0.364128081135249,0.324675324675325
2026-01-01,"2026-01-01-00-syracuse_w","florida-state","syracuse",0,0.180375775913926,0.0987069233074008,0.130434782608696
2026-01-01,"2026-01-01-19-mississippi_w","georgia","mississippi",0,0.434805139568703,0.389093773729275,0.416974557248647
2026-01-01,"2026-01-01-14-old-dominion_w","georgia-southern","old-dominion",0,0.798931087489315,0.887802334250177,0.838709677419355
2026-01-01,"2026-01-01-14-james-madison_w","georgia-state","james-madison",0,0.15938135808977,0.0865150426697301,0.0833333333333333
2026-01-01,"2026-01-01-00-georgia-tech_w","georgia-tech","notre-dame",1,0.0559656011957725,0.0442540413504461,0
2026-01-01,"2026-01-01-01-grambling_w","grambling","texas-southern",0,0.653920497924631,0.743658239540878,0.675324675324675
2026-01-01,"2026-01-01-21-sacramento-state_w","idaho-state","sacramento-state",1,0.647981550922642,0.735746121399847,0.675324675324675
2026-01-01,"2026-01-01-01-illinois_w","illinois","maryland",1,0.305683751439107,0.206755770685718,0.324675324675325
2026-01-01,"2026-01-01-00-indiana_w","indiana","michigan-state",0,0.116937890789721,0.0659495188066674,0
2026-01-01,"2026-01-01-14-indiana-state_w","indiana-state","valparaiso",1,0.745743219724847,0.845593180038829,0.785714285714286
2026-01-01,"2026-01-01-14-quinnipiac_w","iona","quinnipiac",0,0.253903633769122,0.15408803506324,0.214285714285714
2026-01-01,"2026-01-01-14-iowa_w","iowa","nebraska",1,0.240887401491855,0.142710389718465,0.161290322580645
2026-01-01,"2026-01-01-18-jacksonville_w","jacksonville","austin-peay",0,0.320887841941282,0.22454278986503,0.324675324675325
2026-01-01,"2026-01-01-14-james-madison_w","james-madison","georgia-state",1,0.840618641906953,0.913484957328527,0.916666666666667
2026-01-01,"2026-01-01-01-kansas_w","kansas","west-virginia",0,0.265903554500165,0.165224673776559,0.214285714285714
2026-01-01,"2026-01-01-20-louisiana-state_w","kentucky","louisiana-state",1,0.252562231911129,0.152882057011739,0.201274702629693
2026-01-01,"2026-01-01-18-lindenwood_w","lindenwood","morehead-state",0,0.796325450292061,0.885993781472431,0.838709677419355
2026-01-01,"2026-01-01-14-north-florida_w","lipscomb","north-florida",1,0.658777123121267,0.75001194128165,0.675324675324675
2026-01-01,"2026-01-01-17-louisiana-lafayette_w","louisiana-lafayette","troy",0,0.0829545071620053,0.052860365500818,0
2026-01-01,"2026-01-01-14-louisiana-monroe_w","louisiana-monroe","south-alabama",1,0.276507620948633,0.175595190188573,0.214285714285714
2026-01-01,"2026-01-01-20-louisiana-state_w","louisiana-state","kentucky",0,0.747437768084895,0.847117942984778,0.798725297331226
2026-01-01,"2026-01-01-00-louisville_w","louisville","southern-methodist",1,0.813126086400776,0.897220045713009,0.869565217391304
2026-01-01,"2026-01-01-00-massachusetts-lowell_w","maine","massachusetts-lowell",1,0.731875871167374,0.832645114809651,0.785714285714286
2026-01-01,"2026-01-01-15-saint-peters_w","manhattan","saint-peters",1,0.506919685174591,0.511968096486189,0.5
2026-01-01,"2026-01-01-13-xavier_w","marquette","xavier",1,0.778882505654341,0.873222691453908,0.838709677419355
2026-01-01,"2026-01-01-00-coastal-carolina_w","marshall","coastal-carolina",1,0.75795119539627,0.856303570820602,0.838709677419355
2026-01-01,"2026-01-01-01-illinois_w","maryland","illinois",0,0.6943162485557,0.793244229308491,0.675324675324675
2026-01-01,"2026-01-01-18-maryland-baltimore-county_w","maryland-baltimore-county","njit",0,0.311953945412326,0.213962185422031,0.324675324675325
2026-01-01,"2026-01-01-00-massachusetts-lowell_w","massachusetts-lowell","maine",0,0.26812412882678,0.167354885184799,0.214285714285714
2026-01-01,"2026-01-01-14-rider_w","merrimack","rider",1,0.639168707558488,0.723720725703169,0.675324675324675
2026-01-01,"2026-01-01-18-virginia-tech_w","miami-fl","virginia-tech",1,0.438484868838433,0.395162967750026,0.5
2026-01-01,"2026-01-01-03-washington_w","michigan","washington",0,0.802198893522756,0.890035022145946,0.838709677419355
2026-01-01,"2026-01-01-00-indiana_w","michigan-state","indiana",1,0.883062109208576,0.934050481192645,1
2026-01-01,"2026-01-01-19-mississippi_w","mississippi","georgia",1,0.56519486042624,0.610906226262554,0.583025442147024
2026-01-01,"2026-01-01-01-mississippi-state_w","mississippi-state","auburn",1,0.754228749783238,0.85310494268631,0.838709677419355
2026-01-01,"2026-01-01-17-mississippi-valley-state_w","mississippi-valley-state","alabama-am",1,0.330435867027231,0.236255783427161,0.324675324675325
2026-01-01,"2026-01-01-01-missouri_w","missouri","texas",0,0.0563780997195965,0.0443749241557795,0
2026-01-01,"2026-01-01-20-northern-arizona_w","montana","northern-arizona",0,0.578368321554157,0.632342254613747,0.675324675324675
2026-01-01,"2026-01-01-20-northern-colorado_w","montana-state","northern-colorado",1,0.573168741817981,0.623938533145579,0.675324675324675
2026-01-01,"2026-01-01-18-lindenwood_w","morehead-state","lindenwood",1,0.203674549704029,0.114006218524899,0.161290322580645
2026-01-01,"2026-01-01-13-siena_w","mount-st-marys","siena",0,0.451225345946303,0.416416484067006,0.5
2026-01-01,"2026-01-01-14-iowa_w","nebraska","iowa",0,0.759112598505575,0.857289610279435,0.838709677419355
2026-01-01,"2026-01-01-18-bryant_w","new-hampshire","bryant",0,0.232952317212438,0.136123628343651,0.161290322580645
2026-01-01,"2026-01-01-00-sacred-heart_w","niagara","sacred-heart",0,0.153053706225047,0.0831167807418603,0.0833333333333333
2026-01-01,"2026-01-01-18-maryland-baltimore-county_w","njit","maryland-baltimore-county",1,0.688046054581924,0.786037814571381,0.675324675324675
2026-01-01,"2026-01-01-14-florida-gulf-coast_w","north-alabama","florida-gulf-coast",0,0.580566878082808,0.635871918855087,0.675324675324675
2026-01-01,"2026-01-01-00-north-carolina_w","north-carolina","california",1,0.67441169921866,0.769743097406401,0.675324675324675
2026-01-01,"2026-01-01-14-north-carolina-state_w","north-carolina-state","stanford",1,0.310920890326374,0.212762418993079,0.324675324675325
2026-01-01,"2026-01-01-16-denver_w","north-dakota","denver",0,0.379627896841088,0.303026281068377,0.324675324675325
2026-01-01,"2026-01-01-20-oral-roberts_w","north-dakota-state","oral-roberts",1,0.828043805596199,0.906356324238279,0.869565217391304
2026-01-01,"2026-01-01-14-north-florida_w","north-florida","lipscomb",0,0.341222876872442,0.249988058710304,0.324675324675325
2026-01-01,"2026-01-01-20-northern-arizona_w","northern-arizona","montana",1,0.421631678440524,0.36765774537784,0.324675324675325
2026-01-01,"2026-01-01-20-northern-colorado_w","northern-colorado","montana-state",0,0.426831258175677,0.37606146684427,0.324675324675325
2026-01-01,"2026-01-01-03-oregon_w","northwestern","oregon",0,0.178042655822035,0.0972799411891997,0.130434782608696
2026-01-01,"2026-01-01-00-georgia-tech_w","notre-dame","georgia-tech",0,0.944034398803228,0.955745958649288,1
2026-01-01,"2026-01-01-20-texas-am_w","oklahoma","texas-am",1,0.886429124872773,0.935471237318382,1
2026-01-01,"2026-01-01-14-old-dominion_w","old-dominion","georgia-southern",1,0.201068912506459,0.112197665746971,0.161290322580645
2026-01-01,"2026-01-01-20-oral-roberts_w","oral-roberts","north-dakota-state",0,0.171956194400029,0.093643675759558,0.130434782608696
2026-01-01,"2026-01-01-03-oregon_w","oregon","northwestern",1,0.821957344174451,0.902720058808719,0.869565217391304
2026-01-01,"2026-01-01-18-pittsburgh_w","pittsburgh","wake-forest",0,0.190216615635959,0.104932616352184,0.130434782608696
2026-01-01,"2026-01-01-22-portland-state_w","portland-state","weber-state",1,0.3376880957169,0.245430183003342,0.324675324675325
2026-01-01,"2026-01-01-01-southern_w","prairie-view","southern",0,0.196859794758599,0.109329100738149,0.161290322580645
2026-01-01,"2026-01-01-18-bellarmine_w","queens-nc","bellarmine",1,0.801946108058358,0.889863708653795,0.838709677419355
2026-01-01,"2026-01-01-14-quinnipiac_w","quinnipiac","iona",1,0.746096366227512,0.845911964933805,0.785714285714286
2026-01-01,"2026-01-01-14-rider_w","rider","merrimack",0,0.360831292435797,0.276279274289048,0.324675324675325
2026-01-01,"2026-01-01-00-rutgers_w","rutgers","wisconsin",0,0.315885647464258,0.218573328765515,0.324675324675325
2026-01-01,"2026-01-01-21-sacramento-state_w","sacramento-state","idaho-state",0,0.352018449071018,0.264253878591744,0.324675324675325
2026-01-01,"2026-01-01-00-sacred-heart_w","sacred-heart","niagara",1,0.846946293771364,0.916883219256294,0.916666666666667
2026-01-01,"2026-01-01-15-saint-peters_w","saint-peters","manhattan",0,0.49308031481925,0.488031903503317,0.5
2026-01-01,"2026-01-01-13-siena_w","siena","mount-st-marys",1,0.548774654046676,0.583583515921338,0.5
2026-01-01,"2026-01-01-14-louisiana-monroe_w","south-alabama","louisiana-monroe",0,0.72349237904671,0.824404809806851,0.785714285714286
2026-01-01,"2026-01-01-14-south-carolina_w","south-carolina","alabama",1,0.74757766366034,0.847243268684112,0.800755247287562
2026-01-01,"2026-01-01-01-south-dakota-state_w","south-dakota-state","st-thomas-mn",1,0.628132983970928,0.708194325521694,0.675324675324675
2026-01-01,"2026-01-01-18-southeast-missouri-state_w","southeast-missouri-state","eastern-illinois",1,0.493082867299428,0.488036316517078,0.5
2026-01-01,"2026-01-01-01-southern_w","southern","prairie-view",1,0.80314020523674,0.89067089925877,0.838709677419355
2026-01-01,"2026-01-01-01-southern-illinois-edwardsville_w","southern-illinois-edwardsville","southern-indiana",0,0.456014964444642,0.424492151406482,0.5
2026-01-01,"2026-01-01-01-southern-illinois-edwardsville_w","southern-indiana","southern-illinois-edwardsville",1,0.543985035549693,0.575507848584092,0.5
2026-01-01,"2026-01-01-00-louisville_w","southern-methodist","louisville",0,0.186873913596008,0.102779954284996,0.130434782608696
2026-01-01,"2026-01-01-19-southern-mississippi_w","southern-mississippi","arkansas-state",0,0.475135357302205,0.45709237972541,0.5
2026-01-01,"2026-01-01-14-st-johns-ny_w","st-johns-ny","depaul",1,0.859223316506815,0.923132223640902,1
2026-01-01,"2026-01-01-01-south-dakota-state_w","st-thomas-mn","south-dakota-state",0,0.371867016023659,0.291805674470693,0.324675324675325
2026-01-01,"2026-01-01-14-north-carolina-state_w","stanford","north-carolina-state",0,0.689079109669604,0.787237581002362,0.675324675324675
2026-01-01,"2026-01-01-00-stetson_w","stetson","central-arkansas",0,0.309481694433331,0.211099166279421,0.324675324675325
2026-01-01,"2026-01-01-00-syracuse_w","syracuse","florida-state",1,0.81962422408265,0.901293076690546,0.869565217391304
2026-01-01,"2026-01-01-16-utah-valley_w","tarleton-state","utah-valley",0,0.500595770991036,0.501030624462011,0.5
2026-01-01,"2026-01-01-14-tennessee_w","tennessee","florida",1,0.547803385390029,0.581949356583353,0.5
2026-01-01,"2026-01-01-14-tennessee-martin_w","tennessee-martin","western-illinois",1,0.108819261503767,0.0625721994234623,0
2026-01-01,"2026-01-01-16-arkansas-little-rock_w","tennessee-tech","arkansas-little-rock",0,0.792096942066396,0.883004756085333,0.838709677419355
2026-01-01,"2026-01-01-01-missouri_w","texas","missouri",1,0.943621900279322,0.95562507584393,1
2026-01-01,"2026-01-01-20-texas-am_w","texas-am","oklahoma",0,0.113570875126197,0.0645287626812249,0
2026-01-01,"2026-01-01-21-california-baptist_w","texas-arlington","california-baptist",0,0.193457745943288,0.107057774210086,0.130434782608696
2026-01-01,"2026-01-01-01-grambling_w","texas-southern","grambling",1,0.346079502069529,0.256341760451535,0.324675324675325
2026-01-01,"2026-01-01-17-louisiana-lafayette_w","troy","louisiana-lafayette",1,0.917045492836411,0.947139634498664,1
2026-01-01,"2026-01-01-16-utah-valley_w","utah-valley","tarleton-state",1,0.499404229003441,0.498969375528589,0.5
2026-01-01,"2026-01-01-14-indiana-state_w","valparaiso","indiana-state",0,0.254256780269122,0.154406819955803,0.214285714285714
2026-01-01,"2026-01-01-01-arkansas_w","vanderbilt","arkansas",1,0.895347741133279,0.939097935641769,1
2026-01-01,"2026-01-01-00-albany-ny_w","vermont","albany-ny",1,0.620315931568079,0.696891621727598,0.675324675324675
2026-01-01,"2026-01-01-12-villanova_w","villanova","creighton",1,0.730372810453756,0.831190802217924,0.785714285714286
2026-01-01,"2026-01-01-00-virginia_w","virginia","clemson",1,0.742413239910464,0.842560657022261,0.785714285714286
2026-01-01,"2026-01-01-18-virginia-tech_w","virginia-tech","miami-fl",0,0.561515131155989,0.604837032240897,0.5
2026-01-01,"2026-01-01-18-pittsburgh_w","wake-forest","pittsburgh",1,0.809783384360111,0.89506738364532,0.869565217391304
2026-01-01,"2026-01-01-03-washington_w","washington","michigan",1,0.197801106474151,0.10996497785202,0.161290322580645
2026-01-01,"2026-01-01-22-portland-state_w","weber-state","portland-state",0,0.66231190427747,0.754569816989558,0.675324675324675
2026-01-01,"2026-01-01-18-eastern-kentucky_w","west-georgia","eastern-kentucky",0,0.273061613476832,0.172170004706721,0.214285714285714
2026-01-01,"2026-01-01-01-kansas_w","west-virginia","kansas",1,0.734096445495152,0.834775326219056,0.785714285714286
2026-01-01,"2026-01-01-14-tennessee-martin_w","western-illinois","tennessee-martin",0,0.891180738493507,0.937427800575467,1
2026-01-01,"2026-01-01-00-rutgers_w","wisconsin","rutgers",1,0.684114352530485,0.781426671228378,0.675324675324675
2026-01-01,"2026-01-01-13-xavier_w","xavier","marquette",0,0.221117494341075,0.126777308542649,0.161290322580645
2026-01-02,"2026-01-02-15-belmont_w","belmont","bradley",1,0.378287626732342,0.301071153979023,0.324675324675325
2026-01-02,"2026-01-02-15-belmont_w","bradley","belmont",0,0.621712373277648,0.698928846035652,0.675324675324675
2026-01-02,"2026-01-02-00-hawaii_w","california-riverside","hawaii",1,0.427501507348248,0.37715031560002,0.324675324675325
2026-01-02,"2026-01-02-00-towson_w","campbell","towson",0,0.409713601154553,0.348702640254449,0.324675324675325
2026-01-02,"2026-01-02-16-central-connecticut-state_w","central-connecticut-state","long-island-university",0,0.201595659247911,0.11256124365541,0.161290322580645
2026-01-02,"2026-01-02-19-wagner_w","chicago-state","wagner",0,0.511262225056144,0.5194727009561,0.5
2026-01-02,"2026-01-02-19-green-bay_w","cleveland-state","green-bay",0,0.583292949482857,0.640228223342871,0.675324675324675
2026-01-02,"2026-01-02-00-college-of-charleston_w","college-of-charleston","hofstra",1,0.866302174029032,0.926536766076802,1
2026-01-02,"2026-01-02-21-texas-el-paso_w","delaware","texas-el-paso",0,0.52165883345201,0.537397703539627,0.5
2026-01-02,"2026-01-02-19-wright-state_w","detroit-mercy","wright-state",0,0.49763009201921,0.495900381357425,0.5
2026-01-02,"2026-01-02-19-drake_w","drake","southern-illinois",1,0.669681723242387,0.763891004471866,0.675324675324675
2026-01-02,"2026-01-02-19-elon_w","elon","monmouth",0,0.377028199787245,0.299240518810164,0.324675324675325
2026-01-02,"2026-01-02-17-mercyhurst_w","fairleigh-dickinson","mercyhurst",1,0.931985989495745,0.952082692934649,1
2026-01-02,"2026-01-02-03-seattle_w","gonzaga","seattle",1,0.829608622149232,0.907271304292497,0.876259600749165
2026-01-02,"2026-01-02-19-green-bay_w","green-bay","cleveland-state",1,0.416707050525279,0.359771776670239,0.324675324675325
2026-01-02,"2026-01-02-00-hampton_w","hampton","stony-brook",1,0.679926883576395,0.776437320369776,0.675324675324675
2026-01-02,"2026-01-02-00-hawaii_w","hawaii","california-riverside",0,0.572498492662308,0.622849684417284,0.675324675324675
2026-01-02,"2026-01-02-00-college-of-charleston_w","hofstra","college-of-charleston",0,0.133697825975981,0.0734632339256007,0
2026-01-02,"2026-01-02-01-murray-state_w","illinois-state","murray-state",0,0.478410726937224,0.46272195814251,0.5
2026-01-02,"2026-01-02-18-oakland_w","ipfw","oakland",1,0.776975720797098,0.871754821718598,0.838709677419355
2026-01-02,"2026-01-02-00-northern-kentucky_w","iupui","northern-kentucky",0,0.542990943739704,0.573826518329057,0.5
2026-01-02,"2026-01-02-01-jacksonville-state_w","jacksonville-state","western-kentucky",1,0.563687364770673,0.60842386272894,0.5
2026-01-02,"2026-01-02-00-kennesaw-state_w","kennesaw-state","middle-tennessee",0,0.689117138347858,0.787281652807693,0.675324675324675
2026-01-02,"2026-01-02-18-le-moyne_w","le-moyne","saint-francis-pa",1,0.441905525215754,0.400834030534645,0.5
2026-01-02,"2026-01-02-02-new-mexico-state_w","liberty","new-mexico-state",1,0.793000212615403,0.883648911971904,0.838709677419355
2026-01-02,"2026-01-02-16-central-connecticut-state_w","long-island-university","central-connecticut-state",1,0.798404340758693,0.887438756349216,0.838709677419355
2026-01-02,"2026-01-02-19-louisiana-tech_w","louisiana-tech","sam-houston-state",0,0.653220736717274,0.742734102967917,0.675324675324675
2026-01-02,"2026-01-02-03-loyola-marymount_w","loyola-marymount","santa-clara",1,0.187451772022812,0.103149272136474,0.130434782608696
2026-01-02,"2026-01-02-17-mercyhurst_w","mercyhurst","fairleigh-dickinson",0,0.0680140105071848,0.0479173070663037,0
2026-01-02,"2026-01-02-00-kennesaw-state_w","middle-tennessee","kennesaw-state",1,0.31088286165893,0.212718347200276,0.324675324675325
2026-01-02,"2026-01-02-01-milwaukee_w","milwaukee","robert-morris",0,0.180800436466597,0.0989686508197382,0.130434782608696
2026-01-02,"2026-01-02-19-elon_w","monmouth","elon",1,0.622971800221931,0.700759481203281,0.675324675324675
2026-01-02,"2026-01-02-01-murray-state_w","murray-state","illinois-state",1,0.521589273072492,0.537278041874357,0.5
2026-01-02,"2026-01-02-18-new-haven_w","new-haven","stonehill",1,0.467169749041218,0.443449847564085,0.5
2026-01-02,"2026-01-02-02-new-mexico-state_w","new-mexico-state","liberty",0,0.206999787390481,0.116351088032345,0.161290322580645
2026-01-02,"2026-01-02-19-north-carolina-at_w","north-carolina-at","william-mary",0,0.062416409806733,0.0461808726667434,0
2026-01-02,"2026-01-02-19-north-carolina-wilmington_w","north-carolina-wilmington","northeastern",1,0.433827073533413,0.387486272933619,0.332809439147716
2026-01-02,"2026-01-02-19-north-carolina-wilmington_w","northeastern","north-carolina-wilmington",0,0.566172926475355,0.612513727080928,0.667190561487998
2026-01-02,"2026-01-02-00-northern-kentucky_w","northern-kentucky","iupui",1,0.457009056270689,0.426173481688681,0.5
2026-01-02,"2026-01-02-18-oakland_w","oakland","ipfw",0,0.223024279209848,0.128245178286845,0.161290322580645
2026-01-02,"2026-01-02-03-oregon-state_w","oregon-state","pacific",1,0.598788359685088,0.664536589886232,0.675324675324675
2026-01-02,"2026-01-02-03-oregon-state_w","pacific","oregon-state",0,0.401211640323632,0.335463410127357,0.324675324675325
2026-01-02,"2026-01-02-03-pepperdine_w","pepperdine","saint-marys-ca",1,0.585603583553434,0.643902678239868,0.675324675324675
2026-01-02,"2026-01-02-21-portland_w","portland","washington-state",1,0.655123928037464,0.745242448745363,0.675324675324675
2026-01-02,"2026-01-02-01-milwaukee_w","robert-morris","milwaukee",1,0.819199563538887,0.901031349183701,0.869565217391304
2026-01-02,"2026-01-02-18-le-moyne_w","saint-francis-pa","le-moyne",0,0.558094474794268,0.599165969482158,0.5
2026-01-02,"2026-01-02-03-pepperdine_w","saint-marys-ca","pepperdine",0,0.414396416455951,0.356097321775164,0.324675324675325
2026-01-02,"2026-01-02-19-louisiana-tech_w","sam-houston-state","louisiana-tech",1,0.34677926329005,0.257265897041886,0.324675324675325
2026-01-02,"2026-01-02-03-san-diego_w","san-diego","san-francisco",0,0.269731437155129,0.168910436907819,0.214285714285714
2026-01-02,"2026-01-02-03-san-diego_w","san-francisco","san-diego",1,0.730268562852282,0.831089563099466,0.785714285714286
2026-01-02,"2026-01-02-03-loyola-marymount_w","santa-clara","loyola-marymount",0,0.812548227982417,0.89685072786693,0.869565217391304
2026-01-02,"2026-01-02-03-seattle_w","seattle","gonzaga",0,0.1703913778556,0.0927286957103686,0.123740399324235
2026-01-02,"2026-01-02-19-drake_w","southern-illinois","drake",0,0.330318276765205,0.23610899553772,0.324675324675325
2026-01-02,"2026-01-02-18-new-haven_w","stonehill","new-haven",0,0.532830250969148,0.55655015245377,0.5
2026-01-02,"2026-01-02-00-hampton_w","stony-brook","hampton",0,0.320073116432027,0.223562679640448,0.324675324675325
2026-01-02,"2026-01-02-21-texas-el-paso_w","texas-el-paso","delaware",1,0.478341166558212,0.46260229647811,0.5
2026-01-02,"2026-01-02-00-towson_w","towson","campbell",1,0.590286398856318,0.651297359762775,0.675324675324675
2026-01-02,"2026-01-02-19-wagner_w","wagner","chicago-state",1,0.488737774954435,0.480527299062326,0.5
2026-01-02,"2026-01-02-21-portland_w","washington-state","portland",0,0.344876071972517,0.254757551267866,0.324675324675325
2026-01-02,"2026-01-02-01-jacksonville-state_w","western-kentucky","jacksonville-state",0,0.436312635240165,0.391576137289073,0.5
2026-01-02,"2026-01-02-19-north-carolina-at_w","william-mary","north-carolina-at",1,0.937583590195509,0.953819127333967,1
2026-01-02,"2026-01-02-19-wright-state_w","wright-state","detroit-mercy",1,0.502369907991065,0.504099618660502,0.5
2026-01-03,"2026-01-03-16-utah-valley_w","abilene-christian","utah-valley",0,0.79668746452487,0.886246563742945,0.838709677419355
2026-01-03,"2026-01-03-03-air-force_w","air-force","nevada-las-vegas",0,0.272951578303912,0.172061511269602,0.214285714285714
2026-01-03,"2026-01-03-00-ohio_w","akron","ohio",0,0.305417772928574,0.206454082460828,0.324675324675325
2026-01-03,"2026-01-03-01-arkansas-pine-bluff_w","alabama-am","arkansas-pine-bluff",1,0.649471242687401,0.737745382596681,0.675324675324675
2026-01-03,"2026-01-03-00-charlotte_w","alabama-birmingham","charlotte",0,0.730181854948554,0.831005320653558,0.785714285714286
2026-01-03,"2026-01-03-16-mississippi-valley-state_w","alabama-state","mississippi-valley-state",1,0.331044748104357,0.237016857239719,0.324675324675325
2026-01-03,"2026-01-03-14-albany-ny_w","albany-ny","massachusetts-lowell",1,0.770676774901558,0.86680248933303,0.838709677419355
2026-01-03,"2026-01-03-14-jackson-state_w","alcorn-state","jackson-state",1,0.183270530659688,0.100503300401616,0.130434782608696
2026-01-03,"2026-01-03-13-american_w","american","boston-university",1,0.401710777085694,0.336233802107124,0.324675324675325
2026-01-03,"2026-01-03-14-appalachian-state_w","appalachian-state","marshall",0,0.244228209922613,0.145562057141463,0.161290322580645
2026-01-03,"2026-01-03-01-texas-tech_w","arizona","texas-tech",0,0.225081409298178,0.129845015416502,0.161290322580645
2026-01-03,"2026-01-03-02-brigham-young_w","arizona-state","brigham-young",0,0.569601232521149,0.618128801076762,0.675324675324675
2026-01-03,"2026-01-03-14-arkansas-little-rock_w","arkansas-little-rock","tennessee-state",1,0.473683177041419,0.454599844609914,0.5
2026-01-03,"2026-01-03-01-arkansas-pine-bluff_w","arkansas-pine-bluff","alabama-am",0,0.350528757316754,0.262254617409001,0.324675324675325
2026-01-03,"2026-01-03-13-louisiana-monroe_w","arkansas-state","louisiana-monroe",1,0.793757373898715,0.884186497081617,0.838709677419355
2026-01-03,"2026-01-03-00-colgate_w","army","colgate",1,0.799306444490182,0.888060791582863,0.838709677419355
2026-01-03,"2026-01-03-14-north-florida_w","austin-peay","north-florida",1,0.82656433355177,0.905483810008476,0.869565217391304
2026-01-03,"2026-01-03-01-northern-illinois_w","ball-state","northern-illinois",1,0.77507218913622,0.870275022795504,0.838709677419355
2026-01-03,"2026-01-03-14-bellarmine_w","bellarmine","west-georgia",0,0.145279716028183,0.0791081653779566,0.0833333333333333
2026-01-03,"2026-01-03-00-bethune-cookman_w","bethune-cookman","florida-am",1,0.592315342807805,0.654479048282141,0.675324675324675
2026-01-03,"2026-01-03-13-njit_w","binghamton","njit",1,0.303084119080053,0.203821084550721,0.324675324675325
2026-01-03,"2026-01-03-02-boise-state_w","boise-state","grand-canyon",0,0.556549621268655,0.596595945260487,0.5
2026-01-03,"2026-01-03-13-american_w","boston-university","american",0,0.598289222917881,0.663766197898535,0.675324675324675
2026-01-03,"2026-01-03-00-bowling-green-state_w","bowling-green-state","central-michigan",0,0.532926428943803,0.55671439655563,0.5
2026-01-03,"2026-01-03-02-brigham-young_w","brigham-young","arizona-state",1,0.430398767483433,0.381871198930867,0.324675324675325
2026-01-03,"2026-01-03-14-bryant_w","bryant","maine",1,0.68868211322546,0.786777100124604,0.675324675324675
2026-01-03,"2026-01-03-14-lehigh_w","bucknell","lehigh",0,0.33806090516549,0.245908241531868,0.324675324675325
2026-01-03,"2026-01-03-00-western-michigan_w","buffalo","western-michigan",0,0.55634361206797,0.596252823228433,0.5
2026-01-03,"2026-01-03-03-cal-poly_w","cal-poly","long-beach-state",1,0.460733588656404,0.43248775707308,0.5
2026-01-03,"2026-01-03-03-cal-state-bakersfield_w","cal-state-bakersfield","california-davis",0,0.259309071341887,0.159026717031631,0.214285714285714
2026-01-03,"2026-01-03-17-california-irvine_w","cal-state-fullerton","california-irvine",0,0.309362307394771,0.210961621487912,0.324675324675325
2026-01-03,"2026-01-03-17-california-santa-barbara_w","cal-state-northridge","california-santa-barbara",0,0.1955705044637,0.108463392490299,0.161290322580645
2026-01-03,"2026-01-03-16-california-baptist_w","california-baptist","tarleton-state",1,0.782729187219882,0.876140225808776,0.838709677419355
2026-01-03,"2026-01-03-03-cal-state-bakersfield_w","california-davis","cal-state-bakersfield",1,0.740690928660432,0.840973282970598,0.785714285714286
2026-01-03,"2026-01-03-17-california-irvine_w","california-irvine","cal-state-fullerton",1,0.690637692609742,0.789038378517389,0.675324675324675
2026-01-03,"2026-01-03-17-california-santa-barbara_w","california-santa-barbara","cal-state-northridge",1,0.804429495538514,0.891536607511243,0.838709677419355
2026-01-03,"2026-01-03-14-sacred-heart_w","canisius","sacred-heart",0,0.24908235341788,0.149789551728391,0.161290322580645
2026-01-03,"2026-01-03-14-florida-gulf-coast_w","central-arkansas","florida-gulf-coast",0,0.839715882013776,0.912989998844563,0.916666666666667
2026-01-03,"2026-01-03-00-bowling-green-state_w","central-michigan","bowling-green-state",1,0.4670735710609,0.443285603452554,0.5
2026-01-03,"2026-01-03-00-radford_w","charleston-southern","radford",1,0.230307251301793,0.133985624561466,0.161290322580645
2026-01-03,"2026-01-03-00-charlotte_w","charlotte","alabama-birmingham",1,0.269818145054481,0.168994679349477,0.214285714285714
2026-01-03,"2026-01-03-02-colorado_w","cincinnati","colorado",0,0.187633730569601,0.103265807434687,0.130434782608696
2026-01-03,"2026-01-03-00-coastal-carolina_w","coastal-carolina","georgia-southern",0,0.2126710657537,0.120446942723846,0.161290322580645
2026-01-03,"2026-01-03-00-colgate_w","colgate","army",0,0.200693555512748,0.111939208419214,0.161290322580645
2026-01-03,"2026-01-03-02-colorado_w","colorado","cincinnati",1,0.812366269434304,0.896734192567872,0.869565217391304
2026-01-03,"2026-01-03-02-colorado-state_w","colorado-state","fresno-state",1,0.792168740357363,0.883056071095171,0.838709677419355
2026-01-03,"2026-01-03-00-columbia_w","columbia","cornell",0,0.871083543153368,0.928757219471288,1
2026-01-03,"2026-01-03-00-connecticut_w","connecticut","seton-hall",1,0.923386935036275,0.949293938362318,1
2026-01-03,"2026-01-03-14-delaware-state_w","coppin-state","delaware-state",1,0.421346883712138,0.367199713001092,0.324675324675325
2026-01-03,"2026-01-03-00-columbia_w","cornell","columbia",1,0.128916456848315,0.0712427805295234,0
2026-01-03,"2026-01-03-14-dartmouth_w","dartmouth","harvard",0,0.354729238104275,0.267916893654788,0.324675324675325
2026-01-03,"2026-01-03-01-saint-louis_w","davidson","saint-louis",1,0.782222735773333,0.8757594267874,0.838709677419355
2026-01-03,"2026-01-03-13-dayton_w","dayton","duquesne",1,0.637504562034515,0.721412343176139,0.675324675324675
2026-01-03,"2026-01-03-14-delaware-state_w","delaware-state","coppin-state",0,0.578653116290922,0.632800287003971,0.675324675324675
2026-01-03,"2026-01-03-14-denver_w","denver","north-dakota-state",0,0.0803813690368148,0.0519759961159307,0
2026-01-03,"2026-01-03-13-dayton_w","duquesne","dayton",0,0.362495437970034,0.278587656830312,0.324675324675325
2026-01-03,"2026-01-03-14-east-carolina_w","east-carolina","memphis",1,0.83729140572809,0.911648024975501,0.916666666666667
2026-01-03,"2026-01-03-14-tennessee-martin_w","eastern-illinois","tennessee-martin",0,0.268797904539543,0.16800556698262,0.214285714285714
2026-01-03,"2026-01-03-14-eastern-kentucky_w","eastern-kentucky","queens-nc",1,0.80424159919709,0.89141081827884,0.838709677419355
2026-01-03,"2026-01-03-03-eastern-washington_w","eastern-washington","idaho",0,0.217736051554623,0.124209548040388,0.161290322580645
2026-01-03,"2026-01-03-01-evansville_w","evansville","valparaiso",1,0.705344772153958,0.805480410483219,0.785714285714286
2026-01-03,"2026-01-03-14-fairfield_w","fairfield","niagara",1,0.9886726248365,0.967118938146868,1
2026-01-03,"2026-01-03-00-bethune-cookman_w","florida-am","bethune-cookman",0,0.407684657195909,0.34552095172381,0.324675324675325
2026-01-03,"2026-01-03-14-florida-atlantic_w","florida-atlantic","rice",0,0.158312158291333,0.0859321278766506,0.0833333333333333
2026-01-03,"2026-01-03-14-florida-gulf-coast_w","florida-gulf-coast","central-arkansas",1,0.160284117988022,0.0870100011564746,0.0833333333333333
2026-01-03,"2026-01-03-00-fordham_w","fordham","saint-josephs",0,0.275055791648399,0.17414563857521,0.214285714285714
2026-01-03,"2026-01-03-02-colorado-state_w","fresno-state","colorado-state",0,0.207831259645284,0.116943928906785,0.161290322580645
2026-01-03,"2026-01-03-00-la-salle_w","george-washington","la-salle",0,0.637269687366993,0.721085590216482,0.675324675324675
2026-01-03,"2026-01-03-00-coastal-carolina_w","georgia-southern","coastal-carolina",1,0.787328934249354,0.879553057278458,0.838709677419355
2026-01-03,"2026-01-03-13-old-dominion_w","georgia-state","old-dominion",0,0.289223216291331,0.188697861481863,0.214285714285714
2026-01-03,"2026-01-03-15-grambling_w","grambling","prairie-view",1,0.679369162410463,0.775766714174536,0.675324675324675
2026-01-03,"2026-01-03-02-boise-state_w","grand-canyon","boise-state",1,0.443450378735359,0.403404054746347,0.5
2026-01-03,"2026-01-03-14-dartmouth_w","harvard","dartmouth",1,0.645270761899532,0.7320831063505,0.675324675324675
2026-01-03,"2026-01-03-00-south-carolina-upstate_w","high-point","south-carolina-upstate",1,0.957928921622144,0.959638881642059,1
2026-01-03,"2026-01-03-00-navy_w","holy-cross","navy",1,0.54186399294628,0.571918416335341,0.5
2026-01-03,"2026-01-03-01-oklahoma-state_w","houston","oklahoma-state",0,0.0448080256452717,0.0411010696160009,0
2026-01-03,"2026-01-03-01-incarnate-word_w","houston-baptist","incarnate-word",0,0.486718454771252,0.477040375193297,0.5
2026-01-03,"2026-01-03-14-south-carolina-state_w","howard","south-carolina-state",1,0.895514166817069,0.939163765868243,1
2026-01-03,"2026-01-03-03-eastern-washington_w","idaho","eastern-washington",1,0.782263948448875,0.875790451962311,0.838709677419355
2026-01-03,"2026-01-03-17-portland-state_w","idaho-state","portland-state",1,0.634281940865473,0.716908659508957,0.675324675324675
2026-01-03,"2026-01-03-01-incarnate-word_w","incarnate-word","houston-baptist",1,0.5132815452315,0.522959624811606,0.5
2026-01-03,"2026-01-03-13-iona_w","iona","siena",0,0.530212511578317,0.552075182453613,0.5
2026-01-03,"2026-01-03-14-jackson-state_w","jackson-state","alcorn-state",0,0.816729469342298,0.899496699599683,0.869565217391304
2026-01-03,"2026-01-03-14-jacksonville_w","jacksonville","lipscomb",1,0.526350125207952,0.54545728947346,0.5
2026-01-03,"2026-01-03-14-james-madison_w","james-madison","texas-state",1,0.729361048868272,0.830206194817656,0.785714285714286
2026-01-03,"2026-01-03-15-kent-state_w","kent-state","massachusetts",0,0.256745392236356,0.156668589390533,0.214285714285714
2026-01-03,"2026-01-03-00-la-salle_w","la-salle","george-washington",1,0.36273031263774,0.278914409790228,0.324675324675325
2026-01-03,"2026-01-03-14-lafayette_w","lafayette","loyola-md",1,0.477099113508679,0.46046638525963,0.5
2026-01-03,"2026-01-03-14-mcneese-state_w","lamar","mcneese-state",0,0.312625360477101,0.214744587484417,0.324675324675325
2026-01-03,"2026-01-03-14-lehigh_w","lehigh","bucknell",1,0.661939094837858,0.754091758472542,0.675324675324675
2026-01-03,"2026-01-03-14-lindenwood_w","lindenwood","southern-indiana",1,0.632661431659507,0.714627389685154,0.675324675324675
2026-01-03,"2026-01-03-14-jacksonville_w","lipscomb","jacksonville",0,0.473649874795699,0.454542710532957,0.5
2026-01-03,"2026-01-03-03-cal-poly_w","long-beach-state","cal-poly",0,0.539266411347939,0.567512242934447,0.5
2026-01-03,"2026-01-03-14-longwood_w","longwood","presbyterian",1,0.836470462367633,0.911189403982908,0.916666666666667
2026-01-03,"2026-01-03-16-louisiana-lafayette_w","louisiana-lafayette","south-alabama",0,0.231251719340698,0.134745759707567,0.161290322580645
2026-01-03,"2026-01-03-13-louisiana-monroe_w","louisiana-monroe","arkansas-state",0,0.206242626104617,0.115813502920807,0.161290322580645
2026-01-03,"2026-01-03-20-loyola-il_w","loyola-il","rhode-island",0,0.106587751573626,0.0616725616855767,0
2026-01-03,"2026-01-03-14-lafayette_w","loyola-md","lafayette",0,0.522900886495652,0.539533614747968,0.5
2026-01-03,"2026-01-03-14-bryant_w","maine","bryant",0,0.311317886778143,0.213222899879683,0.324675324675325
2026-01-03,"2026-01-03-14-manhattan_w","manhattan","marist",0,0.334145239301718,0.240918494552479,0.324675324675325
2026-01-03,"2026-01-03-14-manhattan_w","marist","manhattan",1,0.665854760700827,0.759081505450855,0.675324675324675
2026-01-03,"2026-01-03-14-appalachian-state_w","marshall","appalachian-state",1,0.755771790080366,0.854437942861177,0.838709677419355
2026-01-03,"2026-01-03-14-maryland-eastern-shore_w","maryland-eastern-shore","morgan-state",1,0.855659230320391,0.921363859501446,0.916666666666667
2026-01-03,"2026-01-03-15-kent-state_w","massachusetts","kent-state",1,0.743254607767017,0.843331410612633,0.785714285714286
2026-01-03,"2026-01-03-14-albany-ny_w","massachusetts-lowell","albany-ny",0,0.229323225101156,0.13319751066921,0.161290322580645
2026-01-03,"2026-01-03-14-mcneese-state_w","mcneese-state","lamar",1,0.687374639526443,0.785255412519823,0.675324675324675
2026-01-03,"2026-01-03-14-east-carolina_w","memphis","east-carolina",0,0.162708594275234,0.0883519750264013,0.0833333333333333
2026-01-03,"2026-01-03-00-merrimack_w","merrimack","saint-peters",1,0.858249299181865,0.922652605868484,1
2026-01-03,"2026-01-03-00-miami-oh_w","miami-oh","toledo",1,0.709583139296304,0.810034422738074,0.785714285714286
2026-01-03,"2026-01-03-16-mississippi-valley-state_w","mississippi-valley-state","alabama-state",0,0.668955251899096,0.762983142764713,0.675324675324675
2026-01-03,"2026-01-03-15-missouri-kansas-city_w","missouri-kansas-city","south-dakota",0,0.18104685256257,0.0991208054911513,0.130434782608696
2026-01-03,"2026-01-03-16-northern-colorado_w","montana","northern-colorado",0,0.341585316188464,0.250458577109301,0.324675324675325
2026-01-03,"2026-01-03-16-northern-arizona_w","montana-state","northern-arizona",1,0.76610335435769,0.863106138547893,0.838709677419355
2026-01-03,"2026-01-03-01-southern-illinois-edwardsville_w","morehead-state","southern-illinois-edwardsville",1,0.500570191665214,0.500986374894011,0.5
2026-01-03,"2026-01-03-14-maryland-eastern-shore_w","morgan-state","maryland-eastern-shore",0,0.144340769681337,0.0786361404994659,0.0833333333333333
2026-01-03,"2026-01-03-00-navy_w","navy","holy-cross",0,0.458136007057628,0.42808158367143,0.5
2026-01-03,"2026-01-03-01-nebraska-omaha_w","nebraska-omaha","south-dakota-state",0,0.0382846731659649,0.0393584520716457,0
2026-01-03,"2026-01-03-03-nevada_w","nevada","utah-state",1,0.464978511061305,0.439710984785344,0.5
2026-01-03,"2026-01-03-03-air-force_w","nevada-las-vegas","air-force",1,0.727048421699095,0.82793848873345,0.785714285714286
2026-01-03,"2026-01-03-14-vermont_w","new-hampshire","vermont",0,0.256980337053107,0.156883506087101,0.214285714285714
2026-01-03,"2026-01-03-17-san-jose-state_w","new-mexico","san-jose-state",1,0.918367680323402,0.947595821462554,1
2026-01-03,"2026-01-03-15-new-orleans_w","new-orleans","texas-am-commerce",0,0.225268630772257,0.129991458040985,0.161290322580645
2026-01-03,"2026-01-03-14-fairfield_w","niagara","fairfield",0,0.011327375163684,0.0328810618531922,0
2026-01-03,"2026-01-03-14-nicholls-state_w","nicholls-state","northwestern-state",0,0.674658987306701,0.770046237124138,0.675324675324675
2026-01-03,"2026-01-03-13-njit_w","njit","binghamton",0,0.696915880923747,0.796178915453645,0.675324675324675
2026-01-03,"2026-01-03-14-north-carolina-central_w","norfolk-state","north-carolina-central",1,0.643259365136606,0.729344447065431,0.675324675324675
2026-01-03,"2026-01-03-00-stetson_w","north-alabama","stetson",0,0.41971492342648,0.364579691378828,0.324675324675325
2026-01-03,"2026-01-03-14-north-carolina-asheville_w","north-carolina-asheville","winthrop",0,0.289917564684214,0.189434505984756,0.214285714285714
2026-01-03,"2026-01-03-14-north-carolina-central_w","north-carolina-central","norfolk-state",0,0.356740634866992,0.270655552939605,0.324675324675325
2026-01-03,"2026-01-03-15-oral-roberts_w","north-dakota","oral-roberts",0,0.19004564278777,0.104821552664073,0.130434782608696
2026-01-03,"2026-01-03-14-denver_w","north-dakota-state","denver",1,0.91961863096454,0.948024003884562,1
2026-01-03,"2026-01-03-14-north-florida_w","north-florida","austin-peay",0,0.173435666450385,0.0945161899928531,0.130434782608696
2026-01-03,"2026-01-03-19-south-florida_w","north-texas","south-florida",0,0.523967825685261,0.541367233728609,0.5
2026-01-03,"2026-01-03-16-northern-arizona_w","northern-arizona","montana-state",0,0.233896645646008,0.136893861455204,0.161290322580645
2026-01-03,"2026-01-03-16-northern-colorado_w","northern-colorado","montana",1,0.658414683814851,0.749541422895121,0.675324675324675
2026-01-03,"2026-01-03-01-northern-illinois_w","northern-illinois","ball-state",0,0.224927810866354,0.129724977206576,0.161290322580645
2026-01-03,"2026-01-03-14-nicholls-state_w","northwestern-state","nicholls-state",1,0.325341012696854,0.229953762880327,0.324675324675325
2026-01-03,"2026-01-03-00-ohio_w","ohio","akron",1,0.694582227075002,0.793545917543326,0.675324675324675
2026-01-03,"2026-01-03-01-oklahoma-state_w","oklahoma-state","houston",1,0.955191974355725,0.958898930384295,1
2026-01-03,"2026-01-03-13-old-dominion_w","old-dominion","georgia-state",1,0.7107767837124,0.811302138522183,0.785714285714286
2026-01-03,"2026-01-03-15-oral-roberts_w","oral-roberts","north-dakota",1,0.809954357215009,0.895178447337789,0.869565217391304
2026-01-03,"2026-01-03-14-pennsylvania_w","pennsylvania","princeton",0,0.3139178837277,0.21625661515345,0.324675324675325
2026-01-03,"2026-01-03-17-portland-state_w","portland-state","idaho-state",0,0.365718059138189,0.283091340496312,0.324675324675325
2026-01-03,"2026-01-03-15-grambling_w","prairie-view","grambling",0,0.32063083759292,0.224233285829643,0.324675324675325
2026-01-03,"2026-01-03-14-longwood_w","presbyterian","longwood",0,0.163529537634448,0.0888105960183072,0.0833333333333333
2026-01-03,"2026-01-03-14-pennsylvania_w","princeton","pennsylvania",1,0.686082116277038,0.783743384852212,0.675324675324675
2026-01-03,"2026-01-03-14-eastern-kentucky_w","queens-nc","eastern-kentucky",0,0.195758400805223,0.108589181722769,0.161290322580645
2026-01-03,"2026-01-03-14-rider_w","quinnipiac","rider",1,0.876772970144746,0.931318567593472,1
2026-01-03,"2026-01-03-00-radford_w","radford","charleston-southern",0,0.769692748700565,0.866014375440499,0.838709677419355
2026-01-03,"2026-01-03-20-loyola-il_w","rhode-island","loyola-il",1,0.893412248428048,0.93832743831513,1
2026-01-03,"2026-01-03-14-florida-atlantic_w","rice","florida-atlantic",1,0.841687841710441,0.914067872124362,0.916666666666667
2026-01-03,"2026-01-03-00-st-bonaventure_w","richmond","st-bonaventure",1,0.547042005707187,0.580667074387106,0.5
2026-01-03,"2026-01-03-14-rider_w","rider","quinnipiac",0,0.123227029856471,0.0686814324071058,0
2026-01-03,"2026-01-03-03-sacramento-state_w","sacramento-state","weber-state",1,0.383133237003685,0.308173434094917,0.324675324675325
2026-01-03,"2026-01-03-14-sacred-heart_w","sacred-heart","canisius",1,0.750917646584923,0.850210448274157,0.838709677419355
2026-01-03,"2026-01-03-00-fordham_w","saint-josephs","fordham",1,0.72494420835526,0.825854361428519,0.785714285714286
2026-01-03,"2026-01-03-01-saint-louis_w","saint-louis","davidson",0,0.217777264229497,0.124240573214797,0.161290322580645
2026-01-03,"2026-01-03-00-merrimack_w","saint-peters","merrimack",0,0.141750700819747,0.0773473941323558,0
2026-01-03,"2026-01-03-02-wyoming_w","san-diego-state","wyoming",1,0.755387779577163,0.854107145166323,0.838709677419355
2026-01-03,"2026-01-03-17-san-jose-state_w","san-jose-state","new-mexico",0,0.0816323196779921,0.0524041785379561,0
2026-01-03,"2026-01-03-00-connecticut_w","seton-hall","connecticut",0,0.0766130649651082,0.0507060616381723,0
2026-01-03,"2026-01-03-13-iona_w","siena","iona",1,0.46978748842657,0.447924817554903,0.5
2026-01-03,"2026-01-03-16-louisiana-lafayette_w","south-alabama","louisiana-lafayette",1,0.768748280662086,0.865254240294751,0.838709677419355
2026-01-03,"2026-01-03-14-south-carolina-state_w","south-carolina-state","howard",0,0.104485833184779,0.060836234132523,0
2026-01-03,"2026-01-03-00-south-carolina-upstate_w","south-carolina-upstate","high-point",0,0.0420710783785389,0.0403611183581475,0
2026-01-03,"2026-01-03-15-missouri-kansas-city_w","south-dakota","missouri-kansas-city",1,0.818953147440141,0.900879194510579,0.869565217391304
2026-01-03,"2026-01-03-01-nebraska-omaha_w","south-dakota-state","nebraska-omaha",1,0.961715326834733,0.96064154792856,1
2026-01-03,"2026-01-03-19-south-florida_w","south-florida","north-texas",1,0.476032174319741,0.458632766280138,0.5
2026-01-03,"2026-01-03-17-southeast-missouri-state_w","southeast-missouri-state","western-illinois",0,0.0604238546091421,0.0455773349471344,0
2026-01-03,"2026-01-03-14-southeastern-louisiana_w","southeastern-louisiana","stephen-f-austin",0,0.102974968969066,0.060241644345667,0
2026-01-03,"2026-01-03-01-southern_w","southern","texas-southern",1,0.768799710040262,0.865295725702656,0.838709677419355
2026-01-03,"2026-01-03-20-ucla_w","southern-california","ucla",0,0.193605177994465,0.10715533813657,0.130434782608696
2026-01-03,"2026-01-03-01-southern-illinois-edwardsville_w","southern-illinois-edwardsville","morehead-state",0,0.49942980833736,0.499013625110595,0.5
2026-01-03,"2026-01-03-14-lindenwood_w","southern-indiana","lindenwood",0,0.367338568345057,0.285372610321412,0.324675324675325
2026-01-03,"2026-01-03-15-southern-mississippi_w","southern-mississippi","troy",1,0.350327490248257,0.261985252994803,0.324675324675325
2026-01-03,"2026-01-03-01-texas-arlington_w","southern-utah","texas-arlington",1,0.835223447557192,0.910488646553963,0.916666666666667
2026-01-03,"2026-01-03-00-st-bonaventure_w","st-bonaventure","richmond",0,0.452957994296424,0.419332925619128,0.5
2026-01-03,"2026-01-03-14-southeastern-louisiana_w","stephen-f-austin","southeastern-louisiana",1,0.897025031032708,0.939758355655063,1
2026-01-03,"2026-01-03-00-stetson_w","stetson","north-alabama",1,0.580285076576302,0.635420308625775,0.675324675324675
2026-01-03,"2026-01-03-16-california-baptist_w","tarleton-state","california-baptist",0,0.217270812782946,0.123859774193414,0.161290322580645
2026-01-03,"2026-01-03-00-temple_w","temple","texas-san-antonio",0,0.522646084460714,0.539095557176324,0.5
2026-01-03,"2026-01-03-14-tennessee-martin_w","tennessee-martin","eastern-illinois",1,0.731202095463941,0.831994433020836,0.785714285714286
2026-01-03,"2026-01-03-14-arkansas-little-rock_w","tennessee-state","arkansas-little-rock",0,0.526316822962066,0.545400155396217,0.5
2026-01-03,"2026-01-03-15-new-orleans_w","texas-am-commerce","new-orleans",1,0.774731369231864,0.870008541962309,0.838709677419355
2026-01-03,"2026-01-03-15-texas-pan-american_w","texas-am-corpus-christi","texas-pan-american",0,0.296448705490534,0.19647141042565,0.214285714285714
2026-01-03,"2026-01-03-01-texas-arlington_w","texas-arlington","southern-utah",0,0.164776552445484,0.0895113534475966,0.0833333333333333
2026-01-03,"2026-01-03-02-utah_w","texas-christian","utah",0,0.848050243991803,0.917463517152639,0.916666666666667
2026-01-03,"2026-01-03-15-texas-pan-american_w","texas-pan-american","texas-am-corpus-christi",1,0.703551294512292,0.803528589577534,0.785714285714286
2026-01-03,"2026-01-03-00-temple_w","texas-san-antonio","temple",1,0.477353915544834,0.460904442833367,0.5
2026-01-03,"2026-01-03-01-southern_w","texas-southern","southern",0,0.231200289962882,0.134704274299952,0.161290322580645
2026-01-03,"2026-01-03-14-james-madison_w","texas-state","james-madison",0,0.27063895113541,0.169793805186022,0.214285714285714
2026-01-03,"2026-01-03-01-texas-tech_w","texas-tech","arizona",1,0.774918590706228,0.870154984587012,0.838709677419355
2026-01-03,"2026-01-03-00-miami-oh_w","toledo","miami-oh",0,0.290416860707049,0.189965577265591,0.214285714285714
2026-01-03,"2026-01-03-15-southern-mississippi_w","troy","southern-mississippi",0,0.64967250975736,0.738014747012832,0.675324675324675
2026-01-03,"2026-01-03-15-wichita-state_w","tulane","wichita-state",1,0.6571669963474,0.747917172360237,0.675324675324675
2026-01-03,"2026-01-03-20-ucla_w","ucla","southern-california",1,0.806394822008825,0.892844661865667,0.869565217391304
2026-01-03,"2026-01-03-02-utah_w","utah","texas-christian",1,0.151949756009888,0.082536482848294,0.0833333333333333
2026-01-03,"2026-01-03-03-nevada_w","utah-state","nevada",0,0.535021488942558,0.560289015221394,0.5
2026-01-03,"2026-01-03-16-utah-valley_w","utah-valley","abilene-christian",1,0.203312535477462,0.113753436258744,0.161290322580645
2026-01-03,"2026-01-03-01-evansville_w","valparaiso","evansville",0,0.294655227849969,0.194519589521135,0.214285714285714
2026-01-03,"2026-01-03-14-vermont_w","vermont","new-hampshire",1,0.743019662949625,0.843116493915481,0.785714285714286
2026-01-03,"2026-01-03-03-sacramento-state_w","weber-state","sacramento-state",0,0.616866763000882,0.691826565911951,0.675324675324675
2026-01-03,"2026-01-03-14-bellarmine_w","west-georgia","bellarmine",1,0.854720283973975,0.920891834623176,0.916666666666667
2026-01-03,"2026-01-03-17-southeast-missouri-state_w","western-illinois","southeast-missouri-state",1,0.939576145392402,0.954422665053357,1
2026-01-03,"2026-01-03-00-western-michigan_w","western-michigan","buffalo",1,0.443656387935244,0.403747176777069,0.5
2026-01-03,"2026-01-03-15-wichita-state_w","wichita-state","tulane",0,0.342833003656672,0.252082827645193,0.324675324675325
2026-01-03,"2026-01-03-14-north-carolina-asheville_w","winthrop","north-carolina-asheville",1,0.710082435319483,0.810565494019266,0.785714285714286
2026-01-03,"2026-01-03-02-wyoming_w","wyoming","san-diego-state",0,0.244612220424825,0.145892854835469,0.161290322580645
2026-01-04,"2026-01-04-15-alabama_w","alabama","arkansas",1,0.782451280597771,0.875931393056125,0.838709677419355
2026-01-04,"2026-01-04-15-alabama_w","arkansas","alabama",0,0.217548719402453,0.124068606944111,0.161290322580645
2026-01-04,"2026-01-04-16-auburn_w","auburn","tennessee",0,0.231338560378637,0.134815834346191,0.161290322580645
2026-01-04,"2026-01-04-17-iowa-state_w","baylor","iowa-state",1,0.12057003551953,0.067514710246873,0
2026-01-04,"2026-01-04-14-belmont_w","belmont","illinois-state",1,0.268038054475759,0.167271906271918,0.214285714285714
2026-01-04,"2026-01-04-00-boston-college_w","boston-college","pittsburgh",0,0.482726508237198,0.470154061967163,0.5
2026-01-04,"2026-01-04-01-murray-state_w","bradley","murray-state",0,0.271611682336194,0.170744731898537,0.214285714285714
2026-01-04,"2026-01-04-01-creighton_w","butler","creighton",0,0.393426418211166,0.323562499949676,0.324675324675325
2026-01-04,"2026-01-04-14-north-carolina-state_w","california","north-carolina-state",0,0.500650459326429,0.501125229528024,0.5
2026-01-04,"2026-01-04-00-hawaii_w","california-san-diego","hawaii",1,0.714801585503517,0.815528814510561,0.785714285714286
2026-01-04,"2026-01-04-14-drexel_w","campbell","drexel",1,0.349311231661347,0.260627878340305,0.324675324675325
2026-01-04,"2026-01-04-13-new-haven_w","central-connecticut-state","new-haven",0,0.25208240087273,0.152452550459548,0.194312130776354
2026-01-04,"2026-01-04-14-central-florida_w","central-florida","kansas",0,0.448369701133529,0.411622616655419,0.5
2026-01-04,"2026-01-04-00-long-island-university_w","chicago-state","long-island-university",0,0.174017011144806,0.0948610244790784,0.130434782608696
2026-01-04,"2026-01-04-14-miami-fl_w","clemson","miami-fl",1,0.59031836913451,0.651347599589268,0.675324675324675
2026-01-04,"2026-01-04-01-milwaukee_w","cleveland-state","milwaukee",0,0.859685191324877,0.923358702116046,1
2026-01-04,"2026-01-04-00-college-of-charleston_w","college-of-charleston","northeastern",1,0.710547307532493,0.811058927334139,0.785714285714286
2026-01-04,"2026-01-04-01-creighton_w","creighton","butler",1,0.60657358178947,0.676437500051422,0.675324675324675
2026-01-04,"2026-01-04-02-new-mexico-state_w","delaware","new-mexico-state",0,0.834677029222039,0.910180019724098,0.916666666666667
2026-01-04,"2026-01-04-15-depaul_w","depaul","providence",0,0.363279513203739,0.279679363158711,0.324675324675325
2026-01-04,"2026-01-04-13-northern-kentucky_w","detroit-mercy","northern-kentucky",0,0.372741529683948,0.293057779139241,0.324675324675325
2026-01-04,"2026-01-04-14-drexel_w","drexel","campbell",0,0.650688768337123,0.739372121657775,0.675324675324675
2026-01-04,"2026-01-04-00-duke_w","duke","notre-dame",1,0.184037731474477,0.10098424125496,0.130434782608696
2026-01-04,"2026-01-04-13-elon_w","elon","hampton",1,0.376336264410279,0.298237478156864,0.324675324675325
2026-01-04,"2026-01-04-13-saint-francis-pa_w","fairleigh-dickinson","saint-francis-pa",1,0.901693355252094,0.941561342362049,1
2026-01-04,"2026-01-04-00-florida_w","florida","south-carolina",0,0.193473507903663,0.107068201035792,0.130434782608696
2026-01-04,"2026-01-04-00-florida-international_w","florida-international","missouri-state",0,0.54315579032384,0.574105446302036,0.5
2026-01-04,"2026-01-04-00-florida-state_w","florida-state","virginia",0,0.060111931643072,0.0454835371155218,0
2026-01-04,"2026-01-04-12-virginia-commonwealth_w","george-mason","virginia-commonwealth",1,0.830866636180073,0.90800106219014,0.900205501596106
2026-01-04,"2026-01-04-14-georgetown_w","georgetown","xavier",0,0.672998470588603,0.768005311701039,0.675324675324675
2026-01-04,"2026-01-04-14-georgia_w","georgia","texas-am",1,0.800880116032425,0.889138708099933,0.838709677419355
2026-01-04,"2026-01-04-01-southern-methodist_w","georgia-tech","southern-methodist",1,0.497747492868821,0.496103460430841,0.5
2026-01-04,"2026-01-04-16-santa-clara_w","gonzaga","santa-clara",0,0.264247593720288,0.163650296807476,0.214285714285714
2026-01-04,"2026-01-04-14-green-bay_w","green-bay","robert-morris",1,0.51063995494685,0.518397778391815,0.5
2026-01-04,"2026-01-04-13-elon_w","hampton","elon",0,0.623663735589148,0.701762521842436,0.675324675324675
2026-01-04,"2026-01-04-00-hawaii_w","hawaii","california-san-diego",0,0.285198414495794,0.184471185488815,0.214285714285714
2026-01-04,"2026-01-04-13-north-carolina-wilmington_w","hofstra","north-carolina-wilmington",1,0.293796691338386,0.193590473204575,0.214285714285714
2026-01-04,"2026-01-04-12-michigan-state_w","illinois","michigan-state",0,0.277380452104928,0.176471213159699,0.214285714285714
2026-01-04,"2026-01-04-01-illinois-chicago_w","illinois-chicago","indiana-state",1,0.716898591392357,0.817701804608011,0.785714285714286
2026-01-04,"2026-01-04-14-belmont_w","illinois-state","belmont",0,0.731961945523497,0.832728093727452,0.785714285714286
2026-01-04,"2026-01-04-00-maryland_w","indiana","maryland",0,0.126996358727477,0.0703686529013951,0
2026-01-04,"2026-01-04-01-illinois-chicago_w","indiana-state","illinois-chicago",0,0.283101408605592,0.182298195389964,0.214285714285714
2026-01-04,"2026-01-04-17-iowa-state_w","iowa-state","baylor",0,0.879429964479843,0.932485289752893,1
2026-01-04,"2026-01-04-01-jacksonville-state_w","jacksonville-state","middle-tennessee",0,0.550651208298528,0.586735591039828,0.5
2026-01-04,"2026-01-04-14-central-florida_w","kansas","central-florida",1,0.551630298864608,0.588377383341609,0.5
2026-01-04,"2026-01-04-14-kansas-state_w","kansas-state","west-virginia",0,0.162434123417085,0.0881991192477192,0.0833333333333333
2026-01-04,"2026-01-04-00-kennesaw-state_w","kennesaw-state","western-kentucky",1,0.679049320890682,0.77538149071685,0.675324675324675
2026-01-04,"2026-01-04-12-kentucky_w","kentucky","missouri",1,0.888320453811978,0.93625675923731,1
2026-01-04,"2026-01-04-13-le-moyne_w","le-moyne","mercyhurst",0,0.540156265829503,0.569022906910572,0.5
2026-01-04,"2026-01-04-02-texas-el-paso_w","liberty","texas-el-paso",1,0.42992182382806,0.381092490303349,0.324675324675325
2026-01-04,"2026-01-04-00-long-island-university_w","long-island-university","chicago-state",1,0.82598298885493,0.905138975520817,0.869565217391304
2026-01-04,"2026-01-04-01-vanderbilt_w","louisiana-state","vanderbilt",0,0.697864057238041,0.797241554845428,0.686783871028874
2026-01-04,"2026-01-04-00-louisville_w","louisville","virginia-tech",1,0.611125693927228,0.68329297990784,0.675324675324675
2026-01-04,"2026-01-04-03-loyola-marymount_w","loyola-marymount","san-francisco",0,0.645645219653845,0.732591012749727,0.675324675324675
2026-01-04,"2026-01-04-16-marquette_w","marquette","villanova",1,0.351831922228306,0.264003013516051,0.324675324675325
2026-01-04,"2026-01-04-00-maryland_w","maryland","indiana",1,0.873003641271468,0.929631347098168,1
2026-01-04,"2026-01-04-13-le-moyne_w","mercyhurst","le-moyne",1,0.459843734171636,0.430977093091512,0.5
2026-01-04,"2026-01-04-14-miami-fl_w","miami-fl","clemson",0,0.409681630864249,0.348652400408922,0.324675324675325
2026-01-04,"2026-01-04-12-michigan-state_w","michigan-state","illinois",1,0.722619547892695,0.823528786837999,0.785714285714286
2026-01-04,"2026-01-04-01-jacksonville-state_w","middle-tennessee","jacksonville-state",1,0.449348791700893,0.413264408959349,0.5
2026-01-04,"2026-01-04-01-milwaukee_w","milwaukee","cleveland-state",1,0.140314808674886,0.0766412978838812,0
2026-01-04,"2026-01-04-01-texas_w","mississippi","texas",0,0.241141518148234,0.142925653420855,0.161290322580645
2026-01-04,"2026-01-04-15-oklahoma_w","mississippi-state","oklahoma",0,0.299551021451549,0.199882480719927,0.243826704968189
2026-01-04,"2026-01-04-12-kentucky_w","missouri","kentucky",0,0.111679546187769,0.0637432407626227,0
2026-01-04,"2026-01-04-00-florida-international_w","missouri-state","florida-international",1,0.456844209674776,0.425894553695775,0.5
2026-01-04,"2026-01-04-13-north-carolina-at_w","monmouth","north-carolina-at",1,0.879236236501966,0.932400846250976,1
2026-01-04,"2026-01-04-01-murray-state_w","murray-state","bradley",1,0.728388317662815,0.82925526810058,0.785714285714286
2026-01-04,"2026-01-04-15-nebraska_w","nebraska","purdue",1,0.877173298935144,0.931495544771269,1
2026-01-04,"2026-01-04-13-new-haven_w","new-haven","central-connecticut-state",1,0.747917599126837,0.847547449540145,0.805687869232048
2026-01-04,"2026-01-04-02-new-mexico-state_w","new-mexico-state","delaware",1,0.165322970777037,0.0898199802754292,0.0833333333333333
2026-01-04,"2026-01-04-00-north-carolina_w","north-carolina","stanford",0,0.591562831856989,0.653300592862559,0.675324675324675
2026-01-04,"2026-01-04-13-north-carolina-at_w","north-carolina-at","monmouth",0,0.120763763497859,0.0675991537489862,0
2026-01-04,"2026-01-04-14-north-carolina-state_w","north-carolina-state","california",1,0.499349540672105,0.498874770469594,0.5
2026-01-04,"2026-01-04-13-north-carolina-wilmington_w","north-carolina-wilmington","hofstra",0,0.706203308661098,0.806409526794963,0.785714285714286
2026-01-04,"2026-01-04-00-college-of-charleston_w","northeastern","college-of-charleston",0,0.289452692466405,0.188941072664787,0.214285714285714
2026-01-04,"2026-01-04-15-northern-iowa_w","northern-iowa","southern-illinois",1,0.727417883414081,0.828302377590707,0.785714285714286
2026-01-04,"2026-01-04-13-northern-kentucky_w","northern-kentucky","detroit-mercy",1,0.627258470315436,0.706942220860003,0.675324675324675
2026-01-04,"2026-01-04-00-duke_w","notre-dame","duke",0,0.81596226852399,0.899015758744133,0.869565217391304
2026-01-04,"2026-01-04-14-ohio-state_w","ohio-state","rutgers",1,0.918814043585067,0.947748986226807,1
2026-01-04,"2026-01-04-15-oklahoma_w","oklahoma","mississippi-state",1,0.700448978545288,0.800117519276671,0.756173295004386
2026-01-04,"2026-01-04-03-portland_w","pacific","portland",0,0.443248474609828,0.403067861664159,0.5
2026-01-04,"2026-01-04-01-wisconsin_w","penn-state","wisconsin",0,0.448550539602145,0.411925709507461,0.5
2026-01-04,"2026-01-04-00-boston-college_w","pittsburgh","boston-college",1,0.517273491762092,0.529845938031767,0.5
2026-01-04,"2026-01-04-03-portland_w","portland","pacific",1,0.556751525389893,0.596932138335526,0.5
2026-01-04,"2026-01-04-15-depaul_w","providence","depaul",1,0.636720486795292,0.720320636840063,0.675324675324675
2026-01-04,"2026-01-04-15-nebraska_w","purdue","nebraska",0,0.122826701063883,0.0685044552283406,0
2026-01-04,"2026-01-04-14-green-bay_w","robert-morris","green-bay",0,0.489360045051848,0.48160222160609,0.5
2026-01-04,"2026-01-04-14-ohio-state_w","rutgers","ohio-state",0,0.0811859564143964,0.0522510137730396,0
2026-01-04,"2026-01-04-13-saint-francis-pa_w","saint-francis-pa","fairleigh-dickinson",0,0.0983066447479752,0.0584386576380116,0
2026-01-04,"2026-01-04-03-san-diego_w","saint-marys-ca","san-diego",1,0.705005545902427,0.805112365580831,0.785714285714286
2026-01-04,"2026-01-04-03-san-diego_w","san-diego","saint-marys-ca",0,0.294994454096462,0.194887634418059,0.214285714285714
2026-01-04,"2026-01-04-03-loyola-marymount_w","san-francisco","loyola-marymount",1,0.354354780344621,0.267408987248315,0.324675324675325
2026-01-04,"2026-01-04-16-santa-clara_w","santa-clara","gonzaga",1,0.735752406279552,0.836349703192457,0.785714285714286
2026-01-04,"2026-01-04-03-seattle_w","seattle","washington-state",0,0.40104262760485,0.335202745840904,0.324675324675325
2026-01-04,"2026-01-04-00-florida_w","south-carolina","florida",1,0.806526492093594,0.892931798962452,0.869565217391304
2026-01-04,"2026-01-04-15-northern-iowa_w","southern-illinois","northern-iowa",0,0.272582116585821,0.171697622409285,0.214285714285714
2026-01-04,"2026-01-04-01-southern-methodist_w","southern-methodist","georgia-tech",0,0.50225250712931,0.503896539566081,0.5
2026-01-04,"2026-01-04-00-north-carolina_w","stanford","north-carolina",1,0.408437168140658,0.346699407133893,0.324675324675325
2026-01-04,"2026-01-04-14-stonehill_w","stonehill","wagner",0,0.664616031237657,0.757510493192602,0.675324675324675
2026-01-04,"2026-01-04-13-william-mary_w","stony-brook","william-mary",1,0.155099590439025,0.0842020284122287,0.0833333333333333
2026-01-04,"2026-01-04-00-wake-forest_w","syracuse","wake-forest",1,0.60004043108849,0.666465240167648,0.675324675324675
2026-01-04,"2026-01-04-16-auburn_w","tennessee","auburn",1,0.768661439620555,0.865184165653229,0.838709677419355
2026-01-04,"2026-01-04-01-texas_w","texas","mississippi",1,0.758858481848512,0.857074346576462,0.838709677419355
2026-01-04,"2026-01-04-14-georgia_w","texas-am","georgia",0,0.199119883966658,0.110861291899503,0.161290322580645
2026-01-04,"2026-01-04-02-texas-el-paso_w","texas-el-paso","liberty",0,0.570078176171187,0.618907509695567,0.675324675324675
2026-01-04,"2026-01-04-01-vanderbilt_w","vanderbilt","louisiana-state",1,0.302135942758443,0.202758445150738,0.31321612893444
2026-01-04,"2026-01-04-16-marquette_w","villanova","marquette",0,0.648168077771509,0.73599698648382,0.675324675324675
2026-01-04,"2026-01-04-00-florida-state_w","virginia","florida-state",1,0.939888068356665,0.954516462884426,1
2026-01-04,"2026-01-04-12-virginia-commonwealth_w","virginia-commonwealth","george-mason",0,0.169133363819339,0.0919989378095716,0.0997944983926094
2026-01-04,"2026-01-04-00-louisville_w","virginia-tech","louisville",0,0.388874306070801,0.316707020089343,0.324675324675325
2026-01-04,"2026-01-04-14-stonehill_w","wagner","stonehill",1,0.335383968761165,0.242489506806014,0.324675324675325
2026-01-04,"2026-01-04-00-wake-forest_w","wake-forest","syracuse",0,0.39995956890902,0.333534759828659,0.324675324675325
2026-01-04,"2026-01-04-03-seattle_w","washington-state","seattle",1,0.598957372394784,0.664797254158669,0.675324675324675
2026-01-04,"2026-01-04-14-kansas-state_w","west-virginia","kansas-state",1,0.83756587658217,0.911800880751916,0.916666666666667
2026-01-04,"2026-01-04-00-kennesaw-state_w","western-kentucky","kennesaw-state",0,0.320950679107697,0.224618509281305,0.324675324675325
2026-01-04,"2026-01-04-13-william-mary_w","william-mary","stony-brook",0,0.844900409560221,0.915797971587417,0.916666666666667
2026-01-04,"2026-01-04-01-wisconsin_w","wisconsin","penn-state",1,0.551449460396873,0.588074290491042,0.5
2026-01-04,"2026-01-04-14-georgetown_w","xavier","georgetown",1,0.327001529409814,0.231994688297119,0.324675324675325
2026-01-05,"2026-01-05-17-yale_w","brown","yale",1,0.662287071235847,0.75453799275155,0.675324675324675
2026-01-05,"2026-01-05-20-northwestern_w","iowa","northwestern",1,0.826565421492447,0.905484454285264,0.869565217391304
2026-01-05,"2026-01-05-19-ipfw_w","ipfw","iupui",1,0.692168602676385,0.790796306948363,0.675324675324675
2026-01-05,"2026-01-05-19-ipfw_w","iupui","ipfw",0,0.307831397321287,0.209203693049075,0.324675324675325
2026-01-05,"2026-01-05-00-michigan_w","michigan","minnesota",1,0.547750897761553,0.581860994558273,0.5
2026-01-05,"2026-01-05-00-michigan_w","minnesota","michigan",0,0.452249102236718,0.418139005438966,0.5
2026-01-05,"2026-01-05-20-northwestern_w","northwestern","iowa",0,0.173434578506908,0.0945155457144066,0.130434782608696
2026-01-05,"2026-01-05-18-youngstown-state_w","oakland","youngstown-state",0,0.170089225708198,0.0925529483127341,0.117989028370157
2026-01-05,"2026-01-05-17-yale_w","yale","brown",0,0.337712928762367,0.245462007246275,0.324675324675325
2026-01-05,"2026-01-05-18-youngstown-state_w","youngstown-state","oakland",1,0.829910774290371,0.907447051686486,0.88201097158846
