input_ticker,canonical_ticker,title,close_time_utc,game_date_local,snapshot_local,snapshot_end_period_utc,yes_bid_close_dollars,yes_ask_close_dollars,status,error
KXNCAAWBGAME-25DEC14DAVCHAR-DAV,KXNCAAWBGAME-25DEC14DAVCHAR-DAV,Davidson at Charlotte Winner?,2025-12-15T03:00:54.105631+00:00,2025-12-14,2025-12-14T08:00:00-05:00,2025-12-14T13:24:00+00:00,0.7900,0.8900,ok,
KXNCAAWBGAME-25DEC14DAVCHAR-CHAR,KXNCAAWBGAME-25DEC14DAVCHAR-CHAR,Davidson at Charlotte Winner?,2025-12-15T03:00:54.105631+00:00,2025-12-14,2025-12-14T08:00:00-05:00,2025-12-14T13:24:00+00:00,0.1100,0.2100,ok,
KXNCAAWBGAME-25DEC14UNIISU-UNI,KXNCAAWBGAME-25DEC14UNIISU-UNI,Northern Iowa at Iowa St. Winner?,2025-12-15T01:10:01.228606+00:00,2025-12-14,2025-12-14T08:00:00-05:00,2025-12-14T13:07:00+00:00,0.0100,0.0400,ok,
KXNCAAWBGAME-25DEC14UNIISU-ISU,KXNCAAWBGAME-25DEC14UNIISU-ISU,Northern Iowa at Iowa St. Winner?,2025-12-15T01:10:01.228606+00:00,2025-12-14,2025-12-14T08:00:00-05:00,2025-12-14T13:24:00+00:00,0.9500,0.9900,ok,
KXNCAAWBGAME-25DEC14WYOMINN-WYO,KXNCAAWBGAME-25DEC14WYOMINN-WYO,Wyoming at Minnesota Winner?,2025-12-15T01:15:09.219359+00:00,2025-12-14,2025-12-14T08:00:00-05:00,2025-12-14T13:24:00+00:00,0.0500,0.1000,ok,
KXNCAAWBGAME-25DEC14WYOMINN-MINN,KXNCAAWBGAME-25DEC14WYOMINN-MINN,Wyoming at Minnesota Winner?,2025-12-15T01:15:09.219359+00:00,2025-12-14,2025-12-14T08:00:00-05:00,2025-12-14T13:24:00+00:00,0.9000,0.9700,ok,
KXNCAAWBGAME-25DEC14MSUDEP-MSU,KXNCAAWBGAME-25DEC14MSUDEP-MSU,Michigan St. at DePaul Winner?,2025-12-15T00:50:38.867922+00:00,2025-12-14,2025-12-14T08:00:00-05:00,2025-12-14T13:24:00+00:00,0.9700,0.9800,ok,
KXNCAAWBGAME-25DEC14MSUDEP-DEP,KXNCAAWBGAME-25DEC14MSUDEP-DEP,Michigan St. at DePaul Winner?,2025-12-15T00:50:38.867922+00:00,2025-12-14,2025-12-14T08:00:00-05:00,,,,no_candle_in_window,no candle found after 8:00 in requested window
KXNCAAWBGAME-25DEC14UCRVUSD-USD,KXNCAAWBGAME-25DEC14UCRVUSD-USD,UC Riverside at San Diego Winner?,2025-12-15T00:15:19.599476+00:00,2025-12-14,2025-12-14T08:00:00-05:00,2025-12-14T13:15:00+00:00,0.3000,0.4000,ok,
KXNCAAWBGAME-25DEC14UCRVUSD-UCRV,KXNCAAWBGAME-25DEC14UCRVUSD-UCRV,UC Riverside at San Diego Winner?,2025-12-15T00:15:19.599476+00:00,2025-12-14,2025-12-14T08:00:00-05:00,2025-12-14T13:24:00+00:00,0.5900,0.6900,ok,
KXNCAAWBGAME-25DEC14JACTCU-TCU,KXNCAAWBGAME-25DEC14JACTCU-TCU,Jacksonville at TCU Winner?,2025-12-15T00:40:22.517414+00:00,2025-12-14,2025-12-14T08:00:00-05:00,2025-12-14T13:24:00+00:00,0.9500,0.9700,ok,
KXNCAAWBGAME-25DEC14JACTCU-JAC,KXNCAAWBGAME-25DEC14JACTCU-JAC,Jacksonville at TCU Winner?,2025-12-15T00:40:22.517414+00:00,2025-12-14,2025-12-14T08:00:00-05:00,,,,no_candle_in_window,no candle found after 8:00 in requested window
KXNCAAWBGAME-25DEC14ETSUVT-VT,KXNCAAWBGAME-25DEC14ETSUVT-VT,East Tennessee St. at Virginia Tech Winner?,2025-12-15T00:00:47.980704+00:00,2025-12-14,2025-12-14T08:00:00-05:00,2025-12-14T13:24:00+00:00,0.9600,0.9800,ok,
KXNCAAWBGAME-25DEC14ETSUVT-ETSU,KXNCAAWBGAME-25DEC14ETSUVT-ETSU,East Tennessee St. at Virginia Tech Winner?,2025-12-15T00:00:47.980704+00:00,2025-12-14,2025-12-14T08:00:00-05:00,2025-12-14T13:24:00+00:00,0.0200,0.0300,ok,
KXNCAAWBGAME-25DEC14JKSTALA-JKST,KXNCAAWBGAME-25DEC14JKSTALA-JKST,Jackson St. at Alabama Winner?,2025-12-14T23:31:03.955927+00:00,2025-12-14,2025-12-14T08:00:00-05:00,,,,no_candle_in_window,no candle found after 8:00 in requested window
KXNCAAWBGAME-25DEC14JKSTALA-ALA,KXNCAAWBGAME-25DEC14JKSTALA-ALA,Jackson St. at Alabama Winner?,2025-12-14T23:31:03.955927+00:00,2025-12-14,2025-12-14T08:00:00-05:00,,,,no_candle_in_window,no candle found after 8:00 in requested window
KXNCAAWBGAME-25DEC14ASUORST-ORST,KXNCAAWBGAME-25DEC14ASUORST-ORST,Arizona St. at Oregon St. Winner?,2025-12-14T23:31:04.429870+00:00,2025-12-14,2025-12-14T08:00:00-05:00,2025-12-14T13:24:00+00:00,0.2500,0.4700,ok,
KXNCAAWBGAME-25DEC14ASUORST-ASU,KXNCAAWBGAME-25DEC14ASUORST-ASU,Arizona St. at Oregon St. Winner?,2025-12-14T23:31:04.429870+00:00,2025-12-14,2025-12-14T08:00:00-05:00,2025-12-14T13:24:00+00:00,0.5300,0.7100,ok,
KXNCAAWBGAME-25DEC14NWUTAH-UTAH,KXNCAAWBGAME-25DEC14NWUTAH-UTAH,Northwestern at Utah Winner?,2025-12-14T23:30:54.738019+00:00,2025-12-14,2025-12-14T08:00:00-05:00,2025-12-14T13:24:00+00:00,0.8500,0.9200,ok,
KXNCAAWBGAME-25DEC14NWUTAH-NW,KXNCAAWBGAME-25DEC14NWUTAH-NW,Northwestern at Utah Winner?,2025-12-14T23:30:54.738019+00:00,2025-12-14,2025-12-14T08:00:00-05:00,2025-12-14T13:16:00+00:00,0.1000,0.1500,ok,
KXNCAAWBGAME-25DEC14LOUUNC-UNC,KXNCAAWBGAME-25DEC14LOUUNC-UNC,Louisville at North Carolina Winner?,2025-12-14T23:45:57.571917+00:00,2025-12-14,2025-12-14T08:00:00-05:00,2025-12-14T13:06:00+00:00,0.6000,0.8000,ok,
KXNCAAWBGAME-25DEC14LOUUNC-LOU,KXNCAAWBGAME-25DEC14LOUUNC-LOU,Louisville at North Carolina Winner?,2025-12-14T23:45:57.571917+00:00,2025-12-14,2025-12-14T08:00:00-05:00,2025-12-14T13:24:00+00:00,0.2000,0.3900,ok,
KXNCAAWBGAME-25DEC14NDJMU-ND,KXNCAAWBGAME-25DEC14NDJMU-ND,Notre Dame at James Madison Winner?,2025-12-14T23:21:25.730837+00:00,2025-12-14,2025-12-14T08:00:00-05:00,2025-12-14T13:24:00+00:00,0.7100,0.8900,ok,
KXNCAAWBGAME-25DEC14NDJMU-JMU,KXNCAAWBGAME-25DEC14NDJMU-JMU,Notre Dame at James Madison Winner?,2025-12-14T23:21:25.730837+00:00,2025-12-14,2025-12-14T08:00:00-05:00,2025-12-14T13:24:00+00:00,0.1000,0.2900,ok,
KXNCAAWBGAME-25DEC14UNCAECU-UNCA,KXNCAAWBGAME-25DEC14UNCAECU-UNCA,UNC Asheville at East Carolina Winner?,2025-12-14T23:25:20.103130+00:00,2025-12-14,2025-12-14T08:00:00-05:00,2025-12-14T13:05:00+00:00,0.0600,0.0800,ok,
KXNCAAWBGAME-25DEC14UNCAECU-ECU,KXNCAAWBGAME-25DEC14UNCAECU-ECU,UNC Asheville at East Carolina Winner?,2025-12-14T23:25:20.103130+00:00,2025-12-14,2025-12-14T08:00:00-05:00,2025-12-14T13:05:00+00:00,0.9200,0.9600,ok,
KXNCAAWBGAME-25DEC14CALSTAN-STAN,KXNCAAWBGAME-25DEC14CALSTAN-STAN,California at Stanford Winner?,2025-12-15T00:25:20.458080+00:00,2025-12-14,2025-12-14T08:00:00-05:00,2025-12-14T13:24:00+00:00,0.6500,0.9000,ok,
KXNCAAWBGAME-25DEC14CALSTAN-CAL,KXNCAAWBGAME-25DEC14CALSTAN-CAL,California at Stanford Winner?,2025-12-15T00:25:20.458080+00:00,2025-12-14,2025-12-14T08:00:00-05:00,2025-12-14T13:11:00+00:00,0.1100,0.2900,ok,
KXNCAAWBGAME-25DEC14KSUCREI-KSU,KXNCAAWBGAME-25DEC14KSUCREI-KSU,Kansas St. at Creighton Winner?,2025-12-14T23:31:05.652288+00:00,2025-12-14,2025-12-14T08:00:00-05:00,2025-12-14T13:24:00+00:00,0.4900,0.6800,ok,
KXNCAAWBGAME-25DEC14KSUCREI-CREI,KXNCAAWBGAME-25DEC14KSUCREI-CREI,Kansas St. at Creighton Winner?,2025-12-14T23:31:05.652288+00:00,2025-12-14,2025-12-14T08:00:00-05:00,2025-12-14T13:24:00+00:00,0.3000,0.4800,ok,
KXNCAAWBGAME-25DEC14PSUSCAR-SCAR,KXNCAAWBGAME-25DEC14PSUSCAR-SCAR,Penn St. at South Carolina Winner?,2025-12-14T22:45:47.333486+00:00,2025-12-14,2025-12-14T08:00:00-05:00,2025-12-14T13:03:00+00:00,0.7900,0.9800,ok,
KXNCAAWBGAME-25DEC14PSUSCAR-PSU,KXNCAAWBGAME-25DEC14PSUSCAR-PSU,Penn St. at South Carolina Winner?,2025-12-14T22:45:47.333486+00:00,2025-12-14,2025-12-14T08:00:00-05:00,2025-12-14T13:04:00+00:00,0.0200,0.1600,ok,
KXNCAAWBGAME-25DEC14USMMSST-USM,KXNCAAWBGAME-25DEC14USMMSST-USM,Southern Miss at Mississippi St. Winner?,2025-12-14T22:35:57.129298+00:00,2025-12-14,2025-12-14T08:00:00-05:00,2025-12-14T13:05:00+00:00,0.0600,0.0700,ok,
KXNCAAWBGAME-25DEC14USMMSST-MSST,KXNCAAWBGAME-25DEC14USMMSST-MSST,Southern Miss at Mississippi St. Winner?,2025-12-14T22:35:57.129298+00:00,2025-12-14,2025-12-14T08:00:00-05:00,2025-12-14T13:05:00+00:00,0.9300,0.9600,ok,
KXNCAAWBGAME-25DEC14ACTTU-TTU,KXNCAAWBGAME-25DEC14ACTTU-TTU,Abilene Christian at Texas Tech Winner?,2025-12-14T22:41:36.493107+00:00,2025-12-14,2025-12-14T08:00:00-05:00,2025-12-14T13:05:00+00:00,0.9000,0.9500,ok,
KXNCAAWBGAME-25DEC14ACTTU-AC,KXNCAAWBGAME-25DEC14ACTTU-AC,Abilene Christian at Texas Tech Winner?,2025-12-14T22:41:36.493107+00:00,2025-12-14,2025-12-14T08:00:00-05:00,2025-12-14T13:05:00+00:00,0.0700,0.0800,ok,
KXNCAAWBGAME-25DEC14MIZZSLU-SLU,KXNCAAWBGAME-25DEC14MIZZSLU-SLU,Missouri at Saint Louis Winner?,2025-12-14T22:50:47.114938+00:00,2025-12-14,2025-12-14T08:00:00-05:00,2025-12-14T13:24:00+00:00,0.1100,0.2400,ok,
KXNCAAWBGAME-25DEC14MIZZSLU-MIZZ,KXNCAAWBGAME-25DEC14MIZZSLU-MIZZ,Missouri at Saint Louis Winner?,2025-12-14T22:50:47.114938+00:00,2025-12-14,2025-12-14T08:00:00-05:00,2025-12-14T13:09:00+00:00,0.7600,0.9100,ok,
KXNCAAWBGAME-25DEC14UKBEL-UK,KXNCAAWBGAME-25DEC14UKBEL-UK,Kentucky at Belmont Winner?,2025-12-14T22:41:28.216647+00:00,2025-12-14,2025-12-14T08:00:00-05:00,2025-12-14T13:17:00+00:00,0.8700,0.9400,ok,
KXNCAAWBGAME-25DEC14UKBEL-BEL,KXNCAAWBGAME-25DEC14UKBEL-BEL,Kentucky at Belmont Winner?,2025-12-14T22:41:28.216647+00:00,2025-12-14,2025-12-14T08:00:00-05:00,2025-12-14T13:16:00+00:00,0.0600,0.1100,ok,
KXNCAAWBGAME-25DEC14MOHCOLO-MOH,KXNCAAWBGAME-25DEC14MOHCOLO-MOH,Miami (OH) at Colorado Winner?,2025-12-14T22:45:56.044811+00:00,2025-12-14,2025-12-14T08:00:00-05:00,2025-12-14T13:20:00+00:00,0.1000,0.1500,ok,
KXNCAAWBGAME-25DEC14MOHCOLO-COLO,KXNCAAWBGAME-25DEC14MOHCOLO-COLO,Miami (OH) at Colorado Winner?,2025-12-14T22:45:56.044811+00:00,2025-12-14,2025-12-14T08:00:00-05:00,2025-12-14T13:24:00+00:00,0.8500,0.9200,ok,
KXNCAAWBGAME-25DEC14UNTILL-UNT,KXNCAAWBGAME-25DEC14UNTILL-UNT,North Texas at Illinois Winner?,2025-12-14T22:41:28.278474+00:00,2025-12-14,2025-12-14T08:00:00-05:00,2025-12-14T13:05:00+00:00,0.0600,0.0700,ok,
KXNCAAWBGAME-25DEC14UNTILL-ILL,KXNCAAWBGAME-25DEC14UNTILL-ILL,North Texas at Illinois Winner?,2025-12-14T22:41:28.278474+00:00,2025-12-14,2025-12-14T08:00:00-05:00,2025-12-14T13:05:00+00:00,0.9100,0.9600,ok,
KXNCAAWBGAME-25DEC14WVUTXAM-WVU,KXNCAAWBGAME-25DEC14WVUTXAM-WVU,West Virginia at Texas A&M Winner?,2025-12-14T22:21:47.290943+00:00,2025-12-14,2025-12-14T08:00:00-05:00,2025-12-14T13:24:00+00:00,0.7200,0.8600,ok,
KXNCAAWBGAME-25DEC14WVUTXAM-TXAM,KXNCAAWBGAME-25DEC14WVUTXAM-TXAM,West Virginia at Texas A&M Winner?,2025-12-14T22:21:47.290943+00:00,2025-12-14,2025-12-14T08:00:00-05:00,2025-12-14T13:24:00+00:00,0.1400,0.2800,ok,
KXNCAAWBGAME-25DEC14SCSTMISS-SCST,KXNCAAWBGAME-25DEC14SCSTMISS-SCST,South Carolina St. at Ole Miss Winner?,2025-12-14T22:32:06.325976+00:00,2025-12-14,2025-12-14T08:00:00-05:00,,,,no_candle_in_window,no candle found after 8:00 in requested window
KXNCAAWBGAME-25DEC14SCSTMISS-MISS,KXNCAAWBGAME-25DEC14SCSTMISS-MISS,South Carolina St. at Ole Miss Winner?,2025-12-14T22:32:06.325976+00:00,2025-12-14,2025-12-14T08:00:00-05:00,,,,no_candle_in_window,no candle found after 8:00 in requested window
KXNCAAWBGAME-25DEC14UNOTULN-UNO,KXNCAAWBGAME-25DEC14UNOTULN-UNO,New Orleans at Tulane Winner?,2025-12-14T22:32:02.619584+00:00,2025-12-14,2025-12-14T08:00:00-05:00,2025-12-14T13:05:00+00:00,0.0600,0.0800,ok,
KXNCAAWBGAME-25DEC14UNOTULN-TULN,KXNCAAWBGAME-25DEC14UNOTULN-TULN,New Orleans at Tulane Winner?,2025-12-14T22:32:02.619584+00:00,2025-12-14,2025-12-14T08:00:00-05:00,2025-12-14T13:05:00+00:00,0.9400,0.9500,ok,
KXNCAAWBGAME-25DEC14SCUGC-SCU,KXNCAAWBGAME-25DEC14SCUGC-SCU,Santa Clara at Grand Canyon Winner?,2025-12-14T22:41:28.331570+00:00,2025-12-14,2025-12-14T08:00:00-05:00,2025-12-14T13:24:00+00:00,0.6000,0.7600,ok,
KXNCAAWBGAME-25DEC14SCUGC-GC,KXNCAAWBGAME-25DEC14SCUGC-GC,Santa Clara at Grand Canyon Winner?,2025-12-14T22:41:28.331570+00:00,2025-12-14,2025-12-14T08:00:00-05:00,2025-12-14T13:24:00+00:00,0.2300,0.4200,ok,
KXNCAAWBGAME-25DEC14MTSTORE-ORE,KXNCAAWBGAME-25DEC14MTSTORE-ORE,Montana St. at Oregon Winner?,2025-12-14T22:50:47.172954+00:00,2025-12-14,2025-12-14T08:00:00-05:00,2025-12-14T13:24:00+00:00,0.8800,0.9500,ok,
KXNCAAWBGAME-25DEC14MTSTORE-MTST,KXNCAAWBGAME-25DEC14MTSTORE-MTST,Montana St. at Oregon Winner?,2025-12-14T22:50:47.172954+00:00,2025-12-14,2025-12-14T08:00:00-05:00,2025-12-14T13:21:00+00:00,0.0600,0.1200,ok,
KXNCAAWBGAME-25DEC14DENKU-KU,KXNCAAWBGAME-25DEC14DENKU-KU,Denver at Kansas Winner?,2025-12-14T22:41:35.097679+00:00,2025-12-14,2025-12-14T08:00:00-05:00,2025-12-14T13:07:00+00:00,0.9300,0.9800,ok,
KXNCAAWBGAME-25DEC14DENKU-DEN,KXNCAAWBGAME-25DEC14DENKU-DEN,Denver at Kansas Winner?,2025-12-14T22:41:35.097679+00:00,2025-12-14,2025-12-14T08:00:00-05:00,2025-12-14T13:07:00+00:00,0.0100,0.0900,ok,
KXNCAAWBGAME-25DEC14LMCMARQ-MARQ,KXNCAAWBGAME-25DEC14LMCMARQ-MARQ,Le Moyne at Marquette Winner?,2025-12-14T22:21:58.774523+00:00,2025-12-14,2025-12-14T08:00:00-05:00,2025-12-14T13:03:00+00:00,0.9600,1.0000,ok,
KXNCAAWBGAME-25DEC14LMCMARQ-LMC,KXNCAAWBGAME-25DEC14LMCMARQ-LMC,Le Moyne at Marquette Winner?,2025-12-14T22:21:58.774523+00:00,2025-12-14,2025-12-14T08:00:00-05:00,2025-12-14T13:26:00+00:00,0.0000,0.0300,ok,
KXNCAAWBGAME-25DEC14LASUMES-UMES,KXNCAAWBGAME-25DEC14LASUMES-UMES,La Salle at Maryland-Eastern Shore Winner?,2025-12-14T22:11:31.366518+00:00,2025-12-14,2025-12-14T08:00:00-05:00,2025-12-14T13:10:00+00:00,0.5800,0.6800,ok,
KXNCAAWBGAME-25DEC14LASUMES-LAS,KXNCAAWBGAME-25DEC14LASUMES-LAS,La Salle at Maryland-Eastern Shore Winner?,2025-12-14T22:11:31.366518+00:00,2025-12-14,2025-12-14T08:00:00-05:00,2025-12-14T13:24:00+00:00,0.3000,0.4300,ok,
KXNCAAWBGAME-25DEC14NCSTMIA-NCST,KXNCAAWBGAME-25DEC14NCSTMIA-NCST,North Carolina St. at Miami (FL) Winner?,2025-12-14T22:11:28.576626+00:00,2025-12-14,2025-12-14T08:00:00-05:00,2025-12-14T13:24:00+00:00,0.3200,0.6800,ok,
KXNCAAWBGAME-25DEC14NCSTMIA-MIA,KXNCAAWBGAME-25DEC14NCSTMIA-MIA,North Carolina St. at Miami (FL) Winner?,2025-12-14T22:11:28.576626+00:00,2025-12-14,2025-12-14T08:00:00-05:00,,,,no_candle_in_window,no candle found after 8:00 in requested window
KXNCAAWBGAME-25DEC14GTWAKE-WAKE,KXNCAAWBGAME-25DEC14GTWAKE-WAKE,Georgia Tech at Wake Forest Winner?,2025-12-14T22:16:52.961071+00:00,2025-12-14,2025-12-14T08:00:00-05:00,2025-12-14T13:24:00+00:00,0.3100,0.4900,ok,
KXNCAAWBGAME-25DEC14GTWAKE-GT,KXNCAAWBGAME-25DEC14GTWAKE-GT,Georgia Tech at Wake Forest Winner?,2025-12-14T22:16:52.961071+00:00,2025-12-14,2025-12-14T08:00:00-05:00,2025-12-14T13:24:00+00:00,0.5100,0.6800,ok,
KXNCAAWBGAME-25DEC14PITTCLEM-PITT,KXNCAAWBGAME-25DEC14PITTCLEM-PITT,Pittsburgh at Clemson Winner?,2025-12-15T02:05:13.320271+00:00,2025-12-14,2025-12-14T08:00:00-05:00,2025-12-14T13:05:00+00:00,0.0600,0.1000,ok,
KXNCAAWBGAME-25DEC14PITTCLEM-CLEM,KXNCAAWBGAME-25DEC14PITTCLEM-CLEM,Pittsburgh at Clemson Winner?,2025-12-15T02:05:13.320271+00:00,2025-12-14,2025-12-14T08:00:00-05:00,2025-12-14T13:05:00+00:00,0.9000,0.9600,ok,
KXNCAAWBGAME-25DEC14EIUBUT-EIU,KXNCAAWBGAME-25DEC14EIUBUT-EIU,Eastern Illinois at Butler Winner?,2025-12-14T22:06:51.165745+00:00,2025-12-14,2025-12-14T08:00:00-05:00,2025-12-14T13:05:00+00:00,0.1000,0.1100,ok,
KXNCAAWBGAME-25DEC14EIUBUT-BUT,KXNCAAWBGAME-25DEC14EIUBUT-BUT,Eastern Illinois at Butler Winner?,2025-12-14T22:06:51.165745+00:00,2025-12-14,2025-12-14T08:00:00-05:00,2025-12-14T13:05:00+00:00,0.9000,0.9300,ok,
KXNCAAWBGAME-25DEC14UWGAFLA-UWGA,KXNCAAWBGAME-25DEC14UWGAFLA-UWGA,West Georgia at Florida Winner?,2025-12-14T22:02:17.704052+00:00,2025-12-14,2025-12-14T08:00:00-05:00,,,,no_candle_in_window,no candle found after 8:00 in requested window
KXNCAAWBGAME-25DEC14UWGAFLA-FLA,KXNCAAWBGAME-25DEC14UWGAFLA-FLA,West Georgia at Florida Winner?,2025-12-14T22:02:17.704052+00:00,2025-12-14,2025-12-14T08:00:00-05:00,2025-12-14T13:09:00+00:00,0.9800,0.9900,ok,
KXNCAAWBGAME-25DEC14WINTENN-WIN,KXNCAAWBGAME-25DEC14WINTENN-WIN,Winthrop at Tennessee Winner?,2025-12-14T21:51:36.684811+00:00,2025-12-14,2025-12-14T08:00:00-05:00,,,,no_candle_in_window,no candle found after 8:00 in requested window
KXNCAAWBGAME-25DEC14WINTENN-TENN,KXNCAAWBGAME-25DEC14WINTENN-TENN,Winthrop at Tennessee Winner?,2025-12-14T21:51:36.684811+00:00,2025-12-14,2025-12-14T08:00:00-05:00,2025-12-14T13:11:00+00:00,0.9800,0.9900,ok,
KXNCAAWBGAME-25DEC14MORGUCF-UCF,KXNCAAWBGAME-25DEC14MORGUCF-UCF,Morgan St. at UCF Winner?,2025-12-15T01:54:46.442048+00:00,2025-12-14,2025-12-14T08:00:00-05:00,2025-12-14T13:23:00+00:00,0.9500,0.9700,ok,
KXNCAAWBGAME-25DEC14MORGUCF-MORG,KXNCAAWBGAME-25DEC14MORGUCF-MORG,Morgan St. at UCF Winner?,2025-12-15T01:54:46.442048+00:00,2025-12-14,2025-12-14T08:00:00-05:00,2025-12-14T13:24:00+00:00,0.0300,0.0900,ok,
KXNCAAWBGAME-25DEC14AMERGW-GW,KXNCAAWBGAME-25DEC14AMERGW-GW,American at George Washington Winner?,2025-12-14T22:02:29.538146+00:00,2025-12-14,2025-12-14T08:00:00-05:00,2025-12-14T13:05:00+00:00,0.9000,0.9500,ok,
KXNCAAWBGAME-25DEC14AMERGW-AMER,KXNCAAWBGAME-25DEC14AMERGW-AMER,American at George Washington Winner?,2025-12-14T22:02:29.538146+00:00,2025-12-14,2025-12-14T08:00:00-05:00,2025-12-14T13:05:00+00:00,0.0600,0.1000,ok,
KXNCAAWBGAME-25DEC14COFCFSU-FSU,KXNCAAWBGAME-25DEC14COFCFSU-FSU,Charleston at Florida St. Winner?,2025-12-14T22:11:33.695610+00:00,2025-12-14,2025-12-14T08:00:00-05:00,2025-12-14T13:08:00+00:00,0.7100,0.7700,ok,
KXNCAAWBGAME-25DEC14COFCFSU-COFC,KXNCAAWBGAME-25DEC14COFCFSU-COFC,Charleston at Florida St. Winner?,2025-12-14T22:11:33.695610+00:00,2025-12-14,2025-12-14T08:00:00-05:00,2025-12-14T13:01:00+00:00,0.2500,0.2900,ok,
KXNCAAWBGAME-25DEC14TOLOSU-TOL,KXNCAAWBGAME-25DEC14TOLOSU-TOL,Toledo at Ohio St. Winner?,2025-12-14T21:17:28.648186+00:00,2025-12-14,2025-12-14T08:00:00-05:00,2025-12-14T13:03:00+00:00,0.0200,0.0600,ok,
KXNCAAWBGAME-25DEC14TOLOSU-OSU,KXNCAAWBGAME-25DEC14TOLOSU-OSU,Toledo at Ohio St. Winner?,2025-12-14T21:17:28.648186+00:00,2025-12-14,2025-12-14T08:00:00-05:00,2025-12-14T13:03:00+00:00,0.9400,0.9800,ok,
KXNCAAWBGAME-25DEC14AUBHALL-HALL,KXNCAAWBGAME-25DEC14AUBHALL-HALL,Auburn at Seton Hall Winner?,2025-12-14T21:51:47.427740+00:00,2025-12-14,2025-12-14T08:00:00-05:00,2025-12-14T13:24:00+00:00,0.6600,0.7200,ok,
KXNCAAWBGAME-25DEC14AUBHALL-AUB,KXNCAAWBGAME-25DEC14AUBHALL-AUB,Auburn at Seton Hall Winner?,2025-12-14T21:51:47.427740+00:00,2025-12-14,2025-12-14T08:00:00-05:00,2025-12-14T13:24:00+00:00,0.2800,0.3400,ok,
KXNCAAWBGAME-25DEC14DUQSTON-STON,KXNCAAWBGAME-25DEC14DUQSTON-STON,Duquesne at Stony Brook Winner?,2025-12-14T20:22:20.730947+00:00,2025-12-14,2025-12-14T08:00:00-05:00,2025-12-14T13:24:00+00:00,0.1600,0.2700,ok,
KXNCAAWBGAME-25DEC14DUQSTON-DUQ,KXNCAAWBGAME-25DEC14DUQSTON-DUQ,Duquesne at Stony Brook Winner?,2025-12-14T20:22:20.730947+00:00,2025-12-14,2025-12-14T08:00:00-05:00,2025-12-14T13:24:00+00:00,0.7300,0.8100,ok,
KXNCAAWBGAME-25DEC14EMUIND-IND,KXNCAAWBGAME-25DEC14EMUIND-IND,Eastern Michigan at Indiana Winner?,2025-12-14T20:12:22.944084+00:00,2025-12-14,2025-12-14T08:00:00-05:00,2025-12-14T13:07:00+00:00,0.9100,0.9700,ok,
KXNCAAWBGAME-25DEC14EMUIND-EMU,KXNCAAWBGAME-25DEC14EMUIND-EMU,Eastern Michigan at Indiana Winner?,2025-12-14T20:12:22.944084+00:00,2025-12-14,2025-12-14T08:00:00-05:00,2025-12-14T13:07:00+00:00,0.0200,0.0900,ok,
KXNCAAWBGAME-25DEC14BAYTEX-TEX,KXNCAAWBGAME-25DEC14BAYTEX-TEX,Baylor at Texas Winner?,2025-12-14T20:22:20.753294+00:00,2025-12-14,2025-12-14T08:00:00-05:00,2025-12-14T13:21:00+00:00,0.8700,0.9300,ok,
KXNCAAWBGAME-25DEC14BAYTEX-BAY,KXNCAAWBGAME-25DEC14BAYTEX-BAY,Baylor at Texas Winner?,2025-12-14T20:22:20.753294+00:00,2025-12-14,2025-12-14T08:00:00-05:00,2025-12-14T13:21:00+00:00,0.0900,0.1600,ok,
KXNCAAWBGAME-25DEC14SFPAXAV-XAV,KXNCAAWBGAME-25DEC14SFPAXAV-XAV,St. Francis (PA) at Xavier Winner?,2025-12-14T20:07:20.935362+00:00,2025-12-14,2025-12-14T08:00:00-05:00,2025-12-14T13:21:00+00:00,0.9000,0.9400,ok,
KXNCAAWBGAME-25DEC14SFPAXAV-SFPA,KXNCAAWBGAME-25DEC14SFPAXAV-SFPA,St. Francis (PA) at Xavier Winner?,2025-12-14T20:07:20.935362+00:00,2025-12-14,2025-12-14T08:00:00-05:00,2025-12-14T13:06:00+00:00,0.0700,0.0900,ok,
KXNCAAWBGAME-25DEC14ILSTNEB-NEB,KXNCAAWBGAME-25DEC14ILSTNEB-NEB,Illinois St. at Nebraska Winner?,2025-12-14T19:02:19.143636+00:00,2025-12-14,2025-12-14T08:00:00-05:00,2025-12-14T13:21:00+00:00,0.9400,0.9800,ok,
KXNCAAWBGAME-25DEC14ILSTNEB-ILST,KXNCAAWBGAME-25DEC14ILSTNEB-ILST,Illinois St. at Nebraska Winner?,2025-12-14T19:02:19.143636+00:00,2025-12-14,2025-12-14T08:00:00-05:00,2025-12-14T13:03:00+00:00,0.0300,0.0500,ok,
KXNCAAWBGAME-25DEC14DAYPUR-PUR,KXNCAAWBGAME-25DEC14DAYPUR-PUR,Dayton at Purdue Winner?,2025-12-14T19:02:20.031830+00:00,2025-12-14,2025-12-14T08:00:00-05:00,2025-12-14T13:02:00+00:00,0.8300,0.9000,ok,
KXNCAAWBGAME-25DEC14DAYPUR-DAY,KXNCAAWBGAME-25DEC14DAYPUR-DAY,Dayton at Purdue Winner?,2025-12-14T19:02:20.031830+00:00,2025-12-14,2025-12-14T08:00:00-05:00,2025-12-14T13:02:00+00:00,0.1200,0.1700,ok,
KXNCAAWBGAME-25DEC13HOUUNM-UNM,KXNCAAWBGAME-25DEC13HOUUNM-UNM,Houston at New Mexico Winner?,2025-12-14T04:15:02.841905+00:00,2025-12-13,2025-12-13T08:00:00-05:00,2025-12-13T13:01:00+00:00,0.7200,0.8300,ok,
KXNCAAWBGAME-25DEC13HOUUNM-HOU,KXNCAAWBGAME-25DEC13HOUUNM-HOU,Houston at New Mexico Winner?,2025-12-14T04:15:02.841905+00:00,2025-12-13,2025-12-13T08:00:00-05:00,2025-12-13T13:16:00+00:00,0.1800,0.2800,ok,
KXNCAAWBGAME-25DEC13CHSFRES-FRES,KXNCAAWBGAME-25DEC13CHSFRES-FRES,Chicago St. at Fresno St. Winner?,2025-12-14T03:30:20.440799+00:00,2025-12-13,2025-12-13T08:00:00-05:00,,,,no_candle_in_window,no candle found after 8:00 in requested window
KXNCAAWBGAME-25DEC13CHSFRES-CHS,KXNCAAWBGAME-25DEC13CHSFRES-CHS,Chicago St. at Fresno St. Winner?,2025-12-14T03:30:20.440799+00:00,2025-12-13,2025-12-13T08:00:00-05:00,2025-12-13T13:03:00+00:00,0.0600,0.1100,ok,
KXNCAAWBGAME-25DEC13LTLSU-LT,KXNCAAWBGAME-25DEC13LTLSU-LT,Louisiana Tech at LSU Winner?,2025-12-14T02:00:43.457588+00:00,2025-12-13,2025-12-13T08:00:00-05:00,,,,no_candle_in_window,no candle found after 8:00 in requested window
KXNCAAWBGAME-25DEC13LTLSU-LSU,KXNCAAWBGAME-25DEC13LTLSU-LSU,Louisiana Tech at LSU Winner?,2025-12-14T02:00:43.457588+00:00,2025-12-13,2025-12-13T08:00:00-05:00,,,,no_candle_in_window,no candle found after 8:00 in requested window
KXNCAAWBGAME-25DEC13CSLAPEPP-PEPP,KXNCAAWBGAME-25DEC13CSLAPEPP-PEPP,Cal State Los Angeles at Pepperdine Winner?,2025-12-14T00:55:11.126440+00:00,2025-12-13,2025-12-13T08:00:00-05:00,2025-12-13T13:16:00+00:00,0.8600,0.9700,ok,
KXNCAAWBGAME-25DEC13CSLAPEPP-CSLA,KXNCAAWBGAME-25DEC13CSLAPEPP-CSLA,Cal State Los Angeles at Pepperdine Winner?,2025-12-14T00:55:11.126440+00:00,2025-12-13,2025-12-13T08:00:00-05:00,2025-12-13T13:01:00+00:00,0.0400,0.0800,ok,
KXNCAAWBGAME-25DEC13CONNUSC-USC,KXNCAAWBGAME-25DEC13CONNUSC-USC,UConn at USC Winner?,2025-12-14T00:40:06.939948+00:00,2025-12-13,2025-12-13T08:00:00-05:00,,,,no_candle_in_window,no candle found after 8:00 in requested window
KXNCAAWBGAME-25DEC13CONNUSC-CONN,KXNCAAWBGAME-25DEC13CONNUSC-CONN,UConn at USC Winner?,2025-12-14T00:40:06.939948+00:00,2025-12-13,2025-12-13T08:00:00-05:00,,,,no_candle_in_window,no candle found after 8:00 in requested window
KXNCAAWBGAME-25DEC13SJSUCSN-SJSU,KXNCAAWBGAME-25DEC13SJSUCSN-SJSU,San Jose St. at Cal State Northridge Winner?,2025-12-14T00:30:42.644112+00:00,2025-12-13,2025-12-13T08:00:00-05:00,,,,no_candle_in_window,no candle found after 8:00 in requested window
KXNCAAWBGAME-25DEC13SJSUCSN-CSN,KXNCAAWBGAME-25DEC13SJSUCSN-CSN,San Jose St. at Cal State Northridge Winner?,2025-12-14T00:30:42.644112+00:00,2025-12-13,2025-12-13T08:00:00-05:00,2025-12-13T13:17:00+00:00,0.2600,0.5100,ok,
KXNCAAWBGAME-25DEC13CSUSF-SF,KXNCAAWBGAME-25DEC13CSUSF-SF,Colorado St. at San Francisco Winner?,2025-12-14T00:20:04.457175+00:00,2025-12-13,2025-12-13T08:00:00-05:00,,,,no_candle_in_window,no candle found after 8:00 in requested window
KXNCAAWBGAME-25DEC13CSUSF-CSU,KXNCAAWBGAME-25DEC13CSUSF-CSU,Colorado St. at San Francisco Winner?,2025-12-14T00:20:04.457175+00:00,2025-12-13,2025-12-13T08:00:00-05:00,,,,no_candle_in_window,no candle found after 8:00 in requested window
KXNCAAWBGAME-25DEC13PACNEV-PAC,KXNCAAWBGAME-25DEC13PACNEV-PAC,Pacific at Nevada Winner?,2025-12-15T23:16:19.016000+00:00,2025-12-15,2025-12-15T08:00:00-05:00,2025-12-15T13:09:00+00:00,0.2600,0.4400,ok,
KXNCAAWBGAME-25DEC13PACNEV-NEV,KXNCAAWBGAME-25DEC13PACNEV-NEV,Pacific at Nevada Winner?,2025-12-15T23:16:19.016000+00:00,2025-12-15,2025-12-15T08:00:00-05:00,2025-12-15T13:09:00+00:00,0.5300,0.7100,ok,
KXNCAAWBGAME-25DEC13OKSTOKLA-OKST,KXNCAAWBGAME-25DEC13OKSTOKLA-OKST,Oklahoma St. at Oklahoma Winner?,2025-12-13T23:25:10.404646+00:00,2025-12-13,2025-12-13T08:00:00-05:00,2025-12-13T13:01:00+00:00,0.3800,0.4100,ok,
KXNCAAWBGAME-25DEC13OKSTOKLA-OKLA,KXNCAAWBGAME-25DEC13OKSTOKLA-OKLA,Oklahoma St. at Oklahoma Winner?,2025-12-13T23:25:10.404646+00:00,2025-12-13,2025-12-13T08:00:00-05:00,2025-12-13T13:01:00+00:00,0.5700,0.7900,ok,
KXNCAAWBGAME-25DEC13CSBSEA-SEA,KXNCAAWBGAME-25DEC13CSBSEA-SEA,Cal State Bakersfield at Seattle Winner?,2025-12-13T23:40:22.779591+00:00,2025-12-13,2025-12-13T08:00:00-05:00,2025-12-13T13:01:00+00:00,0.5500,0.8600,ok,
KXNCAAWBGAME-25DEC13CSBSEA-CSB,KXNCAAWBGAME-25DEC13CSBSEA-CSB,Cal State Bakersfield at Seattle Winner?,2025-12-13T23:40:22.779591+00:00,2025-12-13,2025-12-13T08:00:00-05:00,2025-12-13T13:01:00+00:00,0.1600,0.4500,ok,
KXNCAAWBGAME-25DEC13LMUWICH-WICH,KXNCAAWBGAME-25DEC13LMUWICH-WICH,Loyola Marymount at Wichita St. Winner?,2025-12-13T22:55:23.237810+00:00,2025-12-13,2025-12-13T08:00:00-05:00,2025-12-13T13:02:00+00:00,0.1800,0.3700,ok,
KXNCAAWBGAME-25DEC13LMUWICH-LMU,KXNCAAWBGAME-25DEC13LMUWICH-LMU,Loyola Marymount at Wichita St. Winner?,2025-12-13T22:55:23.237810+00:00,2025-12-13,2025-12-13T08:00:00-05:00,2025-12-13T13:02:00+00:00,0.6300,0.7800,ok,
KXNCAAWBGAME-25DEC13IDHOUSU-USU,KXNCAAWBGAME-25DEC13IDHOUSU-USU,Idaho at Utah St. Winner?,2025-12-13T22:20:54.637160+00:00,2025-12-13,2025-12-13T08:00:00-05:00,2025-12-13T13:02:00+00:00,0.1600,0.2100,ok,
KXNCAAWBGAME-25DEC13IDHOUSU-IDHO,KXNCAAWBGAME-25DEC13IDHOUSU-IDHO,Idaho at Utah St. Winner?,2025-12-13T22:20:54.637160+00:00,2025-12-13,2025-12-13T08:00:00-05:00,2025-12-13T13:02:00+00:00,0.8000,0.8900,ok,
KXNCAAWBGAME-25DEC13UTEPBYU-UTEP,KXNCAAWBGAME-25DEC13UTEPBYU-UTEP,UTEP at BYU Winner?,2025-12-13T22:45:43.661524+00:00,2025-12-13,2025-12-13T08:00:00-05:00,2025-12-13T13:01:00+00:00,0.1000,0.1200,ok,
KXNCAAWBGAME-25DEC13UTEPBYU-BYU,KXNCAAWBGAME-25DEC13UTEPBYU-BYU,UTEP at BYU Winner?,2025-12-13T22:45:43.661524+00:00,2025-12-13,2025-12-13T08:00:00-05:00,2025-12-13T13:02:00+00:00,0.8900,0.9400,ok,
KXNCAAWBGAME-25DEC13LINWIOWA-LINW,KXNCAAWBGAME-25DEC13LINWIOWA-LINW,Lindenwood at Iowa Winner?,2025-12-13T21:45:52.324670+00:00,2025-12-13,2025-12-13T08:00:00-05:00,2025-12-13T13:01:00+00:00,0.0300,0.0700,ok,
KXNCAAWBGAME-25DEC13LINWIOWA-IOWA,KXNCAAWBGAME-25DEC13LINWIOWA-IOWA,Lindenwood at Iowa Winner?,2025-12-13T21:45:52.324670+00:00,2025-12-13,2025-12-13T08:00:00-05:00,2025-12-13T13:02:00+00:00,0.9400,0.9800,ok,
KXNCAAWBGAME-25DEC13SUUBSU-SUU,KXNCAAWBGAME-25DEC13SUUBSU-SUU,Southern Utah at Boise St. Winner?,2025-12-13T22:05:44.836611+00:00,2025-12-13,2025-12-13T08:00:00-05:00,2025-12-13T13:02:00+00:00,0.1000,0.2800,ok,
KXNCAAWBGAME-25DEC13SUUBSU-BSU,KXNCAAWBGAME-25DEC13SUUBSU-BSU,Southern Utah at Boise St. Winner?,2025-12-13T22:05:44.836611+00:00,2025-12-13,2025-12-13T08:00:00-05:00,2025-12-13T13:02:00+00:00,0.6300,0.9000,ok,
KXNCAAWBGAME-25DEC13NMHUAFA-NMHU,KXNCAAWBGAME-25DEC13NMHUAFA-NMHU,New Mexico Highlands at Air Force Winner?,2025-12-13T23:55:18.066886+00:00,2025-12-13,2025-12-13T08:00:00-05:00,2025-12-13T13:02:00+00:00,0.0200,0.0800,ok,
KXNCAAWBGAME-25DEC13NMHUAFA-AFA,KXNCAAWBGAME-25DEC13NMHUAFA-AFA,New Mexico Highlands at Air Force Winner?,2025-12-13T23:55:18.066886+00:00,2025-12-13,2025-12-13T08:00:00-05:00,2025-12-13T13:02:00+00:00,0.9200,0.9800,ok,
KXNCAAWBGAME-25DEC13GBWASH-WASH,KXNCAAWBGAME-25DEC13GBWASH-WASH,Green Bay at Washington Winner?,2025-12-13T22:15:49.721748+00:00,2025-12-13,2025-12-13T08:00:00-05:00,2025-12-13T13:02:00+00:00,0.8800,0.9600,ok,
KXNCAAWBGAME-25DEC13GBWASH-GB,KXNCAAWBGAME-25DEC13GBWASH-GB,Green Bay at Washington Winner?,2025-12-13T22:15:49.721748+00:00,2025-12-13,2025-12-13T08:00:00-05:00,2025-12-13T13:02:00+00:00,0.0600,0.1200,ok,
KXNCAAWBGAME-25DEC13UNLVCIN-UNLV,KXNCAAWBGAME-25DEC13UNLVCIN-UNLV,UNLV at Cincinnati Winner?,2025-12-13T21:45:54.078051+00:00,2025-12-13,2025-12-13T08:00:00-05:00,2025-12-13T13:04:00+00:00,0.5500,0.6700,ok,
KXNCAAWBGAME-25DEC13UNLVCIN-CIN,KXNCAAWBGAME-25DEC13UNLVCIN-CIN,UNLV at Cincinnati Winner?,2025-12-13T21:45:54.078051+00:00,2025-12-13,2025-12-13T08:00:00-05:00,2025-12-13T13:04:00+00:00,0.3100,0.4500,ok,
KXNCAAWBGAME-25DEC13PVUTSA-UTSA,KXNCAAWBGAME-25DEC13PVUTSA-UTSA,Prairie View A&M at UTSA Winner?,2025-12-13T22:51:10.687470+00:00,2025-12-13,2025-12-13T08:00:00-05:00,2025-12-13T13:04:00+00:00,0.9100,0.9700,ok,
KXNCAAWBGAME-25DEC13PVUTSA-PV,KXNCAAWBGAME-25DEC13PVUTSA-PV,Prairie View A&M at UTSA Winner?,2025-12-13T22:51:10.687470+00:00,2025-12-13,2025-12-13T08:00:00-05:00,2025-12-13T13:04:00+00:00,0.0300,0.0900,ok,
KXNCAAWBGAME-25DEC13HOFSJU-SJU,KXNCAAWBGAME-25DEC13HOFSJU-SJU,Hofstra at St. John's Winner?,2025-12-13T21:41:16.190953+00:00,2025-12-13,2025-12-13T08:00:00-05:00,2025-12-13T13:01:00+00:00,0.9600,0.9900,ok,
KXNCAAWBGAME-25DEC13HOFSJU-HOF,KXNCAAWBGAME-25DEC13HOFSJU-HOF,Hofstra at St. John's Winner?,2025-12-13T21:41:16.190953+00:00,2025-12-13,2025-12-13T08:00:00-05:00,2025-12-13T13:01:00+00:00,0.0300,0.0500,ok,
KXNCAAWBGAME-25DEC13VCUTEM-VCU,KXNCAAWBGAME-25DEC13VCUTEM-VCU,VCU at Temple Winner?,2025-12-13T21:31:31.167050+00:00,2025-12-13,2025-12-13T08:00:00-05:00,2025-12-13T13:04:00+00:00,0.1100,0.1900,ok,
KXNCAAWBGAME-25DEC13VCUTEM-TEM,KXNCAAWBGAME-25DEC13VCUTEM-TEM,VCU at Temple Winner?,2025-12-13T21:31:31.167050+00:00,2025-12-13,2025-12-13T08:00:00-05:00,2025-12-13T13:04:00+00:00,0.8100,0.8600,ok,
KXNCAAWBGAME-25DEC13ARKMOSU-MOSU,KXNCAAWBGAME-25DEC13ARKMOSU-MOSU,Arkansas at Missouri St. Winner?,2025-12-13T21:35:53.786973+00:00,2025-12-13,2025-12-13T08:00:00-05:00,2025-12-13T13:04:00+00:00,0.4900,0.6800,ok,
KXNCAAWBGAME-25DEC13ARKMOSU-ARK,KXNCAAWBGAME-25DEC13ARKMOSU-ARK,Arkansas at Missouri St. Winner?,2025-12-13T21:35:53.786973+00:00,2025-12-13,2025-12-13T08:00:00-05:00,2025-12-13T13:04:00+00:00,0.3500,0.5000,ok,
KXNCAAWBGAME-25DEC13RICHLIB-RICH,KXNCAAWBGAME-25DEC13RICHLIB-RICH,Richmond at Liberty Winner?,2025-12-13T21:35:54.206951+00:00,2025-12-13,2025-12-13T08:00:00-05:00,2025-12-13T13:04:00+00:00,0.8000,0.8200,ok,
KXNCAAWBGAME-25DEC13RICHLIB-LIB,KXNCAAWBGAME-25DEC13RICHLIB-LIB,Richmond at Liberty Winner?,2025-12-13T21:35:54.206951+00:00,2025-12-13,2025-12-13T08:00:00-05:00,2025-12-13T13:04:00+00:00,0.1900,0.2100,ok,
KXNCAAWBGAME-25DEC13STNHPROV-STNH,KXNCAAWBGAME-25DEC13STNHPROV-STNH,Stonehill at Providence Winner?,2025-12-13T20:21:07.372698+00:00,2025-12-13,2025-12-13T08:00:00-05:00,2025-12-13T13:05:00+00:00,0.0500,0.0900,ok,
KXNCAAWBGAME-25DEC13STNHPROV-PROV,KXNCAAWBGAME-25DEC13STNHPROV-PROV,Stonehill at Providence Winner?,2025-12-13T20:21:07.372698+00:00,2025-12-13,2025-12-13T08:00:00-05:00,2025-12-13T13:04:00+00:00,0.9100,0.9700,ok,
KXNCAAWBGAME-25DEC13WOFMISS-WOF,KXNCAAWBGAME-25DEC13WOFMISS-WOF,Wofford at Ole Miss Winner?,2025-12-13T20:11:29.825307+00:00,2025-12-13,2025-12-13T08:00:00-05:00,2025-12-13T13:05:00+00:00,0.0100,0.0200,ok,
KXNCAAWBGAME-25DEC13WOFMISS-MISS,KXNCAAWBGAME-25DEC13WOFMISS-MISS,Wofford at Ole Miss Winner?,2025-12-13T20:11:29.825307+00:00,2025-12-13,2025-12-13T08:00:00-05:00,2025-12-13T13:05:00+00:00,0.9900,1.0000,ok,
KXNCAAWBGAME-25DEC13DSUGTWN-GTWN,KXNCAAWBGAME-25DEC13DSUGTWN-GTWN,Delaware St. at Georgetown Winner?,2025-12-13T20:11:30.610444+00:00,2025-12-13,2025-12-13T08:00:00-05:00,2025-12-13T13:06:00+00:00,0.9800,1.0000,ok,
KXNCAAWBGAME-25DEC13DSUGTWN-DSU,KXNCAAWBGAME-25DEC13DSUGTWN-DSU,Delaware St. at Georgetown Winner?,2025-12-13T20:11:30.610444+00:00,2025-12-13,2025-12-13T08:00:00-05:00,2025-12-13T13:01:00+00:00,0.0200,0.0300,ok,
KXNCAAWBGAME-25DEC13AKRMICH-MICH,KXNCAAWBGAME-25DEC13AKRMICH-MICH,Akron at Michigan Winner?,2025-12-13T19:11:39.617880+00:00,2025-12-13,2025-12-13T08:00:00-05:00,2025-12-13T13:06:00+00:00,0.9900,1.0000,ok,
KXNCAAWBGAME-25DEC13AKRMICH-AKR,KXNCAAWBGAME-25DEC13AKRMICH-AKR,Akron at Michigan Winner?,2025-12-13T19:11:39.617880+00:00,2025-12-13,2025-12-13T08:00:00-05:00,2025-12-13T13:01:00+00:00,0.0000,0.0100,ok,
KXNCAAWBGAME-25DEC12TTUWSU-WSU,KXNCAAWBGAME-25DEC12TTUWSU-WSU,Texas Tech at Washington St. Winner?,2025-12-13T04:20:15.540353+00:00,2025-12-12,2025-12-12T08:00:00-05:00,2025-12-12T13:07:00+00:00,0.0500,0.0700,ok,
KXNCAAWBGAME-25DEC12TTUWSU-TTU,KXNCAAWBGAME-25DEC12TTUWSU-TTU,Texas Tech at Washington St. Winner?,2025-12-13T04:20:15.540353+00:00,2025-12-12,2025-12-12T08:00:00-05:00,2025-12-12T13:07:00+00:00,0.9300,0.9600,ok,
KXNCAAWBGAME-25DEC12SBONMHU-SBON,KXNCAAWBGAME-25DEC12SBONMHU-SBON,St. Bonaventure at Mercyhurst Winner?,2025-12-13T01:34:49.649236+00:00,2025-12-12,2025-12-12T08:00:00-05:00,2025-12-12T13:02:00+00:00,0.8100,0.9100,ok,
KXNCAAWBGAME-25DEC12SBONMHU-MHU,KXNCAAWBGAME-25DEC12SBONMHU-MHU,St. Bonaventure at Mercyhurst Winner?,2025-12-13T01:34:49.649236+00:00,2025-12-12,2025-12-12T08:00:00-05:00,2025-12-12T13:01:00+00:00,0.1900,0.2100,ok,
KXNCAAWBGAME-25DEC11CSMBSJSU-SJSU,KXNCAAWBGAME-25DEC11CSMBSJSU-SJSU,Cal State Monterey Bay at San Jose St. Winner?,2025-12-12T05:11:02.787031+00:00,2025-12-12,2025-12-12T08:00:00-05:00,,,,no_candle_in_window,no candle found after 8:00 in requested window
KXNCAAWBGAME-25DEC11CSMBSJSU-CSMB,KXNCAAWBGAME-25DEC11CSMBSJSU-CSMB,Cal State Monterey Bay at San Jose St. Winner?,2025-12-12T05:11:02.787031+00:00,2025-12-12,2025-12-12T08:00:00-05:00,,,,no_candle_in_window,no candle found after 8:00 in requested window
KXNCAAWBGAME-25DEC12UTARICE-UTA,KXNCAAWBGAME-25DEC12UTARICE-UTA,UT Arlington at Rice Winner?,2025-12-12T20:10:37.802312+00:00,2025-12-12,2025-12-12T08:00:00-05:00,2025-12-12T13:01:00+00:00,0.1800,0.2000,ok,
KXNCAAWBGAME-25DEC12UTARICE-RICE,KXNCAAWBGAME-25DEC12UTARICE-RICE,UT Arlington at Rice Winner?,2025-12-12T20:10:37.802312+00:00,2025-12-12,2025-12-12T08:00:00-05:00,2025-12-12T13:01:00+00:00,0.8000,0.8200,ok,
KXNCAAWBGAME-25DEC12FGCUFAU-FGCU,KXNCAAWBGAME-25DEC12FGCUFAU-FGCU,Florida Gulf Coast at Florida Atlantic Winner?,2025-12-12T18:20:50.459825+00:00,2025-12-12,2025-12-12T08:00:00-05:00,2025-12-12T13:01:00+00:00,0.5700,0.5900,ok,
KXNCAAWBGAME-25DEC12FGCUFAU-FAU,KXNCAAWBGAME-25DEC12FGCUFAU-FAU,Florida Gulf Coast at Florida Atlantic Winner?,2025-12-12T18:20:50.459825+00:00,2025-12-12,2025-12-12T08:00:00-05:00,2025-12-12T13:01:00+00:00,0.4100,0.4600,ok,
KXNCAAWBGAME-25DEC11PORTLBSU-PORT,KXNCAAWBGAME-25DEC11PORTLBSU-PORT,Portland at Long Beach St. Winner?,2025-12-12T04:54:49.457054+00:00,2025-12-11,2025-12-11T08:00:00-05:00,,,,no_candle_in_window,no candle found after 8:00 in requested window
KXNCAAWBGAME-25DEC11PORTLBSU-LBSU,KXNCAAWBGAME-25DEC11PORTLBSU-LBSU,Portland at Long Beach St. Winner?,2025-12-12T04:54:49.457054+00:00,2025-12-11,2025-12-11T08:00:00-05:00,2025-12-11T13:04:00+00:00,0.0900,0.2600,ok,
KXNCAAWBGAME-25DEC11IDSTBYU-IDST,KXNCAAWBGAME-25DEC11IDSTBYU-IDST,Idaho St. at BYU Winner?,2025-12-12T04:54:49.452021+00:00,2025-12-11,2025-12-11T08:00:00-05:00,2025-12-11T13:06:00+00:00,0.0800,0.1300,ok,
KXNCAAWBGAME-25DEC11IDSTBYU-BYU,KXNCAAWBGAME-25DEC11IDSTBYU-BYU,Idaho St. at BYU Winner?,2025-12-12T04:54:49.452021+00:00,2025-12-11,2025-12-11T08:00:00-05:00,2025-12-11T13:21:00+00:00,0.8700,0.9600,ok,
KXNCAAWBGAME-25DEC11GTWVU-WVU,KXNCAAWBGAME-25DEC11GTWVU-WVU,Georgia Tech at West Virginia Winner?,2025-12-12T03:37:11.131635+00:00,2025-12-11,2025-12-11T08:00:00-05:00,,,,no_candle_in_window,no candle found after 8:00 in requested window
KXNCAAWBGAME-25DEC11GTWVU-GT,KXNCAAWBGAME-25DEC11GTWVU-GT,Georgia Tech at West Virginia Winner?,2025-12-12T03:37:11.131635+00:00,2025-12-11,2025-12-11T08:00:00-05:00,2025-12-11T13:01:00+00:00,0.0500,0.1500,ok,
KXNCAAWBGAME-25DEC11MASSLDEP-MASSL,KXNCAAWBGAME-25DEC11MASSLDEP-MASSL,UMass Lowell at DePaul Winner?,2025-12-12T03:37:09.877876+00:00,2025-12-11,2025-12-11T08:00:00-05:00,2025-12-11T13:11:00+00:00,0.1100,0.2000,ok,
KXNCAAWBGAME-25DEC11MASSLDEP-DEP,KXNCAAWBGAME-25DEC11MASSLDEP-DEP,UMass Lowell at DePaul Winner?,2025-12-12T03:37:09.877876+00:00,2025-12-11,2025-12-11T08:00:00-05:00,,,,no_candle_in_window,no candle found after 8:00 in requested window
KXNCAAWBGAME-25DEC11INSTBUT-INST,KXNCAAWBGAME-25DEC11INSTBUT-INST,Indiana St. at Butler Winner?,2025-12-12T03:37:11.240318+00:00,2025-12-11,2025-12-11T08:00:00-05:00,2025-12-11T13:04:00+00:00,0.1500,0.1900,ok,
KXNCAAWBGAME-25DEC11INSTBUT-BUT,KXNCAAWBGAME-25DEC11INSTBUT-BUT,Indiana St. at Butler Winner?,2025-12-12T03:37:11.240318+00:00,2025-12-11,2025-12-11T08:00:00-05:00,,,,no_candle_in_window,no candle found after 8:00 in requested window
KXNCAAWBGAME-25DEC11UALROKLA-UALR,KXNCAAWBGAME-25DEC11UALROKLA-UALR,Little Rock at Oklahoma Winner?,2025-12-12T02:10:03.123494+00:00,2025-12-11,2025-12-11T08:00:00-05:00,2025-12-11T13:01:00+00:00,0.0000,0.0100,ok,
KXNCAAWBGAME-25DEC11UALROKLA-OKLA,KXNCAAWBGAME-25DEC11UALROKLA-OKLA,Little Rock at Oklahoma Winner?,2025-12-12T02:10:03.123494+00:00,2025-12-11,2025-12-11T08:00:00-05:00,,,,no_candle_in_window,no candle found after 8:00 in requested window
KXNCAAWBGAME-25DEC11MOREND-ND,KXNCAAWBGAME-25DEC11MOREND-ND,Morehead St. at Notre Dame Winner?,2025-12-12T03:37:09.558025+00:00,2025-12-11,2025-12-11T08:00:00-05:00,,,,no_candle_in_window,no candle found after 8:00 in requested window
KXNCAAWBGAME-25DEC11MOREND-MORE,KXNCAAWBGAME-25DEC11MOREND-MORE,Morehead St. at Notre Dame Winner?,2025-12-12T03:37:09.558025+00:00,2025-12-11,2025-12-11T08:00:00-05:00,2025-12-11T13:02:00+00:00,0.0000,0.0100,ok,
KXNCAAWBGAME-25DEC11NKUOSU-OSU,KXNCAAWBGAME-25DEC11NKUOSU-OSU,Northern Kentucky at Ohio St. Winner?,2025-12-12T01:30:20.358431+00:00,2025-12-11,2025-12-11T08:00:00-05:00,,,,no_candle_in_window,no candle found after 8:00 in requested window
KXNCAAWBGAME-25DEC11NKUOSU-NKU,KXNCAAWBGAME-25DEC11NKUOSU-NKU,Northern Kentucky at Ohio St. Winner?,2025-12-12T01:30:20.358431+00:00,2025-12-11,2025-12-11T08:00:00-05:00,2025-12-11T13:02:00+00:00,0.0000,0.0100,ok,
KXNCAAWBGAME-25DEC11ULMIND-ULM,KXNCAAWBGAME-25DEC11ULMIND-ULM,Louisiana-Monroe at Indiana Winner?,2025-12-12T03:37:09.666752+00:00,2025-12-11,2025-12-11T08:00:00-05:00,2025-12-11T13:04:00+00:00,0.0200,0.0600,ok,
KXNCAAWBGAME-25DEC11ULMIND-IND,KXNCAAWBGAME-25DEC11ULMIND-IND,Louisiana-Monroe at Indiana Winner?,2025-12-12T03:37:09.666752+00:00,2025-12-11,2025-12-11T08:00:00-05:00,,,,no_candle_in_window,no candle found after 8:00 in requested window
KXNCAAWBGAME-25DEC11LIPPUR-PUR,KXNCAAWBGAME-25DEC11LIPPUR-PUR,Lipscomb at Purdue Winner?,2025-12-11T18:15:30.498193+00:00,2025-12-11,2025-12-11T08:00:00-05:00,2025-12-11T13:01:00+00:00,0.9200,0.9700,ok,
KXNCAAWBGAME-25DEC11LIPPUR-LIP,KXNCAAWBGAME-25DEC11LIPPUR-LIP,Lipscomb at Purdue Winner?,2025-12-11T18:15:30.498193+00:00,2025-12-11,2025-12-11T08:00:00-05:00,2025-12-11T13:01:00+00:00,0.0300,0.0800,ok,
KXNCAAWBGAME-25DEC10IDHOCAL-IDHO,KXNCAAWBGAME-25DEC10IDHOCAL-IDHO,Idaho at California Winner?,2025-12-11T05:34:36.668864+00:00,2025-12-11,2025-12-11T08:00:00-05:00,,,,no_candle_in_window,no candle found after 8:00 in requested window
KXNCAAWBGAME-25DEC10IDHOCAL-CAL,KXNCAAWBGAME-25DEC10IDHOCAL-CAL,Idaho at California Winner?,2025-12-11T05:34:36.668864+00:00,2025-12-11,2025-12-11T08:00:00-05:00,,,,no_candle_in_window,no candle found after 8:00 in requested window
KXNCAAWBGAME-25DEC10BETHSJSU-SJSU,KXNCAAWBGAME-25DEC10BETHSJSU-SJSU,Bethesda at San Jose St. Winner?,2025-12-16T03:39:40.218000+00:00,2025-12-15,2025-12-15T08:00:00-05:00,,,,no_candle_in_window,no candle found after 8:00 in requested window
KXNCAAWBGAME-25DEC10BETHSJSU-BETH,KXNCAAWBGAME-25DEC10BETHSJSU-BETH,Bethesda at San Jose St. Winner?,2025-12-16T03:39:40.218000+00:00,2025-12-15,2025-12-15T08:00:00-05:00,,,,no_candle_in_window,no candle found after 8:00 in requested window
KXNCAAWBGAME-25DEC10FRESSMC-SMC,KXNCAAWBGAME-25DEC10FRESSMC-SMC,Fresno St. at Saint Mary's Winner?,2025-12-11T05:04:44.063445+00:00,2025-12-11,2025-12-11T08:00:00-05:00,,,,no_candle_in_window,no candle found after 8:00 in requested window
KXNCAAWBGAME-25DEC10FRESSMC-FRES,KXNCAAWBGAME-25DEC10FRESSMC-FRES,Fresno St. at Saint Mary's Winner?,2025-12-11T05:04:44.063445+00:00,2025-12-11,2025-12-11T08:00:00-05:00,,,,no_candle_in_window,no candle found after 8:00 in requested window
KXNCAAWBGAME-25DEC10EWUWSU-WSU,KXNCAAWBGAME-25DEC10EWUWSU-WSU,Eastern Washington at Washington St. Winner?,2025-12-11T04:15:05.876700+00:00,2025-12-10,2025-12-10T08:00:00-05:00,2025-12-10T13:05:00+00:00,0.6700,0.7900,ok,
KXNCAAWBGAME-25DEC10EWUWSU-EWU,KXNCAAWBGAME-25DEC10EWUWSU-EWU,Eastern Washington at Washington St. Winner?,2025-12-11T04:15:05.876700+00:00,2025-12-10,2025-12-10T08:00:00-05:00,2025-12-10T13:05:00+00:00,0.2400,0.3400,ok,
KXNCAAWBGAME-25DEC10AAMUMINN-MINN,KXNCAAWBGAME-25DEC10AAMUMINN-MINN,Alabama A&M at Minnesota Winner?,2025-12-11T03:01:04.830158+00:00,2025-12-10,2025-12-10T08:00:00-05:00,,,,no_candle_in_window,no candle found after 8:00 in requested window
KXNCAAWBGAME-25DEC10AAMUMINN-AAMU,KXNCAAWBGAME-25DEC10AAMUMINN-AAMU,Alabama A&M at Minnesota Winner?,2025-12-11T03:01:04.830158+00:00,2025-12-10,2025-12-10T08:00:00-05:00,2025-12-10T13:05:00+00:00,0.0000,0.0200,ok,
KXNCAAWBGAME-25DEC10TEXUTRGV-UTRGV,KXNCAAWBGAME-25DEC10TEXUTRGV-UTRGV,Texas at UT Rio Grande Valley Winner?,2025-12-11T02:40:59.899350+00:00,2025-12-10,2025-12-10T08:00:00-05:00,,,,no_candle_in_window,no candle found after 8:00 in requested window
KXNCAAWBGAME-25DEC10TEXUTRGV-TEX,KXNCAAWBGAME-25DEC10TEXUTRGV-TEX,Texas at UT Rio Grande Valley Winner?,2025-12-11T02:40:59.899350+00:00,2025-12-10,2025-12-10T08:00:00-05:00,,,,no_candle_in_window,no candle found after 8:00 in requested window
KXNCAAWBGAME-25DEC10RUTGPRIN-RUTG,KXNCAAWBGAME-25DEC10RUTGPRIN-RUTG,Rutgers at Princeton Winner?,2025-12-11T03:01:10.563003+00:00,2025-12-10,2025-12-10T08:00:00-05:00,2025-12-10T13:01:00+00:00,0.1100,0.1300,ok,
KXNCAAWBGAME-25DEC10RUTGPRIN-PRIN,KXNCAAWBGAME-25DEC10RUTGPRIN-PRIN,Rutgers at Princeton Winner?,2025-12-11T03:01:10.563003+00:00,2025-12-10,2025-12-10T08:00:00-05:00,2025-12-10T13:01:00+00:00,0.8600,0.9200,ok,
KXNCAAWBGAME-25DEC10COPPSMU-SMU,KXNCAAWBGAME-25DEC10COPPSMU-SMU,Coppin St. at SMU Winner?,2025-12-11T03:05:00.988245+00:00,2025-12-10,2025-12-10T08:00:00-05:00,2025-12-10T13:19:00+00:00,0.8500,0.9000,ok,
KXNCAAWBGAME-25DEC10COPPSMU-COPP,KXNCAAWBGAME-25DEC10COPPSMU-COPP,Coppin St. at SMU Winner?,2025-12-11T03:05:00.988245+00:00,2025-12-10,2025-12-10T08:00:00-05:00,2025-12-10T13:19:00+00:00,0.1300,0.1500,ok,
KXNCAAWBGAME-25DEC10BALLLOU-LOU,KXNCAAWBGAME-25DEC10BALLLOU-LOU,Ball St. at Louisville Winner?,2025-12-11T04:20:12.970911+00:00,2025-12-10,2025-12-10T08:00:00-05:00,2025-12-10T13:06:00+00:00,0.8800,0.9400,ok,
KXNCAAWBGAME-25DEC10BALLLOU-BALL,KXNCAAWBGAME-25DEC10BALLLOU-BALL,Ball St. at Louisville Winner?,2025-12-11T04:20:12.970911+00:00,2025-12-10,2025-12-10T08:00:00-05:00,2025-12-10T13:01:00+00:00,0.0800,0.1000,ok,
KXNCAAWBGAME-25DEC10BSUUTAH-UTAH,KXNCAAWBGAME-25DEC10BSUUTAH-UTAH,Boise St. at Utah Winner?,2025-12-11T04:00:42.374649+00:00,2025-12-10,2025-12-10T08:00:00-05:00,2025-12-10T13:25:00+00:00,0.8500,0.9000,ok,
KXNCAAWBGAME-25DEC10BSUUTAH-BSU,KXNCAAWBGAME-25DEC10BSUUTAH-BSU,Boise St. at Utah Winner?,2025-12-11T04:00:42.374649+00:00,2025-12-10,2025-12-10T08:00:00-05:00,2025-12-10T13:25:00+00:00,0.1300,0.1500,ok,
KXNCAAWBGAME-25DEC10COLGSYR-SYR,KXNCAAWBGAME-25DEC10COLGSYR-SYR,Colgate at Syracuse Winner?,2025-12-11T03:01:10.921621+00:00,2025-12-10,2025-12-10T08:00:00-05:00,2025-12-10T13:01:00+00:00,0.9600,0.9900,ok,
KXNCAAWBGAME-25DEC10COLGSYR-COLG,KXNCAAWBGAME-25DEC10COLGSYR-COLG,Colgate at Syracuse Winner?,2025-12-11T03:01:10.921621+00:00,2025-12-10,2025-12-10T08:00:00-05:00,2025-12-10T13:01:00+00:00,0.0300,0.0600,ok,
KXNCAAWBGAME-25DEC10URIPROV-URI,KXNCAAWBGAME-25DEC10URIPROV-URI,Rhode Island at Providence Winner?,2025-12-11T02:55:06.072445+00:00,2025-12-10,2025-12-10T08:00:00-05:00,2025-12-10T13:06:00+00:00,0.7000,0.8700,ok,
KXNCAAWBGAME-25DEC10URIPROV-PROV,KXNCAAWBGAME-25DEC10URIPROV-PROV,Rhode Island at Providence Winner?,2025-12-11T02:55:06.072445+00:00,2025-12-10,2025-12-10T08:00:00-05:00,2025-12-10T13:06:00+00:00,0.2200,0.3000,ok,
KXNCAAWBGAME-25DEC10GWDEL-GW,KXNCAAWBGAME-25DEC10GWDEL-GW,George Washington at Delaware Winner?,2025-12-11T02:55:06.439780+00:00,2025-12-10,2025-12-10T08:00:00-05:00,2025-12-10T13:06:00+00:00,0.3200,0.4300,ok,
KXNCAAWBGAME-25DEC10GWDEL-DEL,KXNCAAWBGAME-25DEC10GWDEL-DEL,George Washington at Delaware Winner?,2025-12-11T02:55:06.439780+00:00,2025-12-10,2025-12-10T08:00:00-05:00,2025-12-10T13:06:00+00:00,0.5900,0.7200,ok,
KXNCAAWBGAME-25DEC10HOWUVA-UVA,KXNCAAWBGAME-25DEC10HOWUVA-UVA,Howard at Virginia Winner?,2025-12-11T02:45:36.134201+00:00,2025-12-10,2025-12-10T08:00:00-05:00,2025-12-10T13:01:00+00:00,0.8900,0.9000,ok,
KXNCAAWBGAME-25DEC10HOWUVA-HOW,KXNCAAWBGAME-25DEC10HOWUVA-HOW,Howard at Virginia Winner?,2025-12-11T02:45:36.134201+00:00,2025-12-10,2025-12-10T08:00:00-05:00,2025-12-10T13:01:00+00:00,0.0800,0.1000,ok,
KXNCAAWBGAME-25DEC10ILLMIZZ-MIZZ,KXNCAAWBGAME-25DEC10ILLMIZZ-MIZZ,Illinois at Missouri Winner?,2025-12-11T02:41:02.212836+00:00,2025-12-10,2025-12-10T08:00:00-05:00,2025-12-10T13:06:00+00:00,0.2500,0.4000,ok,
KXNCAAWBGAME-25DEC10ILLMIZZ-ILL,KXNCAAWBGAME-25DEC10ILLMIZZ-ILL,Illinois at Missouri Winner?,2025-12-11T02:41:02.212836+00:00,2025-12-10,2025-12-10T08:00:00-05:00,2025-12-10T13:03:00+00:00,0.5900,0.7800,ok,
KXNCAAWBGAME-25DEC10SJUSTON-STON,KXNCAAWBGAME-25DEC10SJUSTON-STON,St. John's at Stony Brook Winner?,2025-12-11T02:50:35.902763+00:00,2025-12-10,2025-12-10T08:00:00-05:00,2025-12-10T13:03:00+00:00,0.1400,0.1600,ok,
KXNCAAWBGAME-25DEC10SJUSTON-SJU,KXNCAAWBGAME-25DEC10SJUSTON-SJU,St. John's at Stony Brook Winner?,2025-12-11T02:50:35.902763+00:00,2025-12-10,2025-12-10T08:00:00-05:00,2025-12-10T13:03:00+00:00,0.7600,0.8800,ok,
KXNCAAWBGAME-25DEC10IOWAISU-ISU,KXNCAAWBGAME-25DEC10IOWAISU-ISU,Iowa at Iowa St. Winner?,2025-12-11T02:35:22.376741+00:00,2025-12-10,2025-12-10T08:00:00-05:00,2025-12-10T13:26:00+00:00,0.4800,0.6100,ok,
KXNCAAWBGAME-25DEC10IOWAISU-IOWA,KXNCAAWBGAME-25DEC10IOWAISU-IOWA,Iowa at Iowa St. Winner?,2025-12-11T02:35:22.376741+00:00,2025-12-10,2025-12-10T08:00:00-05:00,2025-12-10T13:08:00+00:00,0.4000,0.5500,ok,
KXNCAAWBGAME-25DEC10PREVT-VT,KXNCAAWBGAME-25DEC10PREVT-VT,Presbyterian at Virginia Tech Winner?,2025-12-11T01:15:45.622168+00:00,2025-12-10,2025-12-10T08:00:00-05:00,,,,no_candle_in_window,no candle found after 8:00 in requested window
KXNCAAWBGAME-25DEC10PREVT-PRE,KXNCAAWBGAME-25DEC10PREVT-PRE,Presbyterian at Virginia Tech Winner?,2025-12-11T01:15:45.622168+00:00,2025-12-10,2025-12-10T08:00:00-05:00,2025-12-10T13:01:00+00:00,0.0000,0.0100,ok,
KXNCAAWBGAME-25DEC10DSUMD-MD,KXNCAAWBGAME-25DEC10DSUMD-MD,Delaware St. at Maryland Winner?,2025-12-11T01:10:49.838919+00:00,2025-12-10,2025-12-10T08:00:00-05:00,2025-12-10T13:11:00+00:00,0.9900,1.0000,ok,
KXNCAAWBGAME-25DEC10DSUMD-DSU,KXNCAAWBGAME-25DEC10DSUMD-DSU,Delaware St. at Maryland Winner?,2025-12-11T01:10:49.838919+00:00,2025-12-10,2025-12-10T08:00:00-05:00,2025-12-10T13:08:00+00:00,0.0000,0.0100,ok,
KXNCAAWBGAME-25DEC10EKYARIZ-EKY,KXNCAAWBGAME-25DEC10EKYARIZ-EKY,Eastern Kentucky at Arizona Winner?,2025-12-10T20:30:45.311514+00:00,2025-12-10,2025-12-10T08:00:00-05:00,2025-12-10T13:01:00+00:00,0.1800,0.2100,ok,
KXNCAAWBGAME-25DEC10EKYARIZ-ARIZ,KXNCAAWBGAME-25DEC10EKYARIZ-ARIZ,Eastern Kentucky at Arizona Winner?,2025-12-10T20:30:45.311514+00:00,2025-12-10,2025-12-10T08:00:00-05:00,2025-12-10T13:02:00+00:00,0.7900,0.8200,ok,
KXNCAAWBGAME-25DEC10SDSUKSU-SDSU,KXNCAAWBGAME-25DEC10SDSUKSU-SDSU,San Diego St. at Kansas St. Winner?,2025-12-10T20:30:43.930559+00:00,2025-12-10,2025-12-10T08:00:00-05:00,2025-12-10T13:01:00+00:00,0.1100,0.1400,ok,
KXNCAAWBGAME-25DEC10SDSUKSU-KSU,KXNCAAWBGAME-25DEC10SDSUKSU-KSU,San Diego St. at Kansas St. Winner?,2025-12-10T20:30:43.930559+00:00,2025-12-10,2025-12-10T08:00:00-05:00,2025-12-10T13:01:00+00:00,0.8900,0.9200,ok,
KXNCAAWBGAME-25DEC10USDWIS-WIS,KXNCAAWBGAME-25DEC10USDWIS-WIS,San Diego at Wisconsin Winner?,2025-12-10T19:40:33.883467+00:00,2025-12-10,2025-12-10T08:00:00-05:00,2025-12-10T13:01:00+00:00,0.9500,0.9800,ok,
KXNCAAWBGAME-25DEC10USDWIS-USD,KXNCAAWBGAME-25DEC10USDWIS-USD,San Diego at Wisconsin Winner?,2025-12-10T19:40:33.883467+00:00,2025-12-10,2025-12-10T08:00:00-05:00,2025-12-10T13:04:00+00:00,0.0400,0.0500,ok,
KXNCAAWBGAME-25DEC09NEOMNEB-NEOM,KXNCAAWBGAME-25DEC09NEOMNEB-NEOM,Omaha at Nebraska Winner?,2025-12-10T04:00:30.660294+00:00,2025-12-09,2025-12-09T08:00:00-05:00,2025-12-09T13:02:00+00:00,0.0000,0.0100,ok,
KXNCAAWBGAME-25DEC09NEOMNEB-NEB,KXNCAAWBGAME-25DEC09NEOMNEB-NEB,Omaha at Nebraska Winner?,2025-12-10T04:00:30.660294+00:00,2025-12-09,2025-12-09T08:00:00-05:00,2025-12-09T13:02:00+00:00,0.9900,1.0000,ok,
KXNCAAWBGAME-25DEC09ASUPSU-PSU,KXNCAAWBGAME-25DEC09ASUPSU-PSU,Arizona St. at Penn St. Winner?,2025-12-10T02:54:37.796855+00:00,2025-12-09,2025-12-09T08:00:00-05:00,2025-12-09T13:01:00+00:00,0.5700,0.6500,ok,
KXNCAAWBGAME-25DEC09ASUPSU-ASU,KXNCAAWBGAME-25DEC09ASUPSU-ASU,Arizona St. at Penn St. Winner?,2025-12-10T02:54:37.796855+00:00,2025-12-09,2025-12-09T08:00:00-05:00,2025-12-09T13:01:00+00:00,0.3900,0.4500,ok,
KXNCAAWBGAME-25DEC09LIUXAV-XAV,KXNCAAWBGAME-25DEC09LIUXAV-XAV,LIU at Xavier Winner?,2025-12-10T01:39:54.789922+00:00,2025-12-09,2025-12-09T08:00:00-05:00,2025-12-09T13:01:00+00:00,0.8400,0.8700,ok,
KXNCAAWBGAME-25DEC09LIUXAV-LIU,KXNCAAWBGAME-25DEC09LIUXAV-LIU,LIU at Xavier Winner?,2025-12-10T01:39:54.789922+00:00,2025-12-09,2025-12-09T08:00:00-05:00,2025-12-09T13:01:00+00:00,0.1600,0.1800,ok,
KXNCAAWBGAME-25DEC09BRYBC-BRY,KXNCAAWBGAME-25DEC09BRYBC-BRY,Bryant at Boston College Winner?,2025-12-10T01:34:40.478874+00:00,2025-12-09,2025-12-09T08:00:00-05:00,2025-12-09T13:04:00+00:00,0.3200,0.4000,ok,
KXNCAAWBGAME-25DEC09BRYBC-BC,KXNCAAWBGAME-25DEC09BRYBC-BC,Bryant at Boston College Winner?,2025-12-10T01:34:40.478874+00:00,2025-12-09,2025-12-09T08:00:00-05:00,2025-12-09T13:04:00+00:00,0.6200,0.6500,ok,
KXNCAAWBGAME-25DEC09CLMBHALL-HALL,KXNCAAWBGAME-25DEC09CLMBHALL-HALL,Columbia at Seton Hall Winner?,2025-12-10T01:50:03.470879+00:00,2025-12-09,2025-12-09T08:00:00-05:00,2025-12-09T13:01:00+00:00,0.6400,0.7600,ok,
KXNCAAWBGAME-25DEC09CLMBHALL-CLMB,KXNCAAWBGAME-25DEC09CLMBHALL-CLMB,Columbia at Seton Hall Winner?,2025-12-10T01:50:03.470879+00:00,2025-12-09,2025-12-09T08:00:00-05:00,2025-12-09T13:02:00+00:00,0.3000,0.4000,ok,
KXNCAAWBGAME-25DEC09ALSTBAY-BAY,KXNCAAWBGAME-25DEC09ALSTBAY-BAY,Alabama St. at Baylor Winner?,2025-12-09T19:25:09.988672+00:00,2025-12-09,2025-12-09T08:00:00-05:00,2025-12-09T13:05:00+00:00,0.9800,0.9900,ok,
KXNCAAWBGAME-25DEC09ALSTBAY-ALST,KXNCAAWBGAME-25DEC09ALSTBAY-ALST,Alabama St. at Baylor Winner?,2025-12-09T19:25:09.988672+00:00,2025-12-09,2025-12-09T08:00:00-05:00,2025-12-09T13:01:00+00:00,0.0000,0.0200,ok,
KXNCAAWBGAME-25DEC09DUQEMU-EMU,KXNCAAWBGAME-25DEC09DUQEMU-EMU,Duquesne at Eastern Michigan Winner?,2025-12-09T19:30:31.236087+00:00,2025-12-09,2025-12-09T08:00:00-05:00,2025-12-09T13:01:00+00:00,0.4800,0.5000,ok,
KXNCAAWBGAME-25DEC09DUQEMU-DUQ,KXNCAAWBGAME-25DEC09DUQEMU-DUQ,Duquesne at Eastern Michigan Winner?,2025-12-09T19:30:31.236087+00:00,2025-12-09,2025-12-09T08:00:00-05:00,2025-12-09T13:01:00+00:00,0.5300,0.5500,ok,
KXNCAAWBGAME-25DEC08NORFGT-NORF,KXNCAAWBGAME-25DEC08NORFGT-NORF,Norfolk St. at Georgia Tech Winner?,2025-12-09T03:00:30.668347+00:00,2025-12-08,2025-12-08T08:00:00-05:00,2025-12-08T13:01:00+00:00,0.1900,0.2200,ok,
KXNCAAWBGAME-25DEC08NORFGT-GT,KXNCAAWBGAME-25DEC08NORFGT-GT,Norfolk St. at Georgia Tech Winner?,2025-12-09T03:00:30.668347+00:00,2025-12-08,2025-12-08T08:00:00-05:00,2025-12-08T13:01:00+00:00,0.8100,0.8300,ok,
KXNCAAWBGAME-25DEC08TXSOWVU-WVU,KXNCAAWBGAME-25DEC08TXSOWVU-WVU,Texas Southern at West Virginia Winner?,2025-12-09T02:49:59.729177+00:00,2025-12-08,2025-12-08T08:00:00-05:00,2025-12-08T13:07:00+00:00,0.9900,1.0000,ok,
KXNCAAWBGAME-25DEC08TXSOWVU-TXSO,KXNCAAWBGAME-25DEC08TXSOWVU-TXSO,Texas Southern at West Virginia Winner?,2025-12-09T02:49:59.729177+00:00,2025-12-08,2025-12-08T08:00:00-05:00,2025-12-08T13:01:00+00:00,0.0000,0.0200,ok,
KXNCAAWBGAME-25DEC07WASHUSC-WASH,KXNCAAWBGAME-25DEC07WASHUSC-WASH,Washington at USC Winner?,2025-12-08T03:15:04.342659+00:00,2025-12-07,2025-12-07T08:00:00-05:00,2025-12-07T13:15:00+00:00,0.2500,0.3000,ok,
KXNCAAWBGAME-25DEC07WASHUSC-USC,KXNCAAWBGAME-25DEC07WASHUSC-USC,Washington at USC Winner?,2025-12-08T03:15:04.342659+00:00,2025-12-07,2025-12-07T08:00:00-05:00,2025-12-07T13:15:00+00:00,0.7000,0.7800,ok,
KXNCAAWBGAME-25DEC07CHARMSST-MSST,KXNCAAWBGAME-25DEC07CHARMSST-MSST,Charlotte at Mississippi St. Winner?,2025-12-08T03:20:16.357474+00:00,2025-12-07,2025-12-07T08:00:00-05:00,,,,no_candle_in_window,no candle found after 8:00 in requested window
KXNCAAWBGAME-25DEC07CHARMSST-CHAR,KXNCAAWBGAME-25DEC07CHARMSST-CHAR,Charlotte at Mississippi St. Winner?,2025-12-08T03:20:16.357474+00:00,2025-12-07,2025-12-07T08:00:00-05:00,2025-12-07T13:06:00+00:00,0.1000,0.1100,ok,
KXNCAAWBGAME-25DEC07MSUWIS-WIS,KXNCAAWBGAME-25DEC07MSUWIS-WIS,Michigan St. at Wisconsin Winner?,2025-12-08T01:15:10.019356+00:00,2025-12-07,2025-12-07T08:00:00-05:00,2025-12-07T13:01:00+00:00,0.0700,0.1900,ok,
KXNCAAWBGAME-25DEC07MSUWIS-MSU,KXNCAAWBGAME-25DEC07MSUWIS-MSU,Michigan St. at Wisconsin Winner?,2025-12-08T01:15:10.019356+00:00,2025-12-07,2025-12-07T08:00:00-05:00,2025-12-07T13:01:00+00:00,0.8100,0.9400,ok,
KXNCAAWBGAME-25DEC07EVANSLU-SLU,KXNCAAWBGAME-25DEC07EVANSLU-SLU,Evansville at Saint Louis Winner?,2025-12-08T01:00:05.101204+00:00,2025-12-07,2025-12-07T08:00:00-05:00,,,,no_candle_in_window,no candle found after 8:00 in requested window
KXNCAAWBGAME-25DEC07EVANSLU-EVAN,KXNCAAWBGAME-25DEC07EVANSLU-EVAN,Evansville at Saint Louis Winner?,2025-12-08T01:00:05.101204+00:00,2025-12-07,2025-12-07T08:00:00-05:00,,,,no_candle_in_window,no candle found after 8:00 in requested window
KXNCAAWBGAME-25DEC07USUUSD-USU,KXNCAAWBGAME-25DEC07USUUSD-USU,Utah St. at San Diego Winner?,2025-12-08T00:45:20.320922+00:00,2025-12-07,2025-12-07T08:00:00-05:00,2025-12-07T13:18:00+00:00,0.3100,0.5000,ok,
KXNCAAWBGAME-25DEC07USUUSD-USD,KXNCAAWBGAME-25DEC07USUUSD-USD,Utah St. at San Diego Winner?,2025-12-08T00:45:20.320922+00:00,2025-12-07,2025-12-07T08:00:00-05:00,,,,no_candle_in_window,no candle found after 8:00 in requested window
KXNCAAWBGAME-25DEC07ULMALA-ULM,KXNCAAWBGAME-25DEC07ULMALA-ULM,Louisiana-Monroe at Alabama Winner?,2025-12-08T00:45:19.914531+00:00,2025-12-07,2025-12-07T08:00:00-05:00,2025-12-07T13:28:00+00:00,0.0600,0.0700,ok,
KXNCAAWBGAME-25DEC07ULMALA-ALA,KXNCAAWBGAME-25DEC07ULMALA-ALA,Louisiana-Monroe at Alabama Winner?,2025-12-08T00:45:19.914531+00:00,2025-12-07,2025-12-07T08:00:00-05:00,,,,no_candle_in_window,no candle found after 8:00 in requested window
KXNCAAWBGAME-25DEC07SJSUCAL-SJSU,KXNCAAWBGAME-25DEC07SJSUCAL-SJSU,San Jose St. at California Winner?,2025-12-08T00:55:04.619361+00:00,2025-12-07,2025-12-07T08:00:00-05:00,2025-12-07T13:25:00+00:00,0.0500,0.0700,ok,
KXNCAAWBGAME-25DEC07SJSUCAL-CAL,KXNCAAWBGAME-25DEC07SJSUCAL-CAL,San Jose St. at California Winner?,2025-12-08T00:55:04.619361+00:00,2025-12-07,2025-12-07T08:00:00-05:00,,,,no_candle_in_window,no candle found after 8:00 in requested window
KXNCAAWBGAME-25DEC07JOESVILL-VILL,KXNCAAWBGAME-25DEC07JOESVILL-VILL,Saint Joseph's at Villanova Winner?,2025-12-07T23:35:18.455130+00:00,2025-12-07,2025-12-07T08:00:00-05:00,,,,no_candle_in_window,no candle found after 8:00 in requested window
KXNCAAWBGAME-25DEC07JOESVILL-JOES,KXNCAAWBGAME-25DEC07JOESVILL-JOES,Saint Joseph's at Villanova Winner?,2025-12-07T23:35:18.455130+00:00,2025-12-07,2025-12-07T08:00:00-05:00,2025-12-07T13:22:00+00:00,0.1800,0.1900,ok,
KXNCAAWBGAME-25DEC07BALLDAV-DAV,KXNCAAWBGAME-25DEC07BALLDAV-DAV,Ball St. at Davidson Winner?,2025-12-08T00:25:08.500280+00:00,2025-12-07,2025-12-07T08:00:00-05:00,2025-12-07T13:29:00+00:00,0.6300,0.7200,ok,
KXNCAAWBGAME-25DEC07BALLDAV-BALL,KXNCAAWBGAME-25DEC07BALLDAV-BALL,Ball St. at Davidson Winner?,2025-12-08T00:25:08.500280+00:00,2025-12-07,2025-12-07T08:00:00-05:00,,,,no_candle_in_window,no candle found after 8:00 in requested window
KXNCAAWBGAME-25DEC07UAAORST-UAA,KXNCAAWBGAME-25DEC07UAAORST-UAA,Alaska Anchorage at Oregon St. Winner?,2025-12-07T23:25:28.865124+00:00,2025-12-07,2025-12-07T08:00:00-05:00,,,,no_candle_in_window,no candle found after 8:00 in requested window
KXNCAAWBGAME-25DEC07UAAORST-ORST,KXNCAAWBGAME-25DEC07UAAORST-ORST,Alaska Anchorage at Oregon St. Winner?,2025-12-07T23:25:28.865124+00:00,2025-12-07,2025-12-07T08:00:00-05:00,,,,no_candle_in_window,no candle found after 8:00 in requested window
KXNCAAWBGAME-25DEC07UNMARIZ-UNM,KXNCAAWBGAME-25DEC07UNMARIZ-UNM,New Mexico at Arizona Winner?,2025-12-07T23:45:31.793447+00:00,2025-12-07,2025-12-07T08:00:00-05:00,2025-12-07T13:20:00+00:00,0.3800,0.4100,ok,
KXNCAAWBGAME-25DEC07UNMARIZ-ARIZ,KXNCAAWBGAME-25DEC07UNMARIZ-ARIZ,New Mexico at Arizona Winner?,2025-12-07T23:45:31.793447+00:00,2025-12-07,2025-12-07T08:00:00-05:00,2025-12-07T13:20:00+00:00,0.6100,0.6400,ok,
KXNCAAWBGAME-25DEC07PACSDSU-SDSU,KXNCAAWBGAME-25DEC07PACSDSU-SDSU,Pacific at San Diego St. Winner?,2025-12-07T23:15:53.488085+00:00,2025-12-07,2025-12-07T08:00:00-05:00,,,,no_candle_in_window,no candle found after 8:00 in requested window
KXNCAAWBGAME-25DEC07PACSDSU-PAC,KXNCAAWBGAME-25DEC07PACSDSU-PAC,Pacific at San Diego St. Winner?,2025-12-07T23:15:53.488085+00:00,2025-12-07,2025-12-07T08:00:00-05:00,2025-12-07T13:12:00+00:00,0.2500,0.3000,ok,
KXNCAAWBGAME-25DEC07MDMINN-MINN,KXNCAAWBGAME-25DEC07MDMINN-MINN,Maryland at Minnesota Winner?,2025-12-08T00:45:19.975854+00:00,2025-12-07,2025-12-07T08:00:00-05:00,2025-12-07T13:20:00+00:00,0.4100,0.6500,ok,
KXNCAAWBGAME-25DEC07MDMINN-MD,KXNCAAWBGAME-25DEC07MDMINN-MD,Maryland at Minnesota Winner?,2025-12-08T00:45:19.975854+00:00,2025-12-07,2025-12-07T08:00:00-05:00,2025-12-07T13:20:00+00:00,0.3500,0.5500,ok,
KXNCAAWBGAME-25DEC07LSUUNO-UNO,KXNCAAWBGAME-25DEC07LSUUNO-UNO,LSU at New Orleans Winner?,2025-12-07T23:50:26.273681+00:00,2025-12-07,2025-12-07T08:00:00-05:00,2025-12-07T13:24:00+00:00,0.0000,0.0100,ok,
KXNCAAWBGAME-25DEC07LSUUNO-LSU,KXNCAAWBGAME-25DEC07LSUUNO-LSU,LSU at New Orleans Winner?,2025-12-07T23:50:26.273681+00:00,2025-12-07,2025-12-07T08:00:00-05:00,,,,no_candle_in_window,no candle found after 8:00 in requested window
KXNCAAWBGAME-25DEC07OSUNW-OSU,KXNCAAWBGAME-25DEC07OSUNW-OSU,Ohio St. at Northwestern Winner?,2025-12-07T21:12:01.410624+00:00,2025-12-07,2025-12-07T08:00:00-05:00,2025-12-07T13:04:00+00:00,0.8100,0.9100,ok,
KXNCAAWBGAME-25DEC07OSUNW-NW,KXNCAAWBGAME-25DEC07OSUNW-NW,Ohio St. at Northwestern Winner?,2025-12-07T21:12:01.410624+00:00,2025-12-07,2025-12-07T08:00:00-05:00,2025-12-07T13:03:00+00:00,0.1100,0.2200,ok,
KXNCAAWBGAME-25DEC07SYRSMU-SYR,KXNCAAWBGAME-25DEC07SYRSMU-SYR,Syracuse at SMU Winner?,2025-12-07T22:41:01.351604+00:00,2025-12-07,2025-12-07T08:00:00-05:00,2025-12-07T13:21:00+00:00,0.6700,0.7000,ok,
KXNCAAWBGAME-25DEC07SYRSMU-SMU,KXNCAAWBGAME-25DEC07SYRSMU-SMU,Syracuse at SMU Winner?,2025-12-07T22:41:01.351604+00:00,2025-12-07,2025-12-07T08:00:00-05:00,2025-12-07T13:21:00+00:00,0.2500,0.3700,ok,
KXNCAAWBGAME-25DEC07UTSABAY-UTSA,KXNCAAWBGAME-25DEC07UTSABAY-UTSA,UTSA at Baylor Winner?,2025-12-07T22:55:43.168106+00:00,2025-12-07,2025-12-07T08:00:00-05:00,2025-12-07T13:21:00+00:00,0.0800,0.0900,ok,
KXNCAAWBGAME-25DEC07UTSABAY-BAY,KXNCAAWBGAME-25DEC07UTSABAY-BAY,UTSA at Baylor Winner?,2025-12-07T22:55:43.168106+00:00,2025-12-07,2025-12-07T08:00:00-05:00,,,,no_candle_in_window,no candle found after 8:00 in requested window
KXNCAAWBGAME-25DEC07MISSKSU-MISS,KXNCAAWBGAME-25DEC07MISSKSU-MISS,Ole Miss at Kansas St. Winner?,2025-12-07T22:45:46.908477+00:00,2025-12-07,2025-12-07T08:00:00-05:00,,,,no_candle_in_window,no candle found after 8:00 in requested window
KXNCAAWBGAME-25DEC07MISSKSU-KSU,KXNCAAWBGAME-25DEC07MISSKSU-KSU,Ole Miss at Kansas St. Winner?,2025-12-07T22:45:46.908477+00:00,2025-12-07,2025-12-07T08:00:00-05:00,2025-12-07T13:21:00+00:00,0.1900,0.2500,ok,
KXNCAAWBGAME-25DEC07SOUHOU-SOU,KXNCAAWBGAME-25DEC07SOUHOU-SOU,Southern University at Houston Winner?,2025-12-07T22:35:54.229232+00:00,2025-12-07,2025-12-07T08:00:00-05:00,2025-12-07T13:08:00+00:00,0.2400,0.2900,ok,
KXNCAAWBGAME-25DEC07SOUHOU-HOU,KXNCAAWBGAME-25DEC07SOUHOU-HOU,Southern University at Houston Winner?,2025-12-07T22:35:54.229232+00:00,2025-12-07,2025-12-07T08:00:00-05:00,2025-12-07T13:08:00+00:00,0.7100,0.8100,ok,
KXNCAAWBGAME-25DEC07SUUCSU-SUU,KXNCAAWBGAME-25DEC07SUUCSU-SUU,Southern Utah at Colorado St. Winner?,2025-12-07T22:55:43.010991+00:00,2025-12-07,2025-12-07T08:00:00-05:00,2025-12-07T13:21:00+00:00,0.0900,0.1000,ok,
KXNCAAWBGAME-25DEC07SUUCSU-CSU,KXNCAAWBGAME-25DEC07SUUCSU-CSU,Southern Utah at Colorado St. Winner?,2025-12-07T22:55:43.010991+00:00,2025-12-07,2025-12-07T08:00:00-05:00,,,,no_candle_in_window,no candle found after 8:00 in requested window
KXNCAAWBGAME-25DEC07OREUCLA-UCLA,KXNCAAWBGAME-25DEC07OREUCLA-UCLA,Oregon at UCLA Winner?,2025-12-07T22:31:22.322346+00:00,2025-12-07,2025-12-07T08:00:00-05:00,2025-12-07T13:04:00+00:00,0.8600,0.9400,ok,
KXNCAAWBGAME-25DEC07OREUCLA-ORE,KXNCAAWBGAME-25DEC07OREUCLA-ORE,Oregon at UCLA Winner?,2025-12-07T22:31:22.322346+00:00,2025-12-07,2025-12-07T08:00:00-05:00,2025-12-07T13:04:00+00:00,0.0900,0.1400,ok,
KXNCAAWBGAME-25DEC07PVTEX-TEX,KXNCAAWBGAME-25DEC07PVTEX-TEX,Prairie View A&M at Texas Winner?,2025-12-07T22:35:51.269676+00:00,2025-12-07,2025-12-07T08:00:00-05:00,,,,no_candle_in_window,no candle found after 8:00 in requested window
KXNCAAWBGAME-25DEC07PVTEX-PV,KXNCAAWBGAME-25DEC07PVTEX-PV,Prairie View A&M at Texas Winner?,2025-12-07T22:35:51.269676+00:00,2025-12-07,2025-12-07T08:00:00-05:00,,,,no_candle_in_window,no candle found after 8:00 in requested window
KXNCAAWBGAME-25DEC07KUMOSU-MOSU,KXNCAAWBGAME-25DEC07KUMOSU-MOSU,Kansas at Missouri St. Winner?,2025-12-07T22:41:02.237506+00:00,2025-12-07,2025-12-07T08:00:00-05:00,2025-12-07T13:21:00+00:00,0.2500,0.4800,ok,
KXNCAAWBGAME-25DEC07KUMOSU-KU,KXNCAAWBGAME-25DEC07KUMOSU-KU,Kansas at Missouri St. Winner?,2025-12-07T22:41:02.237506+00:00,2025-12-07,2025-12-07T08:00:00-05:00,,,,no_candle_in_window,no candle found after 8:00 in requested window
KXNCAAWBGAME-25DEC07UABUSM-USM,KXNCAAWBGAME-25DEC07UABUSM-USM,UAB at Southern Miss Winner?,2025-12-07T22:31:13.263321+00:00,2025-12-07,2025-12-07T08:00:00-05:00,2025-12-07T13:21:00+00:00,0.5200,0.5500,ok,
KXNCAAWBGAME-25DEC07UABUSM-UAB,KXNCAAWBGAME-25DEC07UABUSM-UAB,UAB at Southern Miss Winner?,2025-12-07T22:31:13.263321+00:00,2025-12-07,2025-12-07T08:00:00-05:00,2025-12-07T13:22:00+00:00,0.4300,0.4900,ok,
KXNCAAWBGAME-25DEC07SMCGC-SMC,KXNCAAWBGAME-25DEC07SMCGC-SMC,Saint Mary's at Grand Canyon Winner?,2025-12-07T22:31:21.236286+00:00,2025-12-07,2025-12-07T08:00:00-05:00,2025-12-07T13:11:00+00:00,0.2800,0.3300,ok,
KXNCAAWBGAME-25DEC07SMCGC-GC,KXNCAAWBGAME-25DEC07SMCGC-GC,Saint Mary's at Grand Canyon Winner?,2025-12-07T22:31:21.236286+00:00,2025-12-07,2025-12-07T08:00:00-05:00,2025-12-07T13:13:00+00:00,0.6600,0.7300,ok,
KXNCAAWBGAME-25DEC07SIUEMIZZ-SIUE,KXNCAAWBGAME-25DEC07SIUEMIZZ-SIUE,SIU Edwardsville at Missouri Winner?,2025-12-07T22:31:15.563955+00:00,2025-12-07,2025-12-07T08:00:00-05:00,,,,no_candle_in_window,no candle found after 8:00 in requested window
KXNCAAWBGAME-25DEC07SIUEMIZZ-MIZZ,KXNCAAWBGAME-25DEC07SIUEMIZZ-MIZZ,SIU Edwardsville at Missouri Winner?,2025-12-07T22:31:15.563955+00:00,2025-12-07,2025-12-07T08:00:00-05:00,,,,no_candle_in_window,no candle found after 8:00 in requested window
KXNCAAWBGAME-25DEC07JKSTARK-JKST,KXNCAAWBGAME-25DEC07JKSTARK-JKST,Jackson St. at Arkansas Winner?,2025-12-07T22:31:23.798389+00:00,2025-12-07,2025-12-07T08:00:00-05:00,,,,no_candle_in_window,no candle found after 8:00 in requested window
KXNCAAWBGAME-25DEC07JKSTARK-ARK,KXNCAAWBGAME-25DEC07JKSTARK-ARK,Jackson St. at Arkansas Winner?,2025-12-07T22:31:23.798389+00:00,2025-12-07,2025-12-07T08:00:00-05:00,,,,no_candle_in_window,no candle found after 8:00 in requested window
KXNCAAWBGAME-25DEC07LIBGMU-LIB,KXNCAAWBGAME-25DEC07LIBGMU-LIB,Liberty at George Mason Winner?,2025-12-07T22:31:22.644987+00:00,2025-12-07,2025-12-07T08:00:00-05:00,2025-12-07T13:04:00+00:00,0.1500,0.2200,ok,
KXNCAAWBGAME-25DEC07LIBGMU-GMU,KXNCAAWBGAME-25DEC07LIBGMU-GMU,Liberty at George Mason Winner?,2025-12-07T22:31:22.644987+00:00,2025-12-07,2025-12-07T08:00:00-05:00,2025-12-07T13:04:00+00:00,0.7500,0.8900,ok,
KXNCAAWBGAME-25DEC07DREXTEM-TEM,KXNCAAWBGAME-25DEC07DREXTEM-TEM,Drexel at Temple Winner?,2025-12-07T22:21:34.581270+00:00,2025-12-07,2025-12-07T08:00:00-05:00,2025-12-07T13:22:00+00:00,0.6800,0.8100,ok,
KXNCAAWBGAME-25DEC07DREXTEM-DREX,KXNCAAWBGAME-25DEC07DREXTEM-DREX,Drexel at Temple Winner?,2025-12-07T22:21:34.581270+00:00,2025-12-07,2025-12-07T08:00:00-05:00,2025-12-07T13:22:00+00:00,0.2200,0.3200,ok,
KXNCAAWBGAME-25DEC07WYOCOLO-WYO,KXNCAAWBGAME-25DEC07WYOCOLO-WYO,Wyoming at Colorado Winner?,2025-12-07T22:25:43.639527+00:00,2025-12-07,2025-12-07T08:00:00-05:00,2025-12-07T13:13:00+00:00,0.0900,0.1000,ok,
KXNCAAWBGAME-25DEC07WYOCOLO-COLO,KXNCAAWBGAME-25DEC07WYOCOLO-COLO,Wyoming at Colorado Winner?,2025-12-07T22:25:43.639527+00:00,2025-12-07,2025-12-07T08:00:00-05:00,,,,no_candle_in_window,no candle found after 8:00 in requested window
KXNCAAWBGAME-25DEC07TLSACREI-TLSA,KXNCAAWBGAME-25DEC07TLSACREI-TLSA,Tulsa at Creighton Winner?,2025-12-07T22:06:25.109623+00:00,2025-12-07,2025-12-07T08:00:00-05:00,2025-12-07T13:17:00+00:00,0.2500,0.3300,ok,
KXNCAAWBGAME-25DEC07TLSACREI-CREI,KXNCAAWBGAME-25DEC07TLSACREI-CREI,Tulsa at Creighton Winner?,2025-12-07T22:06:25.109623+00:00,2025-12-07,2025-12-07T08:00:00-05:00,,,,no_candle_in_window,no candle found after 8:00 in requested window
KXNCAAWBGAME-25DEC07USAFLA-USA,KXNCAAWBGAME-25DEC07USAFLA-USA,South Alabama at Florida Winner?,2025-12-07T22:01:58.712235+00:00,2025-12-07,2025-12-07T08:00:00-05:00,2025-12-07T13:09:00+00:00,0.1000,0.1100,ok,
KXNCAAWBGAME-25DEC07USAFLA-FLA,KXNCAAWBGAME-25DEC07USAFLA-FLA,South Alabama at Florida Winner?,2025-12-07T22:01:58.712235+00:00,2025-12-07,2025-12-07T08:00:00-05:00,2025-12-07T13:19:00+00:00,0.9000,0.9200,ok,
KXNCAAWBGAME-25DEC07UMESOKLA-UMES,KXNCAAWBGAME-25DEC07UMESOKLA-UMES,Maryland-Eastern Shore at Oklahoma Winner?,2025-12-07T22:21:35.046787+00:00,2025-12-07,2025-12-07T08:00:00-05:00,,,,no_candle_in_window,no candle found after 8:00 in requested window
KXNCAAWBGAME-25DEC07UMESOKLA-OKLA,KXNCAAWBGAME-25DEC07UMESOKLA-OKLA,Maryland-Eastern Shore at Oklahoma Winner?,2025-12-07T22:21:35.046787+00:00,2025-12-07,2025-12-07T08:00:00-05:00,,,,no_candle_in_window,no candle found after 8:00 in requested window
KXNCAAWBGAME-25DEC07VCUJMU-VCU,KXNCAAWBGAME-25DEC07VCUJMU-VCU,VCU at James Madison Winner?,2025-12-07T22:01:58.214391+00:00,2025-12-07,2025-12-07T08:00:00-05:00,2025-12-07T13:21:00+00:00,0.1000,0.1100,ok,
KXNCAAWBGAME-25DEC07VCUJMU-JMU,KXNCAAWBGAME-25DEC07VCUJMU-JMU,VCU at James Madison Winner?,2025-12-07T22:01:58.214391+00:00,2025-12-07,2025-12-07T08:00:00-05:00,2025-12-07T13:25:00+00:00,0.9000,0.9100,ok,
KXNCAAWBGAME-25DEC07GTWNWAKE-WAKE,KXNCAAWBGAME-25DEC07GTWNWAKE-WAKE,Georgetown at Wake Forest Winner?,2025-12-07T22:02:04.936960+00:00,2025-12-07,2025-12-07T08:00:00-05:00,2025-12-07T13:22:00+00:00,0.2500,0.3700,ok,
KXNCAAWBGAME-25DEC07GTWNWAKE-GTWN,KXNCAAWBGAME-25DEC07GTWNWAKE-GTWN,Georgetown at Wake Forest Winner?,2025-12-07T22:02:04.936960+00:00,2025-12-07,2025-12-07T08:00:00-05:00,2025-12-07T13:22:00+00:00,0.6600,0.7800,ok,
KXNCAAWBGAME-25DEC07HALLNCST-NCST,KXNCAAWBGAME-25DEC07HALLNCST-NCST,Seton Hall at North Carolina St. Winner?,2025-12-07T22:02:04.494692+00:00,2025-12-07,2025-12-07T08:00:00-05:00,,,,no_candle_in_window,no candle found after 8:00 in requested window
KXNCAAWBGAME-25DEC07HALLNCST-HALL,KXNCAAWBGAME-25DEC07HALLNCST-HALL,Seton Hall at North Carolina St. Winner?,2025-12-07T22:02:04.494692+00:00,2025-12-07,2025-12-07T08:00:00-05:00,2025-12-07T13:04:00+00:00,0.0800,0.1800,ok,
KXNCAAWBGAME-25DEC07WMULCHI-WMU,KXNCAAWBGAME-25DEC07WMULCHI-WMU,Western Michigan at Loyola Chicago Winner?,2025-12-07T21:07:02.903752+00:00,2025-12-07,2025-12-07T08:00:00-05:00,2025-12-07T13:17:00+00:00,0.2900,0.4000,ok,
KXNCAAWBGAME-25DEC07WMULCHI-LCHI,KXNCAAWBGAME-25DEC07WMULCHI-LCHI,Western Michigan at Loyola Chicago Winner?,2025-12-07T21:07:02.903752+00:00,2025-12-07,2025-12-07T08:00:00-05:00,2025-12-07T13:17:00+00:00,0.5600,0.6700,ok,
KXNCAAWBGAME-25DEC07MEMMTU-MTU,KXNCAAWBGAME-25DEC07MEMMTU-MTU,Memphis at Middle Tennessee Winner?,2025-12-07T21:56:37.048901+00:00,2025-12-07,2025-12-07T08:00:00-05:00,2025-12-07T13:21:00+00:00,0.6200,0.6700,ok,
KXNCAAWBGAME-25DEC07MEMMTU-MEM,KXNCAAWBGAME-25DEC07MEMMTU-MEM,Memphis at Middle Tennessee Winner?,2025-12-07T21:56:37.048901+00:00,2025-12-07,2025-12-07T08:00:00-05:00,2025-12-07T13:20:00+00:00,0.2900,0.4000,ok,
KXNCAAWBGAME-25DEC07PROVSJU-SJU,KXNCAAWBGAME-25DEC07PROVSJU-SJU,Providence at St. John's Winner?,2025-12-07T21:52:21.548680+00:00,2025-12-07,2025-12-07T08:00:00-05:00,,,,no_candle_in_window,no candle found after 8:00 in requested window
KXNCAAWBGAME-25DEC07PROVSJU-PROV,KXNCAAWBGAME-25DEC07PROVSJU-PROV,Providence at St. John's Winner?,2025-12-07T21:52:21.548680+00:00,2025-12-07,2025-12-07T08:00:00-05:00,2025-12-07T13:23:00+00:00,0.1800,0.1900,ok,
KXNCAAWBGAME-25DEC07FAIRRICH-RICH,KXNCAAWBGAME-25DEC07FAIRRICH-RICH,Fairfield at Richmond Winner?,2025-12-07T21:52:30.732700+00:00,2025-12-07,2025-12-07T08:00:00-05:00,2025-12-07T13:09:00+00:00,0.6800,0.7100,ok,
KXNCAAWBGAME-25DEC07FAIRRICH-FAIR,KXNCAAWBGAME-25DEC07FAIRRICH-FAIR,Fairfield at Richmond Winner?,2025-12-07T21:52:30.732700+00:00,2025-12-07,2025-12-07T08:00:00-05:00,2025-12-07T13:09:00+00:00,0.2800,0.3600,ok,
KXNCAAWBGAME-25DEC07DUKEVT-VT,KXNCAAWBGAME-25DEC07DUKEVT-VT,Duke at Virginia Tech Winner?,2025-12-07T21:56:41.173882+00:00,2025-12-07,2025-12-07T08:00:00-05:00,2025-12-07T13:12:00+00:00,0.3600,0.4700,ok,
KXNCAAWBGAME-25DEC07DUKEVT-DUKE,KXNCAAWBGAME-25DEC07DUKEVT-DUKE,Duke at Virginia Tech Winner?,2025-12-07T21:56:41.173882+00:00,2025-12-07,2025-12-07T08:00:00-05:00,2025-12-07T13:21:00+00:00,0.3600,0.6500,ok,
KXNCAAWBGAME-25DEC07NIUISU-NIU,KXNCAAWBGAME-25DEC07NIUISU-NIU,Northern Illinois at Iowa St. Winner?,2025-12-07T21:52:24.363860+00:00,2025-12-07,2025-12-07T08:00:00-05:00,2025-12-07T13:19:00+00:00,0.0000,0.0100,ok,
KXNCAAWBGAME-25DEC07NIUISU-ISU,KXNCAAWBGAME-25DEC07NIUISU-ISU,Northern Illinois at Iowa St. Winner?,2025-12-07T21:52:24.363860+00:00,2025-12-07,2025-12-07T08:00:00-05:00,,,,no_candle_in_window,no candle found after 8:00 in requested window
KXNCAAWBGAME-25DEC07GASTMIA-MIA,KXNCAAWBGAME-25DEC07GASTMIA-MIA,Georgia St. at Miami (FL) Winner?,2025-12-07T22:11:28.922676+00:00,2025-12-07,2025-12-07T08:00:00-05:00,2025-12-07T13:13:00+00:00,0.9100,0.9500,ok,
KXNCAAWBGAME-25DEC07GASTMIA-GAST,KXNCAAWBGAME-25DEC07GASTMIA-GAST,Georgia St. at Miami (FL) Winner?,2025-12-07T22:11:28.922676+00:00,2025-12-07,2025-12-07T08:00:00-05:00,2025-12-07T13:13:00+00:00,0.0700,0.1000,ok,
KXNCAAWBGAME-25DEC07NDFSU-ND,KXNCAAWBGAME-25DEC07NDFSU-ND,Notre Dame at Florida St. Winner?,2025-12-07T21:36:54.646205+00:00,2025-12-07,2025-12-07T08:00:00-05:00,2025-12-07T13:07:00+00:00,0.7300,0.7900,ok,
KXNCAAWBGAME-25DEC07NDFSU-FSU,KXNCAAWBGAME-25DEC07NDFSU-FSU,Notre Dame at Florida St. Winner?,2025-12-07T21:36:54.646205+00:00,2025-12-07,2025-12-07T08:00:00-05:00,2025-12-07T13:11:00+00:00,0.2300,0.2900,ok,
KXNCAAWBGAME-25DEC07XAVCIN-XAV,KXNCAAWBGAME-25DEC07XAVCIN-XAV,Xavier at Cincinnati Winner?,2025-12-07T22:11:28.710626+00:00,2025-12-07,2025-12-07T08:00:00-05:00,2025-12-07T13:04:00+00:00,0.1900,0.2300,ok,
KXNCAAWBGAME-25DEC07XAVCIN-CIN,KXNCAAWBGAME-25DEC07XAVCIN-CIN,Xavier at Cincinnati Winner?,2025-12-07T22:11:28.710626+00:00,2025-12-07,2025-12-07T08:00:00-05:00,2025-12-07T13:04:00+00:00,0.7900,0.8200,ok,
KXNCAAWBGAME-25DEC07ELONECU-ELON,KXNCAAWBGAME-25DEC07ELONECU-ELON,Elon at East Carolina Winner?,2025-12-07T22:06:26.142367+00:00,2025-12-07,2025-12-07T08:00:00-05:00,2025-12-07T13:04:00+00:00,0.1900,0.3000,ok,
KXNCAAWBGAME-25DEC07ELONECU-ECU,KXNCAAWBGAME-25DEC07ELONECU-ECU,Elon at East Carolina Winner?,2025-12-07T22:06:26.142367+00:00,2025-12-07,2025-12-07T08:00:00-05:00,2025-12-07T13:04:00+00:00,0.7100,0.8300,ok,
KXNCAAWBGAME-25DEC07APPCLEM-CLEM,KXNCAAWBGAME-25DEC07APPCLEM-CLEM,Appalachian St. at Clemson Winner?,2025-12-07T22:06:26.370718+00:00,2025-12-07,2025-12-07T08:00:00-05:00,2025-12-07T13:25:00+00:00,0.8500,0.8800,ok,
KXNCAAWBGAME-25DEC07APPCLEM-APP,KXNCAAWBGAME-25DEC07APPCLEM-APP,Appalachian St. at Clemson Winner?,2025-12-07T22:06:26.370718+00:00,2025-12-07,2025-12-07T08:00:00-05:00,2025-12-07T13:04:00+00:00,0.1200,0.1700,ok,
KXNCAAWBGAME-25DEC07BUTMARQ-MARQ,KXNCAAWBGAME-25DEC07BUTMARQ-MARQ,Butler at Marquette Winner?,2025-12-07T19:57:11.419586+00:00,2025-12-07,2025-12-07T08:00:00-05:00,2025-12-07T13:13:00+00:00,0.7800,0.8900,ok,
KXNCAAWBGAME-25DEC07BUTMARQ-BUT,KXNCAAWBGAME-25DEC07BUTMARQ-BUT,Butler at Marquette Winner?,2025-12-07T19:57:11.419586+00:00,2025-12-07,2025-12-07T08:00:00-05:00,2025-12-07T13:04:00+00:00,0.1100,0.2000,ok,
KXNCAAWBGAME-25DEC07DSUUCF-UCF,KXNCAAWBGAME-25DEC07DSUUCF-UCF,Delaware St. at UCF Winner?,2025-12-07T22:06:26.371666+00:00,2025-12-07,2025-12-07T08:00:00-05:00,2025-12-07T13:05:00+00:00,0.9400,0.9600,ok,
KXNCAAWBGAME-25DEC07DSUUCF-DSU,KXNCAAWBGAME-25DEC07DSUUCF-DSU,Delaware St. at UCF Winner?,2025-12-07T22:06:26.371666+00:00,2025-12-07,2025-12-07T08:00:00-05:00,2025-12-07T13:01:00+00:00,0.0500,0.0700,ok,
KXNCAAWBGAME-25DEC07LIUDAY-LIU,KXNCAAWBGAME-25DEC07LIUDAY-LIU,LIU at Dayton Winner?,2025-12-07T20:33:32.713680+00:00,2025-12-07,2025-12-07T08:00:00-05:00,2025-12-07T13:01:00+00:00,0.1000,0.2100,ok,
KXNCAAWBGAME-25DEC07LIUDAY-DAY,KXNCAAWBGAME-25DEC07LIUDAY-DAY,LIU at Dayton Winner?,2025-12-07T20:33:32.713680+00:00,2025-12-07,2025-12-07T08:00:00-05:00,2025-12-07T13:01:00+00:00,0.8000,0.9000,ok,
KXNCAAWBGAME-25DEC07DEPCONN-DEP,KXNCAAWBGAME-25DEC07DEPCONN-DEP,DePaul at UConn Winner?,2025-12-07T20:07:38.932999+00:00,2025-12-07,2025-12-07T08:00:00-05:00,2025-12-07T13:30:00+00:00,0.0000,0.0100,ok,
KXNCAAWBGAME-25DEC07DEPCONN-CONN,KXNCAAWBGAME-25DEC07DEPCONN-CONN,DePaul at UConn Winner?,2025-12-07T20:07:38.932999+00:00,2025-12-07,2025-12-07T08:00:00-05:00,,,,no_candle_in_window,no candle found after 8:00 in requested window
KXNCAAWBGAME-25DEC07URIME-URI,KXNCAAWBGAME-25DEC07URIME-URI,Rhode Island at Maine Winner?,2025-12-07T20:03:36.716096+00:00,2025-12-07,2025-12-07T08:00:00-05:00,2025-12-07T13:04:00+00:00,0.8900,0.9400,ok,
KXNCAAWBGAME-25DEC07URIME-ME,KXNCAAWBGAME-25DEC07URIME-ME,Rhode Island at Maine Winner?,2025-12-07T20:03:36.716096+00:00,2025-12-07,2025-12-07T08:00:00-05:00,2025-12-07T13:01:00+00:00,0.0900,0.1300,ok,
KXNCAAWBGAME-25DEC07CMUUK-UK,KXNCAAWBGAME-25DEC07CMUUK-UK,Central Michigan at Kentucky Winner?,2025-12-07T19:57:12.566634+00:00,2025-12-07,2025-12-07T08:00:00-05:00,2025-12-07T13:14:00+00:00,0.9600,0.9700,ok,
KXNCAAWBGAME-25DEC07CMUUK-CMU,KXNCAAWBGAME-25DEC07CMUUK-CMU,Central Michigan at Kentucky Winner?,2025-12-07T19:57:12.566634+00:00,2025-12-07,2025-12-07T08:00:00-05:00,2025-12-07T13:09:00+00:00,0.0300,0.0500,ok,
KXNCAAWBGAME-25DEC07BUUNC-UNC,KXNCAAWBGAME-25DEC07BUUNC-UNC,Boston University at North Carolina Winner?,2025-12-07T19:07:33.263453+00:00,2025-12-07,2025-12-07T08:00:00-05:00,2025-12-07T13:01:00+00:00,0.9300,1.0000,ok,
KXNCAAWBGAME-25DEC07BUUNC-BU,KXNCAAWBGAME-25DEC07BUUNC-BU,Boston University at North Carolina Winner?,2025-12-07T19:07:33.263453+00:00,2025-12-07,2025-12-07T08:00:00-05:00,2025-12-07T13:01:00+00:00,0.0200,0.0900,ok,
KXNCAAWBGAME-25DEC07PURMICH-PUR,KXNCAAWBGAME-25DEC07PURMICH-PUR,Purdue at Michigan Winner?,2025-12-07T19:23:11.161434+00:00,2025-12-07,2025-12-07T08:00:00-05:00,2025-12-07T13:01:00+00:00,0.0300,0.0400,ok,
KXNCAAWBGAME-25DEC07PURMICH-MICH,KXNCAAWBGAME-25DEC07PURMICH-MICH,Purdue at Michigan Winner?,2025-12-07T19:23:11.161434+00:00,2025-12-07,2025-12-07T08:00:00-05:00,2025-12-07T13:02:00+00:00,0.9600,0.9800,ok,
KXNCAAWBGAME-25DEC07NCCUSCAR-SCAR,KXNCAAWBGAME-25DEC07NCCUSCAR-SCAR,North Carolina Central at South Carolina Winner?,2025-12-07T20:33:33.769460+00:00,2025-12-07,2025-12-07T08:00:00-05:00,,,,no_candle_in_window,no candle found after 8:00 in requested window
KXNCAAWBGAME-25DEC07NCCUSCAR-NCCU,KXNCAAWBGAME-25DEC07NCCUSCAR-NCCU,North Carolina Central at South Carolina Winner?,2025-12-07T20:33:33.769460+00:00,2025-12-07,2025-12-07T08:00:00-05:00,2025-12-07T13:05:00+00:00,0.0000,0.0100,ok,
KXNCAAWBGAME-25DEC07LASPENN-PENN,KXNCAAWBGAME-25DEC07LASPENN-PENN,La Salle at Penn Winner?,2025-12-07T19:33:20.730705+00:00,2025-12-07,2025-12-07T08:00:00-05:00,2025-12-07T13:03:00+00:00,0.5300,0.6400,ok,
KXNCAAWBGAME-25DEC07LASPENN-LAS,KXNCAAWBGAME-25DEC07LASPENN-LAS,La Salle at Penn Winner?,2025-12-07T19:33:20.730705+00:00,2025-12-07,2025-12-07T08:00:00-05:00,2025-12-07T13:03:00+00:00,0.3600,0.4400,ok,
KXNCAAWBGAME-25DEC07UVABC-UVA,KXNCAAWBGAME-25DEC07UVABC-UVA,Virginia at Boston College Winner?,2025-12-07T19:27:18.290609+00:00,2025-12-07,2025-12-07T08:00:00-05:00,2025-12-07T13:03:00+00:00,0.8200,0.9100,ok,
KXNCAAWBGAME-25DEC07UVABC-BC,KXNCAAWBGAME-25DEC07UVABC-BC,Virginia at Boston College Winner?,2025-12-07T19:27:18.290609+00:00,2025-12-07,2025-12-07T08:00:00-05:00,2025-12-07T13:03:00+00:00,0.1100,0.1800,ok,
KXNCAAWBGAME-25DEC07UNHLOU-UNH,KXNCAAWBGAME-25DEC07UNHLOU-UNH,New Hampshire at Louisville Winner?,2025-12-07T19:17:53.596158+00:00,2025-12-07,2025-12-07T08:00:00-05:00,2025-12-07T13:08:00+00:00,0.0100,0.0200,ok,
KXNCAAWBGAME-25DEC07UNHLOU-LOU,KXNCAAWBGAME-25DEC07UNHLOU-LOU,New Hampshire at Louisville Winner?,2025-12-07T19:17:53.596158+00:00,2025-12-07,2025-12-07T08:00:00-05:00,2025-12-07T13:08:00+00:00,0.9900,1.0000,ok,
KXNCAAWBGAME-25DEC06BYUPORT-PORT,KXNCAAWBGAME-25DEC06BYUPORT-PORT,BYU at Portland Winner?,2025-12-07T03:25:04.690511+00:00,2025-12-06,2025-12-06T08:00:00-05:00,2025-12-06T13:23:00+00:00,0.2500,0.3300,ok,
KXNCAAWBGAME-25DEC06BYUPORT-BYU,KXNCAAWBGAME-25DEC06BYUPORT-BYU,BYU at Portland Winner?,2025-12-07T03:25:04.690511+00:00,2025-12-06,2025-12-06T08:00:00-05:00,2025-12-06T13:23:00+00:00,0.6600,0.7800,ok,
KXNCAAWBGAME-25DEC06UCDGONZ-UCD,KXNCAAWBGAME-25DEC06UCDGONZ-UCD,UC Davis at Gonzaga Winner?,2025-12-07T04:10:00.617179+00:00,2025-12-06,2025-12-06T08:00:00-05:00,2025-12-06T13:05:00+00:00,0.1400,0.3000,ok,
KXNCAAWBGAME-25DEC06UCDGONZ-GONZ,KXNCAAWBGAME-25DEC06UCDGONZ-GONZ,UC Davis at Gonzaga Winner?,2025-12-07T04:10:00.617179+00:00,2025-12-06,2025-12-06T08:00:00-05:00,2025-12-06T13:05:00+00:00,0.7100,0.8600,ok,
KXNCAAWBGAME-25DEC06PEPPFRES-PEPP,KXNCAAWBGAME-25DEC06PEPPFRES-PEPP,Pepperdine at Fresno St. Winner?,2025-12-07T03:40:05.545705+00:00,2025-12-06,2025-12-06T08:00:00-05:00,2025-12-06T13:23:00+00:00,0.1500,0.3300,ok,
KXNCAAWBGAME-25DEC06PEPPFRES-FRES,KXNCAAWBGAME-25DEC06PEPPFRES-FRES,Pepperdine at Fresno St. Winner?,2025-12-07T03:40:05.545705+00:00,2025-12-06,2025-12-06T08:00:00-05:00,2025-12-06T13:23:00+00:00,0.7200,0.8400,ok,
KXNCAAWBGAME-25DEC06IOWARUTG-RUTG,KXNCAAWBGAME-25DEC06IOWARUTG-RUTG,Iowa at Rutgers Winner?,2025-12-07T01:40:23.668258+00:00,2025-12-06,2025-12-06T08:00:00-05:00,2025-12-06T13:17:00+00:00,0.0800,0.1600,ok,
KXNCAAWBGAME-25DEC06IOWARUTG-IOWA,KXNCAAWBGAME-25DEC06IOWARUTG-IOWA,Iowa at Rutgers Winner?,2025-12-07T01:40:23.668258+00:00,2025-12-06,2025-12-06T08:00:00-05:00,2025-12-06T13:17:00+00:00,0.8600,0.9200,ok,
KXNCAAWBGAME-25DEC06SFASU-SF,KXNCAAWBGAME-25DEC06SFASU-SF,San Francisco at Arizona St. Winner?,2025-12-07T00:00:55.685659+00:00,2025-12-06,2025-12-06T08:00:00-05:00,,,,no_candle_in_window,no candle found after 8:00 in requested window
KXNCAAWBGAME-25DEC06SFASU-ASU,KXNCAAWBGAME-25DEC06SFASU-ASU,San Francisco at Arizona St. Winner?,2025-12-07T00:00:55.685659+00:00,2025-12-06,2025-12-06T08:00:00-05:00,,,,no_candle_in_window,no candle found after 8:00 in requested window
KXNCAAWBGAME-25DEC06AFAUVU-UVU,KXNCAAWBGAME-25DEC06AFAUVU-UVU,Air Force at Utah Valley Winner?,2025-12-07T00:44:57.099558+00:00,2025-12-06,2025-12-06T08:00:00-05:00,2025-12-06T13:23:00+00:00,0.6300,0.8700,ok,
KXNCAAWBGAME-25DEC06AFAUVU-AFA,KXNCAAWBGAME-25DEC06AFAUVU-AFA,Air Force at Utah Valley Winner?,2025-12-07T00:44:57.099558+00:00,2025-12-06,2025-12-06T08:00:00-05:00,2025-12-06T13:23:00+00:00,0.2500,0.3800,ok,
KXNCAAWBGAME-25DEC06SIMPSCU-SIMP,KXNCAAWBGAME-25DEC06SIMPSCU-SIMP,Simpson University at Santa Clara Winner?,2025-12-06T23:25:04.181778+00:00,2025-12-06,2025-12-06T08:00:00-05:00,,,,no_candle_in_window,no candle found after 8:00 in requested window
KXNCAAWBGAME-25DEC06SIMPSCU-SCU,KXNCAAWBGAME-25DEC06SIMPSCU-SCU,Simpson University at Santa Clara Winner?,2025-12-06T23:25:04.181778+00:00,2025-12-06,2025-12-06T08:00:00-05:00,2025-12-06T13:16:00+00:00,0.9900,1.0000,ok,
KXNCAAWBGAME-25DEC06TXSOUNT-UNT,KXNCAAWBGAME-25DEC06TXSOUNT-UNT,Texas Southern at North Texas Winner?,2025-12-06T22:30:34.767698+00:00,2025-12-06,2025-12-06T08:00:00-05:00,2025-12-06T13:01:00+00:00,0.9200,0.9500,ok,
KXNCAAWBGAME-25DEC06TXSOUNT-TXSO,KXNCAAWBGAME-25DEC06TXSOUNT-TXSO,Texas Southern at North Texas Winner?,2025-12-06T22:30:34.767698+00:00,2025-12-06,2025-12-06T08:00:00-05:00,2025-12-06T13:01:00+00:00,0.0800,0.1100,ok,
KXNCAAWBGAME-25DEC06UNLVRICE-UNLV,KXNCAAWBGAME-25DEC06UNLVRICE-UNLV,UNLV at Rice Winner?,2025-12-06T22:00:53.660484+00:00,2025-12-06,2025-12-06T08:00:00-05:00,2025-12-06T13:01:00+00:00,0.4100,0.7000,ok,
KXNCAAWBGAME-25DEC06UNLVRICE-RICE,KXNCAAWBGAME-25DEC06UNLVRICE-RICE,UNLV at Rice Winner?,2025-12-06T22:00:53.660484+00:00,2025-12-06,2025-12-06T08:00:00-05:00,2025-12-06T13:01:00+00:00,0.3500,0.6000,ok,
KXNCAAWBGAME-25DEC06CBUBSU-CBU,KXNCAAWBGAME-25DEC06CBUBSU-CBU,California Baptist at Boise St. Winner?,2025-12-06T22:20:37.781309+00:00,2025-12-06,2025-12-06T08:00:00-05:00,2025-12-06T13:24:00+00:00,0.2300,0.3300,ok,
KXNCAAWBGAME-25DEC06CBUBSU-BSU,KXNCAAWBGAME-25DEC06CBUBSU-BSU,California Baptist at Boise St. Winner?,2025-12-06T22:20:37.781309+00:00,2025-12-06,2025-12-06T08:00:00-05:00,2025-12-06T13:24:00+00:00,0.6600,0.7500,ok,
KXNCAAWBGAME-25DEC06MVSUOKST-OKST,KXNCAAWBGAME-25DEC06MVSUOKST-OKST,Mississippi Valley St. at Oklahoma St. Winner?,2025-12-06T22:30:35.181934+00:00,2025-12-06,2025-12-06T08:00:00-05:00,2025-12-06T13:14:00+00:00,0.9900,1.0000,ok,
KXNCAAWBGAME-25DEC06MVSUOKST-MVSU,KXNCAAWBGAME-25DEC06MVSUOKST-MVSU,Mississippi Valley St. at Oklahoma St. Winner?,2025-12-06T22:30:35.181934+00:00,2025-12-06,2025-12-06T08:00:00-05:00,2025-12-06T13:16:00+00:00,0.0000,0.0100,ok,
KXNCAAWBGAME-25DEC06UTEPTCU-UTEP,KXNCAAWBGAME-25DEC06UTEPTCU-UTEP,UTEP at TCU Winner?,2025-12-06T21:30:55.396829+00:00,2025-12-06,2025-12-06T08:00:00-05:00,2025-12-06T13:16:00+00:00,0.0100,0.0300,ok,
KXNCAAWBGAME-25DEC06UTEPTCU-TCU,KXNCAAWBGAME-25DEC06UTEPTCU-TCU,UTEP at TCU Winner?,2025-12-06T21:30:55.396829+00:00,2025-12-06,2025-12-06T08:00:00-05:00,2025-12-06T13:13:00+00:00,0.9700,0.9900,ok,
KXNCAAWBGAME-25DEC06FORHOF-HOF,KXNCAAWBGAME-25DEC06FORHOF-HOF,Fordham at Hofstra Winner?,2025-12-06T21:20:50.411857+00:00,2025-12-06,2025-12-06T08:00:00-05:00,2025-12-06T13:04:00+00:00,0.2500,0.3900,ok,
KXNCAAWBGAME-25DEC06FORHOF-FOR,KXNCAAWBGAME-25DEC06FORHOF-FOR,Fordham at Hofstra Winner?,2025-12-06T21:20:50.411857+00:00,2025-12-06,2025-12-06T08:00:00-05:00,2025-12-06T13:04:00+00:00,0.6400,0.7500,ok,
KXNCAAWBGAME-25DEC06MCNSNEV-NEV,KXNCAAWBGAME-25DEC06MCNSNEV-NEV,McNeese at Nevada Winner?,2025-12-06T20:55:06.959944+00:00,2025-12-06,2025-12-06T08:00:00-05:00,2025-12-06T13:04:00+00:00,0.3100,0.4800,ok,
KXNCAAWBGAME-25DEC06MCNSNEV-MCNS,KXNCAAWBGAME-25DEC06MCNSNEV-MCNS,McNeese at Nevada Winner?,2025-12-06T20:55:06.959944+00:00,2025-12-06,2025-12-06T08:00:00-05:00,2025-12-06T13:04:00+00:00,0.6300,0.6700,ok,
KXNCAAWBGAME-25DEC06BRWNGW-GW,KXNCAAWBGAME-25DEC06BRWNGW-GW,Brown at George Washington Winner?,2025-12-06T20:01:45.539821+00:00,2025-12-06,2025-12-06T08:00:00-05:00,2025-12-06T13:16:00+00:00,0.3900,0.5900,ok,
KXNCAAWBGAME-25DEC06BRWNGW-BRWN,KXNCAAWBGAME-25DEC06BRWNGW-BRWN,Brown at George Washington Winner?,2025-12-06T20:01:45.539821+00:00,2025-12-06,2025-12-06T08:00:00-05:00,2025-12-06T13:16:00+00:00,0.4400,0.5500,ok,
KXNCAAWBGAME-25DEC06SBONLMC-SBON,KXNCAAWBGAME-25DEC06SBONLMC-SBON,St. Bonaventure at Le Moyne Winner?,2025-12-06T19:45:14.875750+00:00,2025-12-06,2025-12-06T08:00:00-05:00,2025-12-06T13:23:00+00:00,0.8100,0.8500,ok,
KXNCAAWBGAME-25DEC06SBONLMC-LMC,KXNCAAWBGAME-25DEC06SBONLMC-LMC,St. Bonaventure at Le Moyne Winner?,2025-12-06T19:45:14.875750+00:00,2025-12-06,2025-12-06T08:00:00-05:00,2025-12-06T13:23:00+00:00,0.1400,0.2600,ok,
KXNCAAWBGAME-25DEC06NEBPSU-PSU,KXNCAAWBGAME-25DEC06NEBPSU-PSU,Nebraska at Penn St. Winner?,2025-12-06T20:35:06.078195+00:00,2025-12-06,2025-12-06T08:00:00-05:00,2025-12-06T13:03:00+00:00,0.1300,0.1800,ok,
KXNCAAWBGAME-25DEC06NEBPSU-NEB,KXNCAAWBGAME-25DEC06NEBPSU-NEB,Nebraska at Penn St. Winner?,2025-12-06T20:35:06.078195+00:00,2025-12-06,2025-12-06T08:00:00-05:00,2025-12-06T13:03:00+00:00,0.7900,0.8900,ok,
KXNCAAWBGAME-25DEC06INDILL-IND,KXNCAAWBGAME-25DEC06INDILL-IND,Indiana at Illinois Winner?,2025-12-06T19:10:52.168607+00:00,2025-12-06,2025-12-06T08:00:00-05:00,2025-12-06T13:01:00+00:00,0.2600,0.4700,ok,
KXNCAAWBGAME-25DEC06INDILL-ILL,KXNCAAWBGAME-25DEC06INDILL-ILL,Indiana at Illinois Winner?,2025-12-06T19:10:52.168607+00:00,2025-12-06,2025-12-06T08:00:00-05:00,2025-12-06T13:01:00+00:00,0.5500,0.7500,ok,
KXNCAAWBGAME-25DEC05USULMU-USU,KXNCAAWBGAME-25DEC05USULMU-USU,Utah St. at Loyola Marymount Winner?,2025-12-06T04:34:32.850726+00:00,2025-12-05,2025-12-05T08:00:00-05:00,2025-12-05T13:06:00+00:00,0.1300,0.1400,ok,
KXNCAAWBGAME-25DEC05USULMU-LMU,KXNCAAWBGAME-25DEC05USULMU-LMU,Utah St. at Loyola Marymount Winner?,2025-12-06T04:34:32.850726+00:00,2025-12-05,2025-12-05T08:00:00-05:00,2025-12-05T13:01:00+00:00,0.8400,0.9000,ok,
KXNCAAWBGAME-25DEC05MCNSASU-MCNS,KXNCAAWBGAME-25DEC05MCNSASU-MCNS,McNeese at Arizona St. Winner?,2025-12-06T03:50:09.489166+00:00,2025-12-05,2025-12-05T08:00:00-05:00,2025-12-05T13:02:00+00:00,0.1300,0.1500,ok,
KXNCAAWBGAME-25DEC05MCNSASU-ASU,KXNCAAWBGAME-25DEC05MCNSASU-ASU,McNeese at Arizona St. Winner?,2025-12-06T03:50:09.489166+00:00,2025-12-05,2025-12-05T08:00:00-05:00,2025-12-05T13:01:00+00:00,0.8300,0.8800,ok,
KXNCAAWBGAME-25DEC05MHUWVU-WVU,KXNCAAWBGAME-25DEC05MHUWVU-WVU,Mercyhurst at West Virginia Winner?,2025-12-06T02:10:40.965797+00:00,2025-12-05,2025-12-05T08:00:00-05:00,2025-12-05T13:11:00+00:00,0.9900,1.0000,ok,
KXNCAAWBGAME-25DEC05MHUWVU-MHU,KXNCAAWBGAME-25DEC05MHUWVU-MHU,Mercyhurst at West Virginia Winner?,2025-12-06T02:10:40.965797+00:00,2025-12-05,2025-12-05T08:00:00-05:00,2025-12-05T13:05:00+00:00,0.0000,0.0200,ok,
KXNCAAWBGAME-25DEC05UMESWICH-WICH,KXNCAAWBGAME-25DEC05UMESWICH-WICH,Maryland-Eastern Shore at Wichita St. Winner?,2025-12-06T02:24:40.258050+00:00,2025-12-05,2025-12-05T08:00:00-05:00,2025-12-05T13:01:00+00:00,0.4600,0.5000,ok,
KXNCAAWBGAME-25DEC05UMESWICH-UMES,KXNCAAWBGAME-25DEC05UMESWICH-UMES,Maryland-Eastern Shore at Wichita St. Winner?,2025-12-06T02:24:40.258050+00:00,2025-12-05,2025-12-05T08:00:00-05:00,2025-12-05T13:01:00+00:00,0.5300,0.6000,ok,
KXNCAAWBGAME-25DEC05SFNEV-SF,KXNCAAWBGAME-25DEC05SFNEV-SF,San Francisco at Nevada Winner?,2025-12-06T01:04:46.982447+00:00,2025-12-05,2025-12-05T08:00:00-05:00,2025-12-05T13:01:00+00:00,0.6300,0.7900,ok,
KXNCAAWBGAME-25DEC05SFNEV-NEV,KXNCAAWBGAME-25DEC05SFNEV-NEV,San Francisco at Nevada Winner?,2025-12-06T01:04:46.982447+00:00,2025-12-05,2025-12-05T08:00:00-05:00,2025-12-05T13:01:00+00:00,0.2500,0.3600,ok,
KXNCAAWBGAME-25DEC05HCUUSF-USF,KXNCAAWBGAME-25DEC05HCUUSF-USF,Houston Christian at South Florida Winner?,2025-12-05T18:10:04.446630+00:00,2025-12-05,2025-12-05T08:00:00-05:00,2025-12-05T13:01:00+00:00,0.9200,0.9500,ok,
KXNCAAWBGAME-25DEC05HCUUSF-HCU,KXNCAAWBGAME-25DEC05HCUUSF-HCU,Houston Christian at South Florida Winner?,2025-12-05T18:10:04.446630+00:00,2025-12-05,2025-12-05T08:00:00-05:00,2025-12-05T13:01:00+00:00,0.0600,0.0800,ok,
KXNCAAWBGAME-25DEC04SMCSJSU-SMC,KXNCAAWBGAME-25DEC04SMCSJSU-SMC,Saint Mary's at San Jose St. Winner?,2025-12-05T05:24:35.082500+00:00,2025-12-05,2025-12-05T08:00:00-05:00,,,,no_candle_in_window,no candle found after 8:00 in requested window
KXNCAAWBGAME-25DEC04SMCSJSU-SJSU,KXNCAAWBGAME-25DEC04SMCSJSU-SJSU,Saint Mary's at San Jose St. Winner?,2025-12-05T05:24:35.082500+00:00,2025-12-05,2025-12-05T08:00:00-05:00,,,,no_candle_in_window,no candle found after 8:00 in requested window
KXNCAAWBGAME-25DEC04GCGONZ-GONZ,KXNCAAWBGAME-25DEC04GCGONZ-GONZ,Grand Canyon at Gonzaga Winner?,2025-12-05T04:34:41.249996+00:00,2025-12-04,2025-12-04T08:00:00-05:00,2025-12-04T13:05:00+00:00,0.7000,0.8400,ok,
KXNCAAWBGAME-25DEC04GCGONZ-GC,KXNCAAWBGAME-25DEC04GCGONZ-GC,Grand Canyon at Gonzaga Winner?,2025-12-05T04:34:41.249996+00:00,2025-12-04,2025-12-04T08:00:00-05:00,2025-12-04T13:05:00+00:00,0.2100,0.3100,ok,
KXNCAAWBGAME-25DEC04LSUDUKE-LSU,KXNCAAWBGAME-25DEC04LSUDUKE-LSU,LSU at Duke Winner?,2025-12-05T04:10:08.809680+00:00,2025-12-04,2025-12-04T08:00:00-05:00,2025-12-04T13:02:00+00:00,0.8200,0.8900,ok,
KXNCAAWBGAME-25DEC04LSUDUKE-DUKE,KXNCAAWBGAME-25DEC04LSUDUKE-DUKE,LSU at Duke Winner?,2025-12-05T04:10:08.809680+00:00,2025-12-04,2025-12-04T08:00:00-05:00,2025-12-04T13:02:00+00:00,0.1400,0.1500,ok,
KXNCAAWBGAME-25DEC04SACPAC-SAC,KXNCAAWBGAME-25DEC04SACPAC-SAC,Sacramento St. at Pacific Winner?,2025-12-05T04:34:41.125320+00:00,2025-12-04,2025-12-04T08:00:00-05:00,2025-12-04T13:15:00+00:00,0.4500,0.5100,ok,
KXNCAAWBGAME-25DEC04SACPAC-PAC,KXNCAAWBGAME-25DEC04SACPAC-PAC,Sacramento St. at Pacific Winner?,2025-12-05T04:34:41.125320+00:00,2025-12-04,2025-12-04T08:00:00-05:00,2025-12-04T13:15:00+00:00,0.5300,0.7200,ok,
KXNCAAWBGAME-25DEC04NDMISS-ND,KXNCAAWBGAME-25DEC04NDMISS-ND,Notre Dame at Ole Miss Winner?,2025-12-05T04:50:03.272991+00:00,2025-12-04,2025-12-04T08:00:00-05:00,2025-12-04T13:13:00+00:00,0.4500,0.4800,ok,
KXNCAAWBGAME-25DEC04NDMISS-MISS,KXNCAAWBGAME-25DEC04NDMISS-MISS,Notre Dame at Ole Miss Winner?,2025-12-05T04:50:03.272991+00:00,2025-12-04,2025-12-04T08:00:00-05:00,2025-12-04T13:13:00+00:00,0.5100,0.7100,ok,
KXNCAAWBGAME-25DEC04CALMIZZ-MIZZ,KXNCAAWBGAME-25DEC04CALMIZZ-MIZZ,California at Missouri Winner?,2025-12-05T04:54:37.275255+00:00,2025-12-04,2025-12-04T08:00:00-05:00,2025-12-04T13:07:00+00:00,0.5100,0.7200,ok,
KXNCAAWBGAME-25DEC04CALMIZZ-CAL,KXNCAAWBGAME-25DEC04CALMIZZ-CAL,California at Missouri Winner?,2025-12-05T04:54:37.275255+00:00,2025-12-04,2025-12-04T08:00:00-05:00,2025-12-04T13:07:00+00:00,0.2600,0.4500,ok,
KXNCAAWBGAME-25DEC04UTAHCSU-UTAH,KXNCAAWBGAME-25DEC04UTAHCSU-UTAH,Utah at Colorado St. Winner?,2025-12-05T04:14:49.763087+00:00,2025-12-04,2025-12-04T08:00:00-05:00,2025-12-04T13:01:00+00:00,0.3300,0.5500,ok,
KXNCAAWBGAME-25DEC04UTAHCSU-CSU,KXNCAAWBGAME-25DEC04UTAHCSU-CSU,Utah at Colorado St. Winner?,2025-12-05T04:14:49.763087+00:00,2025-12-04,2025-12-04T08:00:00-05:00,2025-12-04T13:01:00+00:00,0.4900,0.6600,ok,
KXNCAAWBGAME-25DEC04MARQDEP-MARQ,KXNCAAWBGAME-25DEC04MARQDEP-MARQ,Marquette at DePaul Winner?,2025-12-05T04:30:22.524811+00:00,2025-12-04,2025-12-04T08:00:00-05:00,2025-12-04T13:05:00+00:00,0.7600,0.8300,ok,
KXNCAAWBGAME-25DEC04MARQDEP-DEP,KXNCAAWBGAME-25DEC04MARQDEP-DEP,Marquette at DePaul Winner?,2025-12-05T04:30:22.524811+00:00,2025-12-04,2025-12-04T08:00:00-05:00,2025-12-04T13:05:00+00:00,0.2500,0.2700,ok,
KXNCAAWBGAME-25DEC04MOSUTULN-TULN,KXNCAAWBGAME-25DEC04MOSUTULN-TULN,Missouri St. at Tulane Winner?,2025-12-05T03:34:52.756857+00:00,2025-12-04,2025-12-04T08:00:00-05:00,2025-12-04T13:01:00+00:00,0.5300,0.6900,ok,
KXNCAAWBGAME-25DEC04MOSUTULN-MOSU,KXNCAAWBGAME-25DEC04MOSUTULN-MOSU,Missouri St. at Tulane Winner?,2025-12-05T03:34:52.756857+00:00,2025-12-04,2025-12-04T08:00:00-05:00,2025-12-04T13:01:00+00:00,0.4500,0.4900,ok,
KXNCAAWBGAME-25DEC04MVSUTLSA-TLSA,KXNCAAWBGAME-25DEC04MVSUTLSA-TLSA,Mississippi Valley St. at Tulsa Winner?,2025-12-05T02:45:03.532252+00:00,2025-12-04,2025-12-04T08:00:00-05:00,2025-12-04T13:04:00+00:00,0.9400,0.9600,ok,
KXNCAAWBGAME-25DEC04MVSUTLSA-MVSU,KXNCAAWBGAME-25DEC04MVSUTLSA-MVSU,Mississippi Valley St. at Tulsa Winner?,2025-12-05T02:45:03.532252+00:00,2025-12-04,2025-12-04T08:00:00-05:00,2025-12-04T13:02:00+00:00,0.0600,0.0800,ok,
KXNCAAWBGAME-25DEC04SCARLOU-SCAR,KXNCAAWBGAME-25DEC04SCARLOU-SCAR,South Carolina at Louisville Winner?,2025-12-05T02:30:52.896018+00:00,2025-12-04,2025-12-04T08:00:00-05:00,2025-12-04T13:01:00+00:00,0.7900,0.8200,ok,
KXNCAAWBGAME-25DEC04SCARLOU-LOU,KXNCAAWBGAME-25DEC04SCARLOU-LOU,South Carolina at Louisville Winner?,2025-12-05T02:30:52.896018+00:00,2025-12-04,2025-12-04T08:00:00-05:00,2025-12-04T13:02:00+00:00,0.2000,0.2300,ok,
KXNCAAWBGAME-25DEC04UNCTEX-UNC,KXNCAAWBGAME-25DEC04UNCTEX-UNC,North Carolina at Texas Winner?,2025-12-05T02:20:49.669811+00:00,2025-12-04,2025-12-04T08:00:00-05:00,2025-12-04T13:07:00+00:00,0.1800,0.1900,ok,
KXNCAAWBGAME-25DEC04UNCTEX-TEX,KXNCAAWBGAME-25DEC04UNCTEX-TEX,North Carolina at Texas Winner?,2025-12-05T02:20:49.669811+00:00,2025-12-04,2025-12-04T08:00:00-05:00,2025-12-04T13:03:00+00:00,0.8200,0.8400,ok,
KXNCAAWBGAME-25DEC04VILLGTWN-VILL,KXNCAAWBGAME-25DEC04VILLGTWN-VILL,Villanova at Georgetown Winner?,2025-12-05T02:25:08.587754+00:00,2025-12-04,2025-12-04T08:00:00-05:00,2025-12-04T13:20:00+00:00,0.4500,0.5900,ok,
KXNCAAWBGAME-25DEC04VILLGTWN-GTWN,KXNCAAWBGAME-25DEC04VILLGTWN-GTWN,Villanova at Georgetown Winner?,2025-12-05T02:25:08.587754+00:00,2025-12-04,2025-12-04T08:00:00-05:00,2025-12-04T13:20:00+00:00,0.4500,0.5100,ok,
KXNCAAWBGAME-25DEC04CREISJU-SJU,KXNCAAWBGAME-25DEC04CREISJU-SJU,Creighton at St. John's Winner?,2025-12-05T02:10:53.897836+00:00,2025-12-04,2025-12-04T08:00:00-05:00,2025-12-04T13:01:00+00:00,0.6500,0.7400,ok,
KXNCAAWBGAME-25DEC04CREISJU-CREI,KXNCAAWBGAME-25DEC04CREISJU-CREI,Creighton at St. John's Winner?,2025-12-05T02:10:53.897836+00:00,2025-12-04,2025-12-04T08:00:00-05:00,2025-12-04T13:01:00+00:00,0.2800,0.3700,ok,
KXNCAAWBGAME-25DEC04ARKSMU-SMU,KXNCAAWBGAME-25DEC04ARKSMU-SMU,Arkansas at SMU Winner?,2025-12-05T02:55:02.786429+00:00,2025-12-04,2025-12-04T08:00:00-05:00,2025-12-04T13:01:00+00:00,0.3000,0.4100,ok,
KXNCAAWBGAME-25DEC04ARKSMU-ARK,KXNCAAWBGAME-25DEC04ARKSMU-ARK,Arkansas at SMU Winner?,2025-12-05T02:55:02.786429+00:00,2025-12-04,2025-12-04T08:00:00-05:00,2025-12-04T13:01:00+00:00,0.4900,0.8200,ok,
KXNCAAWBGAME-25DEC04PITTMSST-PITT,KXNCAAWBGAME-25DEC04PITTMSST-PITT,Pittsburgh at Mississippi St. Winner?,2025-12-05T02:25:08.575840+00:00,2025-12-04,2025-12-04T08:00:00-05:00,2025-12-04T13:01:00+00:00,0.2100,0.2300,ok,
KXNCAAWBGAME-25DEC04PITTMSST-MSST,KXNCAAWBGAME-25DEC04PITTMSST-MSST,Pittsburgh at Mississippi St. Winner?,2025-12-05T02:25:08.575840+00:00,2025-12-04,2025-12-04T08:00:00-05:00,2025-12-04T13:01:00+00:00,0.7100,0.8200,ok,
KXNCAAWBGAME-25DEC04BUTHALL-HALL,KXNCAAWBGAME-25DEC04BUTHALL-HALL,Butler at Seton Hall Winner?,2025-12-05T02:15:49.583999+00:00,2025-12-04,2025-12-04T08:00:00-05:00,2025-12-04T13:03:00+00:00,0.7800,0.7900,ok,
KXNCAAWBGAME-25DEC04BUTHALL-BUT,KXNCAAWBGAME-25DEC04BUTHALL-BUT,Butler at Seton Hall Winner?,2025-12-05T02:15:49.583999+00:00,2025-12-04,2025-12-04T08:00:00-05:00,2025-12-04T13:03:00+00:00,0.2400,0.2500,ok,
KXNCAAWBGAME-25DEC04CLEMALA-CLEM,KXNCAAWBGAME-25DEC04CLEMALA-CLEM,Clemson at Alabama Winner?,2025-12-05T02:40:26.761247+00:00,2025-12-04,2025-12-04T08:00:00-05:00,2025-12-04T13:01:00+00:00,0.2200,0.2700,ok,
KXNCAAWBGAME-25DEC04CLEMALA-ALA,KXNCAAWBGAME-25DEC04CLEMALA-ALA,Clemson at Alabama Winner?,2025-12-05T02:40:26.761247+00:00,2025-12-04,2025-12-04T08:00:00-05:00,2025-12-04T13:01:00+00:00,0.7800,0.8000,ok,
KXNCAAWBGAME-25DEC04FLAVT-VT,KXNCAAWBGAME-25DEC04FLAVT-VT,Florida at Virginia Tech Winner?,2025-12-05T00:40:57.496640+00:00,2025-12-04,2025-12-04T08:00:00-05:00,2025-12-04T13:02:00+00:00,0.6200,0.6300,ok,
KXNCAAWBGAME-25DEC04FLAVT-FLA,KXNCAAWBGAME-25DEC04FLAVT-FLA,Florida at Virginia Tech Winner?,2025-12-05T00:40:57.496640+00:00,2025-12-04,2025-12-04T08:00:00-05:00,2025-12-04T13:01:00+00:00,0.4000,0.4300,ok,
KXNCAAWBGAME-25DEC04PROVXAV-XAV,KXNCAAWBGAME-25DEC04PROVXAV-XAV,Providence at Xavier Winner?,2025-12-04T18:21:54.092150+00:00,2025-12-04,2025-12-04T08:00:00-05:00,2025-12-04T13:01:00+00:00,0.3700,0.4100,ok,
KXNCAAWBGAME-25DEC04PROVXAV-PROV,KXNCAAWBGAME-25DEC04PROVXAV-PROV,Providence at Xavier Winner?,2025-12-04T18:21:54.092150+00:00,2025-12-04,2025-12-04T08:00:00-05:00,2025-12-04T13:01:00+00:00,0.5700,0.6500,ok,
KXNCAAWBGAME-25DEC03TENNSTAN-TENN,KXNCAAWBGAME-25DEC03TENNSTAN-TENN,Tennessee at Stanford Winner?,2025-12-04T05:00:21.236474+00:00,2025-12-04,2025-12-04T08:00:00-05:00,,,,no_candle_in_window,no candle found after 8:00 in requested window
KXNCAAWBGAME-25DEC03TENNSTAN-STAN,KXNCAAWBGAME-25DEC03TENNSTAN-STAN,Tennessee at Stanford Winner?,2025-12-04T05:00:21.236474+00:00,2025-12-04,2025-12-04T08:00:00-05:00,,,,no_candle_in_window,no candle found after 8:00 in requested window
KXNCAAWBGAME-25DEC03CBUPEPP-PEPP,KXNCAAWBGAME-25DEC03CBUPEPP-PEPP,California Baptist at Pepperdine Winner?,2025-12-04T04:09:58.449764+00:00,2025-12-03,2025-12-03T08:00:00-05:00,2025-12-03T13:26:00+00:00,0.2200,0.3600,ok,
KXNCAAWBGAME-25DEC03CBUPEPP-CBU,KXNCAAWBGAME-25DEC03CBUPEPP-CBU,California Baptist at Pepperdine Winner?,2025-12-04T04:09:58.449764+00:00,2025-12-03,2025-12-03T08:00:00-05:00,2025-12-03T13:26:00+00:00,0.6600,0.8000,ok,
KXNCAAWBGAME-25DEC03ORSTORE-ORST,KXNCAAWBGAME-25DEC03ORSTORE-ORST,Oregon St. at Oregon Winner?,2025-12-04T04:30:06.562367+00:00,2025-12-03,2025-12-03T08:00:00-05:00,2025-12-03T13:01:00+00:00,0.0900,0.1100,ok,
KXNCAAWBGAME-25DEC03ORSTORE-ORE,KXNCAAWBGAME-25DEC03ORSTORE-ORE,Oregon St. at Oregon Winner?,2025-12-04T04:30:06.562367+00:00,2025-12-03,2025-12-03T08:00:00-05:00,2025-12-03T13:19:00+00:00,0.8800,0.9400,ok,
KXNCAAWBGAME-25DEC03KUNW-NW,KXNCAAWBGAME-25DEC03KUNW-NW,Kansas at Northwestern Winner?,2025-12-04T03:40:10.371650+00:00,2025-12-03,2025-12-03T08:00:00-05:00,2025-12-03T13:25:00+00:00,0.2700,0.4800,ok,
KXNCAAWBGAME-25DEC03KUNW-KU,KXNCAAWBGAME-25DEC03KUNW-KU,Kansas at Northwestern Winner?,2025-12-04T03:40:10.371650+00:00,2025-12-03,2025-12-03T08:00:00-05:00,2025-12-03T13:27:00+00:00,0.4800,0.7400,ok,
KXNCAAWBGAME-25DEC03SELABAY-SELA,KXNCAAWBGAME-25DEC03SELABAY-SELA,Southeastern Louisiana at Baylor Winner?,2025-12-04T03:24:52.451776+00:00,2025-12-03,2025-12-03T08:00:00-05:00,2025-12-03T13:13:00+00:00,0.0000,0.0100,ok,
KXNCAAWBGAME-25DEC03SELABAY-BAY,KXNCAAWBGAME-25DEC03SELABAY-BAY,Southeastern Louisiana at Baylor Winner?,2025-12-04T03:24:52.451776+00:00,2025-12-03,2025-12-03T08:00:00-05:00,,,,no_candle_in_window,no candle found after 8:00 in requested window
KXNCAAWBGAME-25DEC03SOUARIZ-SOU,KXNCAAWBGAME-25DEC03SOUARIZ-SOU,Southern University at Arizona Winner?,2025-12-04T03:34:52.110357+00:00,2025-12-03,2025-12-03T08:00:00-05:00,2025-12-03T13:21:00+00:00,0.1200,0.1400,ok,
KXNCAAWBGAME-25DEC03SOUARIZ-ARIZ,KXNCAAWBGAME-25DEC03SOUARIZ-ARIZ,Southern University at Arizona Winner?,2025-12-04T03:34:52.110357+00:00,2025-12-03,2025-12-03T08:00:00-05:00,,,,no_candle_in_window,no candle found after 8:00 in requested window
KXNCAAWBGAME-25DEC03BRADNEB-NEB,KXNCAAWBGAME-25DEC03BRADNEB-NEB,Bradley at Nebraska Winner?,2025-12-04T03:44:49.278403+00:00,2025-12-03,2025-12-03T08:00:00-05:00,2025-12-03T13:16:00+00:00,0.9800,0.9900,ok,
KXNCAAWBGAME-25DEC03BRADNEB-BRAD,KXNCAAWBGAME-25DEC03BRADNEB-BRAD,Bradley at Nebraska Winner?,2025-12-04T03:44:49.278403+00:00,2025-12-03,2025-12-03T08:00:00-05:00,2025-12-03T13:02:00+00:00,0.0100,0.0200,ok,
KXNCAAWBGAME-25DEC03SBONSLU-SLU,KXNCAAWBGAME-25DEC03SBONSLU-SLU,St. Bonaventure at Saint Louis Winner?,2025-12-04T03:34:52.846841+00:00,2025-12-03,2025-12-03T08:00:00-05:00,2025-12-03T13:19:00+00:00,0.2700,0.5600,ok,
KXNCAAWBGAME-25DEC03SBONSLU-SBON,KXNCAAWBGAME-25DEC03SBONSLU-SBON,St. Bonaventure at Saint Louis Winner?,2025-12-04T03:34:52.846841+00:00,2025-12-03,2025-12-03T08:00:00-05:00,2025-12-03T13:26:00+00:00,0.3200,0.7300,ok,
KXNCAAWBGAME-25DEC03FAUWKU-WKU,KXNCAAWBGAME-25DEC03FAUWKU-WKU,Florida Atlantic at Western Kentucky Winner?,2025-12-04T03:30:31.181601+00:00,2025-12-03,2025-12-03T08:00:00-05:00,2025-12-03T13:27:00+00:00,0.4700,0.7200,ok,
KXNCAAWBGAME-25DEC03FAUWKU-FAU,KXNCAAWBGAME-25DEC03FAUWKU-FAU,Florida Atlantic at Western Kentucky Winner?,2025-12-04T03:30:31.181601+00:00,2025-12-03,2025-12-03T08:00:00-05:00,2025-12-03T13:26:00+00:00,0.2700,0.5600,ok,
KXNCAAWBGAME-25DEC03UNLVUTSA-UTSA,KXNCAAWBGAME-25DEC03UNLVUTSA-UTSA,UNLV at UTSA Winner?,2025-12-04T03:44:51.565244+00:00,2025-12-03,2025-12-03T08:00:00-05:00,2025-12-03T13:26:00+00:00,0.3100,0.5400,ok,
KXNCAAWBGAME-25DEC03UNLVUTSA-UNLV,KXNCAAWBGAME-25DEC03UNLVUTSA-UNLV,UNLV at UTSA Winner?,2025-12-04T03:44:51.565244+00:00,2025-12-03,2025-12-03T08:00:00-05:00,2025-12-03T13:26:00+00:00,0.5000,0.7100,ok,
KXNCAAWBGAME-25DEC03IWTCU-TCU,KXNCAAWBGAME-25DEC03IWTCU-TCU,Incarnate Word at TCU Winner?,2025-12-04T03:20:28.130628+00:00,2025-12-03,2025-12-03T08:00:00-05:00,,,,no_candle_in_window,no candle found after 8:00 in requested window
KXNCAAWBGAME-25DEC03IWTCU-IW,KXNCAAWBGAME-25DEC03IWTCU-IW,Incarnate Word at TCU Winner?,2025-12-04T03:20:28.130628+00:00,2025-12-03,2025-12-03T08:00:00-05:00,2025-12-03T13:13:00+00:00,0.0000,0.0100,ok,
KXNCAAWBGAME-25DEC03GTTXAM-TXAM,KXNCAAWBGAME-25DEC03GTTXAM-TXAM,Georgia Tech at Texas A&M Winner?,2025-12-04T03:44:51.714865+00:00,2025-12-03,2025-12-03T08:00:00-05:00,2025-12-03T13:28:00+00:00,0.4300,0.7300,ok,
KXNCAAWBGAME-25DEC03GTTXAM-GT,KXNCAAWBGAME-25DEC03GTTXAM-GT,Georgia Tech at Texas A&M Winner?,2025-12-04T03:44:51.714865+00:00,2025-12-03,2025-12-03T08:00:00-05:00,2025-12-03T13:26:00+00:00,0.2600,0.5900,ok,
KXNCAAWBGAME-25DEC03STETUCF-UCF,KXNCAAWBGAME-25DEC03STETUCF-UCF,Stetson at UCF Winner?,2025-12-04T02:31:32.876548+00:00,2025-12-03,2025-12-03T08:00:00-05:00,2025-12-03T13:25:00+00:00,0.7900,0.8500,ok,
KXNCAAWBGAME-25DEC03STETUCF-STET,KXNCAAWBGAME-25DEC03STETUCF-STET,Stetson at UCF Winner?,2025-12-04T02:31:32.876548+00:00,2025-12-03,2025-12-03T08:00:00-05:00,2025-12-03T13:25:00+00:00,0.1800,0.2200,ok,
KXNCAAWBGAME-25DEC03WICHTTU-WICH,KXNCAAWBGAME-25DEC03WICHTTU-WICH,Wichita St. at Texas Tech Winner?,2025-12-04T02:21:17.138546+00:00,2025-12-03,2025-12-03T08:00:00-05:00,2025-12-03T13:09:00+00:00,0.0000,0.0100,ok,
KXNCAAWBGAME-25DEC03WICHTTU-TTU,KXNCAAWBGAME-25DEC03WICHTTU-TTU,Wichita St. at Texas Tech Winner?,2025-12-04T02:21:17.138546+00:00,2025-12-03,2025-12-03T08:00:00-05:00,,,,no_candle_in_window,no candle found after 8:00 in requested window
KXNCAAWBGAME-25DEC03OKSTUNT-UNT,KXNCAAWBGAME-25DEC03OKSTUNT-UNT,Oklahoma St. at North Texas Winner?,2025-12-04T02:50:44.753418+00:00,2025-12-03,2025-12-03T08:00:00-05:00,2025-12-03T13:01:00+00:00,0.1200,0.1400,ok,
KXNCAAWBGAME-25DEC03OKSTUNT-OKST,KXNCAAWBGAME-25DEC03OKSTUNT-OKST,Oklahoma St. at North Texas Winner?,2025-12-04T02:50:44.753418+00:00,2025-12-03,2025-12-03T08:00:00-05:00,,,,no_candle_in_window,no candle found after 8:00 in requested window
KXNCAAWBGAME-25DEC03URIJOES-URI,KXNCAAWBGAME-25DEC03URIJOES-URI,Rhode Island at Saint Joseph's Winner?,2025-12-04T03:00:58.383431+00:00,2025-12-03,2025-12-03T08:00:00-05:00,2025-12-03T13:28:00+00:00,0.3000,0.4900,ok,
KXNCAAWBGAME-25DEC03URIJOES-JOES,KXNCAAWBGAME-25DEC03URIJOES-JOES,Rhode Island at Saint Joseph's Winner?,2025-12-04T03:00:58.383431+00:00,2025-12-03,2025-12-03T08:00:00-05:00,2025-12-03T13:28:00+00:00,0.5000,0.7200,ok,
KXNCAAWBGAME-25DEC03EVANPUR-PUR,KXNCAAWBGAME-25DEC03EVANPUR-PUR,Evansville at Purdue Winner?,2025-12-04T02:41:06.309915+00:00,2025-12-03,2025-12-03T08:00:00-05:00,,,,no_candle_in_window,no candle found after 8:00 in requested window
KXNCAAWBGAME-25DEC03EVANPUR-EVAN,KXNCAAWBGAME-25DEC03EVANPUR-EVAN,Evansville at Purdue Winner?,2025-12-04T02:41:06.309915+00:00,2025-12-03,2025-12-03T08:00:00-05:00,2025-12-03T13:01:00+00:00,0.0600,0.0700,ok,
KXNCAAWBGAME-25DEC03NCSTOKLA-OKLA,KXNCAAWBGAME-25DEC03NCSTOKLA-OKLA,North Carolina St. at Oklahoma Winner?,2025-12-04T03:00:59.607481+00:00,2025-12-03,2025-12-03T08:00:00-05:00,2025-12-03T13:25:00+00:00,0.5400,0.7800,ok,
KXNCAAWBGAME-25DEC03NCSTOKLA-NCST,KXNCAAWBGAME-25DEC03NCSTOKLA-NCST,North Carolina St. at Oklahoma Winner?,2025-12-04T03:00:59.607481+00:00,2025-12-03,2025-12-03T08:00:00-05:00,2025-12-03T13:25:00+00:00,0.2500,0.4500,ok,
KXNCAAWBGAME-25DEC03DUQDAV-DUQ,KXNCAAWBGAME-25DEC03DUQDAV-DUQ,Duquesne at Davidson Winner?,2025-12-04T03:10:45.161223+00:00,2025-12-03,2025-12-03T08:00:00-05:00,2025-12-03T13:12:00+00:00,0.1400,0.1600,ok,
KXNCAAWBGAME-25DEC03DUQDAV-DAV,KXNCAAWBGAME-25DEC03DUQDAV-DAV,Duquesne at Davidson Winner?,2025-12-04T03:10:45.161223+00:00,2025-12-03,2025-12-03T08:00:00-05:00,2025-12-03T13:12:00+00:00,0.8500,0.8900,ok,
KXNCAAWBGAME-25DEC03FORGMU-GMU,KXNCAAWBGAME-25DEC03FORGMU-GMU,Fordham at George Mason Winner?,2025-12-04T02:55:10.977939+00:00,2025-12-03,2025-12-03T08:00:00-05:00,2025-12-03T13:18:00+00:00,0.8900,0.9100,ok,
KXNCAAWBGAME-25DEC03FORGMU-FOR,KXNCAAWBGAME-25DEC03FORGMU-FOR,Fordham at George Mason Winner?,2025-12-04T02:55:10.977939+00:00,2025-12-03,2025-12-03T08:00:00-05:00,2025-12-03T13:01:00+00:00,0.0800,0.0900,ok,
KXNCAAWBGAME-25DEC03VCULAS-VCU,KXNCAAWBGAME-25DEC03VCULAS-VCU,VCU at La Salle Winner?,2025-12-04T01:41:28.725332+00:00,2025-12-03,2025-12-03T08:00:00-05:00,2025-12-03T13:21:00+00:00,0.4500,0.6900,ok,
KXNCAAWBGAME-25DEC03VCULAS-LAS,KXNCAAWBGAME-25DEC03VCULAS-LAS,VCU at La Salle Winner?,2025-12-04T01:41:28.725332+00:00,2025-12-03,2025-12-03T08:00:00-05:00,2025-12-03T13:21:00+00:00,0.4500,0.6800,ok,
KXNCAAWBGAME-25DEC03CMUMICH-MICH,KXNCAAWBGAME-25DEC03CMUMICH-MICH,Central Michigan at Michigan Winner?,2025-12-04T02:41:06.766957+00:00,2025-12-03,2025-12-03T08:00:00-05:00,2025-12-03T13:01:00+00:00,0.9800,0.9900,ok,
KXNCAAWBGAME-25DEC03CMUMICH-CMU,KXNCAAWBGAME-25DEC03CMUMICH-CMU,Central Michigan at Michigan Winner?,2025-12-04T02:41:06.766957+00:00,2025-12-03,2025-12-03T08:00:00-05:00,2025-12-03T13:01:00+00:00,0.0100,0.0200,ok,
KXNCAAWBGAME-25DEC03MSMMD-MSM,KXNCAAWBGAME-25DEC03MSMMD-MSM,Mount St. Mary's at Maryland Winner?,2025-12-04T02:21:21.960818+00:00,2025-12-03,2025-12-03T08:00:00-05:00,2025-12-03T13:12:00+00:00,0.0000,0.0100,ok,
KXNCAAWBGAME-25DEC03MSMMD-MD,KXNCAAWBGAME-25DEC03MSMMD-MD,Mount St. Mary's at Maryland Winner?,2025-12-04T02:21:21.960818+00:00,2025-12-03,2025-12-03T08:00:00-05:00,,,,no_candle_in_window,no candle found after 8:00 in requested window
KXNCAAWBGAME-25DEC03SHSURICE-SHSU,KXNCAAWBGAME-25DEC03SHSURICE-SHSU,Sam Houston at Rice Winner?,2025-12-04T01:45:44.165101+00:00,2025-12-03,2025-12-03T08:00:00-05:00,2025-12-03T13:19:00+00:00,0.2100,0.2400,ok,
KXNCAAWBGAME-25DEC03SHSURICE-RICE,KXNCAAWBGAME-25DEC03SHSURICE-RICE,Sam Houston at Rice Winner?,2025-12-04T01:45:44.165101+00:00,2025-12-03,2025-12-03T08:00:00-05:00,2025-12-03T13:19:00+00:00,0.7300,0.8000,ok,
KXNCAAWBGAME-25DEC03JMUECU-JMU,KXNCAAWBGAME-25DEC03JMUECU-JMU,James Madison at East Carolina Winner?,2025-12-04T01:25:44.363384+00:00,2025-12-03,2025-12-03T08:00:00-05:00,,,,no_candle_in_window,no candle found after 8:00 in requested window
KXNCAAWBGAME-25DEC03JMUECU-ECU,KXNCAAWBGAME-25DEC03JMUECU-ECU,James Madison at East Carolina Winner?,2025-12-04T01:25:44.363384+00:00,2025-12-03,2025-12-03T08:00:00-05:00,2025-12-03T13:19:00+00:00,0.1500,0.2700,ok,
KXNCAAWBGAME-25DEC03WMUIND-WMU,KXNCAAWBGAME-25DEC03WMUIND-WMU,Western Michigan at Indiana Winner?,2025-12-04T00:51:24.354126+00:00,2025-12-03,2025-12-03T08:00:00-05:00,2025-12-03T13:11:00+00:00,0.0100,0.0300,ok,
KXNCAAWBGAME-25DEC03WMUIND-IND,KXNCAAWBGAME-25DEC03WMUIND-IND,Western Michigan at Indiana Winner?,2025-12-04T00:51:24.354126+00:00,2025-12-03,2025-12-03T08:00:00-05:00,2025-12-03T13:16:00+00:00,0.9800,0.9900,ok,
KXNCAAWBGAME-25DEC03LCHIRICH-RICH,KXNCAAWBGAME-25DEC03LCHIRICH-RICH,Loyola Chicago at Richmond Winner?,2025-12-04T01:21:15.232512+00:00,2025-12-03,2025-12-03T08:00:00-05:00,2025-12-03T13:01:00+00:00,0.9600,0.9800,ok,
KXNCAAWBGAME-25DEC03LCHIRICH-LCHI,KXNCAAWBGAME-25DEC03LCHIRICH-LCHI,Loyola Chicago at Richmond Winner?,2025-12-04T01:21:15.232512+00:00,2025-12-03,2025-12-03T08:00:00-05:00,2025-12-03T13:01:00+00:00,0.0200,0.0400,ok,
KXNCAAWBGAME-25DEC03DAYGW-GW,KXNCAAWBGAME-25DEC03DAYGW-GW,Dayton at George Washington Winner?,2025-12-04T01:31:22.230337+00:00,2025-12-03,2025-12-03T08:00:00-05:00,2025-12-03T13:02:00+00:00,0.4600,0.6600,ok,
KXNCAAWBGAME-25DEC03DAYGW-DAY,KXNCAAWBGAME-25DEC03DAYGW-DAY,Dayton at George Washington Winner?,2025-12-04T01:31:22.230337+00:00,2025-12-03,2025-12-03T08:00:00-05:00,2025-12-03T13:17:00+00:00,0.4500,0.5700,ok,
KXNCAAWBGAME-25DEC03UVAVAN-VAN,KXNCAAWBGAME-25DEC03UVAVAN-VAN,Virginia at Vanderbilt Winner?,2025-12-04T00:26:02.343831+00:00,2025-12-03,2025-12-03T08:00:00-05:00,2025-12-03T13:09:00+00:00,0.7400,0.8100,ok,
KXNCAAWBGAME-25DEC03UVAVAN-UVA,KXNCAAWBGAME-25DEC03UVAVAN-UVA,Virginia at Vanderbilt Winner?,2025-12-04T00:26:02.343831+00:00,2025-12-03,2025-12-03T08:00:00-05:00,2025-12-03T13:09:00+00:00,0.2000,0.2600,ok,
KXNCAAWBGAME-25DEC03AUBSYR-SYR,KXNCAAWBGAME-25DEC03AUBSYR-SYR,Auburn at Syracuse Winner?,2025-12-04T00:31:41.417374+00:00,2025-12-03,2025-12-03T08:00:00-05:00,2025-12-03T13:14:00+00:00,0.6100,0.7100,ok,
KXNCAAWBGAME-25DEC03AUBSYR-AUB,KXNCAAWBGAME-25DEC03AUBSYR-AUB,Auburn at Syracuse Winner?,2025-12-04T00:31:41.417374+00:00,2025-12-03,2025-12-03T08:00:00-05:00,2025-12-03T13:14:00+00:00,0.3300,0.4300,ok,
KXNCAAWBGAME-25DEC03UGAFSU-UGA,KXNCAAWBGAME-25DEC03UGAFSU-UGA,Georgia at Florida St. Winner?,2025-12-04T00:11:29.121177+00:00,2025-12-03,2025-12-03T08:00:00-05:00,2025-12-03T13:01:00+00:00,0.4700,0.6000,ok,
KXNCAAWBGAME-25DEC03UGAFSU-FSU,KXNCAAWBGAME-25DEC03UGAFSU-FSU,Georgia at Florida St. Winner?,2025-12-04T00:11:29.121177+00:00,2025-12-03,2025-12-03T08:00:00-05:00,2025-12-03T13:01:00+00:00,0.4100,0.5600,ok,
KXNCAAWBGAME-25DEC03UKMIA-UK,KXNCAAWBGAME-25DEC03UKMIA-UK,Kentucky at Miami (FL) Winner?,2025-12-04T00:21:43.583553+00:00,2025-12-03,2025-12-03T08:00:00-05:00,,,,no_candle_in_window,no candle found after 8:00 in requested window
KXNCAAWBGAME-25DEC03UKMIA-MIA,KXNCAAWBGAME-25DEC03UKMIA-MIA,Kentucky at Miami (FL) Winner?,2025-12-04T00:21:43.583553+00:00,2025-12-03,2025-12-03T08:00:00-05:00,2025-12-03T13:16:00+00:00,0.2000,0.2200,ok,
KXNCAAWBGAME-25DEC03WSUBYU-WSU,KXNCAAWBGAME-25DEC03WSUBYU-WSU,Washington St. at BYU Winner?,2025-12-03T23:31:50.003403+00:00,2025-12-03,2025-12-03T08:00:00-05:00,2025-12-03T13:13:00+00:00,0.1100,0.1600,ok,
KXNCAAWBGAME-25DEC03WSUBYU-BYU,KXNCAAWBGAME-25DEC03WSUBYU-BYU,Washington St. at BYU Winner?,2025-12-03T23:31:50.003403+00:00,2025-12-03,2025-12-03T08:00:00-05:00,,,,no_candle_in_window,no candle found after 8:00 in requested window
KXNCAAWBGAME-25DEC03BINGUSD-USD,KXNCAAWBGAME-25DEC03BINGUSD-USD,Binghamton at San Diego Winner?,2025-12-03T21:46:25.284246+00:00,2025-12-03,2025-12-03T08:00:00-05:00,2025-12-03T13:01:00+00:00,0.3200,0.5100,ok,
KXNCAAWBGAME-25DEC03BINGUSD-BING,KXNCAAWBGAME-25DEC03BINGUSD-BING,Binghamton at San Diego Winner?,2025-12-03T21:46:25.284246+00:00,2025-12-03,2025-12-03T08:00:00-05:00,2025-12-03T13:01:00+00:00,0.5000,0.6800,ok,
KXNCAAWBGAME-25DEC03QUINBC-QUIN,KXNCAAWBGAME-25DEC03QUINBC-QUIN,Quinnipiac at Boston College Winner?,2025-12-03T20:12:28.145881+00:00,2025-12-03,2025-12-03T08:00:00-05:00,2025-12-03T13:01:00+00:00,0.4200,0.4700,ok,
KXNCAAWBGAME-25DEC03QUINBC-BC,KXNCAAWBGAME-25DEC03QUINBC-BC,Quinnipiac at Boston College Winner?,2025-12-03T20:12:28.145881+00:00,2025-12-03,2025-12-03T08:00:00-05:00,2025-12-03T13:01:00+00:00,0.5000,0.6200,ok,
KXNCAAWBGAME-25DEC03SIUUAB-UAB,KXNCAAWBGAME-25DEC03SIUUAB-UAB,Southern Illinois at UAB Winner?,2025-12-03T19:36:00.615071+00:00,2025-12-03,2025-12-03T08:00:00-05:00,2025-12-03T13:01:00+00:00,0.9100,0.9200,ok,
KXNCAAWBGAME-25DEC03SIUUAB-SIU,KXNCAAWBGAME-25DEC03SIUUAB-SIU,Southern Illinois at UAB Winner?,2025-12-03T19:36:00.615071+00:00,2025-12-03,2025-12-03T08:00:00-05:00,2025-12-03T13:01:00+00:00,0.1000,0.1100,ok,
KXNCAAWBGAME-25DEC03MOHCIN-MOH,KXNCAAWBGAME-25DEC03MOHCIN-MOH,Miami (OH) at Cincinnati Winner?,2025-12-03T19:05:41.559208+00:00,2025-12-03,2025-12-03T08:00:00-05:00,2025-12-03T13:01:00+00:00,0.1900,0.2100,ok,
KXNCAAWBGAME-25DEC03MOHCIN-CIN,KXNCAAWBGAME-25DEC03MOHCIN-CIN,Miami (OH) at Cincinnati Winner?,2025-12-03T19:05:41.559208+00:00,2025-12-03,2025-12-03T08:00:00-05:00,2025-12-03T13:01:00+00:00,0.7900,0.8200,ok,
KXNCAAWBGAME-25DEC03WMWAKE-WM,KXNCAAWBGAME-25DEC03WMWAKE-WM,William & Mary at Wake Forest Winner?,2025-12-03T18:45:14.870170+00:00,2025-12-03,2025-12-03T08:00:00-05:00,2025-12-03T13:01:00+00:00,0.0400,0.0600,ok,
KXNCAAWBGAME-25DEC03WMWAKE-WAKE,KXNCAAWBGAME-25DEC03WMWAKE-WAKE,William & Mary at Wake Forest Winner?,2025-12-03T18:45:14.870170+00:00,2025-12-03,2025-12-03T08:00:00-05:00,2025-12-03T13:01:00+00:00,0.9500,0.9700,ok,
KXNCAAWBGAME-25DEC02SMCUSC-USC,KXNCAAWBGAME-25DEC02SMCUSC-USC,Saint Mary's at USC Winner?,2025-12-03T05:09:53.689577+00:00,2025-12-03,2025-12-03T08:00:00-05:00,,,,no_candle_in_window,no candle found after 8:00 in requested window
KXNCAAWBGAME-25DEC02SMCUSC-SMC,KXNCAAWBGAME-25DEC02SMCUSC-SMC,Saint Mary's at USC Winner?,2025-12-03T05:09:53.689577+00:00,2025-12-03,2025-12-03T08:00:00-05:00,,,,no_candle_in_window,no candle found after 8:00 in requested window
KXNCAAWBGAME-25DEC02COFCCOLO-COLO,KXNCAAWBGAME-25DEC02COFCCOLO-COLO,Charleston at Colorado Winner?,2025-12-03T04:10:11.795515+00:00,2025-12-02,2025-12-02T08:00:00-05:00,2025-12-02T13:01:00+00:00,0.8500,0.9300,ok,
KXNCAAWBGAME-25DEC02COFCCOLO-COFC,KXNCAAWBGAME-25DEC02COFCCOLO-COFC,Charleston at Colorado Winner?,2025-12-03T04:10:11.795515+00:00,2025-12-02,2025-12-02T08:00:00-05:00,2025-12-02T13:01:00+00:00,0.0900,0.1100,ok,
KXNCAAWBGAME-25DEC02BELLILL-ILL,KXNCAAWBGAME-25DEC02BELLILL-ILL,Bellarmine at Illinois Winner?,2025-12-03T03:04:38.603483+00:00,2025-12-02,2025-12-02T08:00:00-05:00,2025-12-02T13:03:00+00:00,0.9700,1.0000,ok,
KXNCAAWBGAME-25DEC02BELLILL-BELL,KXNCAAWBGAME-25DEC02BELLILL-BELL,Bellarmine at Illinois Winner?,2025-12-03T03:04:38.603483+00:00,2025-12-02,2025-12-02T08:00:00-05:00,2025-12-02T13:03:00+00:00,0.0100,0.0300,ok,
KXNCAAWBGAME-25DEC02HALLPRIN-PRIN,KXNCAAWBGAME-25DEC02HALLPRIN-PRIN,Seton Hall at Princeton Winner?,2025-12-03T03:09:58.204283+00:00,2025-12-02,2025-12-02T08:00:00-05:00,2025-12-02T13:01:00+00:00,0.7100,0.7600,ok,
KXNCAAWBGAME-25DEC02HALLPRIN-HALL,KXNCAAWBGAME-25DEC02HALLPRIN-HALL,Seton Hall at Princeton Winner?,2025-12-03T03:09:58.204283+00:00,2025-12-02,2025-12-02T08:00:00-05:00,2025-12-02T13:01:00+00:00,0.2700,0.3000,ok,
KXNCAAWBGAME-25DEC02CONNUSF-USF,KXNCAAWBGAME-25DEC02CONNUSF-USF,UConn at South Florida Winner?,2025-12-03T00:14:43.309129+00:00,2025-12-02,2025-12-02T08:00:00-05:00,2025-12-02T13:05:00+00:00,0.0200,0.0300,ok,
KXNCAAWBGAME-25DEC02CONNUSF-CONN,KXNCAAWBGAME-25DEC02CONNUSF-CONN,UConn at South Florida Winner?,2025-12-03T00:14:43.309129+00:00,2025-12-02,2025-12-02T08:00:00-05:00,2025-12-02T13:05:00+00:00,0.9800,1.0000,ok,
KXNCAAWBGAME-25DEC02ESCSEA-SEA,KXNCAAWBGAME-25DEC02ESCSEA-SEA,Evergreen St. at Seattle Winner?,2025-12-02T21:20:22.940286+00:00,2025-12-02,2025-12-02T08:00:00-05:00,2025-12-02T13:06:00+00:00,0.9800,0.9900,ok,
KXNCAAWBGAME-25DEC02ESCSEA-ESC,KXNCAAWBGAME-25DEC02ESCSEA-ESC,Evergreen St. at Seattle Winner?,2025-12-02T21:20:22.940286+00:00,2025-12-02,2025-12-02T08:00:00-05:00,2025-12-02T13:04:00+00:00,0.0100,0.0300,ok,
KXNCAAWBGAME-25NOV30SEAFIU-SEA,KXNCAAWBGAME-25NOV30SEAFIU-SEA,Seattle at Florida International Winner?,2025-11-30T21:50:49.345161+00:00,2025-11-30,2025-11-30T08:00:00-05:00,2025-11-30T13:19:00+00:00,0.2500,0.7800,ok,
KXNCAAWBGAME-25NOV30SEAFIU-FIU,KXNCAAWBGAME-25NOV30SEAFIU-FIU,Seattle at Florida International Winner?,2025-11-30T21:50:49.345161+00:00,2025-11-30,2025-11-30T08:00:00-05:00,2025-11-30T13:19:00+00:00,0.2500,0.7800,ok,
KXNCAAWBGAME-25NOV29WSULSU-WSU,KXNCAAWBGAME-25NOV29WSULSU-WSU,Washington St. at LSU Winner?,2025-11-30T03:00:09.243403+00:00,2025-11-29,2025-11-29T08:00:00-05:00,2025-11-29T13:06:00+00:00,0.1900,0.9700,ok,
KXNCAAWBGAME-25NOV29WSULSU-LSU,KXNCAAWBGAME-25NOV29WSULSU-LSU,Washington St. at LSU Winner?,2025-11-30T03:00:09.243403+00:00,2025-11-29,2025-11-29T08:00:00-05:00,2025-11-29T13:06:00+00:00,0.2500,0.9600,ok,
KXNCAAWBGAME-25DEC01SJSUWASH-WASH,KXNCAAWBGAME-25DEC01SJSUWASH-WASH,San Jose St. at Washington Winner?,2025-12-02T04:49:59.923370+00:00,2025-12-01,2025-12-01T08:00:00-05:00,2025-12-01T13:02:00+00:00,0.9900,1.0000,ok,
KXNCAAWBGAME-25DEC01SJSUWASH-SJSU,KXNCAAWBGAME-25DEC01SJSUWASH-SJSU,San Jose St. at Washington Winner?,2025-12-02T04:49:59.923370+00:00,2025-12-01,2025-12-01T08:00:00-05:00,2025-12-01T13:15:00+00:00,0.0000,0.0600,ok,
KXNCAAWBGAME-25DEC01SAMMINN-SAM,KXNCAAWBGAME-25DEC01SAMMINN-SAM,Samford at Minnesota Winner?,2025-12-02T03:49:52.119607+00:00,2025-12-01,2025-12-01T08:00:00-05:00,2025-12-01T13:05:00+00:00,0.0400,0.0600,ok,
KXNCAAWBGAME-25DEC01SAMMINN-MINN,KXNCAAWBGAME-25DEC01SAMMINN-MINN,Samford at Minnesota Winner?,2025-12-02T03:49:52.119607+00:00,2025-12-01,2025-12-01T08:00:00-05:00,2025-12-01T13:01:00+00:00,0.9600,0.9800,ok,
KXNCAAWBGAME-25DEC01USMSMU-USM,KXNCAAWBGAME-25DEC01USMSMU-USM,Southern Miss at SMU Winner?,2025-12-02T03:44:37.469279+00:00,2025-12-01,2025-12-01T08:00:00-05:00,2025-12-01T13:03:00+00:00,0.3500,0.3600,ok,
KXNCAAWBGAME-25DEC01USMSMU-SMU,KXNCAAWBGAME-25DEC01USMSMU-SMU,Southern Miss at SMU Winner?,2025-12-02T03:44:37.469279+00:00,2025-12-01,2025-12-01T08:00:00-05:00,2025-12-01T13:03:00+00:00,0.6800,0.6900,ok,
KXNCAAWBGAME-25DEC01VILLWVU-WVU,KXNCAAWBGAME-25DEC01VILLWVU-WVU,Villanova at West Virginia Winner?,2025-12-02T02:54:37.557198+00:00,2025-12-01,2025-12-01T08:00:00-05:00,2025-12-01T13:02:00+00:00,0.8000,0.8200,ok,
KXNCAAWBGAME-25DEC01VILLWVU-VILL,KXNCAAWBGAME-25DEC01VILLWVU-VILL,Villanova at West Virginia Winner?,2025-12-02T02:54:37.557198+00:00,2025-12-01,2025-12-01T08:00:00-05:00,2025-12-01T13:02:00+00:00,0.2000,0.2200,ok,
KXNCAAWBGAME-25DEC01KENNALA-KENN,KXNCAAWBGAME-25DEC01KENNALA-KENN,Kennesaw St. at Alabama Winner?,2025-12-01T19:49:49.537913+00:00,2025-12-01,2025-12-01T08:00:00-05:00,2025-12-01T13:01:00+00:00,0.0200,0.0300,ok,
KXNCAAWBGAME-25DEC01KENNALA-ALA,KXNCAAWBGAME-25DEC01KENNALA-ALA,Kennesaw St. at Alabama Winner?,2025-12-01T19:49:49.537913+00:00,2025-12-01,2025-12-01T08:00:00-05:00,2025-12-01T13:03:00+00:00,0.9700,0.9900,ok,
