input_ticker,canonical_ticker,title,close_time_utc,game_date_local,snapshot_local,snapshot_end_period_utc,yes_bid_close_dollars,yes_ask_close_dollars,status,error
KXNCAAWBGAME-26JAN05IOWANW-NW,KXNCAAWBGAME-26JAN05IOWANW-NW,Iowa at Northwestern Winner?,2026-01-06T04:04:53.954635+00:00,2026-01-05,2026-01-05T08:00:00-05:00,2026-01-05T13:05:00+00:00,0.0300,0.0500,ok,
KXNCAAWBGAME-26JAN05IOWANW-IOWA,KXNCAAWBGAME-26JAN05IOWANW-IOWA,Iowa at Northwestern Winner?,2026-01-06T04:04:53.954635+00:00,2026-01-05,2026-01-05T08:00:00-05:00,2026-01-05T13:05:00+00:00,0.9600,0.9900,ok,
KXNCAAWBGAME-26JAN05MINNMICH-MINN,KXNCAAWBGAME-26JAN05MINNMICH-MINN,Minnesota at Michigan Winner?,2026-01-06T01:49:51.361534+00:00,2026-01-05,2026-01-05T08:00:00-05:00,2026-01-05T13:01:00+00:00,0.2000,0.2100,ok,
KXNCAAWBGAME-26JAN05MINNMICH-MICH,KXNCAAWBGAME-26JAN05MINNMICH-MICH,Minnesota at Michigan Winner?,2026-01-06T01:49:51.361534+00:00,2026-01-05,2026-01-05T08:00:00-05:00,2026-01-05T13:01:00+00:00,0.8100,0.8200,ok,
KXNCAAWBGAME-26JAN04INDMD-MD,KXNCAAWBGAME-26JAN04INDMD-MD,Indiana at Maryland Winner?,2026-01-05T01:19:49.383126+00:00,2026-01-04,2026-01-04T08:00:00-05:00,2026-01-04T13:26:00+00:00,0.9400,0.9500,ok,
KXNCAAWBGAME-26JAN04INDMD-IND,KXNCAAWBGAME-26JAN04INDMD-IND,Indiana at Maryland Winner?,2026-01-05T01:19:49.383126+00:00,2026-01-04,2026-01-04T08:00:00-05:00,2026-01-04T13:01:00+00:00,0.0500,0.0700,ok,
KXNCAAWBGAME-26JAN04PITTBC-PITT,KXNCAAWBGAME-26JAN04PITTBC-PITT,Pittsburgh at Boston College Winner?,2026-01-05T01:39:55.219935+00:00,2026-01-04,2026-01-04T08:00:00-05:00,2026-01-04T13:23:00+00:00,0.1700,0.3400,ok,
KXNCAAWBGAME-26JAN04PITTBC-BC,KXNCAAWBGAME-26JAN04PITTBC-BC,Pittsburgh at Boston College Winner?,2026-01-05T01:39:55.219935+00:00,2026-01-04,2026-01-04T08:00:00-05:00,2026-01-04T13:23:00+00:00,0.6300,0.7200,ok,
KXNCAAWBGAME-26JAN04SFLMU-SF,KXNCAAWBGAME-26JAN04SFLMU-SF,San Francisco at Loyola Marymount Winner?,2026-01-05T01:01:09.033449+00:00,2026-01-04,2026-01-04T08:00:00-05:00,,,,no_candle_in_window,no candle found after 8:00 in requested window
KXNCAAWBGAME-26JAN04SFLMU-LMU,KXNCAAWBGAME-26JAN04SFLMU-LMU,San Francisco at Loyola Marymount Winner?,2026-01-05T01:01:09.033449+00:00,2026-01-04,2026-01-04T08:00:00-05:00,,,,no_candle_in_window,no candle found after 8:00 in requested window
KXNCAAWBGAME-26JAN04SMCUSD-USD,KXNCAAWBGAME-26JAN04SMCUSD-USD,Saint Mary's at San Diego Winner?,2026-01-05T00:20:13.011821+00:00,2026-01-04,2026-01-04T08:00:00-05:00,,,,no_candle_in_window,no candle found after 8:00 in requested window
KXNCAAWBGAME-26JAN04SMCUSD-SMC,KXNCAAWBGAME-26JAN04SMCUSD-SMC,Saint Mary's at San Diego Winner?,2026-01-05T00:20:13.011821+00:00,2026-01-04,2026-01-04T08:00:00-05:00,,,,no_candle_in_window,no candle found after 8:00 in requested window
KXNCAAWBGAME-26JAN04LSUVAN-VAN,KXNCAAWBGAME-26JAN04LSUVAN-VAN,LSU at Vanderbilt Winner?,2026-01-05T00:44:52.785745+00:00,2026-01-04,2026-01-04T08:00:00-05:00,,,,no_candle_in_window,no candle found after 8:00 in requested window
KXNCAAWBGAME-26JAN04LSUVAN-LSU,KXNCAAWBGAME-26JAN04LSUVAN-LSU,LSU at Vanderbilt Winner?,2026-01-05T00:44:52.785745+00:00,2026-01-04,2026-01-04T08:00:00-05:00,,,,no_candle_in_window,no candle found after 8:00 in requested window
KXNCAAWBGAME-26JAN04PACPORT-PORT,KXNCAAWBGAME-26JAN04PACPORT-PORT,Pacific at Portland Winner?,2026-01-05T00:20:11.946782+00:00,2026-01-04,2026-01-04T08:00:00-05:00,,,,no_candle_in_window,no candle found after 8:00 in requested window
KXNCAAWBGAME-26JAN04PACPORT-PAC,KXNCAAWBGAME-26JAN04PACPORT-PAC,Pacific at Portland Winner?,2026-01-05T00:20:11.946782+00:00,2026-01-04,2026-01-04T08:00:00-05:00,,,,no_candle_in_window,no candle found after 8:00 in requested window
KXNCAAWBGAME-26JAN04PSUWIS-WIS,KXNCAAWBGAME-26JAN04PSUWIS-WIS,Penn St. at Wisconsin Winner?,2026-01-04T23:21:19.986678+00:00,2026-01-04,2026-01-04T08:00:00-05:00,,,,no_candle_in_window,no candle found after 8:00 in requested window
KXNCAAWBGAME-26JAN04PSUWIS-PSU,KXNCAAWBGAME-26JAN04PSUWIS-PSU,Penn St. at Wisconsin Winner?,2026-01-04T23:21:19.986678+00:00,2026-01-04,2026-01-04T08:00:00-05:00,,,,no_candle_in_window,no candle found after 8:00 in requested window
KXNCAAWBGAME-26JAN04TENNAUB-TENN,KXNCAAWBGAME-26JAN04TENNAUB-TENN,Tennessee at Auburn Winner?,2026-01-04T23:31:05.422201+00:00,2026-01-04,2026-01-04T08:00:00-05:00,,,,no_candle_in_window,no candle found after 8:00 in requested window
KXNCAAWBGAME-26JAN04TENNAUB-AUB,KXNCAAWBGAME-26JAN04TENNAUB-AUB,Tennessee at Auburn Winner?,2026-01-04T23:31:05.422201+00:00,2026-01-04,2026-01-04T08:00:00-05:00,,,,no_candle_in_window,no candle found after 8:00 in requested window
KXNCAAWBGAME-26JAN04VILLMARQ-VILL,KXNCAAWBGAME-26JAN04VILLMARQ-VILL,Villanova at Marquette Winner?,2026-01-04T23:10:31.442367+00:00,2026-01-04,2026-01-04T08:00:00-05:00,,,,no_candle_in_window,no candle found after 8:00 in requested window
KXNCAAWBGAME-26JAN04VILLMARQ-MARQ,KXNCAAWBGAME-26JAN04VILLMARQ-MARQ,Villanova at Marquette Winner?,2026-01-04T23:10:31.442367+00:00,2026-01-04,2026-01-04T08:00:00-05:00,,,,no_candle_in_window,no candle found after 8:00 in requested window
KXNCAAWBGAME-26JAN04WSUSEA-WSU,KXNCAAWBGAME-26JAN04WSUSEA-WSU,Washington St. at Seattle Winner?,2026-01-04T23:35:14.676014+00:00,2026-01-04,2026-01-04T08:00:00-05:00,,,,no_candle_in_window,no candle found after 8:00 in requested window
KXNCAAWBGAME-26JAN04WSUSEA-SEA,KXNCAAWBGAME-26JAN04WSUSEA-SEA,Washington St. at Seattle Winner?,2026-01-04T23:35:14.676014+00:00,2026-01-04,2026-01-04T08:00:00-05:00,,,,no_candle_in_window,no candle found after 8:00 in requested window
KXNCAAWBGAME-26JAN04GTSMU-SMU,KXNCAAWBGAME-26JAN04GTSMU-SMU,Georgia Tech at SMU Winner?,2026-01-05T00:55:01.548942+00:00,2026-01-04,2026-01-04T08:00:00-05:00,,,,no_candle_in_window,no candle found after 8:00 in requested window
KXNCAAWBGAME-26JAN04GTSMU-GT,KXNCAAWBGAME-26JAN04GTSMU-GT,Georgia Tech at SMU Winner?,2026-01-05T00:55:01.548942+00:00,2026-01-04,2026-01-04T08:00:00-05:00,,,,no_candle_in_window,no candle found after 8:00 in requested window
KXNCAAWBGAME-26JAN04VTLOU-VT,KXNCAAWBGAME-26JAN04VTLOU-VT,Virginia Tech at Louisville Winner?,2026-01-04T23:21:06.203219+00:00,2026-01-04,2026-01-04T08:00:00-05:00,2026-01-04T13:16:00+00:00,0.0600,0.0700,ok,
KXNCAAWBGAME-26JAN04VTLOU-LOU,KXNCAAWBGAME-26JAN04VTLOU-LOU,Virginia Tech at Louisville Winner?,2026-01-04T23:21:06.203219+00:00,2026-01-04,2026-01-04T08:00:00-05:00,,,,no_candle_in_window,no candle found after 8:00 in requested window
KXNCAAWBGAME-26JAN04GONZSCU-SCU,KXNCAAWBGAME-26JAN04GONZSCU-SCU,Gonzaga at Santa Clara Winner?,2026-01-04T22:15:50.631538+00:00,2026-01-04,2026-01-04T08:00:00-05:00,,,,no_candle_in_window,no candle found after 8:00 in requested window
KXNCAAWBGAME-26JAN04GONZSCU-GONZ,KXNCAAWBGAME-26JAN04GONZSCU-GONZ,Gonzaga at Santa Clara Winner?,2026-01-04T22:15:50.631538+00:00,2026-01-04,2026-01-04T08:00:00-05:00,,,,no_candle_in_window,no candle found after 8:00 in requested window
KXNCAAWBGAME-26JAN04KUUCF-UCF,KXNCAAWBGAME-26JAN04KUUCF-UCF,Kansas at UCF Winner?,2026-01-04T21:46:23.910921+00:00,2026-01-04,2026-01-04T08:00:00-05:00,2026-01-04T13:18:00+00:00,0.1500,0.3600,ok,
KXNCAAWBGAME-26JAN04KUUCF-KU,KXNCAAWBGAME-26JAN04KUUCF-KU,Kansas at UCF Winner?,2026-01-04T21:46:23.910921+00:00,2026-01-04,2026-01-04T08:00:00-05:00,2026-01-04T13:18:00+00:00,0.6600,0.8500,ok,
KXNCAAWBGAME-26JAN04MSSTOKLA-OKLA,KXNCAAWBGAME-26JAN04MSSTOKLA-OKLA,Mississippi St. at Oklahoma Winner?,2026-01-04T22:06:12.983159+00:00,2026-01-04,2026-01-04T08:00:00-05:00,,,,no_candle_in_window,no candle found after 8:00 in requested window
KXNCAAWBGAME-26JAN04MSSTOKLA-MSST,KXNCAAWBGAME-26JAN04MSSTOKLA-MSST,Mississippi St. at Oklahoma Winner?,2026-01-04T22:06:12.983159+00:00,2026-01-04,2026-01-04T08:00:00-05:00,,,,no_candle_in_window,no candle found after 8:00 in requested window
KXNCAAWBGAME-26JAN04PURNEB-PUR,KXNCAAWBGAME-26JAN04PURNEB-PUR,Purdue at Nebraska Winner?,2026-01-04T22:15:56.137932+00:00,2026-01-04,2026-01-04T08:00:00-05:00,2026-01-04T13:01:00+00:00,0.0400,0.0600,ok,
KXNCAAWBGAME-26JAN04PURNEB-NEB,KXNCAAWBGAME-26JAN04PURNEB-NEB,Purdue at Nebraska Winner?,2026-01-04T22:15:56.137932+00:00,2026-01-04,2026-01-04T08:00:00-05:00,2026-01-04T13:01:00+00:00,0.9300,0.9600,ok,
KXNCAAWBGAME-26JAN04BAYISU-ISU,KXNCAAWBGAME-26JAN04BAYISU-ISU,Baylor at Iowa St. Winner?,2026-01-04T22:11:17.695093+00:00,2026-01-04,2026-01-04T08:00:00-05:00,,,,no_candle_in_window,no candle found after 8:00 in requested window
KXNCAAWBGAME-26JAN04BAYISU-BAY,KXNCAAWBGAME-26JAN04BAYISU-BAY,Baylor at Iowa St. Winner?,2026-01-04T22:11:17.695093+00:00,2026-01-04,2026-01-04T08:00:00-05:00,,,,no_candle_in_window,no candle found after 8:00 in requested window
KXNCAAWBGAME-26JAN04PROVDEP-PROV,KXNCAAWBGAME-26JAN04PROVDEP-PROV,Providence at DePaul Winner?,2026-01-04T22:20:41.935171+00:00,2026-01-04,2026-01-04T08:00:00-05:00,2026-01-04T13:28:00+00:00,0.5100,0.7400,ok,
KXNCAAWBGAME-26JAN04PROVDEP-DEP,KXNCAAWBGAME-26JAN04PROVDEP-DEP,Providence at DePaul Winner?,2026-01-04T22:20:41.935171+00:00,2026-01-04,2026-01-04T08:00:00-05:00,,,,no_candle_in_window,no candle found after 8:00 in requested window
KXNCAAWBGAME-26JAN04MISSTEX-TEX,KXNCAAWBGAME-26JAN04MISSTEX-TEX,Ole Miss at Texas Winner?,2026-01-04T22:45:32.782234+00:00,2026-01-04,2026-01-04T08:00:00-05:00,2026-01-04T13:07:00+00:00,0.9600,0.9700,ok,
KXNCAAWBGAME-26JAN04MISSTEX-MISS,KXNCAAWBGAME-26JAN04MISSTEX-MISS,Ole Miss at Texas Winner?,2026-01-04T22:45:32.782234+00:00,2026-01-04,2026-01-04T08:00:00-05:00,,,,no_candle_in_window,no candle found after 8:00 in requested window
KXNCAAWBGAME-26JAN04ARKALA-ARK,KXNCAAWBGAME-26JAN04ARKALA-ARK,Arkansas at Alabama Winner?,2026-01-05T00:00:49.513355+00:00,2026-01-04,2026-01-04T08:00:00-05:00,,,,no_candle_in_window,no candle found after 8:00 in requested window
KXNCAAWBGAME-26JAN04ARKALA-ALA,KXNCAAWBGAME-26JAN04ARKALA-ALA,Arkansas at Alabama Winner?,2026-01-05T00:00:49.513355+00:00,2026-01-04,2026-01-04T08:00:00-05:00,,,,no_candle_in_window,no candle found after 8:00 in requested window
KXNCAAWBGAME-26JAN04SCARFLA-SCAR,KXNCAAWBGAME-26JAN04SCARFLA-SCAR,South Carolina at Florida Winner?,2026-01-04T21:36:48.931339+00:00,2026-01-04,2026-01-04T08:00:00-05:00,,,,no_candle_in_window,no candle found after 8:00 in requested window
KXNCAAWBGAME-26JAN04SCARFLA-FLA,KXNCAAWBGAME-26JAN04SCARFLA-FLA,South Carolina at Florida Winner?,2026-01-04T21:36:48.931339+00:00,2026-01-04,2026-01-04T08:00:00-05:00,2026-01-04T13:16:00+00:00,0.0100,0.0200,ok,
KXNCAAWBGAME-26JAN04SYRWAKE-WAKE,KXNCAAWBGAME-26JAN04SYRWAKE-WAKE,Syracuse at Wake Forest Winner?,2026-01-04T21:51:15.668914+00:00,2026-01-04,2026-01-04T08:00:00-05:00,,,,no_candle_in_window,no candle found after 8:00 in requested window
KXNCAAWBGAME-26JAN04SYRWAKE-SYR,KXNCAAWBGAME-26JAN04SYRWAKE-SYR,Syracuse at Wake Forest Winner?,2026-01-04T21:51:15.668914+00:00,2026-01-04,2026-01-04T08:00:00-05:00,2026-01-04T13:24:00+00:00,0.5700,0.8400,ok,
KXNCAAWBGAME-26JAN04XAVGTWN-XAV,KXNCAAWBGAME-26JAN04XAVGTWN-XAV,Xavier at Georgetown Winner?,2026-01-04T21:55:45.603121+00:00,2026-01-04,2026-01-04T08:00:00-05:00,2026-01-04T13:01:00+00:00,0.0600,0.0900,ok,
KXNCAAWBGAME-26JAN04XAVGTWN-GTWN,KXNCAAWBGAME-26JAN04XAVGTWN-GTWN,Xavier at Georgetown Winner?,2026-01-04T21:55:45.603121+00:00,2026-01-04,2026-01-04T08:00:00-05:00,2026-01-04T13:01:00+00:00,0.8600,0.9000,ok,
KXNCAAWBGAME-26JAN04CLEMMIA-MIA,KXNCAAWBGAME-26JAN04CLEMMIA-MIA,Clemson at Miami (FL) Winner?,2026-01-04T22:35:17.231344+00:00,2026-01-04,2026-01-04T08:00:00-05:00,2026-01-04T13:27:00+00:00,0.5500,0.7900,ok,
KXNCAAWBGAME-26JAN04CLEMMIA-CLEM,KXNCAAWBGAME-26JAN04CLEMMIA-CLEM,Clemson at Miami (FL) Winner?,2026-01-04T22:35:17.231344+00:00,2026-01-04,2026-01-04T08:00:00-05:00,2026-01-04T13:13:00+00:00,0.2100,0.4300,ok,
KXNCAAWBGAME-26JAN04CALNCST-NCST,KXNCAAWBGAME-26JAN04CALNCST-NCST,California at North Carolina St. Winner?,2026-01-04T21:51:20.456576+00:00,2026-01-04,2026-01-04T08:00:00-05:00,2026-01-04T13:13:00+00:00,0.9400,0.9700,ok,
KXNCAAWBGAME-26JAN04CALNCST-CAL,KXNCAAWBGAME-26JAN04CALNCST-CAL,California at North Carolina St. Winner?,2026-01-04T21:51:20.456576+00:00,2026-01-04,2026-01-04T08:00:00-05:00,2026-01-04T13:02:00+00:00,0.0500,0.0700,ok,
KXNCAAWBGAME-26JAN04UVAFSU-UVA,KXNCAAWBGAME-26JAN04UVAFSU-UVA,Virginia at Florida St. Winner?,2026-01-04T21:55:46.452776+00:00,2026-01-04,2026-01-04T08:00:00-05:00,,,,no_candle_in_window,no candle found after 8:00 in requested window
KXNCAAWBGAME-26JAN04UVAFSU-FSU,KXNCAAWBGAME-26JAN04UVAFSU-FSU,Virginia at Florida St. Winner?,2026-01-04T21:55:46.452776+00:00,2026-01-04,2026-01-04T08:00:00-05:00,2026-01-04T13:28:00+00:00,0.1600,0.3500,ok,
KXNCAAWBGAME-26JAN04TXAMUGA-UGA,KXNCAAWBGAME-26JAN04TXAMUGA-UGA,Texas A&M at Georgia Winner?,2026-01-04T22:06:16.804718+00:00,2026-01-04,2026-01-04T08:00:00-05:00,,,,no_candle_in_window,no candle found after 8:00 in requested window
KXNCAAWBGAME-26JAN04TXAMUGA-TXAM,KXNCAAWBGAME-26JAN04TXAMUGA-TXAM,Texas A&M at Georgia Winner?,2026-01-04T22:06:16.804718+00:00,2026-01-04,2026-01-04T08:00:00-05:00,,,,no_candle_in_window,no candle found after 8:00 in requested window
KXNCAAWBGAME-26JAN04BUTCREI-CREI,KXNCAAWBGAME-26JAN04BUTCREI-CREI,Butler at Creighton Winner?,2026-01-04T21:22:09.833772+00:00,2026-01-04,2026-01-04T08:00:00-05:00,,,,no_candle_in_window,no candle found after 8:00 in requested window
KXNCAAWBGAME-26JAN04BUTCREI-BUT,KXNCAAWBGAME-26JAN04BUTCREI-BUT,Butler at Creighton Winner?,2026-01-04T21:22:09.833772+00:00,2026-01-04,2026-01-04T08:00:00-05:00,,,,no_candle_in_window,no candle found after 8:00 in requested window
KXNCAAWBGAME-26JAN04RUTGOSU-RUTG,KXNCAAWBGAME-26JAN04RUTGOSU-RUTG,Rutgers at Ohio St. Winner?,2026-01-04T21:31:33.056915+00:00,2026-01-04,2026-01-04T08:00:00-05:00,2026-01-04T13:01:00+00:00,0.0200,0.0400,ok,
KXNCAAWBGAME-26JAN04RUTGOSU-OSU,KXNCAAWBGAME-26JAN04RUTGOSU-OSU,Rutgers at Ohio St. Winner?,2026-01-04T21:31:33.056915+00:00,2026-01-04,2026-01-04T08:00:00-05:00,2026-01-04T13:02:00+00:00,0.9800,0.9900,ok,
KXNCAAWBGAME-26JAN04WVUKSU-WVU,KXNCAAWBGAME-26JAN04WVUKSU-WVU,West Virginia at Kansas St. Winner?,2026-01-04T21:41:22.995635+00:00,2026-01-04,2026-01-04T08:00:00-05:00,,,,no_candle_in_window,no candle found after 8:00 in requested window
KXNCAAWBGAME-26JAN04WVUKSU-KSU,KXNCAAWBGAME-26JAN04WVUKSU-KSU,West Virginia at Kansas St. Winner?,2026-01-04T21:41:22.995635+00:00,2026-01-04,2026-01-04T08:00:00-05:00,,,,no_candle_in_window,no candle found after 8:00 in requested window
KXNCAAWBGAME-26JAN04STANUNC-UNC,KXNCAAWBGAME-26JAN04STANUNC-UNC,Stanford at North Carolina Winner?,2026-01-04T20:37:02.686362+00:00,2026-01-04,2026-01-04T08:00:00-05:00,2026-01-04T13:06:00+00:00,0.8000,0.8700,ok,
KXNCAAWBGAME-26JAN04STANUNC-STAN,KXNCAAWBGAME-26JAN04STANUNC-STAN,Stanford at North Carolina Winner?,2026-01-04T20:37:02.686362+00:00,2026-01-04,2026-01-04T08:00:00-05:00,,,,no_candle_in_window,no candle found after 8:00 in requested window
KXNCAAWBGAME-26JAN04ILLMSU-MSU,KXNCAAWBGAME-26JAN04ILLMSU-MSU,Illinois at Michigan St. Winner?,2026-01-04T19:17:07.150310+00:00,2026-01-04,2026-01-04T08:00:00-05:00,2026-01-04T13:04:00+00:00,0.7500,0.7700,ok,
KXNCAAWBGAME-26JAN04ILLMSU-ILL,KXNCAAWBGAME-26JAN04ILLMSU-ILL,Illinois at Michigan St. Winner?,2026-01-04T19:17:07.150310+00:00,2026-01-04,2026-01-04T08:00:00-05:00,2026-01-04T13:04:00+00:00,0.2500,0.2700,ok,
KXNCAAWBGAME-26JAN04MIZZUK-UK,KXNCAAWBGAME-26JAN04MIZZUK-UK,Missouri at Kentucky Winner?,2026-01-04T19:11:30.215015+00:00,2026-01-04,2026-01-04T08:00:00-05:00,2026-01-04T13:01:00+00:00,0.9400,0.9700,ok,
KXNCAAWBGAME-26JAN04MIZZUK-MIZZ,KXNCAAWBGAME-26JAN04MIZZUK-MIZZ,Missouri at Kentucky Winner?,2026-01-04T19:11:30.215015+00:00,2026-01-04,2026-01-04T08:00:00-05:00,2026-01-04T13:04:00+00:00,0.0500,0.0700,ok,
KXNCAAWBGAME-26JAN04NDDUKE-ND,KXNCAAWBGAME-26JAN04NDDUKE-ND,Notre Dame at Duke Winner?,2026-01-04T19:17:06.410622+00:00,2026-01-04,2026-01-04T08:00:00-05:00,2026-01-04T13:05:00+00:00,0.3600,0.4200,ok,
KXNCAAWBGAME-26JAN04NDDUKE-DUKE,KXNCAAWBGAME-26JAN04NDDUKE-DUKE,Notre Dame at Duke Winner?,2026-01-04T19:17:06.410622+00:00,2026-01-04,2026-01-04T08:00:00-05:00,2026-01-04T13:01:00+00:00,0.6300,0.6400,ok,
KXNCAAWBGAME-26JAN04GMUVCU-VCU,KXNCAAWBGAME-26JAN04GMUVCU-VCU,George Mason at VCU Winner?,2026-01-04T19:36:50.571569+00:00,2026-01-04,2026-01-04T08:00:00-05:00,2026-01-04T13:01:00+00:00,0.1400,0.2800,ok,
KXNCAAWBGAME-26JAN04GMUVCU-GMU,KXNCAAWBGAME-26JAN04GMUVCU-GMU,George Mason at VCU Winner?,2026-01-04T19:36:50.571569+00:00,2026-01-04,2026-01-04T08:00:00-05:00,2026-01-04T13:01:00+00:00,0.7300,0.8900,ok,
KXNCAAWBGAME-26JAN03TCUUTAH-UTAH,KXNCAAWBGAME-26JAN03TCUUTAH-UTAH,TCU at Utah Winner?,2026-01-04T05:04:54.221908+00:00,2026-01-04,2026-01-04T08:00:00-05:00,,,,no_candle_in_window,no candle found after 8:00 in requested window
KXNCAAWBGAME-26JAN03TCUUTAH-TCU,KXNCAAWBGAME-26JAN03TCUUTAH-TCU,TCU at Utah Winner?,2026-01-04T05:04:54.221908+00:00,2026-01-04,2026-01-04T08:00:00-05:00,,,,no_candle_in_window,no candle found after 8:00 in requested window
KXNCAAWBGAME-26JAN03USCUCLA-USC,KXNCAAWBGAME-26JAN03USCUCLA-USC,USC at UCLA Winner?,2026-01-04T03:14:49.558508+00:00,2026-01-03,2026-01-03T08:00:00-05:00,2026-01-03T13:01:00+00:00,0.1100,0.1400,ok,
KXNCAAWBGAME-26JAN03USCUCLA-UCLA,KXNCAAWBGAME-26JAN03USCUCLA-UCLA,USC at UCLA Winner?,2026-01-04T03:14:49.558508+00:00,2026-01-03,2026-01-03T08:00:00-05:00,2026-01-03T13:01:00+00:00,0.8900,0.9300,ok,
KXNCAAWBGAME-26JAN03ARIZTTU-TTU,KXNCAAWBGAME-26JAN03ARIZTTU-TTU,Arizona at Texas Tech Winner?,2026-01-04T02:04:48.237956+00:00,2026-01-03,2026-01-03T08:00:00-05:00,2026-01-03T13:02:00+00:00,0.9700,0.9900,ok,
KXNCAAWBGAME-26JAN03ARIZTTU-ARIZ,KXNCAAWBGAME-26JAN03ARIZTTU-ARIZ,Arizona at Texas Tech Winner?,2026-01-04T02:04:48.237956+00:00,2026-01-03,2026-01-03T08:00:00-05:00,2026-01-03T13:12:00+00:00,0.0200,0.0400,ok,
KXNCAAWBGAME-26JAN03UNTUSF-USF,KXNCAAWBGAME-26JAN03UNTUSF-USF,North Texas at South Florida Winner?,2026-01-04T02:20:25.865104+00:00,2026-01-03,2026-01-03T08:00:00-05:00,2026-01-03T13:16:00+00:00,0.6600,0.8800,ok,
KXNCAAWBGAME-26JAN03UNTUSF-UNT,KXNCAAWBGAME-26JAN03UNTUSF-UNT,North Texas at South Florida Winner?,2026-01-04T02:20:25.865104+00:00,2026-01-03,2026-01-03T08:00:00-05:00,,,,no_candle_in_window,no candle found after 8:00 in requested window
KXNCAAWBGAME-26JAN03URILCHI-URI,KXNCAAWBGAME-26JAN03URILCHI-URI,Rhode Island at Loyola Chicago Winner?,2026-01-04T03:14:49.655893+00:00,2026-01-03,2026-01-03T08:00:00-05:00,2026-01-03T13:03:00+00:00,0.8900,0.9600,ok,
KXNCAAWBGAME-26JAN03URILCHI-LCHI,KXNCAAWBGAME-26JAN03URILCHI-LCHI,Rhode Island at Loyola Chicago Winner?,2026-01-04T03:14:49.655893+00:00,2026-01-03,2026-01-03T08:00:00-05:00,2026-01-03T13:05:00+00:00,0.0400,0.1000,ok,
KXNCAAWBGAME-26JAN03UNMSJSU-UNM,KXNCAAWBGAME-26JAN03UNMSJSU-UNM,New Mexico at San Jose St. Winner?,2026-01-04T00:55:09.857320+00:00,2026-01-03,2026-01-03T08:00:00-05:00,,,,no_candle_in_window,no candle found after 8:00 in requested window
KXNCAAWBGAME-26JAN03UNMSJSU-SJSU,KXNCAAWBGAME-26JAN03UNMSJSU-SJSU,New Mexico at San Jose St. Winner?,2026-01-04T00:55:09.857320+00:00,2026-01-03,2026-01-03T08:00:00-05:00,2026-01-03T13:01:00+00:00,0.0500,0.1300,ok,
KXNCAAWBGAME-26JAN03ASUBYU-BYU,KXNCAAWBGAME-26JAN03ASUBYU-BYU,Arizona St. at BYU Winner?,2026-01-04T00:01:21.880326+00:00,2026-01-03,2026-01-03T08:00:00-05:00,,,,no_candle_in_window,no candle found after 8:00 in requested window
KXNCAAWBGAME-26JAN03ASUBYU-ASU,KXNCAAWBGAME-26JAN03ASUBYU-ASU,Arizona St. at BYU Winner?,2026-01-04T00:01:21.880326+00:00,2026-01-03,2026-01-03T08:00:00-05:00,,,,no_candle_in_window,no candle found after 8:00 in requested window
KXNCAAWBGAME-26JAN03GCBSU-GC,KXNCAAWBGAME-26JAN03GCBSU-GC,Grand Canyon at Boise St. Winner?,2026-01-03T23:25:57.533371+00:00,2026-01-03,2026-01-03T08:00:00-05:00,,,,no_candle_in_window,no candle found after 8:00 in requested window
KXNCAAWBGAME-26JAN03GCBSU-BSU,KXNCAAWBGAME-26JAN03GCBSU-BSU,Grand Canyon at Boise St. Winner?,2026-01-03T23:25:57.533371+00:00,2026-01-03,2026-01-03T08:00:00-05:00,,,,no_candle_in_window,no candle found after 8:00 in requested window
KXNCAAWBGAME-26JAN03HOUOKST-OKST,KXNCAAWBGAME-26JAN03HOUOKST-OKST,Houston at Oklahoma St. Winner?,2026-01-03T23:25:51.460902+00:00,2026-01-03,2026-01-03T08:00:00-05:00,2026-01-03T13:21:00+00:00,0.9600,0.9700,ok,
KXNCAAWBGAME-26JAN03HOUOKST-HOU,KXNCAAWBGAME-26JAN03HOUOKST-HOU,Houston at Oklahoma St. Winner?,2026-01-03T23:25:51.460902+00:00,2026-01-03,2026-01-03T08:00:00-05:00,2026-01-03T13:17:00+00:00,0.0200,0.0400,ok,
KXNCAAWBGAME-26JAN03SDSUWYO-WYO,KXNCAAWBGAME-26JAN03SDSUWYO-WYO,San Diego St. at Wyoming Winner?,2026-01-03T23:20:35.586911+00:00,2026-01-03,2026-01-03T08:00:00-05:00,,,,no_candle_in_window,no candle found after 8:00 in requested window
KXNCAAWBGAME-26JAN03SDSUWYO-SDSU,KXNCAAWBGAME-26JAN03SDSUWYO-SDSU,San Diego St. at Wyoming Winner?,2026-01-03T23:20:35.586911+00:00,2026-01-03,2026-01-03T08:00:00-05:00,,,,no_candle_in_window,no candle found after 8:00 in requested window
KXNCAAWBGAME-26JAN03USUNEV-USU,KXNCAAWBGAME-26JAN03USUNEV-USU,Utah St. at Nevada Winner?,2026-01-03T23:15:43.343048+00:00,2026-01-03,2026-01-03T08:00:00-05:00,,,,no_candle_in_window,no candle found after 8:00 in requested window
KXNCAAWBGAME-26JAN03USUNEV-NEV,KXNCAAWBGAME-26JAN03USUNEV-NEV,Utah St. at Nevada Winner?,2026-01-03T23:15:43.343048+00:00,2026-01-03,2026-01-03T08:00:00-05:00,,,,no_candle_in_window,no candle found after 8:00 in requested window
KXNCAAWBGAME-26JAN03UNLVAFA-UNLV,KXNCAAWBGAME-26JAN03UNLVAFA-UNLV,UNLV at Air Force Winner?,2026-01-03T22:22:06.934213+00:00,2026-01-03,2026-01-03T08:00:00-05:00,,,,no_candle_in_window,no candle found after 8:00 in requested window
KXNCAAWBGAME-26JAN03UNLVAFA-AFA,KXNCAAWBGAME-26JAN03UNLVAFA-AFA,UNLV at Air Force Winner?,2026-01-03T22:22:06.934213+00:00,2026-01-03,2026-01-03T08:00:00-05:00,,,,no_candle_in_window,no candle found after 8:00 in requested window
KXNCAAWBGAME-26JAN03UABCHAR-UAB,KXNCAAWBGAME-26JAN03UABCHAR-UAB,UAB at Charlotte Winner?,2026-01-03T22:12:12.154383+00:00,2026-01-03,2026-01-03T08:00:00-05:00,,,,no_candle_in_window,no candle found after 8:00 in requested window
KXNCAAWBGAME-26JAN03UABCHAR-CHAR,KXNCAAWBGAME-26JAN03UABCHAR-CHAR,UAB at Charlotte Winner?,2026-01-03T22:12:12.154383+00:00,2026-01-03,2026-01-03T08:00:00-05:00,,,,no_candle_in_window,no candle found after 8:00 in requested window
KXNCAAWBGAME-26JAN03RICHSBON-SBON,KXNCAAWBGAME-26JAN03RICHSBON-SBON,Richmond at St. Bonaventure Winner?,2026-01-03T22:06:03.192899+00:00,2026-01-03,2026-01-03T08:00:00-05:00,2026-01-03T13:02:00+00:00,0.0700,0.0900,ok,
KXNCAAWBGAME-26JAN03RICHSBON-RICH,KXNCAAWBGAME-26JAN03RICHSBON-RICH,Richmond at St. Bonaventure Winner?,2026-01-03T22:06:03.192899+00:00,2026-01-03,2026-01-03T08:00:00-05:00,2026-01-03T13:02:00+00:00,0.8900,0.9800,ok,
KXNCAAWBGAME-26JAN03TULNWICH-WICH,KXNCAAWBGAME-26JAN03TULNWICH-WICH,Tulane at Wichita St. Winner?,2026-01-03T22:16:46.206737+00:00,2026-01-03,2026-01-03T08:00:00-05:00,,,,no_candle_in_window,no candle found after 8:00 in requested window
KXNCAAWBGAME-26JAN03TULNWICH-TULN,KXNCAAWBGAME-26JAN03TULNWICH-TULN,Tulane at Wichita St. Winner?,2026-01-03T22:16:46.206737+00:00,2026-01-03,2026-01-03T08:00:00-05:00,,,,no_candle_in_window,no candle found after 8:00 in requested window
KXNCAAWBGAME-26JAN03CINCOLO-COLO,KXNCAAWBGAME-26JAN03CINCOLO-COLO,Cincinnati at Colorado Winner?,2026-01-03T22:35:27.040409+00:00,2026-01-03,2026-01-03T08:00:00-05:00,,,,no_candle_in_window,no candle found after 8:00 in requested window
KXNCAAWBGAME-26JAN03CINCOLO-CIN,KXNCAAWBGAME-26JAN03CINCOLO-CIN,Cincinnati at Colorado Winner?,2026-01-03T22:35:27.040409+00:00,2026-01-03,2026-01-03T08:00:00-05:00,,,,no_candle_in_window,no candle found after 8:00 in requested window
KXNCAAWBGAME-26JAN03FRESCSU-FRES,KXNCAAWBGAME-26JAN03FRESCSU-FRES,Fresno St. at Colorado St. Winner?,2026-01-03T23:16:02.919495+00:00,2026-01-03,2026-01-03T08:00:00-05:00,2026-01-03T13:05:00+00:00,0.0200,0.1000,ok,
KXNCAAWBGAME-26JAN03FRESCSU-CSU,KXNCAAWBGAME-26JAN03FRESCSU-CSU,Fresno St. at Colorado St. Winner?,2026-01-03T23:16:02.919495+00:00,2026-01-03,2026-01-03T08:00:00-05:00,2026-01-03T13:05:00+00:00,0.8600,0.9800,ok,
KXNCAAWBGAME-26JAN03DAVSLU-SLU,KXNCAAWBGAME-26JAN03DAVSLU-SLU,Davidson at Saint Louis Winner?,2026-01-03T21:21:06.588112+00:00,2026-01-03,2026-01-03T08:00:00-05:00,,,,no_candle_in_window,no candle found after 8:00 in requested window
KXNCAAWBGAME-26JAN03DAVSLU-DAV,KXNCAAWBGAME-26JAN03DAVSLU-DAV,Davidson at Saint Louis Winner?,2026-01-03T21:21:06.588112+00:00,2026-01-03,2026-01-03T08:00:00-05:00,,,,no_candle_in_window,no candle found after 8:00 in requested window
KXNCAAWBGAME-26JAN03UTSATEM-UTSA,KXNCAAWBGAME-26JAN03UTSATEM-UTSA,UTSA at Temple Winner?,2026-01-03T22:35:25.302848+00:00,2026-01-03,2026-01-03T08:00:00-05:00,,,,no_candle_in_window,no candle found after 8:00 in requested window
KXNCAAWBGAME-26JAN03UTSATEM-TEM,KXNCAAWBGAME-26JAN03UTSATEM-TEM,UTSA at Temple Winner?,2026-01-03T22:35:25.302848+00:00,2026-01-03,2026-01-03T08:00:00-05:00,,,,no_candle_in_window,no candle found after 8:00 in requested window
KXNCAAWBGAME-26JAN03MEMECU-MEM,KXNCAAWBGAME-26JAN03MEMECU-MEM,Memphis at East Carolina Winner?,2026-01-03T21:31:36.443490+00:00,2026-01-03,2026-01-03T08:00:00-05:00,2026-01-03T13:02:00+00:00,0.1700,0.2000,ok,
KXNCAAWBGAME-26JAN03MEMECU-ECU,KXNCAAWBGAME-26JAN03MEMECU-ECU,Memphis at East Carolina Winner?,2026-01-03T21:31:36.443490+00:00,2026-01-03,2026-01-03T08:00:00-05:00,2026-01-03T13:02:00+00:00,0.8200,0.8600,ok,
KXNCAAWBGAME-26JAN03JOESFOR-JOES,KXNCAAWBGAME-26JAN03JOESFOR-JOES,Saint Joseph's at Fordham Winner?,2026-01-03T21:31:36.977646+00:00,2026-01-03,2026-01-03T08:00:00-05:00,,,,no_candle_in_window,no candle found after 8:00 in requested window
KXNCAAWBGAME-26JAN03JOESFOR-FOR,KXNCAAWBGAME-26JAN03JOESFOR-FOR,Saint Joseph's at Fordham Winner?,2026-01-03T21:31:36.977646+00:00,2026-01-03,2026-01-03T08:00:00-05:00,,,,no_candle_in_window,no candle found after 8:00 in requested window
KXNCAAWBGAME-26JAN03RICEFAU-RICE,KXNCAAWBGAME-26JAN03RICEFAU-RICE,Rice at Florida Atlantic Winner?,2026-01-03T21:35:31.755557+00:00,2026-01-03,2026-01-03T08:00:00-05:00,2026-01-03T13:02:00+00:00,0.9300,0.9400,ok,
KXNCAAWBGAME-26JAN03RICEFAU-FAU,KXNCAAWBGAME-26JAN03RICEFAU-FAU,Rice at Florida Atlantic Winner?,2026-01-03T21:35:31.755557+00:00,2026-01-03,2026-01-03T08:00:00-05:00,2026-01-03T13:01:00+00:00,0.0300,0.0900,ok,
KXNCAAWBGAME-26JAN03DUQDAY-DUQ,KXNCAAWBGAME-26JAN03DUQDAY-DUQ,Duquesne at Dayton Winner?,2026-01-03T20:22:04.021379+00:00,2026-01-03,2026-01-03T08:00:00-05:00,,,,no_candle_in_window,no candle found after 8:00 in requested window
KXNCAAWBGAME-26JAN03DUQDAY-DAY,KXNCAAWBGAME-26JAN03DUQDAY-DAY,Duquesne at Dayton Winner?,2026-01-03T20:22:04.021379+00:00,2026-01-03,2026-01-03T08:00:00-05:00,,,,no_candle_in_window,no candle found after 8:00 in requested window
KXNCAAWBGAME-26JAN03GWLAS-LAS,KXNCAAWBGAME-26JAN03GWLAS-LAS,George Washington at La Salle Winner?,2026-01-03T20:13:26.928793+00:00,2026-01-03,2026-01-03T08:00:00-05:00,2026-01-03T13:23:00+00:00,0.4000,0.4700,ok,
KXNCAAWBGAME-26JAN03GWLAS-GW,KXNCAAWBGAME-26JAN03GWLAS-GW,George Washington at La Salle Winner?,2026-01-03T20:13:26.928793+00:00,2026-01-03,2026-01-03T08:00:00-05:00,2026-01-03T13:22:00+00:00,0.4100,0.6300,ok,
KXNCAAWBGAME-26JAN03HALLCONN-HALL,KXNCAAWBGAME-26JAN03HALLCONN-HALL,Seton Hall at UConn Winner?,2026-01-03T19:16:59.691123+00:00,2026-01-03,2026-01-03T08:00:00-05:00,2026-01-03T13:01:00+00:00,0.0000,0.0200,ok,
KXNCAAWBGAME-26JAN03HALLCONN-CONN,KXNCAAWBGAME-26JAN03HALLCONN-CONN,Seton Hall at UConn Winner?,2026-01-03T19:16:59.691123+00:00,2026-01-03,2026-01-03T08:00:00-05:00,2026-01-03T13:25:00+00:00,0.9900,1.0000,ok,
KXNCAAWBGAME-26JAN02WSUPORT-WSU,KXNCAAWBGAME-26JAN02WSUPORT-WSU,Washington St. at Portland Winner?,2026-01-03T04:29:57.934652+00:00,2026-01-02,2026-01-02T08:00:00-05:00,2026-01-02T13:23:00+00:00,0.1900,0.2300,ok,
KXNCAAWBGAME-26JAN02WSUPORT-PORT,KXNCAAWBGAME-26JAN02WSUPORT-PORT,Washington St. at Portland Winner?,2026-01-03T04:29:57.934652+00:00,2026-01-02,2026-01-02T08:00:00-05:00,,,,no_candle_in_window,no candle found after 8:00 in requested window
KXNCAAWBGAME-26JAN02SFUSD-USD,KXNCAAWBGAME-26JAN02SFUSD-USD,San Francisco at San Diego Winner?,2026-01-03T04:34:40.972811+00:00,2026-01-02,2026-01-02T08:00:00-05:00,2026-01-02T13:08:00+00:00,0.1500,0.2100,ok,
KXNCAAWBGAME-26JAN02SFUSD-SF,KXNCAAWBGAME-26JAN02SFUSD-SF,San Francisco at San Diego Winner?,2026-01-03T04:34:40.972811+00:00,2026-01-02,2026-01-02T08:00:00-05:00,2026-01-02T13:05:00+00:00,0.5300,0.8300,ok,
KXNCAAWBGAME-26JAN02SMCPEPP-SMC,KXNCAAWBGAME-26JAN02SMCPEPP-SMC,Saint Mary's at Pepperdine Winner?,2026-01-03T04:20:30.880986+00:00,2026-01-02,2026-01-02T08:00:00-05:00,2026-01-02T13:02:00+00:00,0.4400,0.5500,ok,
KXNCAAWBGAME-26JAN02SMCPEPP-PEPP,KXNCAAWBGAME-26JAN02SMCPEPP-PEPP,Saint Mary's at Pepperdine Winner?,2026-01-03T04:20:30.880986+00:00,2026-01-02,2026-01-02T08:00:00-05:00,2026-01-02T13:02:00+00:00,0.4500,0.5400,ok,
KXNCAAWBGAME-26JAN02PACORST-PAC,KXNCAAWBGAME-26JAN02PACORST-PAC,Pacific at Oregon St. Winner?,2026-01-03T04:10:32.728048+00:00,2026-01-02,2026-01-02T08:00:00-05:00,2026-01-02T13:03:00+00:00,0.1500,0.1700,ok,
KXNCAAWBGAME-26JAN02PACORST-ORST,KXNCAAWBGAME-26JAN02PACORST-ORST,Pacific at Oregon St. Winner?,2026-01-03T04:10:32.728048+00:00,2026-01-02,2026-01-02T08:00:00-05:00,2026-01-02T13:03:00+00:00,0.8400,0.8900,ok,
KXNCAAWBGAME-26JAN02SCULMU-SCU,KXNCAAWBGAME-26JAN02SCULMU-SCU,Santa Clara at Loyola Marymount Winner?,2026-01-03T04:25:08.191899+00:00,2026-01-02,2026-01-02T08:00:00-05:00,,,,no_candle_in_window,no candle found after 8:00 in requested window
KXNCAAWBGAME-26JAN02SCULMU-LMU,KXNCAAWBGAME-26JAN02SCULMU-LMU,Santa Clara at Loyola Marymount Winner?,2026-01-03T04:25:08.191899+00:00,2026-01-02,2026-01-02T08:00:00-05:00,2026-01-02T13:03:00+00:00,0.2300,0.2500,ok,
KXNCAAWBGAME-26JAN02GONZSEA-SEA,KXNCAAWBGAME-26JAN02GONZSEA-SEA,Gonzaga at Seattle Winner?,2026-01-03T04:20:30.872045+00:00,2026-01-02,2026-01-02T08:00:00-05:00,2026-01-02T13:02:00+00:00,0.0400,0.0600,ok,
KXNCAAWBGAME-26JAN02GONZSEA-GONZ,KXNCAAWBGAME-26JAN02GONZSEA-GONZ,Gonzaga at Seattle Winner?,2026-01-03T04:20:30.872045+00:00,2026-01-02,2026-01-02T08:00:00-05:00,2026-01-02T13:02:00+00:00,0.9600,0.9800,ok,
KXNCAAWBGAME-26JAN01OKLATXAM-TXAM,KXNCAAWBGAME-26JAN01OKLATXAM-TXAM,Oklahoma at Texas A&M Winner?,2026-01-02T03:20:16.774148+00:00,2026-01-01,2026-01-01T08:00:00-05:00,,,,no_candle_in_window,no candle found after 8:00 in requested window
KXNCAAWBGAME-26JAN01OKLATXAM-OKLA,KXNCAAWBGAME-26JAN01OKLATXAM-OKLA,Oklahoma at Texas A&M Winner?,2026-01-02T03:20:16.774148+00:00,2026-01-01,2026-01-01T08:00:00-05:00,2026-01-01T13:12:00+00:00,0.8500,0.9400,ok,
KXNCAAWBGAME-26JAN01TEXMIZZ-TEX,KXNCAAWBGAME-26JAN01TEXMIZZ-TEX,Texas at Missouri Winner?,2026-01-02T02:50:08.282394+00:00,2026-01-01,2026-01-01T08:00:00-05:00,2026-01-01T13:10:00+00:00,0.9400,0.9700,ok,
KXNCAAWBGAME-26JAN01TEXMIZZ-MIZZ,KXNCAAWBGAME-26JAN01TEXMIZZ-MIZZ,Texas at Missouri Winner?,2026-01-02T02:50:08.282394+00:00,2026-01-01,2026-01-01T08:00:00-05:00,2026-01-01T13:04:00+00:00,0.0200,0.1000,ok,
KXNCAAWBGAME-26JAN01AUBMSST-MSST,KXNCAAWBGAME-26JAN01AUBMSST-MSST,Auburn at Mississippi St. Winner?,2026-01-02T03:39:47.805209+00:00,2026-01-01,2026-01-01T08:00:00-05:00,2026-01-01T13:11:00+00:00,0.8500,0.9400,ok,
KXNCAAWBGAME-26JAN01AUBMSST-AUB,KXNCAAWBGAME-26JAN01AUBMSST-AUB,Auburn at Mississippi St. Winner?,2026-01-02T03:39:47.805209+00:00,2026-01-01,2026-01-01T08:00:00-05:00,2026-01-01T13:11:00+00:00,0.1000,0.1900,ok,
KXNCAAWBGAME-26JAN01UKLSU-UK,KXNCAAWBGAME-26JAN01UKLSU-UK,Kentucky at LSU Winner?,2026-01-02T03:25:00.619077+00:00,2026-01-01,2026-01-01T08:00:00-05:00,2026-01-01T13:12:00+00:00,0.0900,0.2300,ok,
KXNCAAWBGAME-26JAN01UKLSU-LSU,KXNCAAWBGAME-26JAN01UKLSU-LSU,Kentucky at LSU Winner?,2026-01-02T03:25:00.619077+00:00,2026-01-01,2026-01-01T08:00:00-05:00,2026-01-01T13:12:00+00:00,0.7700,0.9000,ok,
KXNCAAWBGAME-26JAN01CLEMUVA-UVA,KXNCAAWBGAME-26JAN01CLEMUVA-UVA,Clemson at Virginia Winner?,2026-01-02T02:39:56.103879+00:00,2026-01-01,2026-01-01T08:00:00-05:00,2026-01-01T13:09:00+00:00,0.7000,0.8400,ok,
KXNCAAWBGAME-26JAN01CLEMUVA-CLEM,KXNCAAWBGAME-26JAN01CLEMUVA-CLEM,Clemson at Virginia Winner?,2026-01-02T02:39:56.103879+00:00,2026-01-01,2026-01-01T08:00:00-05:00,2026-01-01T13:09:00+00:00,0.1600,0.3300,ok,
KXNCAAWBGAME-26JAN01MIAVT-VT,KXNCAAWBGAME-26JAN01MIAVT-VT,Miami (FL) at Virginia Tech Winner?,2026-01-02T02:09:58.545180+00:00,2026-01-01,2026-01-01T08:00:00-05:00,,,,no_candle_in_window,no candle found after 8:00 in requested window
KXNCAAWBGAME-26JAN01MIAVT-MIA,KXNCAAWBGAME-26JAN01MIAVT-MIA,Miami (FL) at Virginia Tech Winner?,2026-01-02T02:09:58.545180+00:00,2026-01-01,2026-01-01T08:00:00-05:00,2026-01-01T13:09:00+00:00,0.1700,0.3900,ok,
KXNCAAWBGAME-26JAN01MICHWASH-WASH,KXNCAAWBGAME-26JAN01MICHWASH-WASH,Michigan at Washington Winner?,2026-01-02T01:40:28.627251+00:00,2026-01-01,2026-01-01T08:00:00-05:00,2026-01-01T13:02:00+00:00,0.1500,0.2500,ok,
KXNCAAWBGAME-26JAN01MICHWASH-MICH,KXNCAAWBGAME-26JAN01MICHWASH-MICH,Michigan at Washington Winner?,2026-01-02T01:40:28.627251+00:00,2026-01-01,2026-01-01T08:00:00-05:00,2026-01-01T13:02:00+00:00,0.7600,0.8600,ok,
KXNCAAWBGAME-26JAN01WAKEPITT-WAKE,KXNCAAWBGAME-26JAN01WAKEPITT-WAKE,Wake Forest at Pittsburgh Winner?,2026-01-02T02:05:07.760138+00:00,2026-01-01,2026-01-01T08:00:00-05:00,2026-01-01T13:08:00+00:00,0.6600,0.8700,ok,
KXNCAAWBGAME-26JAN01WAKEPITT-PITT,KXNCAAWBGAME-26JAN01WAKEPITT-PITT,Wake Forest at Pittsburgh Winner?,2026-01-02T02:05:07.760138+00:00,2026-01-01,2026-01-01T08:00:00-05:00,,,,no_candle_in_window,no candle found after 8:00 in requested window
KXNCAAWBGAME-26JAN01FSUSYR-SYR,KXNCAAWBGAME-26JAN01FSUSYR-SYR,Florida St. at Syracuse Winner?,2026-01-02T02:01:23.347513+00:00,2026-01-01,2026-01-01T08:00:00-05:00,,,,no_candle_in_window,no candle found after 8:00 in requested window
KXNCAAWBGAME-26JAN01FSUSYR-FSU,KXNCAAWBGAME-26JAN01FSUSYR-FSU,Florida St. at Syracuse Winner?,2026-01-02T02:01:23.347513+00:00,2026-01-01,2026-01-01T08:00:00-05:00,,,,no_candle_in_window,no candle found after 8:00 in requested window
KXNCAAWBGAME-26JAN01NWORE-ORE,KXNCAAWBGAME-26JAN01NWORE-ORE,Northwestern at Oregon Winner?,2026-01-02T01:05:34.985255+00:00,2026-01-01,2026-01-01T08:00:00-05:00,2026-01-01T13:07:00+00:00,0.9500,0.9800,ok,
KXNCAAWBGAME-26JAN01NWORE-NW,KXNCAAWBGAME-26JAN01NWORE-NW,Northwestern at Oregon Winner?,2026-01-02T01:05:34.985255+00:00,2026-01-01,2026-01-01T08:00:00-05:00,2026-01-01T13:05:00+00:00,0.0200,0.0500,ok,
KXNCAAWBGAME-26JAN01NDGT-ND,KXNCAAWBGAME-26JAN01NDGT-ND,Notre Dame at Georgia Tech Winner?,2026-01-01T23:40:39.366721+00:00,2026-01-01,2026-01-01T08:00:00-05:00,2026-01-01T13:05:00+00:00,0.9500,0.9700,ok,
KXNCAAWBGAME-26JAN01NDGT-GT,KXNCAAWBGAME-26JAN01NDGT-GT,Notre Dame at Georgia Tech Winner?,2026-01-01T23:40:39.366721+00:00,2026-01-01,2026-01-01T08:00:00-05:00,2026-01-01T13:01:00+00:00,0.0400,0.0600,ok,
KXNCAAWBGAME-26JAN01MDILL-MD,KXNCAAWBGAME-26JAN01MDILL-MD,Maryland at Illinois Winner?,2026-01-01T23:40:37.566618+00:00,2026-01-01,2026-01-01T08:00:00-05:00,2026-01-01T13:03:00+00:00,0.6900,0.8000,ok,
KXNCAAWBGAME-26JAN01MDILL-ILL,KXNCAAWBGAME-26JAN01MDILL-ILL,Maryland at Illinois Winner?,2026-01-01T23:40:37.566618+00:00,2026-01-01,2026-01-01T08:00:00-05:00,2026-01-01T13:03:00+00:00,0.2500,0.3100,ok,
KXNCAAWBGAME-26JAN01UGAMISS-UGA,KXNCAAWBGAME-26JAN01UGAMISS-UGA,Georgia at Ole Miss Winner?,2026-01-01T22:40:52.405484+00:00,2026-01-01,2026-01-01T08:00:00-05:00,2026-01-01T13:03:00+00:00,0.1700,0.3000,ok,
KXNCAAWBGAME-26JAN01UGAMISS-MISS,KXNCAAWBGAME-26JAN01UGAMISS-MISS,Georgia at Ole Miss Winner?,2026-01-01T22:40:52.405484+00:00,2026-01-01,2026-01-01T08:00:00-05:00,2026-01-01T13:03:00+00:00,0.7000,0.8200,ok,
KXNCAAWBGAME-26JAN01FLATENN-TENN,KXNCAAWBGAME-26JAN01FLATENN-TENN,Florida at Tennessee Winner?,2026-01-01T21:26:05.791942+00:00,2026-01-01,2026-01-01T08:00:00-05:00,2026-01-01T13:03:00+00:00,0.8700,0.9300,ok,
KXNCAAWBGAME-26JAN01FLATENN-FLA,KXNCAAWBGAME-26JAN01FLATENN-FLA,Florida at Tennessee Winner?,2026-01-01T21:26:05.791942+00:00,2026-01-01,2026-01-01T08:00:00-05:00,2026-01-01T13:03:00+00:00,0.0900,0.1500,ok,
KXNCAAWBGAME-26JAN01STANNCST-STAN,KXNCAAWBGAME-26JAN01STANNCST-STAN,Stanford at North Carolina St. Winner?,2026-01-01T21:45:49.136631+00:00,2026-01-01,2026-01-01T08:00:00-05:00,2026-01-01T13:13:00+00:00,0.2600,0.3600,ok,
KXNCAAWBGAME-26JAN01STANNCST-NCST,KXNCAAWBGAME-26JAN01STANNCST-NCST,Stanford at North Carolina St. Winner?,2026-01-01T21:45:49.136631+00:00,2026-01-01,2026-01-01T08:00:00-05:00,2026-01-01T13:03:00+00:00,0.6400,0.7600,ok,
KXNCAAWBGAME-26JAN01NEBIOWA-NEB,KXNCAAWBGAME-26JAN01NEBIOWA-NEB,Nebraska at Iowa Winner?,2026-01-01T21:26:05.342883+00:00,2026-01-01,2026-01-01T08:00:00-05:00,,,,no_candle_in_window,no candle found after 8:00 in requested window
KXNCAAWBGAME-26JAN01NEBIOWA-IOWA,KXNCAAWBGAME-26JAN01NEBIOWA-IOWA,Nebraska at Iowa Winner?,2026-01-01T21:26:05.342883+00:00,2026-01-01,2026-01-01T08:00:00-05:00,2026-01-01T13:06:00+00:00,0.6000,0.7800,ok,
KXNCAAWBGAME-26JAN01ALASCAR-SCAR,KXNCAAWBGAME-26JAN01ALASCAR-SCAR,Alabama at South Carolina Winner?,2026-01-01T21:55:52.187001+00:00,2026-01-01,2026-01-01T08:00:00-05:00,2026-01-01T13:19:00+00:00,0.9700,0.9800,ok,
KXNCAAWBGAME-26JAN01ALASCAR-ALA,KXNCAAWBGAME-26JAN01ALASCAR-ALA,Alabama at South Carolina Winner?,2026-01-01T21:55:52.187001+00:00,2026-01-01,2026-01-01T08:00:00-05:00,2026-01-01T13:05:00+00:00,0.0200,0.0500,ok,
KXNCAAWBGAME-26JAN01SMULOU-SMU,KXNCAAWBGAME-26JAN01SMULOU-SMU,SMU at Louisville Winner?,2026-01-01T21:35:47.377137+00:00,2026-01-01,2026-01-01T08:00:00-05:00,2026-01-01T13:01:00+00:00,0.0300,0.0500,ok,
KXNCAAWBGAME-26JAN01SMULOU-LOU,KXNCAAWBGAME-26JAN01SMULOU-LOU,SMU at Louisville Winner?,2026-01-01T21:35:47.377137+00:00,2026-01-01,2026-01-01T08:00:00-05:00,2026-01-01T13:19:00+00:00,0.9600,0.9800,ok,
KXNCAAWBGAME-26JAN01WISRUTG-WIS,KXNCAAWBGAME-26JAN01WISRUTG-WIS,Wisconsin at Rutgers Winner?,2026-01-01T22:01:51.923509+00:00,2026-01-01,2026-01-01T08:00:00-05:00,,,,no_candle_in_window,no candle found after 8:00 in requested window
KXNCAAWBGAME-26JAN01WISRUTG-RUTG,KXNCAAWBGAME-26JAN01WISRUTG-RUTG,Wisconsin at Rutgers Winner?,2026-01-01T22:01:51.923509+00:00,2026-01-01,2026-01-01T08:00:00-05:00,,,,no_candle_in_window,no candle found after 8:00 in requested window
KXNCAAWBGAME-26JAN01DEPSJU-SJU,KXNCAAWBGAME-26JAN01DEPSJU-SJU,DePaul at St. John's Winner?,2026-01-01T22:01:55.691895+00:00,2026-01-01,2026-01-01T08:00:00-05:00,2026-01-01T13:01:00+00:00,0.9500,0.9600,ok,
KXNCAAWBGAME-26JAN01DEPSJU-DEP,KXNCAAWBGAME-26JAN01DEPSJU-DEP,DePaul at St. John's Winner?,2026-01-01T22:01:55.691895+00:00,2026-01-01,2026-01-01T08:00:00-05:00,2026-01-01T13:01:00+00:00,0.0500,0.0600,ok,
KXNCAAWBGAME-26JAN01BCDUKE-DUKE,KXNCAAWBGAME-26JAN01BCDUKE-DUKE,Boston College at Duke Winner?,2026-01-01T20:25:34.365688+00:00,2026-01-01,2026-01-01T08:00:00-05:00,2026-01-01T13:14:00+00:00,0.9700,0.9900,ok,
KXNCAAWBGAME-26JAN01BCDUKE-BC,KXNCAAWBGAME-26JAN01BCDUKE-BC,Boston College at Duke Winner?,2026-01-01T20:25:34.365688+00:00,2026-01-01,2026-01-01T08:00:00-05:00,2026-01-01T13:05:00+00:00,0.0100,0.0300,ok,
KXNCAAWBGAME-26JAN01VANARK-VAN,KXNCAAWBGAME-26JAN01VANARK-VAN,Vanderbilt at Arkansas Winner?,2026-01-01T21:40:41.853647+00:00,2026-01-01,2026-01-01T08:00:00-05:00,2026-01-01T13:11:00+00:00,0.9500,0.9700,ok,
KXNCAAWBGAME-26JAN01VANARK-ARK,KXNCAAWBGAME-26JAN01VANARK-ARK,Vanderbilt at Arkansas Winner?,2026-01-01T21:40:41.853647+00:00,2026-01-01,2026-01-01T08:00:00-05:00,2026-01-01T13:02:00+00:00,0.0400,0.0500,ok,
KXNCAAWBGAME-26JAN01WVUKU-WVU,KXNCAAWBGAME-26JAN01WVUKU-WVU,West Virginia at Kansas Winner?,2026-01-01T20:25:34.377783+00:00,2026-01-01,2026-01-01T08:00:00-05:00,2026-01-01T13:11:00+00:00,0.7700,0.8200,ok,
KXNCAAWBGAME-26JAN01WVUKU-KU,KXNCAAWBGAME-26JAN01WVUKU-KU,West Virginia at Kansas Winner?,2026-01-01T20:25:34.377783+00:00,2026-01-01,2026-01-01T08:00:00-05:00,2026-01-01T13:01:00+00:00,0.2000,0.2400,ok,
KXNCAAWBGAME-26JAN01MARQXAV-XAV,KXNCAAWBGAME-26JAN01MARQXAV-XAV,Marquette at Xavier Winner?,2026-01-01T20:11:34.272581+00:00,2026-01-01,2026-01-01T08:00:00-05:00,2026-01-01T13:01:00+00:00,0.1000,0.1800,ok,
KXNCAAWBGAME-26JAN01MARQXAV-MARQ,KXNCAAWBGAME-26JAN01MARQXAV-MARQ,Marquette at Xavier Winner?,2026-01-01T20:11:34.272581+00:00,2026-01-01,2026-01-01T08:00:00-05:00,2026-01-01T13:01:00+00:00,0.8700,0.9300,ok,
KXNCAAWBGAME-26JAN01CREIVILL-VILL,KXNCAAWBGAME-26JAN01CREIVILL-VILL,Creighton at Villanova Winner?,2026-01-01T19:01:31.268242+00:00,2026-01-01,2026-01-01T08:00:00-05:00,2026-01-01T13:08:00+00:00,0.9000,0.9500,ok,
KXNCAAWBGAME-26JAN01CREIVILL-CREI,KXNCAAWBGAME-26JAN01CREIVILL-CREI,Creighton at Villanova Winner?,2026-01-01T19:01:31.268242+00:00,2026-01-01,2026-01-01T08:00:00-05:00,2026-01-01T13:01:00+00:00,0.0400,0.1100,ok,
KXNCAAWBGAME-26JAN01MSUIND-MSU,KXNCAAWBGAME-26JAN01MSUIND-MSU,Michigan St. at Indiana Winner?,2026-01-01T19:11:00.037983+00:00,2026-01-01,2026-01-01T08:00:00-05:00,2026-01-01T13:01:00+00:00,0.7000,0.8300,ok,
KXNCAAWBGAME-26JAN01MSUIND-IND,KXNCAAWBGAME-26JAN01MSUIND-IND,Michigan St. at Indiana Winner?,2026-01-01T19:11:00.037983+00:00,2026-01-01,2026-01-01T08:00:00-05:00,2026-01-01T13:01:00+00:00,0.2100,0.3500,ok,
KXNCAAWBGAME-26JAN01CALUNC-UNC,KXNCAAWBGAME-26JAN01CALUNC-UNC,California at North Carolina Winner?,2026-01-01T19:11:00.140609+00:00,2026-01-01,2026-01-01T08:00:00-05:00,2026-01-01T13:01:00+00:00,0.9100,0.9400,ok,
KXNCAAWBGAME-26JAN01CALUNC-CAL,KXNCAAWBGAME-26JAN01CALUNC-CAL,California at North Carolina Winner?,2026-01-01T19:11:00.140609+00:00,2026-01-01,2026-01-01T08:00:00-05:00,2026-01-01T13:01:00+00:00,0.0700,0.1100,ok,
KXNCAAWBGAME-25DEC31UCFTTU-UCF,KXNCAAWBGAME-25DEC31UCFTTU-UCF,UCF at Texas Tech Winner?,2026-01-01T02:54:51.367603+00:00,2025-12-31,2025-12-31T08:00:00-05:00,2025-12-31T13:01:00+00:00,0.0700,0.0800,ok,
KXNCAAWBGAME-25DEC31UCFTTU-TTU,KXNCAAWBGAME-25DEC31UCFTTU-TTU,UCF at Texas Tech Winner?,2026-01-01T02:54:51.367603+00:00,2025-12-31,2025-12-31T08:00:00-05:00,2025-12-31T13:04:00+00:00,0.9300,0.9700,ok,
KXNCAAWBGAME-25DEC31ARIZCOLO-COLO,KXNCAAWBGAME-25DEC31ARIZCOLO-COLO,Arizona at Colorado Winner?,2026-01-01T04:19:49.933291+00:00,2025-12-31,2025-12-31T08:00:00-05:00,2025-12-31T13:05:00+00:00,0.8400,0.8900,ok,
KXNCAAWBGAME-25DEC31ARIZCOLO-ARIZ,KXNCAAWBGAME-25DEC31ARIZCOLO-ARIZ,Arizona at Colorado Winner?,2026-01-01T04:19:49.933291+00:00,2025-12-31,2025-12-31T08:00:00-05:00,2025-12-31T13:08:00+00:00,0.1000,0.1700,ok,
KXNCAAWBGAME-25DEC31TCUBYU-TCU,KXNCAAWBGAME-25DEC31TCUBYU-TCU,TCU at BYU Winner?,2026-01-01T04:54:47.812648+00:00,2025-12-31,2025-12-31T08:00:00-05:00,2025-12-31T13:25:00+00:00,0.8400,0.8800,ok,
KXNCAAWBGAME-25DEC31TCUBYU-BYU,KXNCAAWBGAME-25DEC31TCUBYU-BYU,TCU at BYU Winner?,2026-01-01T04:54:47.812648+00:00,2025-12-31,2025-12-31T08:00:00-05:00,2025-12-31T13:25:00+00:00,0.1500,0.1800,ok,
KXNCAAWBGAME-25DEC31ASUUTAH-UTAH,KXNCAAWBGAME-25DEC31ASUUTAH-UTAH,Arizona St. at Utah Winner?,2026-01-01T00:05:01.554044+00:00,2025-12-31,2025-12-31T08:00:00-05:00,2025-12-31T13:26:00+00:00,0.5500,0.6600,ok,
KXNCAAWBGAME-25DEC31ASUUTAH-ASU,KXNCAAWBGAME-25DEC31ASUUTAH-ASU,Arizona St. at Utah Winner?,2026-01-01T00:05:01.554044+00:00,2025-12-31,2025-12-31T08:00:00-05:00,2025-12-31T13:26:00+00:00,0.2300,0.4500,ok,
KXNCAAWBGAME-25DEC31NEVBSU-NEV,KXNCAAWBGAME-25DEC31NEVBSU-NEV,Nevada at Boise St. Winner?,2025-12-31T23:30:34.389047+00:00,2025-12-31,2025-12-31T08:00:00-05:00,2025-12-31T13:08:00+00:00,0.0500,0.1000,ok,
KXNCAAWBGAME-25DEC31NEVBSU-BSU,KXNCAAWBGAME-25DEC31NEVBSU-BSU,Nevada at Boise St. Winner?,2025-12-31T23:30:34.389047+00:00,2025-12-31,2025-12-31T08:00:00-05:00,2025-12-31T13:02:00+00:00,0.9200,0.9300,ok,
KXNCAAWBGAME-25DEC31AFASDSU-SDSU,KXNCAAWBGAME-25DEC31AFASDSU-SDSU,Air Force at San Diego St. Winner?,2025-12-31T23:54:45.279675+00:00,2025-12-31,2025-12-31T08:00:00-05:00,2025-12-31T13:02:00+00:00,0.8200,0.9000,ok,
KXNCAAWBGAME-25DEC31AFASDSU-AFA,KXNCAAWBGAME-25DEC31AFASDSU-AFA,Air Force at San Diego St. Winner?,2025-12-31T23:54:45.279675+00:00,2025-12-31,2025-12-31T08:00:00-05:00,2025-12-31T13:26:00+00:00,0.1200,0.1500,ok,
KXNCAAWBGAME-25DEC31CONNPROV-PROV,KXNCAAWBGAME-25DEC31CONNPROV-PROV,UConn at Providence Winner?,2025-12-31T22:25:29.606528+00:00,2025-12-31,2025-12-31T08:00:00-05:00,,,,no_candle_in_window,no candle found after 8:00 in requested window
KXNCAAWBGAME-25DEC31CONNPROV-CONN,KXNCAAWBGAME-25DEC31CONNPROV-CONN,UConn at Providence Winner?,2025-12-31T22:25:29.606528+00:00,2025-12-31,2025-12-31T08:00:00-05:00,,,,no_candle_in_window,no candle found after 8:00 in requested window
KXNCAAWBGAME-25DEC31BAYOKST-OKST,KXNCAAWBGAME-25DEC31BAYOKST-OKST,Baylor at Oklahoma St. Winner?,2025-12-31T22:35:08.799471+00:00,2025-12-31,2025-12-31T08:00:00-05:00,2025-12-31T13:27:00+00:00,0.5000,0.6600,ok,
KXNCAAWBGAME-25DEC31BAYOKST-BAY,KXNCAAWBGAME-25DEC31BAYOKST-BAY,Baylor at Oklahoma St. Winner?,2025-12-31T22:35:08.799471+00:00,2025-12-31,2025-12-31T08:00:00-05:00,2025-12-31T13:27:00+00:00,0.4000,0.5000,ok,
KXNCAAWBGAME-25DEC31WYOUNM-WYO,KXNCAAWBGAME-25DEC31WYOUNM-WYO,Wyoming at New Mexico Winner?,2025-12-31T22:41:03.664843+00:00,2025-12-31,2025-12-31T08:00:00-05:00,2025-12-31T13:08:00+00:00,0.1000,0.1800,ok,
KXNCAAWBGAME-25DEC31WYOUNM-UNM,KXNCAAWBGAME-25DEC31WYOUNM-UNM,Wyoming at New Mexico Winner?,2025-12-31T22:41:03.664843+00:00,2025-12-31,2025-12-31T08:00:00-05:00,2025-12-31T13:08:00+00:00,0.8100,0.9300,ok,
KXNCAAWBGAME-25DEC31SJSUUSU-USU,KXNCAAWBGAME-25DEC31SJSUUSU-USU,San Jose St. at Utah St. Winner?,2025-12-31T22:45:03.430950+00:00,2025-12-31,2025-12-31T08:00:00-05:00,2025-12-31T13:01:00+00:00,0.9100,0.9200,ok,
KXNCAAWBGAME-25DEC31SJSUUSU-SJSU,KXNCAAWBGAME-25DEC31SJSUUSU-SJSU,San Jose St. at Utah St. Winner?,2025-12-31T22:45:03.430950+00:00,2025-12-31,2025-12-31T08:00:00-05:00,2025-12-31T13:02:00+00:00,0.1000,0.1900,ok,
KXNCAAWBGAME-25DEC31MEMCHAR-MEM,KXNCAAWBGAME-25DEC31MEMCHAR-MEM,Memphis at Charlotte Winner?,2025-12-31T22:50:32.926722+00:00,2025-12-31,2025-12-31T08:00:00-05:00,2025-12-31T13:08:00+00:00,0.1500,0.2200,ok,
KXNCAAWBGAME-25DEC31MEMCHAR-CHAR,KXNCAAWBGAME-25DEC31MEMCHAR-CHAR,Memphis at Charlotte Winner?,2025-12-31T22:50:32.926722+00:00,2025-12-31,2025-12-31T08:00:00-05:00,2025-12-31T13:08:00+00:00,0.7100,0.8800,ok,
KXNCAAWBGAME-25DEC31FRESUNLV-UNLV,KXNCAAWBGAME-25DEC31FRESUNLV-UNLV,Fresno St. at UNLV Winner?,2025-12-31T22:45:13.223715+00:00,2025-12-31,2025-12-31T08:00:00-05:00,2025-12-31T13:01:00+00:00,0.8900,0.9000,ok,
KXNCAAWBGAME-25DEC31FRESUNLV-FRES,KXNCAAWBGAME-25DEC31FRESUNLV-FRES,Fresno St. at UNLV Winner?,2025-12-31T22:45:13.223715+00:00,2025-12-31,2025-12-31T08:00:00-05:00,2025-12-31T13:27:00+00:00,0.1200,0.1400,ok,
KXNCAAWBGAME-25DEC31DAVLCHI-LCHI,KXNCAAWBGAME-25DEC31DAVLCHI-LCHI,Davidson at Loyola Chicago Winner?,2025-12-31T22:45:13.882167+00:00,2025-12-31,2025-12-31T08:00:00-05:00,2025-12-31T13:01:00+00:00,0.0700,0.0800,ok,
KXNCAAWBGAME-25DEC31DAVLCHI-DAV,KXNCAAWBGAME-25DEC31DAVLCHI-DAV,Davidson at Loyola Chicago Winner?,2025-12-31T22:45:13.882167+00:00,2025-12-31,2025-12-31T08:00:00-05:00,2025-12-31T13:01:00+00:00,0.9300,0.9400,ok,
KXNCAAWBGAME-25DEC31CINKSU-KSU,KXNCAAWBGAME-25DEC31CINKSU-KSU,Cincinnati at Kansas St. Winner?,2025-12-31T22:40:44.531757+00:00,2025-12-31,2025-12-31T08:00:00-05:00,2025-12-31T13:23:00+00:00,0.8200,0.8400,ok,
KXNCAAWBGAME-25DEC31CINKSU-CIN,KXNCAAWBGAME-25DEC31CINKSU-CIN,Cincinnati at Kansas St. Winner?,2025-12-31T22:40:44.531757+00:00,2025-12-31,2025-12-31T08:00:00-05:00,2025-12-31T13:27:00+00:00,0.1700,0.1900,ok,
KXNCAAWBGAME-25DEC31VCUJOES-VCU,KXNCAAWBGAME-25DEC31VCUJOES-VCU,VCU at Saint Joseph's Winner?,2025-12-31T22:05:51.495791+00:00,2025-12-31,2025-12-31T08:00:00-05:00,2025-12-31T13:18:00+00:00,0.0700,0.0800,ok,
KXNCAAWBGAME-25DEC31VCUJOES-JOES,KXNCAAWBGAME-25DEC31VCUJOES-JOES,VCU at Saint Joseph's Winner?,2025-12-31T22:05:51.495791+00:00,2025-12-31,2025-12-31T08:00:00-05:00,2025-12-31T13:18:00+00:00,0.9300,0.9400,ok,
KXNCAAWBGAME-25DEC31ISUHOU-ISU,KXNCAAWBGAME-25DEC31ISUHOU-ISU,Iowa St. at Houston Winner?,2025-12-31T22:10:49.465696+00:00,2025-12-31,2025-12-31T08:00:00-05:00,2025-12-31T13:11:00+00:00,0.9700,0.9800,ok,
KXNCAAWBGAME-25DEC31ISUHOU-HOU,KXNCAAWBGAME-25DEC31ISUHOU-HOU,Iowa St. at Houston Winner?,2025-12-31T22:10:49.465696+00:00,2025-12-31,2025-12-31T08:00:00-05:00,2025-12-31T13:17:00+00:00,0.0200,0.0400,ok,
KXNCAAWBGAME-25DEC31UCLAPSU-UCLA,KXNCAAWBGAME-25DEC31UCLAPSU-UCLA,UCLA at Penn St. Winner?,2025-12-31T22:20:46.420874+00:00,2025-12-31,2025-12-31T08:00:00-05:00,2025-12-31T13:01:00+00:00,0.9800,0.9900,ok,
KXNCAAWBGAME-25DEC31UCLAPSU-PSU,KXNCAAWBGAME-25DEC31UCLAPSU-PSU,UCLA at Penn St. Winner?,2025-12-31T22:20:46.420874+00:00,2025-12-31,2025-12-31T08:00:00-05:00,2025-12-31T13:07:00+00:00,0.0100,0.0200,ok,
KXNCAAWBGAME-25DEC31LASFOR-LAS,KXNCAAWBGAME-25DEC31LASFOR-LAS,La Salle at Fordham Winner?,2025-12-31T21:55:43.119301+00:00,2025-12-31,2025-12-31T08:00:00-05:00,2025-12-31T13:05:00+00:00,0.3100,0.3700,ok,
KXNCAAWBGAME-25DEC31LASFOR-FOR,KXNCAAWBGAME-25DEC31LASFOR-FOR,La Salle at Fordham Winner?,2025-12-31T21:55:43.119301+00:00,2025-12-31,2025-12-31T08:00:00-05:00,2025-12-31T13:05:00+00:00,0.6000,0.6900,ok,
KXNCAAWBGAME-25DEC31CSUGC-GC,KXNCAAWBGAME-25DEC31CSUGC-GC,Colorado St. at Grand Canyon Winner?,2025-12-31T20:01:45.165249+00:00,2025-12-31,2025-12-31T08:00:00-05:00,2025-12-31T13:06:00+00:00,0.2100,0.2500,ok,
KXNCAAWBGAME-25DEC31CSUGC-CSU,KXNCAAWBGAME-25DEC31CSUGC-CSU,Colorado St. at Grand Canyon Winner?,2025-12-31T20:01:45.165249+00:00,2025-12-31,2025-12-31T08:00:00-05:00,2025-12-31T13:07:00+00:00,0.7500,0.7800,ok,
KXNCAAWBGAME-25DEC31GTWNHALL-HALL,KXNCAAWBGAME-25DEC31GTWNHALL-HALL,Georgetown at Seton Hall Winner?,2025-12-31T21:40:36.519821+00:00,2025-12-31,2025-12-31T08:00:00-05:00,2025-12-31T13:19:00+00:00,0.6800,0.8200,ok,
KXNCAAWBGAME-25DEC31GTWNHALL-GTWN,KXNCAAWBGAME-25DEC31GTWNHALL-GTWN,Georgetown at Seton Hall Winner?,2025-12-31T21:40:36.519821+00:00,2025-12-31,2025-12-31T08:00:00-05:00,2025-12-31T13:06:00+00:00,0.3100,0.3400,ok,
KXNCAAWBGAME-25DEC31GWSBON-SBON,KXNCAAWBGAME-25DEC31GWSBON-SBON,George Washington at St. Bonaventure Winner?,2025-12-31T21:35:37.480485+00:00,2025-12-31,2025-12-31T08:00:00-05:00,2025-12-31T13:06:00+00:00,0.3200,0.3600,ok,
KXNCAAWBGAME-25DEC31GWSBON-GW,KXNCAAWBGAME-25DEC31GWSBON-GW,George Washington at St. Bonaventure Winner?,2025-12-31T21:35:37.480485+00:00,2025-12-31,2025-12-31T08:00:00-05:00,2025-12-31T13:06:00+00:00,0.5900,0.6700,ok,
KXNCAAWBGAME-25DEC31SLUDUQ-SLU,KXNCAAWBGAME-25DEC31SLUDUQ-SLU,Saint Louis at Duquesne Winner?,2025-12-31T21:31:00.518391+00:00,2025-12-31,2025-12-31T08:00:00-05:00,2025-12-31T13:05:00+00:00,0.2900,0.4000,ok,
KXNCAAWBGAME-25DEC31SLUDUQ-DUQ,KXNCAAWBGAME-25DEC31SLUDUQ-DUQ,Saint Louis at Duquesne Winner?,2025-12-31T21:31:00.518391+00:00,2025-12-31,2025-12-31T08:00:00-05:00,2025-12-31T13:05:00+00:00,0.6200,0.7300,ok,
KXNCAAWBGAME-25DEC31OSUPUR-PUR,KXNCAAWBGAME-25DEC31OSUPUR-PUR,Ohio St. at Purdue Winner?,2025-12-31T20:41:04.964899+00:00,2025-12-31,2025-12-31T08:00:00-05:00,2025-12-31T13:04:00+00:00,0.1300,0.1600,ok,
KXNCAAWBGAME-25DEC31OSUPUR-OSU,KXNCAAWBGAME-25DEC31OSUPUR-OSU,Ohio St. at Purdue Winner?,2025-12-31T20:41:04.964899+00:00,2025-12-31,2025-12-31T08:00:00-05:00,2025-12-31T13:06:00+00:00,0.7600,0.8700,ok,
KXNCAAWBGAME-25DEC31DAYGMU-GMU,KXNCAAWBGAME-25DEC31DAYGMU-GMU,Dayton at George Mason Winner?,2025-12-31T19:21:02.131429+00:00,2025-12-31,2025-12-31T08:00:00-05:00,2025-12-31T13:03:00+00:00,0.8800,0.8900,ok,
KXNCAAWBGAME-25DEC31DAYGMU-DAY,KXNCAAWBGAME-25DEC31DAYGMU-DAY,Dayton at George Mason Winner?,2025-12-31T19:21:02.131429+00:00,2025-12-31,2025-12-31T08:00:00-05:00,2025-12-31T13:01:00+00:00,0.1100,0.1500,ok,
KXNCAAWBGAME-25DEC30RICEUSF-USF,KXNCAAWBGAME-25DEC30RICEUSF-USF,Rice at South Florida Winner?,2025-12-31T02:40:23.693371+00:00,2025-12-30,2025-12-30T08:00:00-05:00,2025-12-30T13:02:00+00:00,0.5800,0.7200,ok,
KXNCAAWBGAME-25DEC30RICEUSF-RICE,KXNCAAWBGAME-25DEC30RICEUSF-RICE,Rice at South Florida Winner?,2025-12-31T02:40:23.693371+00:00,2025-12-30,2025-12-30T08:00:00-05:00,2025-12-30T13:12:00+00:00,0.3200,0.4100,ok,
KXNCAAWBGAME-25DEC30PORTSF-SF,KXNCAAWBGAME-25DEC30PORTSF-SF,Portland at San Francisco Winner?,2025-12-31T04:40:11.612599+00:00,2025-12-30,2025-12-30T08:00:00-05:00,2025-12-30T13:25:00+00:00,0.4000,0.5300,ok,
KXNCAAWBGAME-25DEC30PORTSF-PORT,KXNCAAWBGAME-25DEC30PORTSF-PORT,Portland at San Francisco Winner?,2025-12-31T04:40:11.612599+00:00,2025-12-30,2025-12-30T08:00:00-05:00,2025-12-30T13:25:00+00:00,0.5000,0.7200,ok,
KXNCAAWBGAME-25DEC30SEASCU-SEA,KXNCAAWBGAME-25DEC30SEASCU-SEA,Seattle at Santa Clara Winner?,2025-12-31T03:54:56.238455+00:00,2025-12-30,2025-12-30T08:00:00-05:00,2025-12-30T13:06:00+00:00,0.0100,0.0400,ok,
KXNCAAWBGAME-25DEC30SEASCU-SCU,KXNCAAWBGAME-25DEC30SEASCU-SCU,Seattle at Santa Clara Winner?,2025-12-31T03:54:56.238455+00:00,2025-12-30,2025-12-30T08:00:00-05:00,2025-12-30T13:06:00+00:00,0.9600,0.9900,ok,
KXNCAAWBGAME-25DEC30ORSTSMC-SMC,KXNCAAWBGAME-25DEC30ORSTSMC-SMC,Oregon St. at Saint Mary's Winner?,2025-12-31T03:30:03.786354+00:00,2025-12-30,2025-12-30T08:00:00-05:00,2025-12-30T13:26:00+00:00,0.3000,0.4500,ok,
KXNCAAWBGAME-25DEC30ORSTSMC-ORST,KXNCAAWBGAME-25DEC30ORSTSMC-ORST,Oregon St. at Saint Mary's Winner?,2025-12-31T03:30:03.786354+00:00,2025-12-30,2025-12-30T08:00:00-05:00,2025-12-30T13:26:00+00:00,0.5500,0.7000,ok,
KXNCAAWBGAME-25DEC30PEPPGONZ-PEPP,KXNCAAWBGAME-25DEC30PEPPGONZ-PEPP,Pepperdine at Gonzaga Winner?,2025-12-31T03:54:56.889088+00:00,2025-12-30,2025-12-30T08:00:00-05:00,2025-12-30T13:01:00+00:00,0.0600,0.0800,ok,
KXNCAAWBGAME-25DEC30PEPPGONZ-GONZ,KXNCAAWBGAME-25DEC30PEPPGONZ-GONZ,Pepperdine at Gonzaga Winner?,2025-12-31T03:54:56.889088+00:00,2025-12-30,2025-12-30T08:00:00-05:00,2025-12-30T13:01:00+00:00,0.9300,0.9400,ok,
KXNCAAWBGAME-25DEC30LMUWSU-WSU,KXNCAAWBGAME-25DEC30LMUWSU-WSU,Loyola Marymount at Washington St. Winner?,2025-12-31T04:24:39.078029+00:00,2025-12-30,2025-12-30T08:00:00-05:00,2025-12-30T13:25:00+00:00,0.4700,0.6500,ok,
KXNCAAWBGAME-25DEC30LMUWSU-LMU,KXNCAAWBGAME-25DEC30LMUWSU-LMU,Loyola Marymount at Washington St. Winner?,2025-12-31T04:24:39.078029+00:00,2025-12-30,2025-12-30T08:00:00-05:00,2025-12-30T13:25:00+00:00,0.4000,0.5400,ok,
KXNCAAWBGAME-25DEC30WICHTLSA-WICH,KXNCAAWBGAME-25DEC30WICHTLSA-WICH,Wichita St. at Tulsa Winner?,2025-12-31T02:55:06.559502+00:00,2025-12-30,2025-12-30T08:00:00-05:00,2025-12-30T13:26:00+00:00,0.0600,0.1900,ok,
KXNCAAWBGAME-25DEC30WICHTLSA-TLSA,KXNCAAWBGAME-25DEC30WICHTLSA-TLSA,Wichita St. at Tulsa Winner?,2025-12-31T02:55:06.559502+00:00,2025-12-30,2025-12-30T08:00:00-05:00,2025-12-30T13:26:00+00:00,0.8100,0.9400,ok,
KXNCAAWBGAME-25DEC30UNTFAU-UNT,KXNCAAWBGAME-25DEC30UNTFAU-UNT,North Texas at Florida Atlantic Winner?,2025-12-31T02:45:28.414347+00:00,2025-12-30,2025-12-30T08:00:00-05:00,2025-12-30T13:21:00+00:00,0.8000,0.8400,ok,
KXNCAAWBGAME-25DEC30UNTFAU-FAU,KXNCAAWBGAME-25DEC30UNTFAU-FAU,North Texas at Florida Atlantic Winner?,2025-12-31T02:45:28.414347+00:00,2025-12-30,2025-12-30T08:00:00-05:00,2025-12-30T13:21:00+00:00,0.1500,0.2400,ok,
KXNCAAWBGAME-25DEC30UABECU-UAB,KXNCAAWBGAME-25DEC30UABECU-UAB,UAB at East Carolina Winner?,2025-12-31T02:01:24.418108+00:00,2025-12-30,2025-12-30T08:00:00-05:00,2025-12-30T13:27:00+00:00,0.4000,0.5600,ok,
KXNCAAWBGAME-25DEC30UABECU-ECU,KXNCAAWBGAME-25DEC30UABECU-ECU,UAB at East Carolina Winner?,2025-12-31T02:01:24.418108+00:00,2025-12-30,2025-12-30T08:00:00-05:00,2025-12-30T13:27:00+00:00,0.4700,0.6300,ok,
KXNCAAWBGAME-25DEC30RICHURI-URI,KXNCAAWBGAME-25DEC30RICHURI-URI,Richmond at Rhode Island Winner?,2025-12-31T01:00:55.891460+00:00,2025-12-30,2025-12-30T08:00:00-05:00,2025-12-30T13:27:00+00:00,0.4000,0.4600,ok,
KXNCAAWBGAME-25DEC30RICHURI-RICH,KXNCAAWBGAME-25DEC30RICHURI-RICH,Richmond at Rhode Island Winner?,2025-12-31T01:00:55.891460+00:00,2025-12-30,2025-12-30T08:00:00-05:00,2025-12-30T13:27:00+00:00,0.5400,0.6600,ok,
KXNCAAWBGAME-25DEC30USDPAC-USD,KXNCAAWBGAME-25DEC30USDPAC-USD,San Diego at Pacific Winner?,2025-12-31T00:20:36.955917+00:00,2025-12-30,2025-12-30T08:00:00-05:00,2025-12-30T13:20:00+00:00,0.1600,0.1900,ok,
KXNCAAWBGAME-25DEC30USDPAC-PAC,KXNCAAWBGAME-25DEC30USDPAC-PAC,San Diego at Pacific Winner?,2025-12-31T00:20:36.955917+00:00,2025-12-30,2025-12-30T08:00:00-05:00,2025-12-30T13:20:00+00:00,0.8400,0.8800,ok,
KXNCAAWBGAME-25DEC30TULNUTSA-UTSA,KXNCAAWBGAME-25DEC30TULNUTSA-UTSA,Tulane at UTSA Winner?,2025-12-30T21:20:12.517472+00:00,2025-12-30,2025-12-30T08:00:00-05:00,2025-12-30T13:03:00+00:00,0.6400,0.7600,ok,
KXNCAAWBGAME-25DEC30TULNUTSA-TULN,KXNCAAWBGAME-25DEC30TULNUTSA-TULN,Tulane at UTSA Winner?,2025-12-30T21:20:12.517472+00:00,2025-12-30,2025-12-30T08:00:00-05:00,2025-12-30T13:03:00+00:00,0.2800,0.3500,ok,
KXNCAAWBGAME-25DEC29MICHORE-ORE,KXNCAAWBGAME-25DEC29MICHORE-ORE,Michigan at Oregon Winner?,2025-12-30T05:24:56.277838+00:00,2025-12-30,2025-12-30T08:00:00-05:00,,,,no_candle_in_window,no candle found after 8:00 in requested window
KXNCAAWBGAME-25DEC29MICHORE-MICH,KXNCAAWBGAME-25DEC29MICHORE-MICH,Michigan at Oregon Winner?,2025-12-30T05:24:56.277838+00:00,2025-12-30,2025-12-30T08:00:00-05:00,,,,no_candle_in_window,no candle found after 8:00 in requested window
KXNCAAWBGAME-25DEC29NWWASH-WASH,KXNCAAWBGAME-25DEC29NWWASH-WASH,Northwestern at Washington Winner?,2025-12-30T04:10:13.586922+00:00,2025-12-29,2025-12-29T08:00:00-05:00,2025-12-29T13:01:00+00:00,0.9100,0.9800,ok,
KXNCAAWBGAME-25DEC29NWWASH-NW,KXNCAAWBGAME-25DEC29NWWASH-NW,Northwestern at Washington Winner?,2025-12-30T04:10:13.586922+00:00,2025-12-29,2025-12-29T08:00:00-05:00,2025-12-29T13:01:00+00:00,0.0400,0.0500,ok,
KXNCAAWBGAME-25DEC29UNCBC-UNC,KXNCAAWBGAME-25DEC29UNCBC-UNC,North Carolina at Boston College Winner?,2025-12-30T03:14:49.246769+00:00,2025-12-29,2025-12-29T08:00:00-05:00,2025-12-29T13:01:00+00:00,0.9500,0.9700,ok,
KXNCAAWBGAME-25DEC29UNCBC-BC,KXNCAAWBGAME-25DEC29UNCBC-BC,North Carolina at Boston College Winner?,2025-12-30T03:14:49.246769+00:00,2025-12-29,2025-12-29T08:00:00-05:00,2025-12-29T13:01:00+00:00,0.0500,0.0700,ok,
KXNCAAWBGAME-25DEC29VILLDEP-VILL,KXNCAAWBGAME-25DEC29VILLDEP-VILL,Villanova at DePaul Winner?,2025-12-30T02:10:38.208798+00:00,2025-12-29,2025-12-29T08:00:00-05:00,2025-12-29T13:01:00+00:00,0.9200,0.9700,ok,
KXNCAAWBGAME-25DEC29VILLDEP-DEP,KXNCAAWBGAME-25DEC29VILLDEP-DEP,Villanova at DePaul Winner?,2025-12-30T02:10:38.208798+00:00,2025-12-29,2025-12-29T08:00:00-05:00,2025-12-29T13:01:00+00:00,0.0400,0.0700,ok,
KXNCAAWBGAME-25DEC29SJUMARQ-SJU,KXNCAAWBGAME-25DEC29SJUMARQ-SJU,St. John's at Marquette Winner?,2025-12-30T04:00:25.564465+00:00,2025-12-29,2025-12-29T08:00:00-05:00,2025-12-29T13:10:00+00:00,0.1900,0.2500,ok,
KXNCAAWBGAME-25DEC29SJUMARQ-MARQ,KXNCAAWBGAME-25DEC29SJUMARQ-MARQ,St. John's at Marquette Winner?,2025-12-30T04:00:25.564465+00:00,2025-12-29,2025-12-29T08:00:00-05:00,2025-12-29T13:10:00+00:00,0.7100,0.8500,ok,
KXNCAAWBGAME-25DEC29SMUUVA-UVA,KXNCAAWBGAME-25DEC29SMUUVA-UVA,SMU at Virginia Winner?,2025-12-30T02:55:16.097981+00:00,2025-12-29,2025-12-29T08:00:00-05:00,2025-12-29T13:01:00+00:00,0.9200,0.9500,ok,
KXNCAAWBGAME-25DEC29SMUUVA-SMU,KXNCAAWBGAME-25DEC29SMUUVA-SMU,SMU at Virginia Winner?,2025-12-30T02:55:16.097981+00:00,2025-12-29,2025-12-29T08:00:00-05:00,2025-12-29T13:01:00+00:00,0.0800,0.0900,ok,
KXNCAAWBGAME-25DEC29MINNIND-MINN,KXNCAAWBGAME-25DEC29MINNIND-MINN,Minnesota at Indiana Winner?,2025-12-30T01:15:28.565495+00:00,2025-12-29,2025-12-29T08:00:00-05:00,2025-12-29T13:01:00+00:00,0.4800,0.7700,ok,
KXNCAAWBGAME-25DEC29MINNIND-IND,KXNCAAWBGAME-25DEC29MINNIND-IND,Minnesota at Indiana Winner?,2025-12-30T01:15:28.565495+00:00,2025-12-29,2025-12-29T08:00:00-05:00,2025-12-29T13:04:00+00:00,0.1500,0.2600,ok,
KXNCAAWBGAME-25DEC29PITTND-PITT,KXNCAAWBGAME-25DEC29PITTND-PITT,Pittsburgh at Notre Dame Winner?,2025-12-30T01:01:20.731175+00:00,2025-12-29,2025-12-29T08:00:00-05:00,2025-12-29T13:14:00+00:00,0.0100,0.0300,ok,
KXNCAAWBGAME-25DEC29PITTND-ND,KXNCAAWBGAME-25DEC29PITTND-ND,Pittsburgh at Notre Dame Winner?,2025-12-30T01:01:20.731175+00:00,2025-12-29,2025-12-29T08:00:00-05:00,2025-12-29T13:01:00+00:00,0.9700,0.9800,ok,
KXNCAAWBGAME-25DEC29WISMD-WIS,KXNCAAWBGAME-25DEC29WISMD-WIS,Wisconsin at Maryland Winner?,2025-12-29T23:25:34.691700+00:00,2025-12-29,2025-12-29T08:00:00-05:00,2025-12-29T13:01:00+00:00,0.0700,0.1100,ok,
KXNCAAWBGAME-25DEC29WISMD-MD,KXNCAAWBGAME-25DEC29WISMD-MD,Wisconsin at Maryland Winner?,2025-12-29T23:25:34.691700+00:00,2025-12-29,2025-12-29T08:00:00-05:00,2025-12-29T13:01:00+00:00,0.9100,0.9200,ok,
KXNCAAWBGAME-25DEC29USCNEB-USC,KXNCAAWBGAME-25DEC29USCNEB-USC,USC at Nebraska Winner?,2025-12-29T22:15:50.154637+00:00,2025-12-29,2025-12-29T08:00:00-05:00,2025-12-29T13:04:00+00:00,0.2500,0.4900,ok,
KXNCAAWBGAME-25DEC29USCNEB-NEB,KXNCAAWBGAME-25DEC29USCNEB-NEB,USC at Nebraska Winner?,2025-12-29T22:15:50.154637+00:00,2025-12-29,2025-12-29T08:00:00-05:00,2025-12-29T13:04:00+00:00,0.5300,0.7300,ok,
KXNCAAWBGAME-25DEC29JKSTAUB-JKST,KXNCAAWBGAME-25DEC29JKSTAUB-JKST,Jackson St. at Auburn Winner?,2025-12-29T21:20:35.693000+00:00,2025-12-29,2025-12-29T08:00:00-05:00,2025-12-29T13:02:00+00:00,0.0500,0.0700,ok,
KXNCAAWBGAME-25DEC29JKSTAUB-AUB,KXNCAAWBGAME-25DEC29JKSTAUB-AUB,Jackson St. at Auburn Winner?,2025-12-29T21:20:35.693000+00:00,2025-12-29,2025-12-29T08:00:00-05:00,2025-12-29T13:15:00+00:00,0.9400,0.9700,ok,
KXNCAAWBGAME-25DEC29CHSOUGA-UGA,KXNCAAWBGAME-25DEC29CHSOUGA-UGA,Charleston Southern at Georgia Winner?,2025-12-29T18:55:00.561809+00:00,2025-12-29,2025-12-29T08:00:00-05:00,2025-12-29T13:15:00+00:00,0.9900,1.0000,ok,
KXNCAAWBGAME-25DEC29CHSOUGA-CHSO,KXNCAAWBGAME-25DEC29CHSOUGA-CHSO,Charleston Southern at Georgia Winner?,2025-12-29T18:55:00.561809+00:00,2025-12-29,2025-12-29T08:00:00-05:00,2025-12-29T13:02:00+00:00,0.0000,0.0200,ok,
KXNCAAWBGAME-25DEC28GCSJSU-SJSU,KXNCAAWBGAME-25DEC28GCSJSU-SJSU,Grand Canyon at San Jose St. Winner?,2025-12-29T00:24:50.966278+00:00,2025-12-28,2025-12-28T08:00:00-05:00,2025-12-28T13:17:00+00:00,0.1600,0.1700,ok,
KXNCAAWBGAME-25DEC28GCSJSU-GC,KXNCAAWBGAME-25DEC28GCSJSU-GC,Grand Canyon at San Jose St. Winner?,2025-12-29T00:24:50.966278+00:00,2025-12-28,2025-12-28T08:00:00-05:00,2025-12-28T13:17:00+00:00,0.8100,0.8600,ok,
KXNCAAWBGAME-25DEC28CREIGTWN-GTWN,KXNCAAWBGAME-25DEC28CREIGTWN-GTWN,Creighton at Georgetown Winner?,2025-12-29T01:30:10.229074+00:00,2025-12-28,2025-12-28T08:00:00-05:00,2025-12-28T13:06:00+00:00,0.6100,0.6800,ok,
KXNCAAWBGAME-25DEC28CREIGTWN-CREI,KXNCAAWBGAME-25DEC28CREIGTWN-CREI,Creighton at Georgetown Winner?,2025-12-29T01:30:10.229074+00:00,2025-12-28,2025-12-28T08:00:00-05:00,2025-12-28T13:09:00+00:00,0.3600,0.3800,ok,
KXNCAAWBGAME-25DEC28LMUGONZ-LMU,KXNCAAWBGAME-25DEC28LMUGONZ-LMU,Loyola Marymount at Gonzaga Winner?,2025-12-29T00:49:56.524384+00:00,2025-12-28,2025-12-28T08:00:00-05:00,2025-12-28T13:17:00+00:00,0.0900,0.1400,ok,
KXNCAAWBGAME-25DEC28LMUGONZ-GONZ,KXNCAAWBGAME-25DEC28LMUGONZ-GONZ,Loyola Marymount at Gonzaga Winner?,2025-12-29T00:49:56.524384+00:00,2025-12-28,2025-12-28T08:00:00-05:00,,,,no_candle_in_window,no candle found after 8:00 in requested window
KXNCAAWBGAME-25DEC28PORTSMC-SMC,KXNCAAWBGAME-25DEC28PORTSMC-SMC,Portland at Saint Mary's Winner?,2025-12-29T00:40:32.972398+00:00,2025-12-28,2025-12-28T08:00:00-05:00,2025-12-28T13:17:00+00:00,0.3900,0.5000,ok,
KXNCAAWBGAME-25DEC28PORTSMC-PORT,KXNCAAWBGAME-25DEC28PORTSMC-PORT,Portland at Saint Mary's Winner?,2025-12-29T00:40:32.972398+00:00,2025-12-28,2025-12-28T08:00:00-05:00,2025-12-28T13:17:00+00:00,0.5000,0.6000,ok,
KXNCAAWBGAME-25DEC28CPCAL-CP,KXNCAAWBGAME-25DEC28CPCAL-CP,Cal Poly at California Winner?,2025-12-29T00:40:33.516044+00:00,2025-12-28,2025-12-28T08:00:00-05:00,2025-12-28T13:08:00+00:00,0.0100,0.0200,ok,
KXNCAAWBGAME-25DEC28CPCAL-CAL,KXNCAAWBGAME-25DEC28CPCAL-CAL,Cal Poly at California Winner?,2025-12-29T00:40:33.516044+00:00,2025-12-28,2025-12-28T08:00:00-05:00,,,,no_candle_in_window,no candle found after 8:00 in requested window
KXNCAAWBGAME-25DEC28UHSPSLU-UHSP,KXNCAAWBGAME-25DEC28UHSPSLU-UHSP,University of Health Sciences and Pharmacy in St. Louis at Saint Louis Winner?,2025-12-29T01:20:03.041526+00:00,2025-12-28,2025-12-28T08:00:00-05:00,2025-12-28T13:06:00+00:00,0.0000,0.0200,ok,
KXNCAAWBGAME-25DEC28UHSPSLU-SLU,KXNCAAWBGAME-25DEC28UHSPSLU-SLU,University of Health Sciences and Pharmacy in St. Louis at Saint Louis Winner?,2025-12-29T01:20:03.041526+00:00,2025-12-28,2025-12-28T08:00:00-05:00,,,,no_candle_in_window,no candle found after 8:00 in requested window
KXNCAAWBGAME-25DEC28ORSTSF-SF,KXNCAAWBGAME-25DEC28ORSTSF-SF,Oregon St. at San Francisco Winner?,2025-12-29T00:34:47.246602+00:00,2025-12-28,2025-12-28T08:00:00-05:00,2025-12-28T13:17:00+00:00,0.3100,0.4800,ok,
KXNCAAWBGAME-25DEC28ORSTSF-ORST,KXNCAAWBGAME-25DEC28ORSTSF-ORST,Oregon St. at San Francisco Winner?,2025-12-29T00:34:47.246602+00:00,2025-12-28,2025-12-28T08:00:00-05:00,2025-12-28T13:17:00+00:00,0.5300,0.6900,ok,
KXNCAAWBGAME-25DEC28DUKESYR-SYR,KXNCAAWBGAME-25DEC28DUKESYR-SYR,Duke at Syracuse Winner?,2025-12-28T23:25:44.653265+00:00,2025-12-28,2025-12-28T08:00:00-05:00,2025-12-28T13:17:00+00:00,0.1600,0.3000,ok,
KXNCAAWBGAME-25DEC28DUKESYR-DUKE,KXNCAAWBGAME-25DEC28DUKESYR-DUKE,Duke at Syracuse Winner?,2025-12-28T23:25:44.653265+00:00,2025-12-28,2025-12-28T08:00:00-05:00,2025-12-28T13:17:00+00:00,0.6900,0.7400,ok,
KXNCAAWBGAME-25DEC28PSUIOWA-PSU,KXNCAAWBGAME-25DEC28PSUIOWA-PSU,Penn St. at Iowa Winner?,2025-12-28T23:25:25.195605+00:00,2025-12-28,2025-12-28T08:00:00-05:00,2025-12-28T13:03:00+00:00,0.0400,0.0700,ok,
KXNCAAWBGAME-25DEC28PSUIOWA-IOWA,KXNCAAWBGAME-25DEC28PSUIOWA-IOWA,Penn St. at Iowa Winner?,2025-12-28T23:25:25.195605+00:00,2025-12-28,2025-12-28T08:00:00-05:00,2025-12-28T13:03:00+00:00,0.9500,0.9800,ok,
KXNCAAWBGAME-25DEC28ALSTLSU-LSU,KXNCAAWBGAME-25DEC28ALSTLSU-LSU,Alabama St. at LSU Winner?,2025-12-28T23:31:03.285682+00:00,2025-12-28,2025-12-28T08:00:00-05:00,2025-12-28T13:08:00+00:00,0.9900,1.0000,ok,
KXNCAAWBGAME-25DEC28ALSTLSU-ALST,KXNCAAWBGAME-25DEC28ALSTLSU-ALST,Alabama St. at LSU Winner?,2025-12-28T23:31:03.285682+00:00,2025-12-28,2025-12-28T08:00:00-05:00,2025-12-28T13:08:00+00:00,0.0000,0.0100,ok,
KXNCAAWBGAME-25DEC28USDSCU-USD,KXNCAAWBGAME-25DEC28USDSCU-USD,San Diego at Santa Clara Winner?,2025-12-28T23:20:10.936478+00:00,2025-12-28,2025-12-28T08:00:00-05:00,2025-12-28T13:03:00+00:00,0.0500,0.0700,ok,
KXNCAAWBGAME-25DEC28USDSCU-SCU,KXNCAAWBGAME-25DEC28USDSCU-SCU,San Diego at Santa Clara Winner?,2025-12-28T23:20:10.936478+00:00,2025-12-28,2025-12-28T08:00:00-05:00,2025-12-28T13:03:00+00:00,0.9300,0.9600,ok,
KXNCAAWBGAME-25DEC28SEAPAC-SEA,KXNCAAWBGAME-25DEC28SEAPAC-SEA,Seattle at Pacific Winner?,2025-12-28T23:20:39.740576+00:00,2025-12-28,2025-12-28T08:00:00-05:00,2025-12-28T13:03:00+00:00,0.0400,0.0600,ok,
KXNCAAWBGAME-25DEC28SEAPAC-PAC,KXNCAAWBGAME-25DEC28SEAPAC-PAC,Seattle at Pacific Winner?,2025-12-28T23:20:39.740576+00:00,2025-12-28,2025-12-28T08:00:00-05:00,2025-12-28T13:03:00+00:00,0.9400,0.9800,ok,
KXNCAAWBGAME-25DEC28CORSTAN-STAN,KXNCAAWBGAME-25DEC28CORSTAN-STAN,Cornell at Stanford Winner?,2025-12-28T23:25:26.789552+00:00,2025-12-28,2025-12-28T08:00:00-05:00,,,,no_candle_in_window,no candle found after 8:00 in requested window
KXNCAAWBGAME-25DEC28CORSTAN-COR,KXNCAAWBGAME-25DEC28CORSTAN-COR,Cornell at Stanford Winner?,2025-12-28T23:25:26.789552+00:00,2025-12-28,2025-12-28T08:00:00-05:00,2025-12-28T13:20:00+00:00,0.0100,0.0200,ok,
KXNCAAWBGAME-25DEC28CONNBUT-CONN,KXNCAAWBGAME-25DEC28CONNBUT-CONN,UConn at Butler Winner?,2025-12-28T23:35:02.641302+00:00,2025-12-28,2025-12-28T08:00:00-05:00,2025-12-28T13:25:00+00:00,0.9900,1.0000,ok,
KXNCAAWBGAME-25DEC28CONNBUT-BUT,KXNCAAWBGAME-25DEC28CONNBUT-BUT,UConn at Butler Winner?,2025-12-28T23:35:02.641302+00:00,2025-12-28,2025-12-28T08:00:00-05:00,2025-12-28T13:19:00+00:00,0.0000,0.0200,ok,
KXNCAAWBGAME-25DEC28RUSTMEM-RUST,KXNCAAWBGAME-25DEC28RUSTMEM-RUST,Rust College at Memphis Winner?,2025-12-28T22:51:01.030365+00:00,2025-12-28,2025-12-28T08:00:00-05:00,2025-12-28T13:13:00+00:00,0.0000,0.0200,ok,
KXNCAAWBGAME-25DEC28RUSTMEM-MEM,KXNCAAWBGAME-25DEC28RUSTMEM-MEM,Rust College at Memphis Winner?,2025-12-28T22:51:01.030365+00:00,2025-12-28,2025-12-28T08:00:00-05:00,,,,no_candle_in_window,no candle found after 8:00 in requested window
KXNCAAWBGAME-25DEC28CLEMCHS-CLEM,KXNCAAWBGAME-25DEC28CLEMCHS-CLEM,Clemson at Chicago St. Winner?,2025-12-28T22:51:04.958638+00:00,2025-12-28,2025-12-28T08:00:00-05:00,,,,no_candle_in_window,no candle found after 8:00 in requested window
KXNCAAWBGAME-25DEC28CLEMCHS-CHS,KXNCAAWBGAME-25DEC28CLEMCHS-CHS,Clemson at Chicago St. Winner?,2025-12-28T22:51:04.958638+00:00,2025-12-28,2025-12-28T08:00:00-05:00,2025-12-28T13:23:00+00:00,0.0100,0.0200,ok,
KXNCAAWBGAME-25DEC28ALCNMISS-MISS,KXNCAAWBGAME-25DEC28ALCNMISS-MISS,Alcorn St. at Ole Miss Winner?,2025-12-28T22:51:04.738835+00:00,2025-12-28,2025-12-28T08:00:00-05:00,,,,no_candle_in_window,no candle found after 8:00 in requested window
KXNCAAWBGAME-25DEC28ALCNMISS-ALCN,KXNCAAWBGAME-25DEC28ALCNMISS-ALCN,Alcorn St. at Ole Miss Winner?,2025-12-28T22:51:04.738835+00:00,2025-12-28,2025-12-28T08:00:00-05:00,2025-12-28T13:13:00+00:00,0.0000,0.0100,ok,
KXNCAAWBGAME-25DEC28STNHVAN-VAN,KXNCAAWBGAME-25DEC28STNHVAN-VAN,Stonehill at Vanderbilt Winner?,2025-12-28T22:55:32.679754+00:00,2025-12-28,2025-12-28T08:00:00-05:00,2025-12-28T13:09:00+00:00,0.9900,1.0000,ok,
KXNCAAWBGAME-25DEC28STNHVAN-STNH,KXNCAAWBGAME-25DEC28STNHVAN-STNH,Stonehill at Vanderbilt Winner?,2025-12-28T22:55:32.679754+00:00,2025-12-28,2025-12-28T08:00:00-05:00,2025-12-28T13:09:00+00:00,0.0000,0.0100,ok,
KXNCAAWBGAME-25DEC28ARSTARK-ARST,KXNCAAWBGAME-25DEC28ARSTARK-ARST,Arkansas St. at Arkansas Winner?,2025-12-28T22:41:21.422607+00:00,2025-12-28,2025-12-28T08:00:00-05:00,2025-12-28T13:17:00+00:00,0.1500,0.2800,ok,
KXNCAAWBGAME-25DEC28ARSTARK-ARK,KXNCAAWBGAME-25DEC28ARSTARK-ARK,Arkansas St. at Arkansas Winner?,2025-12-28T22:41:21.422607+00:00,2025-12-28,2025-12-28T08:00:00-05:00,,,,no_candle_in_window,no candle found after 8:00 in requested window
KXNCAAWBGAME-25DEC28PEPPWSU-WSU,KXNCAAWBGAME-25DEC28PEPPWSU-WSU,Pepperdine at Washington St. Winner?,2025-12-29T00:25:05.032031+00:00,2025-12-28,2025-12-28T08:00:00-05:00,2025-12-28T13:08:00+00:00,0.4400,0.5300,ok,
KXNCAAWBGAME-25DEC28PEPPWSU-PEPP,KXNCAAWBGAME-25DEC28PEPPWSU-PEPP,Pepperdine at Washington St. Winner?,2025-12-29T00:25:05.032031+00:00,2025-12-28,2025-12-28T08:00:00-05:00,2025-12-28T13:08:00+00:00,0.5000,0.5700,ok,
KXNCAAWBGAME-25DEC28SAMMSST-SAM,KXNCAAWBGAME-25DEC28SAMMSST-SAM,Samford at Mississippi St. Winner?,2025-12-28T22:10:47.964292+00:00,2025-12-28,2025-12-28T08:00:00-05:00,2025-12-28T13:23:00+00:00,0.0100,0.0200,ok,
KXNCAAWBGAME-25DEC28SAMMSST-MSST,KXNCAAWBGAME-25DEC28SAMMSST-MSST,Samford at Mississippi St. Winner?,2025-12-28T22:10:47.964292+00:00,2025-12-28,2025-12-28T08:00:00-05:00,,,,no_candle_in_window,no candle found after 8:00 in requested window
KXNCAAWBGAME-25DEC28STETMIA-STET,KXNCAAWBGAME-25DEC28STETMIA-STET,Stetson at Miami (FL) Winner?,2025-12-28T22:10:50.559377+00:00,2025-12-28,2025-12-28T08:00:00-05:00,2025-12-28T13:07:00+00:00,0.0600,0.0800,ok,
KXNCAAWBGAME-25DEC28STETMIA-MIA,KXNCAAWBGAME-25DEC28STETMIA-MIA,Stetson at Miami (FL) Winner?,2025-12-28T22:10:50.559377+00:00,2025-12-28,2025-12-28T08:00:00-05:00,2025-12-28T13:06:00+00:00,0.9000,0.9600,ok,
KXNCAAWBGAME-25DEC28SELATEX-TEX,KXNCAAWBGAME-25DEC28SELATEX-TEX,Southeastern Louisiana at Texas Winner?,2025-12-28T21:55:55.183985+00:00,2025-12-28,2025-12-28T08:00:00-05:00,2025-12-28T13:07:00+00:00,0.9900,1.0000,ok,
KXNCAAWBGAME-25DEC28SELATEX-SELA,KXNCAAWBGAME-25DEC28SELATEX-SELA,Southeastern Louisiana at Texas Winner?,2025-12-28T21:55:55.183985+00:00,2025-12-28,2025-12-28T08:00:00-05:00,2025-12-28T13:07:00+00:00,0.0000,0.0100,ok,
KXNCAAWBGAME-25DEC28UMKCMIZZ-UMKC,KXNCAAWBGAME-25DEC28UMKCMIZZ-UMKC,Kansas City at Missouri Winner?,2025-12-28T22:46:03.670707+00:00,2025-12-28,2025-12-28T08:00:00-05:00,2025-12-28T13:22:00+00:00,0.0200,0.0400,ok,
KXNCAAWBGAME-25DEC28UMKCMIZZ-MIZZ,KXNCAAWBGAME-25DEC28UMKCMIZZ-MIZZ,Kansas City at Missouri Winner?,2025-12-28T22:46:03.670707+00:00,2025-12-28,2025-12-28T08:00:00-05:00,,,,no_candle_in_window,no candle found after 8:00 in requested window
KXNCAAWBGAME-25DEC28RUTGMSU-RUTG,KXNCAAWBGAME-25DEC28RUTGMSU-RUTG,Rutgers at Michigan St. Winner?,2025-12-28T21:41:31.681252+00:00,2025-12-28,2025-12-28T08:00:00-05:00,2025-12-28T13:17:00+00:00,0.0200,0.0500,ok,
KXNCAAWBGAME-25DEC28RUTGMSU-MSU,KXNCAAWBGAME-25DEC28RUTGMSU-MSU,Rutgers at Michigan St. Winner?,2025-12-28T21:41:31.681252+00:00,2025-12-28,2025-12-28T08:00:00-05:00,2025-12-28T13:17:00+00:00,0.9700,0.9900,ok,
KXNCAAWBGAME-25DEC28HOFUK-UK,KXNCAAWBGAME-25DEC28HOFUK-UK,Hofstra at Kentucky Winner?,2025-12-28T21:51:09.840780+00:00,2025-12-28,2025-12-28T08:00:00-05:00,2025-12-28T13:17:00+00:00,0.9900,1.0000,ok,
KXNCAAWBGAME-25DEC28HOFUK-HOF,KXNCAAWBGAME-25DEC28HOFUK-HOF,Hofstra at Kentucky Winner?,2025-12-28T21:51:09.840780+00:00,2025-12-28,2025-12-28T08:00:00-05:00,2025-12-28T13:07:00+00:00,0.0000,0.0100,ok,
KXNCAAWBGAME-25DEC28FURFLA-FUR,KXNCAAWBGAME-25DEC28FURFLA-FUR,Furman at Florida Winner?,2025-12-28T22:15:46.912231+00:00,2025-12-28,2025-12-28T08:00:00-05:00,2025-12-28T13:04:00+00:00,0.0200,0.0300,ok,
KXNCAAWBGAME-25DEC28FURFLA-FLA,KXNCAAWBGAME-25DEC28FURFLA-FLA,Furman at Florida Winner?,2025-12-28T22:15:46.912231+00:00,2025-12-28,2025-12-28T08:00:00-05:00,2025-12-28T13:04:00+00:00,0.9800,0.9900,ok,
KXNCAAWBGAME-25DEC28ARCAJOES-JOES,KXNCAAWBGAME-25DEC28ARCAJOES-JOES,Arcadia at Saint Joseph's Winner?,2025-12-28T22:10:55.246471+00:00,2025-12-28,2025-12-28T08:00:00-05:00,2025-12-28T13:20:00+00:00,0.9900,1.0000,ok,
KXNCAAWBGAME-25DEC28ARCAJOES-ARCA,KXNCAAWBGAME-25DEC28ARCAJOES-ARCA,Arcadia at Saint Joseph's Winner?,2025-12-28T22:10:55.246471+00:00,2025-12-28,2025-12-28T08:00:00-05:00,2025-12-28T13:09:00+00:00,0.0000,0.0200,ok,
KXNCAAWBGAME-25DEC28COPPGW-GW,KXNCAAWBGAME-25DEC28COPPGW-GW,Coppin St. at George Washington Winner?,2025-12-28T23:01:41.916580+00:00,2025-12-28,2025-12-28T08:00:00-05:00,2025-12-28T13:06:00+00:00,0.8900,0.9000,ok,
KXNCAAWBGAME-25DEC28COPPGW-COPP,KXNCAAWBGAME-25DEC28COPPGW-COPP,Coppin St. at George Washington Winner?,2025-12-28T23:01:41.916580+00:00,2025-12-28,2025-12-28T08:00:00-05:00,2025-12-28T13:06:00+00:00,0.1200,0.1300,ok,
KXNCAAWBGAME-25DEC28UCLAOSU-UCLA,KXNCAAWBGAME-25DEC28UCLAOSU-UCLA,UCLA at Ohio St. Winner?,2025-12-28T21:51:07.272289+00:00,2025-12-28,2025-12-28T08:00:00-05:00,2025-12-28T13:07:00+00:00,0.8000,0.8600,ok,
KXNCAAWBGAME-25DEC28UCLAOSU-OSU,KXNCAAWBGAME-25DEC28UCLAOSU-OSU,UCLA at Ohio St. Winner?,2025-12-28T21:51:07.272289+00:00,2025-12-28,2025-12-28T08:00:00-05:00,2025-12-28T13:07:00+00:00,0.1600,0.2100,ok,
KXNCAAWBGAME-25DEC28XAVHALL-XAV,KXNCAAWBGAME-25DEC28XAVHALL-XAV,Xavier at Seton Hall Winner?,2025-12-28T20:26:51.248657+00:00,2025-12-28,2025-12-28T08:00:00-05:00,2025-12-28T13:02:00+00:00,0.0800,0.0900,ok,
KXNCAAWBGAME-25DEC28XAVHALL-HALL,KXNCAAWBGAME-25DEC28XAVHALL-HALL,Xavier at Seton Hall Winner?,2025-12-28T20:26:51.248657+00:00,2025-12-28,2025-12-28T08:00:00-05:00,2025-12-28T13:02:00+00:00,0.8500,0.9200,ok,
KXNCAAWBGAME-25DEC28WOFGT-WOF,KXNCAAWBGAME-25DEC28WOFGT-WOF,Wofford at Georgia Tech Winner?,2025-12-28T19:01:51.654958+00:00,2025-12-28,2025-12-28T08:00:00-05:00,2025-12-28T13:01:00+00:00,0.1400,0.1600,ok,
KXNCAAWBGAME-25DEC28WOFGT-GT,KXNCAAWBGAME-25DEC28WOFGT-GT,Wofford at Georgia Tech Winner?,2025-12-28T19:01:51.654958+00:00,2025-12-28,2025-12-28T08:00:00-05:00,2025-12-28T13:01:00+00:00,0.8200,0.8900,ok,
KXNCAAWBGAME-25DEC28PROVSCAR-SCAR,KXNCAAWBGAME-25DEC28PROVSCAR-SCAR,Providence at South Carolina Winner?,2025-12-28T19:16:46.017422+00:00,2025-12-28,2025-12-28T08:00:00-05:00,2025-12-28T13:20:00+00:00,0.9900,1.0000,ok,
KXNCAAWBGAME-25DEC28PROVSCAR-PROV,KXNCAAWBGAME-25DEC28PROVSCAR-PROV,Providence at South Carolina Winner?,2025-12-28T19:16:46.017422+00:00,2025-12-28,2025-12-28T08:00:00-05:00,2025-12-28T13:04:00+00:00,0.0000,0.0200,ok,
KXNCAAWBGAME-25DEC28ILLPUR-PUR,KXNCAAWBGAME-25DEC28ILLPUR-PUR,Illinois at Purdue Winner?,2025-12-28T19:56:09.944436+00:00,2025-12-28,2025-12-28T08:00:00-05:00,2025-12-28T13:05:00+00:00,0.3100,0.3500,ok,
KXNCAAWBGAME-25DEC28ILLPUR-ILL,KXNCAAWBGAME-25DEC28ILLPUR-ILL,Illinois at Purdue Winner?,2025-12-28T19:56:09.944436+00:00,2025-12-28,2025-12-28T08:00:00-05:00,2025-12-28T13:02:00+00:00,0.6500,0.7200,ok,
KXNCAAWBGAME-25DEC22MSUMISS-MSU,KXNCAAWBGAME-25DEC22MSUMISS-MSU,Michigan St. at Ole Miss Winner?,2025-12-23T03:09:48.603231+00:00,2025-12-22,2025-12-22T08:00:00-05:00,2025-12-22T13:14:00+00:00,0.1000,0.9700,ok,
KXNCAAWBGAME-25DEC22MSUMISS-MISS,KXNCAAWBGAME-25DEC22MSUMISS-MISS,Michigan St. at Ole Miss Winner?,2025-12-23T03:09:48.603231+00:00,2025-12-22,2025-12-22T08:00:00-05:00,2025-12-22T13:14:00+00:00,0.1000,0.9700,ok,
KXNCAAWBGAME-25DEC21MERTULN-TULN,KXNCAAWBGAME-25DEC21MERTULN-TULN,Mercer at Tulane Winner?,2025-12-21T22:15:53.574961+00:00,2025-12-21,2025-12-21T08:00:00-05:00,2025-12-21T13:11:00+00:00,0.6500,0.8600,ok,
KXNCAAWBGAME-25DEC21MERTULN-MER,KXNCAAWBGAME-25DEC21MERTULN-MER,Mercer at Tulane Winner?,2025-12-21T22:15:53.574961+00:00,2025-12-21,2025-12-21T08:00:00-05:00,2025-12-21T13:11:00+00:00,0.1100,0.2500,ok,
KXNCAAWBGAME-25DEC21DELJOES-JOES,KXNCAAWBGAME-25DEC21DELJOES-JOES,Delaware at Saint Joseph's Winner?,2025-12-21T21:45:53.081405+00:00,2025-12-21,2025-12-21T08:00:00-05:00,2025-12-21T13:11:00+00:00,0.7500,0.9700,ok,
KXNCAAWBGAME-25DEC21DELJOES-DEL,KXNCAAWBGAME-25DEC21DELJOES-DEL,Delaware at Saint Joseph's Winner?,2025-12-21T21:45:53.081405+00:00,2025-12-21,2025-12-21T08:00:00-05:00,2025-12-21T13:11:00+00:00,0.0300,0.2300,ok,
KXNCAAWBGAME-25DEC22SINDTENN-TENN,KXNCAAWBGAME-25DEC22SINDTENN-TENN,Southern Indiana at Tennessee Winner?,2025-12-23T02:40:08.841630+00:00,2025-12-22,2025-12-22T08:00:00-05:00,2025-12-22T13:16:00+00:00,0.9700,0.9900,ok,
KXNCAAWBGAME-25DEC22SINDTENN-SIND,KXNCAAWBGAME-25DEC22SINDTENN-SIND,Southern Indiana at Tennessee Winner?,2025-12-23T02:40:08.841630+00:00,2025-12-22,2025-12-22T08:00:00-05:00,2025-12-22T13:07:00+00:00,0.0200,0.0400,ok,
KXNCAAWBGAME-25DEC22WMUOSU-WMU,KXNCAAWBGAME-25DEC22WMUOSU-WMU,Western Michigan at Ohio St. Winner?,2025-12-23T01:45:00.491687+00:00,2025-12-22,2025-12-22T08:00:00-05:00,2025-12-22T13:06:00+00:00,0.0000,0.0100,ok,
KXNCAAWBGAME-25DEC22WMUOSU-OSU,KXNCAAWBGAME-25DEC22WMUOSU-OSU,Western Michigan at Ohio St. Winner?,2025-12-23T01:45:00.491687+00:00,2025-12-22,2025-12-22T08:00:00-05:00,2025-12-22T13:16:00+00:00,0.9900,1.0000,ok,
KXNCAAWBGAME-25DEC22HALLCREI-HALL,KXNCAAWBGAME-25DEC22HALLCREI-HALL,Seton Hall at Creighton Winner?,2025-12-23T00:05:09.987594+00:00,2025-12-22,2025-12-22T08:00:00-05:00,2025-12-22T13:01:00+00:00,0.4900,0.6700,ok,
KXNCAAWBGAME-25DEC22HALLCREI-CREI,KXNCAAWBGAME-25DEC22HALLCREI-CREI,Seton Hall at Creighton Winner?,2025-12-23T00:05:09.987594+00:00,2025-12-22,2025-12-22T08:00:00-05:00,2025-12-22T13:01:00+00:00,0.3300,0.5200,ok,
KXNCAAWBGAME-25DEC22PEAYLCHI-PEAY,KXNCAAWBGAME-25DEC22PEAYLCHI-PEAY,Austin Peay at Loyola Chicago Winner?,2025-12-22T22:30:05.883774+00:00,2025-12-22,2025-12-22T08:00:00-05:00,2025-12-22T13:03:00+00:00,0.5900,0.7800,ok,
KXNCAAWBGAME-25DEC22PEAYLCHI-LCHI,KXNCAAWBGAME-25DEC22PEAYLCHI-LCHI,Austin Peay at Loyola Chicago Winner?,2025-12-22T22:30:05.883774+00:00,2025-12-22,2025-12-22T08:00:00-05:00,2025-12-22T13:03:00+00:00,0.2400,0.4500,ok,
KXNCAAWBGAME-25DEC22UTAHARIZ-UTAH,KXNCAAWBGAME-25DEC22UTAHARIZ-UTAH,Utah at Arizona Winner?,2025-12-22T21:30:38.558983+00:00,2025-12-22,2025-12-22T08:00:00-05:00,2025-12-22T13:08:00+00:00,0.6800,0.7200,ok,
KXNCAAWBGAME-25DEC22UTAHARIZ-ARIZ,KXNCAAWBGAME-25DEC22UTAHARIZ-ARIZ,Utah at Arizona Winner?,2025-12-22T21:30:38.558983+00:00,2025-12-22,2025-12-22T08:00:00-05:00,2025-12-22T13:08:00+00:00,0.3100,0.3600,ok,
KXNCAAWBGAME-25DEC22WEBBWAKE-WEBB,KXNCAAWBGAME-25DEC22WEBBWAKE-WEBB,Gardner-Webb at Wake Forest Winner?,2025-12-22T20:10:31.262377+00:00,2025-12-22,2025-12-22T08:00:00-05:00,2025-12-22T13:08:00+00:00,0.0300,0.0400,ok,
KXNCAAWBGAME-25DEC22WEBBWAKE-WAKE,KXNCAAWBGAME-25DEC22WEBBWAKE-WAKE,Gardner-Webb at Wake Forest Winner?,2025-12-22T20:10:31.262377+00:00,2025-12-22,2025-12-22T08:00:00-05:00,2025-12-22T13:08:00+00:00,0.9600,0.9900,ok,
KXNCAAWBGAME-25DEC22NCCUOKLA-OKLA,KXNCAAWBGAME-25DEC22NCCUOKLA-OKLA,North Carolina Central at Oklahoma Winner?,2025-12-22T20:15:05.592814+00:00,2025-12-22,2025-12-22T08:00:00-05:00,2025-12-22T13:18:00+00:00,0.9900,1.0000,ok,
KXNCAAWBGAME-25DEC22NCCUOKLA-NCCU,KXNCAAWBGAME-25DEC22NCCUOKLA-NCCU,North Carolina Central at Oklahoma Winner?,2025-12-22T20:15:05.592814+00:00,2025-12-22,2025-12-22T08:00:00-05:00,2025-12-22T13:06:00+00:00,0.0000,0.0100,ok,
KXNCAAWBGAME-25DEC22SJUVILL-VILL,KXNCAAWBGAME-25DEC22SJUVILL-VILL,St. John's at Villanova Winner?,2025-12-22T19:05:08.640193+00:00,2025-12-22,2025-12-22T08:00:00-05:00,2025-12-22T13:01:00+00:00,0.7400,0.8000,ok,
KXNCAAWBGAME-25DEC22SJUVILL-SJU,KXNCAAWBGAME-25DEC22SJUVILL-SJU,St. John's at Villanova Winner?,2025-12-22T19:05:08.640193+00:00,2025-12-22,2025-12-22T08:00:00-05:00,2025-12-22T13:01:00+00:00,0.1700,0.2700,ok,
KXNCAAWBGAME-25DEC22TEMPRIN-TEM,KXNCAAWBGAME-25DEC22TEMPRIN-TEM,Temple at Princeton Winner?,2025-12-22T18:50:10.338809+00:00,2025-12-22,2025-12-22T08:00:00-05:00,2025-12-22T13:01:00+00:00,0.1700,0.2100,ok,
KXNCAAWBGAME-25DEC22TEMPRIN-PRIN,KXNCAAWBGAME-25DEC22TEMPRIN-PRIN,Temple at Princeton Winner?,2025-12-22T18:50:10.338809+00:00,2025-12-22,2025-12-22T08:00:00-05:00,2025-12-22T13:01:00+00:00,0.8100,0.8500,ok,
KXNCAAWBGAME-25DEC22SAMUAB-UAB,KXNCAAWBGAME-25DEC22SAMUAB-UAB,Samford at UAB Winner?,2025-12-22T18:50:10.429087+00:00,2025-12-22,2025-12-22T08:00:00-05:00,2025-12-22T13:01:00+00:00,0.7900,0.8900,ok,
KXNCAAWBGAME-25DEC22SAMUAB-SAM,KXNCAAWBGAME-25DEC22SAMUAB-SAM,Samford at UAB Winner?,2025-12-22T18:50:10.429087+00:00,2025-12-22,2025-12-22T08:00:00-05:00,2025-12-22T13:02:00+00:00,0.1300,0.2300,ok,
KXNCAAWBGAME-25DEC21USCCAL-USC,KXNCAAWBGAME-25DEC21USCCAL-USC,USC at California Winner?,2025-12-22T04:14:39.959547+00:00,2025-12-21,2025-12-21T08:00:00-05:00,2025-12-21T13:11:00+00:00,0.7700,0.8600,ok,
KXNCAAWBGAME-25DEC21USCCAL-CAL,KXNCAAWBGAME-25DEC21USCCAL-CAL,USC at California Winner?,2025-12-22T04:14:39.959547+00:00,2025-12-21,2025-12-21T08:00:00-05:00,2025-12-21T13:11:00+00:00,0.1200,0.2000,ok,
KXNCAAWBGAME-25DEC21ODUMISS-ODU,KXNCAAWBGAME-25DEC21ODUMISS-ODU,Old Dominion at Ole Miss Winner?,2025-12-22T03:15:10.581364+00:00,2025-12-21,2025-12-21T08:00:00-05:00,2025-12-21T13:05:00+00:00,0.0300,0.0500,ok,
KXNCAAWBGAME-25DEC21ODUMISS-MISS,KXNCAAWBGAME-25DEC21ODUMISS-MISS,Old Dominion at Ole Miss Winner?,2025-12-22T03:15:10.581364+00:00,2025-12-21,2025-12-21T08:00:00-05:00,,,,no_candle_in_window,no candle found after 8:00 in requested window
KXNCAAWBGAME-25DEC21BELLND-ND,KXNCAAWBGAME-25DEC21BELLND-ND,Bellarmine at Notre Dame Winner?,2025-12-22T02:24:40.558877+00:00,2025-12-21,2025-12-21T08:00:00-05:00,2025-12-21T13:10:00+00:00,0.9900,1.0000,ok,
KXNCAAWBGAME-25DEC21BELLND-BELL,KXNCAAWBGAME-25DEC21BELLND-BELL,Bellarmine at Notre Dame Winner?,2025-12-22T02:24:40.558877+00:00,2025-12-21,2025-12-21T08:00:00-05:00,2025-12-21T13:10:00+00:00,0.0000,0.0100,ok,
KXNCAAWBGAME-25DEC21COLOASU-COLO,KXNCAAWBGAME-25DEC21COLOASU-COLO,Colorado at Arizona St. Winner?,2025-12-22T04:10:21.710019+00:00,2025-12-21,2025-12-21T08:00:00-05:00,2025-12-21T13:23:00+00:00,0.2000,0.5200,ok,
KXNCAAWBGAME-25DEC21COLOASU-ASU,KXNCAAWBGAME-25DEC21COLOASU-ASU,Colorado at Arizona St. Winner?,2025-12-22T04:10:21.710019+00:00,2025-12-21,2025-12-21T08:00:00-05:00,2025-12-21T13:23:00+00:00,0.4800,0.6800,ok,
KXNCAAWBGAME-25DEC21ORESTAN-STAN,KXNCAAWBGAME-25DEC21ORESTAN-STAN,Oregon at Stanford Winner?,2025-12-22T01:25:00.393843+00:00,2025-12-21,2025-12-21T08:00:00-05:00,2025-12-21T13:01:00+00:00,0.3300,0.4000,ok,
KXNCAAWBGAME-25DEC21ORESTAN-ORE,KXNCAAWBGAME-25DEC21ORESTAN-ORE,Oregon at Stanford Winner?,2025-12-22T01:25:00.393843+00:00,2025-12-21,2025-12-21T08:00:00-05:00,2025-12-21T13:01:00+00:00,0.5100,0.7000,ok,
KXNCAAWBGAME-25DEC21SUULMU-SUU,KXNCAAWBGAME-25DEC21SUULMU-SUU,Southern Utah at Loyola Marymount Winner?,2025-12-22T01:04:50.355398+00:00,2025-12-21,2025-12-21T08:00:00-05:00,2025-12-21T13:03:00+00:00,0.1700,0.3400,ok,
KXNCAAWBGAME-25DEC21SUULMU-LMU,KXNCAAWBGAME-25DEC21SUULMU-LMU,Southern Utah at Loyola Marymount Winner?,2025-12-22T01:04:50.355398+00:00,2025-12-21,2025-12-21T08:00:00-05:00,2025-12-21T13:03:00+00:00,0.6100,0.8300,ok,
KXNCAAWBGAME-25DEC21SOUSMU-SOU,KXNCAAWBGAME-25DEC21SOUSMU-SOU,Southern University at SMU Winner?,2025-12-22T04:04:38.821873+00:00,2025-12-21,2025-12-21T08:00:00-05:00,2025-12-21T13:03:00+00:00,0.1000,0.2900,ok,
KXNCAAWBGAME-25DEC21SOUSMU-SMU,KXNCAAWBGAME-25DEC21SOUSMU-SMU,Southern University at SMU Winner?,2025-12-22T04:04:38.821873+00:00,2025-12-21,2025-12-21T08:00:00-05:00,2025-12-21T13:03:00+00:00,0.7100,0.8800,ok,
KXNCAAWBGAME-25DEC21SACSJSU-SJSU,KXNCAAWBGAME-25DEC21SACSJSU-SJSU,Sacramento St. at San Jose St. Winner?,2025-12-22T00:40:13.310663+00:00,2025-12-21,2025-12-21T08:00:00-05:00,2025-12-21T13:03:00+00:00,0.2200,0.3000,ok,
KXNCAAWBGAME-25DEC21SACSJSU-SAC,KXNCAAWBGAME-25DEC21SACSJSU-SAC,Sacramento St. at San Jose St. Winner?,2025-12-22T00:40:13.310663+00:00,2025-12-21,2025-12-21T08:00:00-05:00,2025-12-21T13:03:00+00:00,0.6000,0.8200,ok,
KXNCAAWBGAME-25DEC21GONZUCRV-UCRV,KXNCAAWBGAME-25DEC21GONZUCRV-UCRV,Gonzaga at UC Riverside Winner?,2025-12-22T00:30:42.610920+00:00,2025-12-21,2025-12-21T08:00:00-05:00,2025-12-21T13:03:00+00:00,0.1100,0.1700,ok,
KXNCAAWBGAME-25DEC21GONZUCRV-GONZ,KXNCAAWBGAME-25DEC21GONZUCRV-GONZ,Gonzaga at UC Riverside Winner?,2025-12-22T00:30:42.610920+00:00,2025-12-21,2025-12-21T08:00:00-05:00,2025-12-21T13:03:00+00:00,0.7400,0.9200,ok,
KXNCAAWBGAME-25DEC21INSTMSU-MSU,KXNCAAWBGAME-25DEC21INSTMSU-MSU,Indiana St. at Michigan St. Winner?,2025-12-22T00:35:36.547563+00:00,2025-12-21,2025-12-21T08:00:00-05:00,2025-12-21T13:03:00+00:00,0.9800,0.9900,ok,
KXNCAAWBGAME-25DEC21INSTMSU-INST,KXNCAAWBGAME-25DEC21INSTMSU-INST,Indiana St. at Michigan St. Winner?,2025-12-22T00:35:36.547563+00:00,2025-12-21,2025-12-21T08:00:00-05:00,2025-12-21T13:03:00+00:00,0.0100,0.0200,ok,
KXNCAAWBGAME-25DEC21PORTPRST-PRST,KXNCAAWBGAME-25DEC21PORTPRST-PRST,Portland at Portland St. Winner?,2025-12-22T00:10:22.991130+00:00,2025-12-21,2025-12-21T08:00:00-05:00,2025-12-21T13:03:00+00:00,0.1100,0.2000,ok,
KXNCAAWBGAME-25DEC21PORTPRST-PORT,KXNCAAWBGAME-25DEC21PORTPRST-PORT,Portland at Portland St. Winner?,2025-12-22T00:10:22.991130+00:00,2025-12-21,2025-12-21T08:00:00-05:00,2025-12-21T13:03:00+00:00,0.7600,0.8600,ok,
KXNCAAWBGAME-25DEC21TTUBAY-TTU,KXNCAAWBGAME-25DEC21TTUBAY-TTU,Texas Tech at Baylor Winner?,2025-12-22T00:50:25.533655+00:00,2025-12-21,2025-12-21T08:00:00-05:00,2025-12-21T13:08:00+00:00,0.3400,0.5000,ok,
KXNCAAWBGAME-25DEC21TTUBAY-BAY,KXNCAAWBGAME-25DEC21TTUBAY-BAY,Texas Tech at Baylor Winner?,2025-12-22T00:50:25.533655+00:00,2025-12-21,2025-12-21T08:00:00-05:00,2025-12-21T13:08:00+00:00,0.5200,0.6500,ok,
KXNCAAWBGAME-25DEC21WASHPAC-WASH,KXNCAAWBGAME-25DEC21WASHPAC-WASH,Washington at Pacific Winner?,2025-12-21T23:05:21.380903+00:00,2025-12-21,2025-12-21T08:00:00-05:00,2025-12-21T13:08:00+00:00,0.7900,0.9200,ok,
KXNCAAWBGAME-25DEC21WASHPAC-PAC,KXNCAAWBGAME-25DEC21WASHPAC-PAC,Washington at Pacific Winner?,2025-12-21T23:05:21.380903+00:00,2025-12-21,2025-12-21T08:00:00-05:00,2025-12-21T13:08:00+00:00,0.1100,0.1400,ok,
KXNCAAWBGAME-25DEC21MINNDRKE-MINN,KXNCAAWBGAME-25DEC21MINNDRKE-MINN,Minnesota at Drake Winner?,2025-12-21T22:25:43.777682+00:00,2025-12-21,2025-12-21T08:00:00-05:00,2025-12-21T13:02:00+00:00,0.8900,0.9400,ok,
KXNCAAWBGAME-25DEC21MINNDRKE-DRKE,KXNCAAWBGAME-25DEC21MINNDRKE-DRKE,Minnesota at Drake Winner?,2025-12-21T22:25:43.777682+00:00,2025-12-21,2025-12-21T08:00:00-05:00,2025-12-21T13:01:00+00:00,0.0600,0.0700,ok,
KXNCAAWBGAME-25DEC21SCUUNT-UNT,KXNCAAWBGAME-25DEC21SCUUNT-UNT,Santa Clara at North Texas Winner?,2025-12-21T22:35:19.042710+00:00,2025-12-21,2025-12-21T08:00:00-05:00,2025-12-21T13:10:00+00:00,0.3800,0.4700,ok,
KXNCAAWBGAME-25DEC21SCUUNT-SCU,KXNCAAWBGAME-25DEC21SCUUNT-SCU,Santa Clara at North Texas Winner?,2025-12-21T22:35:19.042710+00:00,2025-12-21,2025-12-21T08:00:00-05:00,2025-12-21T13:10:00+00:00,0.5300,0.6600,ok,
KXNCAAWBGAME-25DEC21TROYALA-TROY,KXNCAAWBGAME-25DEC21TROYALA-TROY,Troy at Alabama Winner?,2025-12-21T22:10:32.411006+00:00,2025-12-21,2025-12-21T08:00:00-05:00,2025-12-21T13:10:00+00:00,0.1100,0.1400,ok,
KXNCAAWBGAME-25DEC21TROYALA-ALA,KXNCAAWBGAME-25DEC21TROYALA-ALA,Troy at Alabama Winner?,2025-12-21T22:10:32.411006+00:00,2025-12-21,2025-12-21T08:00:00-05:00,2025-12-21T13:10:00+00:00,0.7400,0.8600,ok,
KXNCAAWBGAME-25DEC21TLSAFLA-TLSA,KXNCAAWBGAME-25DEC21TLSAFLA-TLSA,Tulsa at Florida Winner?,2025-12-21T22:20:48.144682+00:00,2025-12-21,2025-12-21T08:00:00-05:00,2025-12-21T13:06:00+00:00,0.0600,0.0900,ok,
KXNCAAWBGAME-25DEC21TLSAFLA-FLA,KXNCAAWBGAME-25DEC21TLSAFLA-FLA,Tulsa at Florida Winner?,2025-12-21T22:20:48.144682+00:00,2025-12-21,2025-12-21T08:00:00-05:00,2025-12-21T13:06:00+00:00,0.8700,0.9700,ok,
KXNCAAWBGAME-25DEC21RICHPSU-RICH,KXNCAAWBGAME-25DEC21RICHPSU-RICH,Richmond at Penn St. Winner?,2025-12-21T21:55:59.499251+00:00,2025-12-21,2025-12-21T08:00:00-05:00,2025-12-21T13:11:00+00:00,0.4500,0.8000,ok,
KXNCAAWBGAME-25DEC21RICHPSU-PSU,KXNCAAWBGAME-25DEC21RICHPSU-PSU,Richmond at Penn St. Winner?,2025-12-21T21:55:59.499251+00:00,2025-12-21,2025-12-21T08:00:00-05:00,2025-12-21T13:11:00+00:00,0.2000,0.3900,ok,
KXNCAAWBGAME-25DEC21TEXSDST-TEX,KXNCAAWBGAME-25DEC21TEXSDST-TEX,Texas at South Dakota St. Winner?,2025-12-21T21:31:12.586295+00:00,2025-12-21,2025-12-21T08:00:00-05:00,2025-12-21T13:11:00+00:00,0.9500,0.9800,ok,
KXNCAAWBGAME-25DEC21TEXSDST-SDST,KXNCAAWBGAME-25DEC21TEXSDST-SDST,Texas at South Dakota St. Winner?,2025-12-21T21:31:12.586295+00:00,2025-12-21,2025-12-21T08:00:00-05:00,2025-12-21T13:11:00+00:00,0.0200,0.0400,ok,
KXNCAAWBGAME-25DEC21UTALSU-UTA,KXNCAAWBGAME-25DEC21UTALSU-UTA,UT Arlington at LSU Winner?,2025-12-21T21:55:59.113150+00:00,2025-12-21,2025-12-21T08:00:00-05:00,2025-12-21T13:03:00+00:00,0.0000,0.0100,ok,
KXNCAAWBGAME-25DEC21UTALSU-LSU,KXNCAAWBGAME-25DEC21UTALSU-LSU,UT Arlington at LSU Winner?,2025-12-21T21:55:59.113150+00:00,2025-12-21,2025-12-21T08:00:00-05:00,2025-12-21T13:11:00+00:00,0.9800,1.0000,ok,
KXNCAAWBGAME-25DEC21OKSTCIN-OKST,KXNCAAWBGAME-25DEC21OKSTCIN-OKST,Oklahoma St. at Cincinnati Winner?,2025-12-21T21:26:14.003556+00:00,2025-12-21,2025-12-21T08:00:00-05:00,2025-12-21T13:02:00+00:00,0.7800,0.8300,ok,
KXNCAAWBGAME-25DEC21OKSTCIN-CIN,KXNCAAWBGAME-25DEC21OKSTCIN-CIN,Oklahoma St. at Cincinnati Winner?,2025-12-21T21:26:14.003556+00:00,2025-12-21,2025-12-21T08:00:00-05:00,2025-12-21T13:02:00+00:00,0.1300,0.1900,ok,
KXNCAAWBGAME-25DEC21HOUWVU-WVU,KXNCAAWBGAME-25DEC21HOUWVU-WVU,Houston at West Virginia Winner?,2025-12-21T21:45:53.110319+00:00,2025-12-21,2025-12-21T08:00:00-05:00,2025-12-21T13:06:00+00:00,0.9200,0.9800,ok,
KXNCAAWBGAME-25DEC21HOUWVU-HOU,KXNCAAWBGAME-25DEC21HOUWVU-HOU,Houston at West Virginia Winner?,2025-12-21T21:45:53.110319+00:00,2025-12-21,2025-12-21T08:00:00-05:00,2025-12-21T13:06:00+00:00,0.0400,0.0600,ok,
KXNCAAWBGAME-25DEC21UNAMIZZ-UNA,KXNCAAWBGAME-25DEC21UNAMIZZ-UNA,North Alabama at Missouri Winner?,2025-12-21T19:56:40.765563+00:00,2025-12-21,2025-12-21T08:00:00-05:00,2025-12-21T13:02:00+00:00,0.0500,0.0700,ok,
KXNCAAWBGAME-25DEC21UNAMIZZ-MIZZ,KXNCAAWBGAME-25DEC21UNAMIZZ-MIZZ,North Alabama at Missouri Winner?,2025-12-21T19:56:40.765563+00:00,2025-12-21,2025-12-21T08:00:00-05:00,2025-12-21T13:02:00+00:00,0.9300,0.9500,ok,
KXNCAAWBGAME-25DEC21UNFCLEM-UNF,KXNCAAWBGAME-25DEC21UNFCLEM-UNF,North Florida at Clemson Winner?,2025-12-21T21:41:24.107652+00:00,2025-12-21,2025-12-21T08:00:00-05:00,2025-12-21T13:11:00+00:00,0.0100,0.0400,ok,
KXNCAAWBGAME-25DEC21UNFCLEM-CLEM,KXNCAAWBGAME-25DEC21UNFCLEM-CLEM,North Florida at Clemson Winner?,2025-12-21T21:41:24.107652+00:00,2025-12-21,2025-12-21T08:00:00-05:00,2025-12-21T13:11:00+00:00,0.9600,0.9800,ok,
KXNCAAWBGAME-25DEC21NWGW-NW,KXNCAAWBGAME-25DEC21NWGW-NW,Northwestern at George Washington Winner?,2025-12-21T20:36:38.712186+00:00,2025-12-21,2025-12-21T08:00:00-05:00,2025-12-21T13:11:00+00:00,0.4200,0.6000,ok,
KXNCAAWBGAME-25DEC21NWGW-GW,KXNCAAWBGAME-25DEC21NWGW-GW,Northwestern at George Washington Winner?,2025-12-21T20:36:38.712186+00:00,2025-12-21,2025-12-21T08:00:00-05:00,2025-12-21T13:20:00+00:00,0.4000,0.5500,ok,
KXNCAAWBGAME-25DEC21CAMPECU-ECU,KXNCAAWBGAME-25DEC21CAMPECU-ECU,Campbell at East Carolina Winner?,2025-12-21T20:46:16.292418+00:00,2025-12-21,2025-12-21T08:00:00-05:00,2025-12-21T13:20:00+00:00,0.6400,0.7200,ok,
KXNCAAWBGAME-25DEC21CAMPECU-CAMP,KXNCAAWBGAME-25DEC21CAMPECU-CAMP,Campbell at East Carolina Winner?,2025-12-21T20:46:16.292418+00:00,2025-12-21,2025-12-21T08:00:00-05:00,2025-12-21T13:20:00+00:00,0.2700,0.3600,ok,
KXNCAAWBGAME-25DEC21PVTXAM-TXAM,KXNCAAWBGAME-25DEC21PVTXAM-TXAM,Prairie View A&M at Texas A&M Winner?,2025-12-21T20:52:02.630347+00:00,2025-12-21,2025-12-21T08:00:00-05:00,2025-12-21T13:10:00+00:00,0.9800,1.0000,ok,
KXNCAAWBGAME-25DEC21PVTXAM-PV,KXNCAAWBGAME-25DEC21PVTXAM-PV,Prairie View A&M at Texas A&M Winner?,2025-12-21T20:52:02.630347+00:00,2025-12-21,2025-12-21T08:00:00-05:00,2025-12-21T13:10:00+00:00,0.0000,0.0200,ok,
KXNCAAWBGAME-25DEC21SFPAFOR-SFPA,KXNCAAWBGAME-25DEC21SFPAFOR-SFPA,St. Francis (PA) at Fordham Winner?,2025-12-21T20:41:28.839556+00:00,2025-12-21,2025-12-21T08:00:00-05:00,2025-12-21T13:01:00+00:00,0.0600,0.0900,ok,
KXNCAAWBGAME-25DEC21SFPAFOR-FOR,KXNCAAWBGAME-25DEC21SFPAFOR-FOR,St. Francis (PA) at Fordham Winner?,2025-12-21T20:41:28.839556+00:00,2025-12-21,2025-12-21T08:00:00-05:00,2025-12-21T13:01:00+00:00,0.9100,0.9500,ok,
KXNCAAWBGAME-25DEC21NAVYUSF-USF,KXNCAAWBGAME-25DEC21NAVYUSF-USF,Navy at South Florida Winner?,2025-12-21T21:05:59.131806+00:00,2025-12-21,2025-12-21T08:00:00-05:00,2025-12-21T13:11:00+00:00,0.8100,0.8500,ok,
KXNCAAWBGAME-25DEC21NAVYUSF-NAVY,KXNCAAWBGAME-25DEC21NAVYUSF-NAVY,Navy at South Florida Winner?,2025-12-21T21:05:59.131806+00:00,2025-12-21,2025-12-21T08:00:00-05:00,2025-12-21T13:11:00+00:00,0.1500,0.1800,ok,
KXNCAAWBGAME-25DEC21GTWNPROV-PROV,KXNCAAWBGAME-25DEC21GTWNPROV-PROV,Georgetown at Providence Winner?,2025-12-21T21:41:24.498307+00:00,2025-12-21,2025-12-21T08:00:00-05:00,2025-12-21T13:20:00+00:00,0.2100,0.2600,ok,
KXNCAAWBGAME-25DEC21GTWNPROV-GTWN,KXNCAAWBGAME-25DEC21GTWNPROV-GTWN,Georgetown at Providence Winner?,2025-12-21T21:41:24.498307+00:00,2025-12-21,2025-12-21T08:00:00-05:00,2025-12-21T13:20:00+00:00,0.7500,0.8100,ok,
KXNCAAWBGAME-25DEC21EVANDAY-EVAN,KXNCAAWBGAME-25DEC21EVANDAY-EVAN,Evansville at Dayton Winner?,2025-12-21T20:41:29.632310+00:00,2025-12-21,2025-12-21T08:00:00-05:00,2025-12-21T13:11:00+00:00,0.1300,0.1800,ok,
KXNCAAWBGAME-25DEC21EVANDAY-DAY,KXNCAAWBGAME-25DEC21EVANDAY-DAY,Evansville at Dayton Winner?,2025-12-21T20:41:29.632310+00:00,2025-12-21,2025-12-21T08:00:00-05:00,2025-12-21T13:11:00+00:00,0.7900,0.8800,ok,
KXNCAAWBGAME-25DEC21WCUIND-WCU,KXNCAAWBGAME-25DEC21WCUIND-WCU,Western Carolina at Indiana Winner?,2025-12-21T20:46:12.361848+00:00,2025-12-21,2025-12-21T08:00:00-05:00,2025-12-21T13:10:00+00:00,0.0000,0.0200,ok,
KXNCAAWBGAME-25DEC21WCUIND-IND,KXNCAAWBGAME-25DEC21WCUIND-IND,Western Carolina at Indiana Winner?,2025-12-21T20:46:12.361848+00:00,2025-12-21,2025-12-21T08:00:00-05:00,2025-12-21T13:20:00+00:00,0.9900,1.0000,ok,
KXNCAAWBGAME-25DEC21PITTDUQ-PITT,KXNCAAWBGAME-25DEC21PITTDUQ-PITT,Pittsburgh at Duquesne Winner?,2025-12-21T20:31:29.457861+00:00,2025-12-21,2025-12-21T08:00:00-05:00,2025-12-21T13:13:00+00:00,0.3300,0.4500,ok,
KXNCAAWBGAME-25DEC21PITTDUQ-DUQ,KXNCAAWBGAME-25DEC21PITTDUQ-DUQ,Pittsburgh at Duquesne Winner?,2025-12-21T20:31:29.457861+00:00,2025-12-21,2025-12-21T08:00:00-05:00,2025-12-21T13:13:00+00:00,0.5600,0.7300,ok,
KXNCAAWBGAME-25DEC21KUISU-KU,KXNCAAWBGAME-25DEC21KUISU-KU,Kansas at Iowa St. Winner?,2025-12-21T20:06:31.516215+00:00,2025-12-21,2025-12-21T08:00:00-05:00,2025-12-21T13:02:00+00:00,0.1000,0.1200,ok,
KXNCAAWBGAME-25DEC21KUISU-ISU,KXNCAAWBGAME-25DEC21KUISU-ISU,Kansas at Iowa St. Winner?,2025-12-21T20:06:31.516215+00:00,2025-12-21,2025-12-21T08:00:00-05:00,2025-12-21T13:02:00+00:00,0.8400,0.9200,ok,
KXNCAAWBGAME-25DEC21CHSOUNC-UNC,KXNCAAWBGAME-25DEC21CHSOUNC-UNC,Charleston Southern at North Carolina Winner?,2025-12-21T19:16:56.186280+00:00,2025-12-21,2025-12-21T08:00:00-05:00,2025-12-21T13:21:00+00:00,0.9900,1.0000,ok,
KXNCAAWBGAME-25DEC21CHSOUNC-CHSO,KXNCAAWBGAME-25DEC21CHSOUNC-CHSO,Charleston Southern at North Carolina Winner?,2025-12-21T19:16:56.186280+00:00,2025-12-21,2025-12-21T08:00:00-05:00,2025-12-21T13:01:00+00:00,0.0000,0.0100,ok,
KXNCAAWBGAME-25DEC21COPPUGA-UGA,KXNCAAWBGAME-25DEC21COPPUGA-UGA,Coppin St. at Georgia Winner?,2025-12-21T19:26:55.566291+00:00,2025-12-21,2025-12-21T08:00:00-05:00,2025-12-21T13:21:00+00:00,0.9800,1.0000,ok,
KXNCAAWBGAME-25DEC21COPPUGA-COPP,KXNCAAWBGAME-25DEC21COPPUGA-COPP,Coppin St. at Georgia Winner?,2025-12-21T19:26:55.566291+00:00,2025-12-21,2025-12-21T08:00:00-05:00,2025-12-21T13:07:00+00:00,0.0000,0.0200,ok,
KXNCAAWBGAME-25DEC21IUINWIS-WIS,KXNCAAWBGAME-25DEC21IUINWIS-WIS,IU Indy at Wisconsin Winner?,2025-12-21T19:22:07.672053+00:00,2025-12-21,2025-12-21T08:00:00-05:00,2025-12-21T13:09:00+00:00,0.9500,0.9800,ok,
KXNCAAWBGAME-25DEC21IUINWIS-IUIN,KXNCAAWBGAME-25DEC21IUINWIS-IUIN,IU Indy at Wisconsin Winner?,2025-12-21T19:22:07.672053+00:00,2025-12-21,2025-12-21T08:00:00-05:00,2025-12-21T13:09:00+00:00,0.0400,0.0700,ok,
KXNCAAWBGAME-25DEC21CBUNEB-NEB,KXNCAAWBGAME-25DEC21CBUNEB-NEB,California Baptist at Nebraska Winner?,2025-12-21T19:07:46.708282+00:00,2025-12-21,2025-12-21T08:00:00-05:00,2025-12-21T13:21:00+00:00,0.9800,1.0000,ok,
KXNCAAWBGAME-25DEC21CBUNEB-CBU,KXNCAAWBGAME-25DEC21CBUNEB-CBU,California Baptist at Nebraska Winner?,2025-12-21T19:07:46.708282+00:00,2025-12-21,2025-12-21T08:00:00-05:00,2025-12-21T13:08:00+00:00,0.0000,0.0200,ok,
KXNCAAWBGAME-25DEC21JKSTPUR-PUR,KXNCAAWBGAME-25DEC21JKSTPUR-PUR,Jackson St. at Purdue Winner?,2025-12-21T19:07:43.028656+00:00,2025-12-21,2025-12-21T08:00:00-05:00,2025-12-21T13:10:00+00:00,0.9200,0.9500,ok,
KXNCAAWBGAME-25DEC21JKSTPUR-JKST,KXNCAAWBGAME-25DEC21JKSTPUR-JKST,Jackson St. at Purdue Winner?,2025-12-21T19:07:43.028656+00:00,2025-12-21,2025-12-21T08:00:00-05:00,2025-12-21T13:10:00+00:00,0.0700,0.1000,ok,
KXNCAAWBGAME-25DEC21RADVT-VT,KXNCAAWBGAME-25DEC21RADVT-VT,Radford at Virginia Tech Winner?,2025-12-21T20:16:49.985281+00:00,2025-12-21,2025-12-21T08:00:00-05:00,2025-12-21T13:21:00+00:00,0.9700,1.0000,ok,
KXNCAAWBGAME-25DEC21RADVT-RAD,KXNCAAWBGAME-25DEC21RADVT-RAD,Radford at Virginia Tech Winner?,2025-12-21T20:16:49.985281+00:00,2025-12-21,2025-12-21T08:00:00-05:00,2025-12-21T13:08:00+00:00,0.0000,0.0400,ok,
KXNCAAWBGAME-25DEC21NCSTDAV-NCST,KXNCAAWBGAME-25DEC21NCSTDAV-NCST,North Carolina St. at Davidson Winner?,2025-12-21T19:32:41.208057+00:00,2025-12-21,2025-12-21T08:00:00-05:00,2025-12-21T13:21:00+00:00,0.8200,0.8300,ok,
KXNCAAWBGAME-25DEC21NCSTDAV-DAV,KXNCAAWBGAME-25DEC21NCSTDAV-DAV,North Carolina St. at Davidson Winner?,2025-12-21T19:32:41.208057+00:00,2025-12-21,2025-12-21T08:00:00-05:00,2025-12-21T13:21:00+00:00,0.1800,0.2000,ok,
KXNCAAWBGAME-25DEC21KENNMIA-MIA,KXNCAAWBGAME-25DEC21KENNMIA-MIA,Kennesaw St. at Miami (FL) Winner?,2025-12-21T19:47:21.476312+00:00,2025-12-21,2025-12-21T08:00:00-05:00,2025-12-21T13:08:00+00:00,0.9300,0.9700,ok,
KXNCAAWBGAME-25DEC21KENNMIA-KENN,KXNCAAWBGAME-25DEC21KENNMIA-KENN,Kennesaw St. at Miami (FL) Winner?,2025-12-21T19:47:21.476312+00:00,2025-12-21,2025-12-21T08:00:00-05:00,2025-12-21T13:08:00+00:00,0.0600,0.0900,ok,
KXNCAAWBGAME-25DEC21ETSUCHAR-ETSU,KXNCAAWBGAME-25DEC21ETSUCHAR-ETSU,East Tennessee St. at Charlotte Winner?,2025-12-21T18:41:47.720579+00:00,2025-12-21,2025-12-21T08:00:00-05:00,2025-12-21T13:02:00+00:00,0.2300,0.2700,ok,
KXNCAAWBGAME-25DEC21ETSUCHAR-CHAR,KXNCAAWBGAME-25DEC21ETSUCHAR-CHAR,East Tennessee St. at Charlotte Winner?,2025-12-21T18:41:47.720579+00:00,2025-12-21,2025-12-21T08:00:00-05:00,2025-12-21T13:02:00+00:00,0.7600,0.7900,ok,
KXNCAAWBGAME-25DEC21OAKMICH-OAK,KXNCAAWBGAME-25DEC21OAKMICH-OAK,Oakland at Michigan Winner?,2025-12-21T19:26:54.382594+00:00,2025-12-21,2025-12-21T08:00:00-05:00,2025-12-21T13:01:00+00:00,0.0000,0.0100,ok,
KXNCAAWBGAME-25DEC21OAKMICH-MICH,KXNCAAWBGAME-25DEC21OAKMICH-MICH,Oakland at Michigan Winner?,2025-12-21T19:26:54.382594+00:00,2025-12-21,2025-12-21T08:00:00-05:00,2025-12-21T13:21:00+00:00,0.9900,1.0000,ok,
KXNCAAWBGAME-25DEC20LIBORST-ORST,KXNCAAWBGAME-25DEC20LIBORST-ORST,Liberty at Oregon St. Winner?,2025-12-21T06:04:37.714612+00:00,2025-12-21,2025-12-21T08:00:00-05:00,,,,no_candle_in_window,no candle found after 8:00 in requested window
KXNCAAWBGAME-25DEC20LIBORST-LIB,KXNCAAWBGAME-25DEC20LIBORST-LIB,Liberty at Oregon St. Winner?,2025-12-21T06:04:37.714612+00:00,2025-12-21,2025-12-21T08:00:00-05:00,,,,no_candle_in_window,no candle found after 8:00 in requested window
KXNCAAWBGAME-25DEC20WEBLMU-WEB,KXNCAAWBGAME-25DEC20WEBLMU-WEB,Weber St. at Loyola Marymount Winner?,2025-12-21T01:40:22.872313+00:00,2025-12-20,2025-12-20T08:00:00-05:00,,,,no_candle_in_window,no candle found after 8:00 in requested window
KXNCAAWBGAME-25DEC20WEBLMU-LMU,KXNCAAWBGAME-25DEC20WEBLMU-LMU,Weber St. at Loyola Marymount Winner?,2025-12-21T01:40:22.872313+00:00,2025-12-20,2025-12-20T08:00:00-05:00,,,,no_candle_in_window,no candle found after 8:00 in requested window
KXNCAAWBGAME-25DEC20CSFUSD-USD,KXNCAAWBGAME-25DEC20CSFUSD-USD,Cal State Fullerton at San Diego Winner?,2025-12-21T00:40:28.114533+00:00,2025-12-20,2025-12-20T08:00:00-05:00,,,,no_candle_in_window,no candle found after 8:00 in requested window
KXNCAAWBGAME-25DEC20CSFUSD-CSF,KXNCAAWBGAME-25DEC20CSFUSD-CSF,Cal State Fullerton at San Diego Winner?,2025-12-21T00:40:28.114533+00:00,2025-12-20,2025-12-20T08:00:00-05:00,,,,no_candle_in_window,no candle found after 8:00 in requested window
KXNCAAWBGAME-25DEC20NMSUSMC-SMC,KXNCAAWBGAME-25DEC20NMSUSMC-SMC,New Mexico St. at Saint Mary's Winner?,2025-12-21T00:30:20.099599+00:00,2025-12-20,2025-12-20T08:00:00-05:00,2025-12-20T13:04:00+00:00,0.8100,0.9200,ok,
KXNCAAWBGAME-25DEC20NMSUSMC-NMSU,KXNCAAWBGAME-25DEC20NMSUSMC-NMSU,New Mexico St. at Saint Mary's Winner?,2025-12-21T00:30:20.099599+00:00,2025-12-20,2025-12-20T08:00:00-05:00,2025-12-20T13:04:00+00:00,0.1000,0.1900,ok,
KXNCAAWBGAME-25DEC20WYOFRES-WYO,KXNCAAWBGAME-25DEC20WYOFRES-WYO,Wyoming at Fresno St. Winner?,2025-12-21T00:15:24.760444+00:00,2025-12-20,2025-12-20T08:00:00-05:00,,,,no_candle_in_window,no candle found after 8:00 in requested window
KXNCAAWBGAME-25DEC20WYOFRES-FRES,KXNCAAWBGAME-25DEC20WYOFRES-FRES,Wyoming at Fresno St. Winner?,2025-12-21T00:15:24.760444+00:00,2025-12-20,2025-12-20T08:00:00-05:00,,,,no_candle_in_window,no candle found after 8:00 in requested window
KXNCAAWBGAME-25DEC20LBSUUCLA-UCLA,KXNCAAWBGAME-25DEC20LBSUUCLA-UCLA,Long Beach St. at UCLA Winner?,2025-12-21T00:30:21.756588+00:00,2025-12-20,2025-12-20T08:00:00-05:00,,,,no_candle_in_window,no candle found after 8:00 in requested window
KXNCAAWBGAME-25DEC20LBSUUCLA-LBSU,KXNCAAWBGAME-25DEC20LBSUUCLA-LBSU,Long Beach St. at UCLA Winner?,2025-12-21T00:30:21.756588+00:00,2025-12-20,2025-12-20T08:00:00-05:00,,,,no_candle_in_window,no candle found after 8:00 in requested window
KXNCAAWBGAME-25DEC20KSUTCU-TCU,KXNCAAWBGAME-25DEC20KSUTCU-TCU,Kansas St. at TCU Winner?,2025-12-21T00:50:24.365054+00:00,2025-12-20,2025-12-20T08:00:00-05:00,2025-12-20T13:04:00+00:00,0.8900,0.9400,ok,
KXNCAAWBGAME-25DEC20KSUTCU-KSU,KXNCAAWBGAME-25DEC20KSUTCU-KSU,Kansas St. at TCU Winner?,2025-12-21T00:50:24.365054+00:00,2025-12-20,2025-12-20T08:00:00-05:00,2025-12-20T13:04:00+00:00,0.0700,0.0800,ok,
KXNCAAWBGAME-25DEC20CSNPEPP-PEPP,KXNCAAWBGAME-25DEC20CSNPEPP-PEPP,Cal State Northridge at Pepperdine Winner?,2025-12-20T23:15:19.827159+00:00,2025-12-20,2025-12-20T08:00:00-05:00,2025-12-20T13:04:00+00:00,0.8900,0.9500,ok,
KXNCAAWBGAME-25DEC20CSNPEPP-CSN,KXNCAAWBGAME-25DEC20CSNPEPP-CSN,Cal State Northridge at Pepperdine Winner?,2025-12-20T23:15:19.827159+00:00,2025-12-20,2025-12-20T08:00:00-05:00,2025-12-20T13:12:00+00:00,0.0600,0.1000,ok,
KXNCAAWBGAME-25DEC20BSUSDSU-SDSU,KXNCAAWBGAME-25DEC20BSUSDSU-SDSU,Boise St. at San Diego St. Winner?,2025-12-20T23:00:36.093697+00:00,2025-12-20,2025-12-20T08:00:00-05:00,2025-12-20T13:05:00+00:00,0.5800,0.8300,ok,
KXNCAAWBGAME-25DEC20BSUSDSU-BSU,KXNCAAWBGAME-25DEC20BSUSDSU-BSU,Boise St. at San Diego St. Winner?,2025-12-20T23:00:36.093697+00:00,2025-12-20,2025-12-20T08:00:00-05:00,2025-12-20T13:05:00+00:00,0.1700,0.3900,ok,
KXNCAAWBGAME-25DEC20UNMUNLV-UNM,KXNCAAWBGAME-25DEC20UNMUNLV-UNM,New Mexico at UNLV Winner?,2025-12-20T23:20:39.652987+00:00,2025-12-20,2025-12-20T08:00:00-05:00,,,,no_candle_in_window,no candle found after 8:00 in requested window
KXNCAAWBGAME-25DEC20UNMUNLV-UNLV,KXNCAAWBGAME-25DEC20UNMUNLV-UNLV,New Mexico at UNLV Winner?,2025-12-20T23:20:39.652987+00:00,2025-12-20,2025-12-20T08:00:00-05:00,,,,no_candle_in_window,no candle found after 8:00 in requested window
KXNCAAWBGAME-25DEC20VCUPSU-VCU,KXNCAAWBGAME-25DEC20VCUPSU-VCU,VCU at Penn St. Winner?,2025-12-20T22:45:29.992927+00:00,2025-12-20,2025-12-20T08:00:00-05:00,,,,no_candle_in_window,no candle found after 8:00 in requested window
KXNCAAWBGAME-25DEC20VCUPSU-PSU,KXNCAAWBGAME-25DEC20VCUPSU-PSU,VCU at Penn St. Winner?,2025-12-20T22:45:29.992927+00:00,2025-12-20,2025-12-20T08:00:00-05:00,2025-12-20T13:19:00+00:00,0.8200,0.9400,ok,
KXNCAAWBGAME-25DEC20MTUWICH-WICH,KXNCAAWBGAME-25DEC20MTUWICH-WICH,Middle Tennessee at Wichita St. Winner?,2025-12-20T22:15:41.000349+00:00,2025-12-20,2025-12-20T08:00:00-05:00,2025-12-20T13:18:00+00:00,0.2700,0.4600,ok,
KXNCAAWBGAME-25DEC20MTUWICH-MTU,KXNCAAWBGAME-25DEC20MTUWICH-MTU,Middle Tennessee at Wichita St. Winner?,2025-12-20T22:15:41.000349+00:00,2025-12-20,2025-12-20T08:00:00-05:00,2025-12-20T13:18:00+00:00,0.5400,0.7400,ok,
KXNCAAWBGAME-25DEC20USUCSU-USU,KXNCAAWBGAME-25DEC20USUCSU-USU,Utah St. at Colorado St. Winner?,2025-12-20T22:05:36.618904+00:00,2025-12-20,2025-12-20T08:00:00-05:00,2025-12-20T13:01:00+00:00,0.0300,0.0600,ok,
KXNCAAWBGAME-25DEC20USUCSU-CSU,KXNCAAWBGAME-25DEC20USUCSU-CSU,Utah St. at Colorado St. Winner?,2025-12-20T22:05:36.618904+00:00,2025-12-20,2025-12-20T08:00:00-05:00,2025-12-20T13:01:00+00:00,0.9400,0.9800,ok,
KXNCAAWBGAME-25DEC20DUKEBEL-DUKE,KXNCAAWBGAME-25DEC20DUKEBEL-DUKE,Duke at Belmont Winner?,2025-12-20T22:15:41.406404+00:00,2025-12-20,2025-12-20T08:00:00-05:00,,,,no_candle_in_window,no candle found after 8:00 in requested window
KXNCAAWBGAME-25DEC20DUKEBEL-BEL,KXNCAAWBGAME-25DEC20DUKEBEL-BEL,Duke at Belmont Winner?,2025-12-20T22:15:41.406404+00:00,2025-12-20,2025-12-20T08:00:00-05:00,,,,no_candle_in_window,no candle found after 8:00 in requested window
KXNCAAWBGAME-25DEC20HCURICE-RICE,KXNCAAWBGAME-25DEC20HCURICE-RICE,Houston Christian at Rice Winner?,2025-12-20T22:05:36.240516+00:00,2025-12-20,2025-12-20T08:00:00-05:00,2025-12-20T13:20:00+00:00,0.9600,0.9800,ok,
KXNCAAWBGAME-25DEC20HCURICE-HCU,KXNCAAWBGAME-25DEC20HCURICE-HCU,Houston Christian at Rice Winner?,2025-12-20T22:05:36.240516+00:00,2025-12-20,2025-12-20T08:00:00-05:00,,,,no_candle_in_window,no candle found after 8:00 in requested window
KXNCAAWBGAME-25DEC20MVSUUAB-UAB,KXNCAAWBGAME-25DEC20MVSUUAB-UAB,Mississippi Valley St. at UAB Winner?,2025-12-20T22:30:39.269980+00:00,2025-12-20,2025-12-20T08:00:00-05:00,2025-12-20T13:01:00+00:00,0.9500,0.9700,ok,
KXNCAAWBGAME-25DEC20MVSUUAB-MVSU,KXNCAAWBGAME-25DEC20MVSUUAB-MVSU,Mississippi Valley St. at UAB Winner?,2025-12-20T22:30:39.269980+00:00,2025-12-20,2025-12-20T08:00:00-05:00,2025-12-20T13:01:00+00:00,0.0300,0.0500,ok,
KXNCAAWBGAME-25DEC20NEVAFA-NEV,KXNCAAWBGAME-25DEC20NEVAFA-NEV,Nevada at Air Force Winner?,2025-12-20T21:55:25.735867+00:00,2025-12-20,2025-12-20T08:00:00-05:00,2025-12-20T13:19:00+00:00,0.2000,0.3900,ok,
KXNCAAWBGAME-25DEC20NEVAFA-AFA,KXNCAAWBGAME-25DEC20NEVAFA-AFA,Nevada at Air Force Winner?,2025-12-20T21:55:25.735867+00:00,2025-12-20,2025-12-20T08:00:00-05:00,2025-12-20T13:19:00+00:00,0.6100,0.8000,ok,
KXNCAAWBGAME-25DEC20SFAARK-SFA,KXNCAAWBGAME-25DEC20SFAARK-SFA,Stephen F. Austin at Arkansas Winner?,2025-12-20T21:50:50.818886+00:00,2025-12-20,2025-12-20T08:00:00-05:00,2025-12-20T13:17:00+00:00,0.1000,0.2400,ok,
KXNCAAWBGAME-25DEC20SFAARK-ARK,KXNCAAWBGAME-25DEC20SFAARK-ARK,Stephen F. Austin at Arkansas Winner?,2025-12-20T21:50:50.818886+00:00,2025-12-20,2025-12-20T08:00:00-05:00,2025-12-20T13:17:00+00:00,0.7600,0.9000,ok,
KXNCAAWBGAME-25DEC20BYUUCF-UCF,KXNCAAWBGAME-25DEC20BYUUCF-UCF,BYU at UCF Winner?,2025-12-20T21:50:50.890230+00:00,2025-12-20,2025-12-20T08:00:00-05:00,2025-12-20T13:17:00+00:00,0.2300,0.3900,ok,
KXNCAAWBGAME-25DEC20BYUUCF-BYU,KXNCAAWBGAME-25DEC20BYUUCF-BYU,BYU at UCF Winner?,2025-12-20T21:50:50.890230+00:00,2025-12-20,2025-12-20T08:00:00-05:00,2025-12-20T13:17:00+00:00,0.5800,0.6700,ok,
KXNCAAWBGAME-25DEC20DEPCREI-DEP,KXNCAAWBGAME-25DEC20DEPCREI-DEP,DePaul at Creighton Winner?,2025-12-20T21:41:35.511920+00:00,2025-12-20,2025-12-20T08:00:00-05:00,2025-12-20T13:01:00+00:00,0.1000,0.1100,ok,
KXNCAAWBGAME-25DEC20DEPCREI-CREI,KXNCAAWBGAME-25DEC20DEPCREI-CREI,DePaul at Creighton Winner?,2025-12-20T21:41:35.511920+00:00,2025-12-20,2025-12-20T08:00:00-05:00,2025-12-20T13:01:00+00:00,0.8800,0.9400,ok,
KXNCAAWBGAME-25DEC20SCARFGCU-SCAR,KXNCAAWBGAME-25DEC20SCARFGCU-SCAR,South Carolina at Florida Gulf Coast Winner?,2025-12-20T21:06:18.624922+00:00,2025-12-20,2025-12-20T08:00:00-05:00,2025-12-20T13:15:00+00:00,0.9900,1.0000,ok,
KXNCAAWBGAME-25DEC20SCARFGCU-FGCU,KXNCAAWBGAME-25DEC20SCARFGCU-FGCU,South Carolina at Florida Gulf Coast Winner?,2025-12-20T21:06:18.624922+00:00,2025-12-20,2025-12-20T08:00:00-05:00,,,,no_candle_in_window,no candle found after 8:00 in requested window
KXNCAAWBGAME-25DEC20MEMSELA-SELA,KXNCAAWBGAME-25DEC20MEMSELA-SELA,Memphis at Southeastern Louisiana Winner?,2025-12-20T21:35:59.036802+00:00,2025-12-20,2025-12-20T08:00:00-05:00,2025-12-20T13:04:00+00:00,0.2000,0.4400,ok,
KXNCAAWBGAME-25DEC20MEMSELA-MEM,KXNCAAWBGAME-25DEC20MEMSELA-MEM,Memphis at Southeastern Louisiana Winner?,2025-12-20T21:35:59.036802+00:00,2025-12-20,2025-12-20T08:00:00-05:00,2025-12-20T13:04:00+00:00,0.5200,0.7500,ok,
KXNCAAWBGAME-25DEC20SBONHOW-SBON,KXNCAAWBGAME-25DEC20SBONHOW-SBON,St. Bonaventure at Howard Winner?,2025-12-20T21:16:11.738002+00:00,2025-12-20,2025-12-20T08:00:00-05:00,2025-12-20T13:01:00+00:00,0.1500,0.2000,ok,
KXNCAAWBGAME-25DEC20SBONHOW-HOW,KXNCAAWBGAME-25DEC20SBONHOW-HOW,St. Bonaventure at Howard Winner?,2025-12-20T21:16:11.738002+00:00,2025-12-20,2025-12-20T08:00:00-05:00,2025-12-20T13:01:00+00:00,0.7800,0.8200,ok,
KXNCAAWBGAME-25DEC20SCSTFSU-SCST,KXNCAAWBGAME-25DEC20SCSTFSU-SCST,South Carolina St. at Florida St. Winner?,2025-12-20T21:50:50.802082+00:00,2025-12-20,2025-12-20T08:00:00-05:00,2025-12-20T13:03:00+00:00,0.0100,0.0200,ok,
KXNCAAWBGAME-25DEC20SCSTFSU-FSU,KXNCAAWBGAME-25DEC20SCSTFSU-FSU,South Carolina St. at Florida St. Winner?,2025-12-20T21:50:50.802082+00:00,2025-12-20,2025-12-20T08:00:00-05:00,2025-12-20T13:03:00+00:00,0.9700,0.9900,ok,
KXNCAAWBGAME-25DEC20IOWACONN-IOWA,KXNCAAWBGAME-25DEC20IOWACONN-IOWA,Iowa at UConn Winner?,2025-12-20T21:21:19.834014+00:00,2025-12-20,2025-12-20T08:00:00-05:00,2025-12-20T13:01:00+00:00,0.1000,0.1200,ok,
KXNCAAWBGAME-25DEC20IOWACONN-CONN,KXNCAAWBGAME-25DEC20IOWACONN-CONN,Iowa at UConn Winner?,2025-12-20T21:21:19.834014+00:00,2025-12-20,2025-12-20T08:00:00-05:00,2025-12-20T13:01:00+00:00,0.9100,0.9300,ok,
KXNCAAWBGAME-25DEC20UTSACLMB-UTSA,KXNCAAWBGAME-25DEC20UTSACLMB-UTSA,UTSA at Columbia Winner?,2025-12-20T20:51:34.988988+00:00,2025-12-20,2025-12-20T08:00:00-05:00,2025-12-20T13:17:00+00:00,0.1100,0.1800,ok,
KXNCAAWBGAME-25DEC20UTSACLMB-CLMB,KXNCAAWBGAME-25DEC20UTSACLMB-CLMB,UTSA at Columbia Winner?,2025-12-20T20:51:34.988988+00:00,2025-12-20,2025-12-20T08:00:00-05:00,2025-12-20T13:17:00+00:00,0.8200,0.8500,ok,
KXNCAAWBGAME-25DEC20DSUTULN-TULN,KXNCAAWBGAME-25DEC20DSUTULN-TULN,Delaware St. at Tulane Winner?,2025-12-20T21:01:42.051908+00:00,2025-12-20,2025-12-20T08:00:00-05:00,,,,no_candle_in_window,no candle found after 8:00 in requested window
KXNCAAWBGAME-25DEC20DSUTULN-DSU,KXNCAAWBGAME-25DEC20DSUTULN-DSU,Delaware St. at Tulane Winner?,2025-12-20T21:01:42.051908+00:00,2025-12-20,2025-12-20T08:00:00-05:00,,,,no_candle_in_window,no candle found after 8:00 in requested window
KXNCAAWBGAME-25DEC20PRINGMU-PRIN,KXNCAAWBGAME-25DEC20PRINGMU-PRIN,Princeton at George Mason Winner?,2025-12-20T21:06:31.477908+00:00,2025-12-20,2025-12-20T08:00:00-05:00,2025-12-20T13:08:00+00:00,0.6000,0.7500,ok,
KXNCAAWBGAME-25DEC20PRINGMU-GMU,KXNCAAWBGAME-25DEC20PRINGMU-GMU,Princeton at George Mason Winner?,2025-12-20T21:06:31.477908+00:00,2025-12-20,2025-12-20T08:00:00-05:00,2025-12-20T13:08:00+00:00,0.2500,0.4100,ok,
KXNCAAWBGAME-25DEC20TSUMARQ-TSU,KXNCAAWBGAME-25DEC20TSUMARQ-TSU,Truman St. at Marquette Winner?,2025-12-20T23:00:35.770775+00:00,2025-12-20,2025-12-20T08:00:00-05:00,2025-12-20T13:01:00+00:00,0.0100,0.0200,ok,
KXNCAAWBGAME-25DEC20TSUMARQ-MARQ,KXNCAAWBGAME-25DEC20TSUMARQ-MARQ,Truman St. at Marquette Winner?,2025-12-20T23:00:35.770775+00:00,2025-12-20,2025-12-20T08:00:00-05:00,,,,no_candle_in_window,no candle found after 8:00 in requested window
KXNCAAWBGAME-25DEC20TXSOVAN-VAN,KXNCAAWBGAME-25DEC20TXSOVAN-VAN,Texas Southern at Vanderbilt Winner?,2025-12-20T21:26:02.318916+00:00,2025-12-20,2025-12-20T08:00:00-05:00,,,,no_candle_in_window,no candle found after 8:00 in requested window
KXNCAAWBGAME-25DEC20TXSOVAN-TXSO,KXNCAAWBGAME-25DEC20TXSOVAN-TXSO,Texas Southern at Vanderbilt Winner?,2025-12-20T21:26:02.318916+00:00,2025-12-20,2025-12-20T08:00:00-05:00,,,,no_candle_in_window,no candle found after 8:00 in requested window
KXNCAAWBGAME-25DEC20AAMURICH-RICH,KXNCAAWBGAME-25DEC20AAMURICH-RICH,Alabama A&M at Richmond Winner?,2025-12-20T20:11:53.244481+00:00,2025-12-20,2025-12-20T08:00:00-05:00,2025-12-20T13:03:00+00:00,0.9600,0.9900,ok,
KXNCAAWBGAME-25DEC20AAMURICH-AAMU,KXNCAAWBGAME-25DEC20AAMURICH-AAMU,Alabama A&M at Richmond Winner?,2025-12-20T20:11:53.244481+00:00,2025-12-20,2025-12-20T08:00:00-05:00,2025-12-20T13:03:00+00:00,0.0100,0.0300,ok,
KXNCAAWBGAME-25DEC20SLUOHIO-SLU,KXNCAAWBGAME-25DEC20SLUOHIO-SLU,Saint Louis at Ohio Winner?,2025-12-20T21:06:31.069622+00:00,2025-12-20,2025-12-20T08:00:00-05:00,2025-12-20T13:05:00+00:00,0.3400,0.4900,ok,
KXNCAAWBGAME-25DEC20SLUOHIO-OHIO,KXNCAAWBGAME-25DEC20SLUOHIO-OHIO,Saint Louis at Ohio Winner?,2025-12-20T21:06:31.069622+00:00,2025-12-20,2025-12-20T08:00:00-05:00,2025-12-20T13:05:00+00:00,0.5100,0.6600,ok,
KXNCAAWBGAME-25DEC20LMCJOES-LMC,KXNCAAWBGAME-25DEC20LMCJOES-LMC,Le Moyne at Saint Joseph's Winner?,2025-12-20T18:51:42.989648+00:00,2025-12-20,2025-12-20T08:00:00-05:00,2025-12-20T13:09:00+00:00,0.0200,0.0300,ok,
KXNCAAWBGAME-25DEC20LMCJOES-JOES,KXNCAAWBGAME-25DEC20LMCJOES-JOES,Le Moyne at Saint Joseph's Winner?,2025-12-20T18:51:42.989648+00:00,2025-12-20,2025-12-20T08:00:00-05:00,2025-12-20T13:09:00+00:00,0.9800,0.9900,ok,
KXNCAAWBGAME-25DEC20MSSTLAS-MSST,KXNCAAWBGAME-25DEC20MSSTLAS-MSST,Mississippi St. at La Salle Winner?,2025-12-20T19:41:30.698937+00:00,2025-12-20,2025-12-20T08:00:00-05:00,2025-12-20T13:01:00+00:00,0.8700,0.9300,ok,
KXNCAAWBGAME-25DEC20MSSTLAS-LAS,KXNCAAWBGAME-25DEC20MSSTLAS-LAS,Mississippi St. at La Salle Winner?,2025-12-20T19:41:30.698937+00:00,2025-12-20,2025-12-20T08:00:00-05:00,2025-12-20T13:01:00+00:00,0.1000,0.1300,ok,
KXNCAAWBGAME-25DEC20LAFRUTG-RUTG,KXNCAAWBGAME-25DEC20LAFRUTG-RUTG,Lafayette at Rutgers Winner?,2025-12-20T18:56:01.481729+00:00,2025-12-20,2025-12-20T08:00:00-05:00,2025-12-20T13:10:00+00:00,0.9200,0.9400,ok,
KXNCAAWBGAME-25DEC20LAFRUTG-LAF,KXNCAAWBGAME-25DEC20LAFRUTG-LAF,Lafayette at Rutgers Winner?,2025-12-20T18:56:01.481729+00:00,2025-12-20,2025-12-20T08:00:00-05:00,2025-12-20T13:01:00+00:00,0.0700,0.1000,ok,
KXNCAAWBGAME-25DEC20WINUVA-WIN,KXNCAAWBGAME-25DEC20WINUVA-WIN,Winthrop at Virginia Winner?,2025-12-20T19:36:26.839974+00:00,2025-12-20,2025-12-20T08:00:00-05:00,2025-12-20T13:07:00+00:00,0.0300,0.0400,ok,
KXNCAAWBGAME-25DEC20WINUVA-UVA,KXNCAAWBGAME-25DEC20WINUVA-UVA,Winthrop at Virginia Winner?,2025-12-20T19:36:26.839974+00:00,2025-12-20,2025-12-20T08:00:00-05:00,2025-12-20T13:20:00+00:00,0.9700,0.9800,ok,
KXNCAAWBGAME-25DEC20TENNLOU-TENN,KXNCAAWBGAME-25DEC20TENNLOU-TENN,Tennessee at Louisville Winner?,2025-12-20T18:51:42.685082+00:00,2025-12-20,2025-12-20T08:00:00-05:00,2025-12-20T13:03:00+00:00,0.4700,0.5800,ok,
KXNCAAWBGAME-25DEC20TENNLOU-LOU,KXNCAAWBGAME-25DEC20TENNLOU-LOU,Tennessee at Louisville Winner?,2025-12-20T18:51:42.685082+00:00,2025-12-20,2025-12-20T08:00:00-05:00,2025-12-20T13:03:00+00:00,0.4200,0.5600,ok,
KXNCAAWBGAME-25DEC20FAUFIU-FIU,KXNCAAWBGAME-25DEC20FAUFIU-FIU,Florida Atlantic at Florida International Winner?,2025-12-20T18:41:57.372394+00:00,2025-12-20,2025-12-20T08:00:00-05:00,2025-12-20T13:01:00+00:00,0.5400,0.8800,ok,
KXNCAAWBGAME-25DEC20FAUFIU-FAU,KXNCAAWBGAME-25DEC20FAUFIU-FAU,Florida Atlantic at Florida International Winner?,2025-12-20T18:41:57.372394+00:00,2025-12-20,2025-12-20T08:00:00-05:00,2025-12-20T13:02:00+00:00,0.1500,0.4500,ok,
KXNCAAWBGAME-25DEC19MTSTORST-ORST,KXNCAAWBGAME-25DEC19MTSTORST-ORST,Montana St. at Oregon St. Winner?,2025-12-20T07:00:13.515094+00:00,2025-12-20,2025-12-20T08:00:00-05:00,,,,no_candle_in_window,no candle found after 8:00 in requested window
KXNCAAWBGAME-25DEC19MTSTORST-MTST,KXNCAAWBGAME-25DEC19MTSTORST-MTST,Montana St. at Oregon St. Winner?,2025-12-20T07:00:13.515094+00:00,2025-12-20,2025-12-20T08:00:00-05:00,,,,no_candle_in_window,no candle found after 8:00 in requested window
KXNCAAWBGAME-25DEC19WASHSTAN-WASH,KXNCAAWBGAME-25DEC19WASHSTAN-WASH,Washington at Stanford Winner?,2025-12-20T05:44:42.212145+00:00,2025-12-20,2025-12-20T08:00:00-05:00,,,,no_candle_in_window,no candle found after 8:00 in requested window
KXNCAAWBGAME-25DEC19WASHSTAN-STAN,KXNCAAWBGAME-25DEC19WASHSTAN-STAN,Washington at Stanford Winner?,2025-12-20T05:44:42.212145+00:00,2025-12-20,2025-12-20T08:00:00-05:00,,,,no_candle_in_window,no candle found after 8:00 in requested window
KXNCAAWBGAME-25DEC19GONZMOSU-MOSU,KXNCAAWBGAME-25DEC19GONZMOSU-MOSU,Gonzaga at Missouri St. Winner?,2025-12-20T03:20:13.669888+00:00,2025-12-19,2025-12-19T08:00:00-05:00,2025-12-19T13:03:00+00:00,0.2800,0.4700,ok,
KXNCAAWBGAME-25DEC19GONZMOSU-GONZ,KXNCAAWBGAME-25DEC19GONZMOSU-GONZ,Gonzaga at Missouri St. Winner?,2025-12-20T03:20:13.669888+00:00,2025-12-19,2025-12-19T08:00:00-05:00,2025-12-19T13:03:00+00:00,0.5100,0.7300,ok,
KXNCAAWBGAME-25DEC19JKSTILL-JKST,KXNCAAWBGAME-25DEC19JKSTILL-JKST,Jackson St. at Illinois Winner?,2025-12-20T02:40:50.181046+00:00,2025-12-19,2025-12-19T08:00:00-05:00,2025-12-19T13:02:00+00:00,0.0100,0.0200,ok,
KXNCAAWBGAME-25DEC19JKSTILL-ILL,KXNCAAWBGAME-25DEC19JKSTILL-ILL,Jackson St. at Illinois Winner?,2025-12-20T02:40:50.181046+00:00,2025-12-19,2025-12-19T08:00:00-05:00,2025-12-19T13:13:00+00:00,0.9800,1.0000,ok,
KXNCAAWBGAME-25DEC19COPPTEM-TEM,KXNCAAWBGAME-25DEC19COPPTEM-TEM,Coppin St. at Temple Winner?,2025-12-20T02:34:55.553902+00:00,2025-12-19,2025-12-19T08:00:00-05:00,2025-12-19T13:01:00+00:00,0.9400,0.9500,ok,
KXNCAAWBGAME-25DEC19COPPTEM-COPP,KXNCAAWBGAME-25DEC19COPPTEM-COPP,Coppin St. at Temple Winner?,2025-12-20T02:34:55.553902+00:00,2025-12-19,2025-12-19T08:00:00-05:00,2025-12-19T13:01:00+00:00,0.0600,0.0800,ok,
KXNCAAWBGAME-25DEC19XAVBUT-XAV,KXNCAAWBGAME-25DEC19XAVBUT-XAV,Xavier at Butler Winner?,2025-12-20T02:30:11.076372+00:00,2025-12-19,2025-12-19T08:00:00-05:00,2025-12-19T13:05:00+00:00,0.2600,0.2700,ok,
KXNCAAWBGAME-25DEC19XAVBUT-BUT,KXNCAAWBGAME-25DEC19XAVBUT-BUT,Xavier at Butler Winner?,2025-12-20T02:30:11.076372+00:00,2025-12-19,2025-12-19T08:00:00-05:00,2025-12-19T13:04:00+00:00,0.7000,0.8200,ok,
KXNCAAWBGAME-25DEC19HALLVILL-VILL,KXNCAAWBGAME-25DEC19HALLVILL-VILL,Seton Hall at Villanova Winner?,2025-12-20T02:25:37.341775+00:00,2025-12-19,2025-12-19T08:00:00-05:00,2025-12-19T13:02:00+00:00,0.7200,0.8000,ok,
KXNCAAWBGAME-25DEC19HALLVILL-HALL,KXNCAAWBGAME-25DEC19HALLVILL-HALL,Seton Hall at Villanova Winner?,2025-12-20T02:25:37.341775+00:00,2025-12-19,2025-12-19T08:00:00-05:00,2025-12-19T13:02:00+00:00,0.2000,0.2800,ok,
KXNCAAWBGAME-25DEC19UGAVCU-VCU,KXNCAAWBGAME-25DEC19UGAVCU-VCU,Georgia at VCU Winner?,2025-12-20T02:40:50.606172+00:00,2025-12-19,2025-12-19T08:00:00-05:00,2025-12-19T13:01:00+00:00,0.0500,0.0700,ok,
KXNCAAWBGAME-25DEC19UGAVCU-UGA,KXNCAAWBGAME-25DEC19UGAVCU-UGA,Georgia at VCU Winner?,2025-12-20T02:40:50.606172+00:00,2025-12-19,2025-12-19T08:00:00-05:00,2025-12-19T13:01:00+00:00,0.9000,0.9600,ok,
KXNCAAWBGAME-25DEC19WRSTUK-WRST,KXNCAAWBGAME-25DEC19WRSTUK-WRST,Wright St. at Kentucky Winner?,2025-12-20T01:50:08.890400+00:00,2025-12-19,2025-12-19T08:00:00-05:00,2025-12-19T13:11:00+00:00,0.0000,0.0100,ok,
KXNCAAWBGAME-25DEC19WRSTUK-UK,KXNCAAWBGAME-25DEC19WRSTUK-UK,Wright St. at Kentucky Winner?,2025-12-20T01:50:08.890400+00:00,2025-12-19,2025-12-19T08:00:00-05:00,2025-12-19T13:11:00+00:00,0.9900,1.0000,ok,
KXNCAAWBGAME-25DEC19SMUSHSU-SMU,KXNCAAWBGAME-25DEC19SMUSHSU-SMU,SMU at Sam Houston Winner?,2025-12-20T01:45:15.086080+00:00,2025-12-19,2025-12-19T08:00:00-05:00,2025-12-19T13:01:00+00:00,0.5300,0.6700,ok,
KXNCAAWBGAME-25DEC19SMUSHSU-SHSU,KXNCAAWBGAME-25DEC19SMUSHSU-SHSU,SMU at Sam Houston Winner?,2025-12-20T01:45:15.086080+00:00,2025-12-19,2025-12-19T08:00:00-05:00,2025-12-19T13:01:00+00:00,0.4000,0.4600,ok,
KXNCAAWBGAME-25DEC19SIMPPAC-SIMP,KXNCAAWBGAME-25DEC19SIMPPAC-SIMP,Simpson University at Pacific Winner?,2025-12-19T21:05:17.313885+00:00,2025-12-19,2025-12-19T08:00:00-05:00,2025-12-19T13:07:00+00:00,0.0000,0.0100,ok,
KXNCAAWBGAME-25DEC19SIMPPAC-PAC,KXNCAAWBGAME-25DEC19SIMPPAC-PAC,Simpson University at Pacific Winner?,2025-12-19T21:05:17.313885+00:00,2025-12-19,2025-12-19T08:00:00-05:00,2025-12-19T13:10:00+00:00,0.9900,1.0000,ok,
KXNCAAWBGAME-25DEC19MASSFAU-MASS,KXNCAAWBGAME-25DEC19MASSFAU-MASS,UMass at Florida Atlantic Winner?,2025-12-19T21:31:04.606438+00:00,2025-12-19,2025-12-19T08:00:00-05:00,2025-12-19T13:01:00+00:00,0.8600,0.9200,ok,
KXNCAAWBGAME-25DEC19MASSFAU-FAU,KXNCAAWBGAME-25DEC19MASSFAU-FAU,UMass at Florida Atlantic Winner?,2025-12-19T21:31:04.606438+00:00,2025-12-19,2025-12-19T08:00:00-05:00,2025-12-19T13:01:00+00:00,0.1100,0.1700,ok,
KXNCAAWBGAME-25DEC19NEBC-NE,KXNCAAWBGAME-25DEC19NEBC-NE,Northeastern at Boston College Winner?,2025-12-19T19:25:17.323085+00:00,2025-12-19,2025-12-19T08:00:00-05:00,2025-12-19T13:01:00+00:00,0.1100,0.1400,ok,
KXNCAAWBGAME-25DEC19NEBC-BC,KXNCAAWBGAME-25DEC19NEBC-BC,Northeastern at Boston College Winner?,2025-12-19T19:25:17.323085+00:00,2025-12-19,2025-12-19T08:00:00-05:00,2025-12-19T13:02:00+00:00,0.8800,0.9200,ok,
KXNCAAWBGAME-25DEC19WSUPENN-WSU,KXNCAAWBGAME-25DEC19WSUPENN-WSU,Washington St. at Penn Winner?,2025-12-19T18:40:22.674171+00:00,2025-12-19,2025-12-19T08:00:00-05:00,2025-12-19T13:01:00+00:00,0.2800,0.3100,ok,
KXNCAAWBGAME-25DEC19WSUPENN-PENN,KXNCAAWBGAME-25DEC19WSUPENN-PENN,Washington St. at Penn Winner?,2025-12-19T18:40:22.674171+00:00,2025-12-19,2025-12-19T08:00:00-05:00,2025-12-19T13:01:00+00:00,0.7100,0.7400,ok,
KXNCAAWBGAME-25DEC19CCSUMD-MD,KXNCAAWBGAME-25DEC19CCSUMD-MD,Central Connecticut St. at Maryland Winner?,2025-12-19T18:15:18.178432+00:00,2025-12-19,2025-12-19T08:00:00-05:00,2025-12-19T13:07:00+00:00,0.9900,1.0000,ok,
KXNCAAWBGAME-25DEC19CCSUMD-CCSU,KXNCAAWBGAME-25DEC19CCSUMD-CCSU,Central Connecticut St. at Maryland Winner?,2025-12-19T18:15:18.178432+00:00,2025-12-19,2025-12-19T08:00:00-05:00,2025-12-19T13:08:00+00:00,0.0000,0.0100,ok,
KXNCAAWBGAME-25DEC19MORGDAV-MORG,KXNCAAWBGAME-25DEC19MORGDAV-MORG,Morgan St. at Davidson Winner?,2025-12-19T20:45:29.371737+00:00,2025-12-19,2025-12-19T08:00:00-05:00,2025-12-19T13:01:00+00:00,0.0000,0.0200,ok,
KXNCAAWBGAME-25DEC19MORGDAV-DAV,KXNCAAWBGAME-25DEC19MORGDAV-DAV,Morgan St. at Davidson Winner?,2025-12-19T20:45:29.371737+00:00,2025-12-19,2025-12-19T08:00:00-05:00,2025-12-19T13:08:00+00:00,0.9800,1.0000,ok,
KXNCAAWBGAME-25DEC19WAGURI-WAG,KXNCAAWBGAME-25DEC19WAGURI-WAG,Wagner at Rhode Island Winner?,2025-12-19T18:05:10.239791+00:00,2025-12-19,2025-12-19T08:00:00-05:00,2025-12-19T13:01:00+00:00,0.0100,0.0200,ok,
KXNCAAWBGAME-25DEC19WAGURI-URI,KXNCAAWBGAME-25DEC19WAGURI-URI,Wagner at Rhode Island Winner?,2025-12-19T18:05:10.239791+00:00,2025-12-19,2025-12-19T08:00:00-05:00,2025-12-19T13:01:00+00:00,0.9700,0.9900,ok,
KXNCAAWBGAME-25DEC19MHUSYR-SYR,KXNCAAWBGAME-25DEC19MHUSYR-SYR,Mercyhurst at Syracuse Winner?,2025-12-19T17:50:26.718027+00:00,2025-12-19,2025-12-19T08:00:00-05:00,2025-12-19T13:01:00+00:00,0.9900,1.0000,ok,
KXNCAAWBGAME-25DEC19MHUSYR-MHU,KXNCAAWBGAME-25DEC19MHUSYR-MHU,Mercyhurst at Syracuse Winner?,2025-12-19T17:50:26.718027+00:00,2025-12-19,2025-12-19T08:00:00-05:00,2025-12-19T13:01:00+00:00,0.0000,0.0100,ok,
KXNCAAWBGAME-25DEC18CPUSC-USC,KXNCAAWBGAME-25DEC18CPUSC-USC,Cal Poly at USC Winner?,2025-12-19T05:10:11.061337+00:00,2025-12-19,2025-12-19T08:00:00-05:00,,,,no_candle_in_window,no candle found after 8:00 in requested window
KXNCAAWBGAME-25DEC18CPUSC-CP,KXNCAAWBGAME-25DEC18CPUSC-CP,Cal Poly at USC Winner?,2025-12-19T05:10:11.061337+00:00,2025-12-19,2025-12-19T08:00:00-05:00,,,,no_candle_in_window,no candle found after 8:00 in requested window
KXNCAAWBGAME-25DEC18SOUBAY-SOU,KXNCAAWBGAME-25DEC18SOUBAY-SOU,Southern University at Baylor Winner?,2025-12-19T03:25:18.047285+00:00,2025-12-18,2025-12-18T08:00:00-05:00,2025-12-18T13:07:00+00:00,0.0000,0.0100,ok,
KXNCAAWBGAME-25DEC18SOUBAY-BAY,KXNCAAWBGAME-25DEC18SOUBAY-BAY,Southern University at Baylor Winner?,2025-12-19T03:25:18.047285+00:00,2025-12-18,2025-12-18T08:00:00-05:00,,,,no_candle_in_window,no candle found after 8:00 in requested window
KXNCAAWBGAME-25DEC18BELLARIZ-BELL,KXNCAAWBGAME-25DEC18BELLARIZ-BELL,Bellarmine at Arizona Winner?,2025-12-19T03:25:17.430961+00:00,2025-12-18,2025-12-18T08:00:00-05:00,,,,no_candle_in_window,no candle found after 8:00 in requested window
KXNCAAWBGAME-25DEC18BELLARIZ-ARIZ,KXNCAAWBGAME-25DEC18BELLARIZ-ARIZ,Bellarmine at Arizona Winner?,2025-12-19T03:25:17.430961+00:00,2025-12-18,2025-12-18T08:00:00-05:00,,,,no_candle_in_window,no candle found after 8:00 in requested window
KXNCAAWBGAME-25DEC18ALBYVAN-VAN,KXNCAAWBGAME-25DEC18ALBYVAN-VAN,University at Albany at Vanderbilt Winner?,2025-12-19T03:15:20.136993+00:00,2025-12-18,2025-12-18T08:00:00-05:00,2025-12-18T13:05:00+00:00,0.9700,0.9900,ok,
KXNCAAWBGAME-25DEC18ALBYVAN-ALBY,KXNCAAWBGAME-25DEC18ALBYVAN-ALBY,University at Albany at Vanderbilt Winner?,2025-12-19T03:15:20.136993+00:00,2025-12-18,2025-12-18T08:00:00-05:00,2025-12-18T13:02:00+00:00,0.0300,0.0500,ok,
KXNCAAWBGAME-25DEC18SCARUSF-USF,KXNCAAWBGAME-25DEC18SCARUSF-USF,South Carolina at South Florida Winner?,2025-12-19T02:50:58.070917+00:00,2025-12-18,2025-12-18T08:00:00-05:00,2025-12-18T13:29:00+00:00,0.0000,0.0100,ok,
KXNCAAWBGAME-25DEC18SCARUSF-SCAR,KXNCAAWBGAME-25DEC18SCARUSF-SCAR,South Carolina at South Florida Winner?,2025-12-19T02:50:58.070917+00:00,2025-12-18,2025-12-18T08:00:00-05:00,,,,no_candle_in_window,no candle found after 8:00 in requested window
KXNCAAWBGAME-25DEC18GTNCST-NCST,KXNCAAWBGAME-25DEC18GTNCST-NCST,Georgia Tech at North Carolina St. Winner?,2025-12-19T03:20:31.623769+00:00,2025-12-18,2025-12-18T08:00:00-05:00,,,,no_candle_in_window,no candle found after 8:00 in requested window
KXNCAAWBGAME-25DEC18GTNCST-GT,KXNCAAWBGAME-25DEC18GTNCST-GT,Georgia Tech at North Carolina St. Winner?,2025-12-19T03:20:31.623769+00:00,2025-12-18,2025-12-18T08:00:00-05:00,,,,no_candle_in_window,no candle found after 8:00 in requested window
KXNCAAWBGAME-25DEC18SDSTDUKE-SDST,KXNCAAWBGAME-25DEC18SDSTDUKE-SDST,South Dakota St. at Duke Winner?,2025-12-19T02:56:16.431578+00:00,2025-12-18,2025-12-18T08:00:00-05:00,2025-12-18T13:02:00+00:00,0.1600,0.1800,ok,
KXNCAAWBGAME-25DEC18SDSTDUKE-DUKE,KXNCAAWBGAME-25DEC18SDSTDUKE-DUKE,South Dakota St. at Duke Winner?,2025-12-19T02:56:16.431578+00:00,2025-12-18,2025-12-18T08:00:00-05:00,,,,no_candle_in_window,no candle found after 8:00 in requested window
KXNCAAWBGAME-25DEC18ORUUNT-UNT,KXNCAAWBGAME-25DEC18ORUUNT-UNT,Oral Roberts at North Texas Winner?,2025-12-19T03:10:39.538071+00:00,2025-12-18,2025-12-18T08:00:00-05:00,,,,no_candle_in_window,no candle found after 8:00 in requested window
KXNCAAWBGAME-25DEC18ORUUNT-ORU,KXNCAAWBGAME-25DEC18ORUUNT-ORU,Oral Roberts at North Texas Winner?,2025-12-19T03:10:39.538071+00:00,2025-12-18,2025-12-18T08:00:00-05:00,,,,no_candle_in_window,no candle found after 8:00 in requested window
KXNCAAWBGAME-25DEC18ALCNAUB-AUB,KXNCAAWBGAME-25DEC18ALCNAUB-AUB,Alcorn St. at Auburn Winner?,2025-12-19T03:05:20.787020+00:00,2025-12-18,2025-12-18T08:00:00-05:00,,,,no_candle_in_window,no candle found after 8:00 in requested window
KXNCAAWBGAME-25DEC18ALCNAUB-ALCN,KXNCAAWBGAME-25DEC18ALCNAUB-ALCN,Alcorn St. at Auburn Winner?,2025-12-19T03:05:20.787020+00:00,2025-12-18,2025-12-18T08:00:00-05:00,2025-12-18T13:04:00+00:00,0.0100,0.0200,ok,
KXNCAAWBGAME-25DEC18NORFOSU-OSU,KXNCAAWBGAME-25DEC18NORFOSU-OSU,Norfolk St. at Ohio St. Winner?,2025-12-19T02:21:21.214178+00:00,2025-12-18,2025-12-18T08:00:00-05:00,2025-12-18T13:29:00+00:00,0.9900,1.0000,ok,
KXNCAAWBGAME-25DEC18NORFOSU-NORF,KXNCAAWBGAME-25DEC18NORFOSU-NORF,Norfolk St. at Ohio St. Winner?,2025-12-19T02:21:21.214178+00:00,2025-12-18,2025-12-18T08:00:00-05:00,2025-12-18T13:02:00+00:00,0.0000,0.0100,ok,
KXNCAAWBGAME-25DEC18DAYWMU-WMU,KXNCAAWBGAME-25DEC18DAYWMU-WMU,Dayton at Western Michigan Winner?,2025-12-19T02:30:51.763554+00:00,2025-12-18,2025-12-18T08:00:00-05:00,2025-12-18T13:22:00+00:00,0.3100,0.3900,ok,
KXNCAAWBGAME-25DEC18DAYWMU-DAY,KXNCAAWBGAME-25DEC18DAYWMU-DAY,Dayton at Western Michigan Winner?,2025-12-19T02:30:51.763554+00:00,2025-12-18,2025-12-18T08:00:00-05:00,2025-12-18T13:30:00+00:00,0.5200,0.6900,ok,
KXNCAAWBGAME-25DEC18SFPAPITT-SFPA,KXNCAAWBGAME-25DEC18SFPAPITT-SFPA,St. Francis (PA) at Pittsburgh Winner?,2025-12-19T01:25:25.835162+00:00,2025-12-18,2025-12-18T08:00:00-05:00,2025-12-18T13:16:00+00:00,0.0300,0.0500,ok,
KXNCAAWBGAME-25DEC18SFPAPITT-PITT,KXNCAAWBGAME-25DEC18SFPAPITT-PITT,St. Francis (PA) at Pittsburgh Winner?,2025-12-19T01:25:25.835162+00:00,2025-12-18,2025-12-18T08:00:00-05:00,,,,no_candle_in_window,no candle found after 8:00 in requested window
KXNCAAWBGAME-25DEC18MIAWAKE-WAKE,KXNCAAWBGAME-25DEC18MIAWAKE-WAKE,Miami (FL) at Wake Forest Winner?,2025-12-19T01:15:49.545002+00:00,2025-12-18,2025-12-18T08:00:00-05:00,,,,no_candle_in_window,no candle found after 8:00 in requested window
KXNCAAWBGAME-25DEC18MIAWAKE-MIA,KXNCAAWBGAME-25DEC18MIAWAKE-MIA,Miami (FL) at Wake Forest Winner?,2025-12-19T01:15:49.545002+00:00,2025-12-18,2025-12-18T08:00:00-05:00,,,,no_candle_in_window,no candle found after 8:00 in requested window
KXNCAAWBGAME-25DEC18VTFSU-VT,KXNCAAWBGAME-25DEC18VTFSU-VT,Virginia Tech at Florida St. Winner?,2025-12-19T02:51:09.234478+00:00,2025-12-18,2025-12-18T08:00:00-05:00,2025-12-18T13:09:00+00:00,0.5300,0.8200,ok,
KXNCAAWBGAME-25DEC18VTFSU-FSU,KXNCAAWBGAME-25DEC18VTFSU-FSU,Virginia Tech at Florida St. Winner?,2025-12-19T02:51:09.234478+00:00,2025-12-18,2025-12-18T08:00:00-05:00,2025-12-18T13:09:00+00:00,0.3000,0.4800,ok,
KXNCAAWBGAME-25DEC18PORTORE-PORT,KXNCAAWBGAME-25DEC18PORTORE-PORT,Portland at Oregon Winner?,2025-12-18T21:15:45.393507+00:00,2025-12-18,2025-12-18T08:00:00-05:00,2025-12-18T13:01:00+00:00,0.0500,0.0800,ok,
KXNCAAWBGAME-25DEC18PORTORE-ORE,KXNCAAWBGAME-25DEC18PORTORE-ORE,Portland at Oregon Winner?,2025-12-18T21:15:45.393507+00:00,2025-12-18,2025-12-18T08:00:00-05:00,2025-12-18T13:01:00+00:00,0.9400,0.9700,ok,
KXNCAAWBGAME-25DEC18ARPBTLSA-TLSA,KXNCAAWBGAME-25DEC18ARPBTLSA-TLSA,Arkansas-Pine Bluff at Tulsa Winner?,2025-12-18T19:20:34.983472+00:00,2025-12-18,2025-12-18T08:00:00-05:00,2025-12-18T13:24:00+00:00,0.9600,1.0000,ok,
KXNCAAWBGAME-25DEC18ARPBTLSA-ARPB,KXNCAAWBGAME-25DEC18ARPBTLSA-ARPB,Arkansas-Pine Bluff at Tulsa Winner?,2025-12-18T19:20:34.983472+00:00,2025-12-18,2025-12-18T08:00:00-05:00,2025-12-18T13:01:00+00:00,0.0200,0.0400,ok,
KXNCAAWBGAME-25DEC18LCHINW-NW,KXNCAAWBGAME-25DEC18LCHINW-NW,Loyola Chicago at Northwestern Winner?,2025-12-18T19:15:06.170702+00:00,2025-12-18,2025-12-18T08:00:00-05:00,2025-12-18T13:01:00+00:00,0.9100,0.9300,ok,
KXNCAAWBGAME-25DEC18LCHINW-LCHI,KXNCAAWBGAME-25DEC18LCHINW-LCHI,Loyola Chicago at Northwestern Winner?,2025-12-18T19:15:06.170702+00:00,2025-12-18,2025-12-18T08:00:00-05:00,2025-12-18T13:03:00+00:00,0.0800,0.1100,ok,
KXNCAAWBGAME-25DEC17SEAPRST-SEA,KXNCAAWBGAME-25DEC17SEAPRST-SEA,Seattle at Portland St. Winner?,2025-12-18T06:25:09.148846+00:00,2025-12-18,2025-12-18T08:00:00-05:00,,,,no_candle_in_window,no candle found after 8:00 in requested window
KXNCAAWBGAME-25DEC17SEAPRST-PRST,KXNCAAWBGAME-25DEC17SEAPRST-PRST,Seattle at Portland St. Winner?,2025-12-18T06:25:09.148846+00:00,2025-12-18,2025-12-18T08:00:00-05:00,,,,no_candle_in_window,no candle found after 8:00 in requested window
KXNCAAWBGAME-25DEC17SDSUFRES-SDSU,KXNCAAWBGAME-25DEC17SDSUFRES-SDSU,San Diego St. at Fresno St. Winner?,2025-12-18T04:55:02.482305+00:00,2025-12-17,2025-12-17T08:00:00-05:00,2025-12-17T13:05:00+00:00,0.5400,0.7400,ok,
KXNCAAWBGAME-25DEC17SDSUFRES-FRES,KXNCAAWBGAME-25DEC17SDSUFRES-FRES,San Diego St. at Fresno St. Winner?,2025-12-18T04:55:02.482305+00:00,2025-12-17,2025-12-17T08:00:00-05:00,2025-12-17T13:03:00+00:00,0.2300,0.4500,ok,
KXNCAAWBGAME-25DEC17CSUNEV-NEV,KXNCAAWBGAME-25DEC17CSUNEV-NEV,Colorado St. at Nevada Winner?,2025-12-18T04:35:23.967993+00:00,2025-12-17,2025-12-17T08:00:00-05:00,2025-12-17T13:04:00+00:00,0.1000,0.1500,ok,
KXNCAAWBGAME-25DEC17CSUNEV-CSU,KXNCAAWBGAME-25DEC17CSUNEV-CSU,Colorado St. at Nevada Winner?,2025-12-18T04:35:23.967993+00:00,2025-12-17,2025-12-17T08:00:00-05:00,2025-12-17T13:04:00+00:00,0.8500,0.9300,ok,
KXNCAAWBGAME-25DEC17NWSTTEX-TEX,KXNCAAWBGAME-25DEC17NWSTTEX-TEX,Northwestern St. at Texas Winner?,2025-12-18T04:25:28.088631+00:00,2025-12-17,2025-12-17T08:00:00-05:00,,,,no_candle_in_window,no candle found after 8:00 in requested window
KXNCAAWBGAME-25DEC17NWSTTEX-NWST,KXNCAAWBGAME-25DEC17NWSTTEX-NWST,Northwestern St. at Texas Winner?,2025-12-18T04:25:28.088631+00:00,2025-12-17,2025-12-17T08:00:00-05:00,,,,no_candle_in_window,no candle found after 8:00 in requested window
KXNCAAWBGAME-25DEC17BSUUNM-UNM,KXNCAAWBGAME-25DEC17BSUUNM-UNM,Boise St. at New Mexico Winner?,2025-12-18T04:39:49.372250+00:00,2025-12-17,2025-12-17T08:00:00-05:00,2025-12-17T13:04:00+00:00,0.6500,0.8500,ok,
KXNCAAWBGAME-25DEC17BSUUNM-BSU,KXNCAAWBGAME-25DEC17BSUUNM-BSU,Boise St. at New Mexico Winner?,2025-12-18T04:39:49.372250+00:00,2025-12-17,2025-12-17T08:00:00-05:00,2025-12-17T13:17:00+00:00,0.1700,0.3500,ok,
KXNCAAWBGAME-25DEC17UCRVUTAH-UTAH,KXNCAAWBGAME-25DEC17UCRVUTAH-UTAH,UC Riverside at Utah Winner?,2025-12-18T04:45:22.978110+00:00,2025-12-17,2025-12-17T08:00:00-05:00,2025-12-17T13:05:00+00:00,0.9500,0.9900,ok,
KXNCAAWBGAME-25DEC17UCRVUTAH-UCRV,KXNCAAWBGAME-25DEC17UCRVUTAH-UCRV,UC Riverside at Utah Winner?,2025-12-18T04:45:22.978110+00:00,2025-12-17,2025-12-17T08:00:00-05:00,2025-12-17T13:17:00+00:00,0.0100,0.0300,ok,
KXNCAAWBGAME-25DEC17SDAKPEPP-SDAK,KXNCAAWBGAME-25DEC17SDAKPEPP-SDAK,South Dakota at Pepperdine Winner?,2025-12-18T04:35:22.521227+00:00,2025-12-17,2025-12-17T08:00:00-05:00,,,,no_candle_in_window,no candle found after 8:00 in requested window
KXNCAAWBGAME-25DEC17SDAKPEPP-PEPP,KXNCAAWBGAME-25DEC17SDAKPEPP-PEPP,South Dakota at Pepperdine Winner?,2025-12-18T04:35:22.521227+00:00,2025-12-17,2025-12-17T08:00:00-05:00,2025-12-17T13:05:00+00:00,0.2000,0.4900,ok,
KXNCAAWBGAME-25DEC17SJSUWYO-WYO,KXNCAAWBGAME-25DEC17SJSUWYO-WYO,San Jose St. at Wyoming Winner?,2025-12-18T04:35:24.158625+00:00,2025-12-17,2025-12-17T08:00:00-05:00,2025-12-17T13:01:00+00:00,0.8400,0.9300,ok,
KXNCAAWBGAME-25DEC17SJSUWYO-SJSU,KXNCAAWBGAME-25DEC17SJSUWYO-SJSU,San Jose St. at Wyoming Winner?,2025-12-18T04:35:24.158625+00:00,2025-12-17,2025-12-17T08:00:00-05:00,2025-12-17T13:01:00+00:00,0.1000,0.1600,ok,
KXNCAAWBGAME-25DEC17AFAUSU-USU,KXNCAAWBGAME-25DEC17AFAUSU-USU,Air Force at Utah St. Winner?,2025-12-18T03:41:08.181683+00:00,2025-12-17,2025-12-17T08:00:00-05:00,2025-12-17T13:04:00+00:00,0.2000,0.4300,ok,
KXNCAAWBGAME-25DEC17AFAUSU-AFA,KXNCAAWBGAME-25DEC17AFAUSU-AFA,Air Force at Utah St. Winner?,2025-12-18T03:41:08.181683+00:00,2025-12-17,2025-12-17T08:00:00-05:00,2025-12-17T13:04:00+00:00,0.5500,0.6800,ok,
KXNCAAWBGAME-25DEC17UNCWUNC-UNCW,KXNCAAWBGAME-25DEC17UNCWUNC-UNCW,UNC Wilmington at North Carolina Winner?,2025-12-18T03:10:32.824260+00:00,2025-12-17,2025-12-17T08:00:00-05:00,2025-12-17T13:18:00+00:00,0.0000,0.0100,ok,
KXNCAAWBGAME-25DEC17UNCWUNC-UNC,KXNCAAWBGAME-25DEC17UNCWUNC-UNC,UNC Wilmington at North Carolina Winner?,2025-12-18T03:10:32.824260+00:00,2025-12-17,2025-12-17T08:00:00-05:00,,,,no_candle_in_window,no candle found after 8:00 in requested window
KXNCAAWBGAME-25DEC17UNLVGC-UNLV,KXNCAAWBGAME-25DEC17UNLVGC-UNLV,UNLV at Grand Canyon Winner?,2025-12-18T03:15:41.741218+00:00,2025-12-17,2025-12-17T08:00:00-05:00,2025-12-17T13:05:00+00:00,0.5200,0.7600,ok,
KXNCAAWBGAME-25DEC17UNLVGC-GC,KXNCAAWBGAME-25DEC17UNLVGC-GC,UNLV at Grand Canyon Winner?,2025-12-18T03:15:41.741218+00:00,2025-12-17,2025-12-17T08:00:00-05:00,2025-12-17T13:05:00+00:00,0.2300,0.5000,ok,
KXNCAAWBGAME-25DEC17DEPUIC-UIC,KXNCAAWBGAME-25DEC17DEPUIC-UIC,DePaul at UIC Winner?,2025-12-18T04:20:10.937320+00:00,2025-12-17,2025-12-17T08:00:00-05:00,2025-12-17T13:01:00+00:00,0.6000,0.7900,ok,
KXNCAAWBGAME-25DEC17DEPUIC-DEP,KXNCAAWBGAME-25DEC17DEPUIC-DEP,DePaul at UIC Winner?,2025-12-18T04:20:10.937320+00:00,2025-12-17,2025-12-17T08:00:00-05:00,2025-12-17T13:01:00+00:00,0.1800,0.3800,ok,
KXNCAAWBGAME-25DEC17HASKKU-KU,KXNCAAWBGAME-25DEC17HASKKU-KU,Haskell Indian Nations at Kansas Winner?,2025-12-18T02:40:36.268597+00:00,2025-12-17,2025-12-17T08:00:00-05:00,,,,no_candle_in_window,no candle found after 8:00 in requested window
KXNCAAWBGAME-25DEC17HASKKU-HASK,KXNCAAWBGAME-25DEC17HASKKU-HASK,Haskell Indian Nations at Kansas Winner?,2025-12-18T02:40:36.268597+00:00,2025-12-17,2025-12-17T08:00:00-05:00,,,,no_candle_in_window,no candle found after 8:00 in requested window
KXNCAAWBGAME-25DEC17ALSTMSST-MSST,KXNCAAWBGAME-25DEC17ALSTMSST-MSST,Alabama St. at Mississippi St. Winner?,2025-12-18T03:55:18.680456+00:00,2025-12-17,2025-12-17T08:00:00-05:00,,,,no_candle_in_window,no candle found after 8:00 in requested window
KXNCAAWBGAME-25DEC17ALSTMSST-ALST,KXNCAAWBGAME-25DEC17ALSTMSST-ALST,Alabama St. at Mississippi St. Winner?,2025-12-18T03:55:18.680456+00:00,2025-12-17,2025-12-17T08:00:00-05:00,,,,no_candle_in_window,no candle found after 8:00 in requested window
KXNCAAWBGAME-25DEC17CREINEOM-NEOM,KXNCAAWBGAME-25DEC17CREINEOM-NEOM,Creighton at Omaha Winner?,2025-12-18T03:45:18.932399+00:00,2025-12-17,2025-12-17T08:00:00-05:00,2025-12-17T13:01:00+00:00,0.0300,0.0500,ok,
KXNCAAWBGAME-25DEC17CREINEOM-CREI,KXNCAAWBGAME-25DEC17CREINEOM-CREI,Creighton at Omaha Winner?,2025-12-18T03:45:18.932399+00:00,2025-12-17,2025-12-17T08:00:00-05:00,2025-12-17T13:08:00+00:00,0.9600,0.9800,ok,
KXNCAAWBGAME-25DEC17UMKCARK-UMKC,KXNCAAWBGAME-25DEC17UMKCARK-UMKC,Kansas City at Arkansas Winner?,2025-12-18T03:41:13.481434+00:00,2025-12-17,2025-12-17T08:00:00-05:00,2025-12-17T13:01:00+00:00,0.0600,0.0700,ok,
KXNCAAWBGAME-25DEC17UMKCARK-ARK,KXNCAAWBGAME-25DEC17UMKCARK-ARK,Kansas City at Arkansas Winner?,2025-12-18T03:41:13.481434+00:00,2025-12-17,2025-12-17T08:00:00-05:00,2025-12-17T13:01:00+00:00,0.9100,0.9500,ok,
KXNCAAWBGAME-25DEC17MARQCONN-MARQ,KXNCAAWBGAME-25DEC17MARQCONN-MARQ,Marquette at UConn Winner?,2025-12-18T01:55:26.402577+00:00,2025-12-17,2025-12-17T08:00:00-05:00,2025-12-17T13:10:00+00:00,0.0000,0.0100,ok,
KXNCAAWBGAME-25DEC17MARQCONN-CONN,KXNCAAWBGAME-25DEC17MARQCONN-CONN,Marquette at UConn Winner?,2025-12-18T01:55:26.402577+00:00,2025-12-17,2025-12-17T08:00:00-05:00,2025-12-17T13:16:00+00:00,0.9900,1.0000,ok,
KXNCAAWBGAME-25DEC17SACSF-SF,KXNCAAWBGAME-25DEC17SACSF-SF,Sacramento St. at San Francisco Winner?,2025-12-18T02:55:21.929322+00:00,2025-12-17,2025-12-17T08:00:00-05:00,2025-12-17T13:05:00+00:00,0.7100,0.8600,ok,
KXNCAAWBGAME-25DEC17SACSF-SAC,KXNCAAWBGAME-25DEC17SACSF-SAC,Sacramento St. at San Francisco Winner?,2025-12-18T02:55:21.929322+00:00,2025-12-17,2025-12-17T08:00:00-05:00,2025-12-17T13:05:00+00:00,0.1100,0.2900,ok,
KXNCAAWBGAME-25DEC17SJUNHC-SJU,KXNCAAWBGAME-25DEC17SJUNHC-SJU,St. John's at New Haven Winner?,2025-12-18T02:02:00.511661+00:00,2025-12-17,2025-12-17T08:00:00-05:00,,,,no_candle_in_window,no candle found after 8:00 in requested window
KXNCAAWBGAME-25DEC17SJUNHC-NHC,KXNCAAWBGAME-25DEC17SJUNHC-NHC,St. John's at New Haven Winner?,2025-12-18T02:02:00.511661+00:00,2025-12-17,2025-12-17T08:00:00-05:00,,,,no_candle_in_window,no candle found after 8:00 in requested window
KXNCAAWBGAME-25DEC17HPDAV-HP,KXNCAAWBGAME-25DEC17HPDAV-HP,High Point at Davidson Winner?,2025-12-18T02:10:52.389393+00:00,2025-12-17,2025-12-17T08:00:00-05:00,2025-12-17T13:01:00+00:00,0.1700,0.2000,ok,
KXNCAAWBGAME-25DEC17HPDAV-DAV,KXNCAAWBGAME-25DEC17HPDAV-DAV,High Point at Davidson Winner?,2025-12-18T02:10:52.389393+00:00,2025-12-17,2025-12-17T08:00:00-05:00,2025-12-17T13:01:00+00:00,0.8200,0.8600,ok,
KXNCAAWBGAME-25DEC17EKYLOU-LOU,KXNCAAWBGAME-25DEC17EKYLOU-LOU,Eastern Kentucky at Louisville Winner?,2025-12-18T01:25:53.931822+00:00,2025-12-17,2025-12-17T08:00:00-05:00,2025-12-17T13:16:00+00:00,0.9800,0.9900,ok,
KXNCAAWBGAME-25DEC17EKYLOU-EKY,KXNCAAWBGAME-25DEC17EKYLOU-EKY,Eastern Kentucky at Louisville Winner?,2025-12-18T01:25:53.931822+00:00,2025-12-17,2025-12-17T08:00:00-05:00,2025-12-17T13:05:00+00:00,0.0100,0.0400,ok,
KXNCAAWBGAME-25DEC17MVSUMISS-MVSU,KXNCAAWBGAME-25DEC17MVSUMISS-MVSU,Mississippi Valley St. at Ole Miss Winner?,2025-12-18T00:40:39.546650+00:00,2025-12-17,2025-12-17T08:00:00-05:00,2025-12-17T13:04:00+00:00,0.0000,0.0100,ok,
KXNCAAWBGAME-25DEC17MVSUMISS-MISS,KXNCAAWBGAME-25DEC17MVSUMISS-MISS,Mississippi Valley St. at Ole Miss Winner?,2025-12-18T00:40:39.546650+00:00,2025-12-17,2025-12-17T08:00:00-05:00,2025-12-17T13:04:00+00:00,0.9900,1.0000,ok,
KXNCAAWBGAME-25DEC17JVSTSLU-SLU,KXNCAAWBGAME-25DEC17JVSTSLU-SLU,Jacksonville St. at Saint Louis Winner?,2025-12-18T00:01:17.437161+00:00,2025-12-17,2025-12-17T08:00:00-05:00,2025-12-17T13:25:00+00:00,0.6000,0.8300,ok,
KXNCAAWBGAME-25DEC17JVSTSLU-JVST,KXNCAAWBGAME-25DEC17JVSTSLU-JVST,Jacksonville St. at Saint Louis Winner?,2025-12-18T00:01:17.437161+00:00,2025-12-17,2025-12-17T08:00:00-05:00,2025-12-17T13:05:00+00:00,0.1600,0.4000,ok,
KXNCAAWBGAME-25DEC17TULNALA-TULN,KXNCAAWBGAME-25DEC17TULNALA-TULN,Tulane at Alabama Winner?,2025-12-18T00:26:07.421253+00:00,2025-12-17,2025-12-17T08:00:00-05:00,2025-12-17T13:05:00+00:00,0.0300,0.1000,ok,
KXNCAAWBGAME-25DEC17TULNALA-ALA,KXNCAAWBGAME-25DEC17TULNALA-ALA,Tulane at Alabama Winner?,2025-12-18T00:26:07.421253+00:00,2025-12-17,2025-12-17T08:00:00-05:00,2025-12-17T13:09:00+00:00,0.9400,0.9800,ok,
KXNCAAWBGAME-25DEC17RICEGRAM-RICE,KXNCAAWBGAME-25DEC17RICEGRAM-RICE,Rice at Grambling St. Winner?,2025-12-17T22:05:55.336708+00:00,2025-12-17,2025-12-17T08:00:00-05:00,2025-12-17T13:05:00+00:00,0.9200,0.9500,ok,
KXNCAAWBGAME-25DEC17RICEGRAM-GRAM,KXNCAAWBGAME-25DEC17RICEGRAM-GRAM,Rice at Grambling St. Winner?,2025-12-17T22:05:55.336708+00:00,2025-12-17,2025-12-17T08:00:00-05:00,2025-12-17T13:05:00+00:00,0.0600,0.1000,ok,
KXNCAAWBGAME-25DEC17FAMUFLA-FLA,KXNCAAWBGAME-25DEC17FAMUFLA-FLA,Florida A&M at Florida Winner?,2025-12-17T22:51:12.137184+00:00,2025-12-17,2025-12-17T08:00:00-05:00,2025-12-17T13:14:00+00:00,0.9900,1.0000,ok,
KXNCAAWBGAME-25DEC17FAMUFLA-FAMU,KXNCAAWBGAME-25DEC17FAMUFLA-FAMU,Florida A&M at Florida Winner?,2025-12-17T22:51:12.137184+00:00,2025-12-17,2025-12-17T08:00:00-05:00,2025-12-17T13:13:00+00:00,0.0000,0.0200,ok,
KXNCAAWBGAME-25DEC17JACTTU-TTU,KXNCAAWBGAME-25DEC17JACTTU-TTU,Jacksonville at Texas Tech Winner?,2025-12-17T19:40:54.155012+00:00,2025-12-17,2025-12-17T08:00:00-05:00,2025-12-17T13:01:00+00:00,0.9700,0.9900,ok,
KXNCAAWBGAME-25DEC17JACTTU-JAC,KXNCAAWBGAME-25DEC17JACTTU-JAC,Jacksonville at Texas Tech Winner?,2025-12-17T19:40:54.155012+00:00,2025-12-17,2025-12-17T08:00:00-05:00,2025-12-17T13:01:00+00:00,0.0300,0.0500,ok,
KXNCAAWBGAME-25DEC17WINCHAR-WIN,KXNCAAWBGAME-25DEC17WINCHAR-WIN,Winthrop at Charlotte Winner?,2025-12-17T18:30:41.718945+00:00,2025-12-17,2025-12-17T08:00:00-05:00,2025-12-17T13:01:00+00:00,0.1800,0.2400,ok,
KXNCAAWBGAME-25DEC17WINCHAR-CHAR,KXNCAAWBGAME-25DEC17WINCHAR-CHAR,Winthrop at Charlotte Winner?,2025-12-17T18:30:41.718945+00:00,2025-12-17,2025-12-17T08:00:00-05:00,2025-12-17T13:01:00+00:00,0.7300,0.8400,ok,
KXNCAAWBGAME-25DEC17CLEMCHSO-CLEM,KXNCAAWBGAME-25DEC17CLEMCHSO-CLEM,Clemson at Charleston Southern Winner?,2025-12-17T18:00:50.282668+00:00,2025-12-17,2025-12-17T08:00:00-05:00,2025-12-17T13:11:00+00:00,0.9800,1.0000,ok,
KXNCAAWBGAME-25DEC17CLEMCHSO-CHSO,KXNCAAWBGAME-25DEC17CLEMCHSO-CHSO,Clemson at Charleston Southern Winner?,2025-12-17T18:00:50.282668+00:00,2025-12-17,2025-12-17T08:00:00-05:00,2025-12-17T13:01:00+00:00,0.0200,0.0300,ok,
KXNCAAWBGAME-25DEC17WOFECU-WOF,KXNCAAWBGAME-25DEC17WOFECU-WOF,Wofford at East Carolina Winner?,2025-12-17T18:34:55.361918+00:00,2025-12-17,2025-12-17T08:00:00-05:00,2025-12-17T13:01:00+00:00,0.2500,0.3300,ok,
KXNCAAWBGAME-25DEC17WOFECU-ECU,KXNCAAWBGAME-25DEC17WOFECU-ECU,Wofford at East Carolina Winner?,2025-12-17T18:34:55.361918+00:00,2025-12-17,2025-12-17T08:00:00-05:00,2025-12-17T13:01:00+00:00,0.7000,0.7600,ok,
KXNCAAWBGAME-25DEC17LASDEL-LAS,KXNCAAWBGAME-25DEC17LASDEL-LAS,La Salle at Delaware Winner?,2025-12-17T18:15:07.814749+00:00,2025-12-17,2025-12-17T08:00:00-05:00,2025-12-17T13:01:00+00:00,0.4500,0.5700,ok,
KXNCAAWBGAME-25DEC17LASDEL-DEL,KXNCAAWBGAME-25DEC17LASDEL-DEL,La Salle at Delaware Winner?,2025-12-17T18:15:07.814749+00:00,2025-12-17,2025-12-17T08:00:00-05:00,2025-12-17T13:01:00+00:00,0.4600,0.5700,ok,
KXNCAAWBGAME-25DEC16CPUCLA-UCLA,KXNCAAWBGAME-25DEC16CPUCLA-UCLA,Cal Poly at UCLA Winner?,2025-12-17T05:10:12.886709+00:00,2025-12-17,2025-12-17T08:00:00-05:00,,,,no_candle_in_window,no candle found after 8:00 in requested window
KXNCAAWBGAME-25DEC16CPUCLA-CP,KXNCAAWBGAME-25DEC16CPUCLA-CP,Cal Poly at UCLA Winner?,2025-12-17T05:10:12.886709+00:00,2025-12-17,2025-12-17T08:00:00-05:00,,,,no_candle_in_window,no candle found after 8:00 in requested window
KXNCAAWBGAME-25DEC16ASUGONZ-GONZ,KXNCAAWBGAME-25DEC16ASUGONZ-GONZ,Arizona St. at Gonzaga Winner?,2025-12-17T05:00:36.538978+00:00,2025-12-17,2025-12-17T08:00:00-05:00,,,,no_candle_in_window,no candle found after 8:00 in requested window
KXNCAAWBGAME-25DEC16ASUGONZ-ASU,KXNCAAWBGAME-25DEC16ASUGONZ-ASU,Arizona St. at Gonzaga Winner?,2025-12-17T05:00:36.538978+00:00,2025-12-17,2025-12-17T08:00:00-05:00,,,,no_candle_in_window,no candle found after 8:00 in requested window
KXNCAAWBGAME-25DEC16CHAPLMU-LMU,KXNCAAWBGAME-25DEC16CHAPLMU-LMU,Chapman at Loyola Marymount Winner?,2025-12-17T04:40:02.960289+00:00,2025-12-16,2025-12-16T08:00:00-05:00,2025-12-16T13:01:00+00:00,0.9800,0.9900,ok,
KXNCAAWBGAME-25DEC16CHAPLMU-CHAP,KXNCAAWBGAME-25DEC16CHAPLMU-CHAP,Chapman at Loyola Marymount Winner?,2025-12-17T04:40:02.960289+00:00,2025-12-16,2025-12-16T08:00:00-05:00,,,,no_candle_in_window,no candle found after 8:00 in requested window
KXNCAAWBGAME-25DEC16UNCOCOLO-UNCO,KXNCAAWBGAME-25DEC16UNCOCOLO-UNCO,Northern Colorado at Colorado Winner?,2025-12-17T04:34:46.141631+00:00,2025-12-16,2025-12-16T08:00:00-05:00,2025-12-16T13:01:00+00:00,0.0500,0.0600,ok,
KXNCAAWBGAME-25DEC16UNCOCOLO-COLO,KXNCAAWBGAME-25DEC16UNCOCOLO-COLO,Northern Colorado at Colorado Winner?,2025-12-17T04:34:46.141631+00:00,2025-12-16,2025-12-16T08:00:00-05:00,2025-12-16T13:01:00+00:00,0.9400,0.9600,ok,
KXNCAAWBGAME-25DEC16AUBMTU-MTU,KXNCAAWBGAME-25DEC16AUBMTU-MTU,Auburn at Middle Tennessee Winner?,2025-12-17T03:00:56.918323+00:00,2025-12-16,2025-12-16T08:00:00-05:00,2025-12-16T13:02:00+00:00,0.3200,0.4000,ok,
KXNCAAWBGAME-25DEC16AUBMTU-AUB,KXNCAAWBGAME-25DEC16AUBMTU-AUB,Auburn at Middle Tennessee Winner?,2025-12-17T03:00:56.918323+00:00,2025-12-16,2025-12-16T08:00:00-05:00,2025-12-16T13:20:00+00:00,0.6000,0.6500,ok,
KXNCAAWBGAME-25DEC16ARPBTCU-TCU,KXNCAAWBGAME-25DEC16ARPBTCU-TCU,Arkansas-Pine Bluff at TCU Winner?,2025-12-17T03:30:05.597860+00:00,2025-12-16,2025-12-16T08:00:00-05:00,,,,no_candle_in_window,no candle found after 8:00 in requested window
KXNCAAWBGAME-25DEC16ARPBTCU-ARPB,KXNCAAWBGAME-25DEC16ARPBTCU-ARPB,Arkansas-Pine Bluff at TCU Winner?,2025-12-17T03:30:05.597860+00:00,2025-12-16,2025-12-16T08:00:00-05:00,2025-12-16T13:02:00+00:00,0.0000,0.0100,ok,
KXNCAAWBGAME-25DEC16BINGSYR-SYR,KXNCAAWBGAME-25DEC16BINGSYR-SYR,Binghamton at Syracuse Winner?,2025-12-17T02:15:21.197063+00:00,2025-12-16,2025-12-16T08:00:00-05:00,2025-12-16T13:01:00+00:00,0.9600,0.9800,ok,
KXNCAAWBGAME-25DEC16BINGSYR-BING,KXNCAAWBGAME-25DEC16BINGSYR-BING,Binghamton at Syracuse Winner?,2025-12-17T02:15:21.197063+00:00,2025-12-16,2025-12-16T08:00:00-05:00,2025-12-16T13:01:00+00:00,0.0300,0.0400,ok,
KXNCAAWBGAME-25DEC16WSUHALL-WSU,KXNCAAWBGAME-25DEC16WSUHALL-WSU,Washington St. at Seton Hall Winner?,2025-12-17T02:20:24.264354+00:00,2025-12-16,2025-12-16T08:00:00-05:00,2025-12-16T13:01:00+00:00,0.0600,0.0700,ok,
KXNCAAWBGAME-25DEC16WSUHALL-HALL,KXNCAAWBGAME-25DEC16WSUHALL-HALL,Washington St. at Seton Hall Winner?,2025-12-17T02:20:24.264354+00:00,2025-12-16,2025-12-16T08:00:00-05:00,2025-12-16T13:01:00+00:00,0.9300,0.9500,ok,
KXNCAAWBGAME-25DEC16SHSUALA-SHSU,KXNCAAWBGAME-25DEC16SHSUALA-SHSU,Sam Houston at Alabama Winner?,2025-12-17T02:34:49.814437+00:00,2025-12-16,2025-12-16T08:00:00-05:00,2025-12-16T13:05:00+00:00,0.0100,0.0400,ok,
KXNCAAWBGAME-25DEC16SHSUALA-ALA,KXNCAAWBGAME-25DEC16SHSUALA-ALA,Sam Houston at Alabama Winner?,2025-12-17T02:34:49.814437+00:00,2025-12-16,2025-12-16T08:00:00-05:00,2025-12-16T13:09:00+00:00,0.9600,0.9800,ok,
KXNCAAWBGAME-25DEC16HOWCIN-HOW,KXNCAAWBGAME-25DEC16HOWCIN-HOW,Howard at Cincinnati Winner?,2025-12-17T02:01:31.863784+00:00,2025-12-16,2025-12-16T08:00:00-05:00,2025-12-16T13:04:00+00:00,0.3200,0.4000,ok,
KXNCAAWBGAME-25DEC16HOWCIN-CIN,KXNCAAWBGAME-25DEC16HOWCIN-CIN,Howard at Cincinnati Winner?,2025-12-17T02:01:31.863784+00:00,2025-12-16,2025-12-16T08:00:00-05:00,2025-12-16T13:04:00+00:00,0.6100,0.6700,ok,
KXNCAAWBGAME-25DEC16AMERVCU-VCU,KXNCAAWBGAME-25DEC16AMERVCU-VCU,American at VCU Winner?,2025-12-17T01:20:18.925305+00:00,2025-12-16,2025-12-16T08:00:00-05:00,2025-12-16T13:01:00+00:00,0.8900,0.9100,ok,
KXNCAAWBGAME-25DEC16AMERVCU-AMER,KXNCAAWBGAME-25DEC16AMERVCU-AMER,American at VCU Winner?,2025-12-17T01:20:18.925305+00:00,2025-12-16,2025-12-16T08:00:00-05:00,2025-12-16T13:01:00+00:00,0.1100,0.1400,ok,
KXNCAAWBGAME-25DEC16NDSUPEPP-PEPP,KXNCAAWBGAME-25DEC16NDSUPEPP-PEPP,North Dakota St. at Pepperdine Winner?,2025-12-17T00:30:52.280292+00:00,2025-12-16,2025-12-16T08:00:00-05:00,2025-12-16T13:01:00+00:00,0.1900,0.2100,ok,
KXNCAAWBGAME-25DEC16NDSUPEPP-NDSU,KXNCAAWBGAME-25DEC16NDSUPEPP-NDSU,North Dakota St. at Pepperdine Winner?,2025-12-17T00:30:52.280292+00:00,2025-12-16,2025-12-16T08:00:00-05:00,2025-12-16T13:03:00+00:00,0.8000,0.8100,ok,
KXNCAAWBGAME-25DEC16MONTHOU-MONT,KXNCAAWBGAME-25DEC16MONTHOU-MONT,Montana at Houston Winner?,2025-12-16T19:16:04.497579+00:00,2025-12-16,2025-12-16T08:00:00-05:00,2025-12-16T13:01:00+00:00,0.2200,0.2500,ok,
KXNCAAWBGAME-25DEC16MONTHOU-HOU,KXNCAAWBGAME-25DEC16MONTHOU-HOU,Montana at Houston Winner?,2025-12-16T19:16:04.497579+00:00,2025-12-16,2025-12-16T08:00:00-05:00,2025-12-16T13:02:00+00:00,0.7700,0.7900,ok,
KXNCAAWBGAME-25DEC16MORGLSU-MORG,KXNCAAWBGAME-25DEC16MORGLSU-MORG,Morgan St. at LSU Winner?,2025-12-16T19:45:13.276773+00:00,2025-12-16,2025-12-16T08:00:00-05:00,2025-12-16T13:01:00+00:00,0.0000,0.0100,ok,
KXNCAAWBGAME-25DEC16MORGLSU-LSU,KXNCAAWBGAME-25DEC16MORGLSU-LSU,Morgan St. at LSU Winner?,2025-12-16T19:45:13.276773+00:00,2025-12-16,2025-12-16T08:00:00-05:00,,,,no_candle_in_window,no candle found after 8:00 in requested window
KXNCAAWBGAME-25DEC16ORUWICH-WICH,KXNCAAWBGAME-25DEC16ORUWICH-WICH,Oral Roberts at Wichita St. Winner?,2025-12-16T19:10:12.342411+00:00,2025-12-16,2025-12-16T08:00:00-05:00,2025-12-16T13:02:00+00:00,0.2100,0.3800,ok,
KXNCAAWBGAME-25DEC16ORUWICH-ORU,KXNCAAWBGAME-25DEC16ORUWICH-ORU,Oral Roberts at Wichita St. Winner?,2025-12-16T19:10:12.342411+00:00,2025-12-16,2025-12-16T08:00:00-05:00,2025-12-16T13:01:00+00:00,0.6400,0.7600,ok,
KXNCAAWBGAME-25DEC16COOKRICH-RICH,KXNCAAWBGAME-25DEC16COOKRICH-RICH,Bethune-Cookman at Richmond Winner?,2025-12-16T18:24:38.503642+00:00,2025-12-16,2025-12-16T08:00:00-05:00,2025-12-16T13:01:00+00:00,0.9700,0.9900,ok,
KXNCAAWBGAME-25DEC16COOKRICH-COOK,KXNCAAWBGAME-25DEC16COOKRICH-COOK,Bethune-Cookman at Richmond Winner?,2025-12-16T18:24:38.503642+00:00,2025-12-16,2025-12-16T08:00:00-05:00,2025-12-16T13:01:00+00:00,0.0200,0.0300,ok,
KXNCAAWBGAME-25DEC15CHSARIZ-CHS,KXNCAAWBGAME-25DEC15CHSARIZ-CHS,Chicago St. at Arizona Winner?,2025-12-16T03:24:35.984834+00:00,2025-12-15,2025-12-15T08:00:00-05:00,2025-12-15T13:07:00+00:00,0.0400,0.0600,ok,
KXNCAAWBGAME-25DEC15CHSARIZ-ARIZ,KXNCAAWBGAME-25DEC15CHSARIZ-ARIZ,Chicago St. at Arizona Winner?,2025-12-16T03:24:35.984834+00:00,2025-12-15,2025-12-15T08:00:00-05:00,2025-12-15T13:09:00+00:00,0.9400,0.9700,ok,
KXNCAAWBGAME-25DEC15USFVAN-VAN,KXNCAAWBGAME-25DEC15USFVAN-VAN,South Florida at Vanderbilt Winner?,2025-12-16T02:45:05.556113+00:00,2025-12-15,2025-12-15T08:00:00-05:00,2025-12-15T13:02:00+00:00,0.9100,0.9300,ok,
KXNCAAWBGAME-25DEC15USFVAN-USF,KXNCAAWBGAME-25DEC15USFVAN-USF,South Florida at Vanderbilt Winner?,2025-12-16T02:45:05.556113+00:00,2025-12-15,2025-12-15T08:00:00-05:00,2025-12-15T13:02:00+00:00,0.0900,0.1000,ok,
KXNCAAWBGAME-25DEC15TLSAOKST-TLSA,KXNCAAWBGAME-25DEC15TLSAOKST-TLSA,Tulsa at Oklahoma St. Winner?,2025-12-16T02:49:43.625304+00:00,2025-12-15,2025-12-15T08:00:00-05:00,2025-12-15T13:06:00+00:00,0.0600,0.0700,ok,
KXNCAAWBGAME-25DEC15TLSAOKST-OKST,KXNCAAWBGAME-25DEC15TLSAOKST-OKST,Tulsa at Oklahoma St. Winner?,2025-12-16T02:49:43.625304+00:00,2025-12-15,2025-12-15T08:00:00-05:00,2025-12-15T13:18:00+00:00,0.9400,0.9600,ok,
KXNCAAWBGAME-25DEC15FIUFAU-FIU,KXNCAAWBGAME-25DEC15FIUFAU-FIU,Florida International at Florida Atlantic Winner?,2025-12-16T02:45:10.006440+00:00,2025-12-15,2025-12-15T08:00:00-05:00,2025-12-15T13:11:00+00:00,0.3000,0.3200,ok,
KXNCAAWBGAME-25DEC15FIUFAU-FAU,KXNCAAWBGAME-25DEC15FIUFAU-FAU,Florida International at Florida Atlantic Winner?,2025-12-16T02:45:10.006440+00:00,2025-12-15,2025-12-15T08:00:00-05:00,2025-12-15T13:11:00+00:00,0.6500,0.8300,ok,
KXNCAAWBGAME-25DEC15ALCNUAB-UAB,KXNCAAWBGAME-25DEC15ALCNUAB-UAB,Alcorn St. at UAB Winner?,2025-12-16T01:50:07.564419+00:00,2025-12-15,2025-12-15T08:00:00-05:00,2025-12-15T13:08:00+00:00,0.9000,0.9200,ok,
KXNCAAWBGAME-25DEC15ALCNUAB-ALCN,KXNCAAWBGAME-25DEC15ALCNUAB-ALCN,Alcorn St. at UAB Winner?,2025-12-16T01:50:07.564419+00:00,2025-12-15,2025-12-15T08:00:00-05:00,2025-12-15T13:08:00+00:00,0.1000,0.1200,ok,
KXNCAAWBGAME-25DEC15OAKLCHI-OAK,KXNCAAWBGAME-25DEC15OAKLCHI-OAK,Oakland at Loyola Chicago Winner?,2025-12-15T19:40:17.665921+00:00,2025-12-15,2025-12-15T08:00:00-05:00,2025-12-15T13:04:00+00:00,0.3600,0.4700,ok,
KXNCAAWBGAME-25DEC15OAKLCHI-LCHI,KXNCAAWBGAME-25DEC15OAKLCHI-LCHI,Oakland at Loyola Chicago Winner?,2025-12-15T19:40:17.665921+00:00,2025-12-15,2025-12-15T08:00:00-05:00,2025-12-15T13:01:00+00:00,0.5600,0.6600,ok,
KXNCAAWBGAME-25DEC15NCATUGA-UGA,KXNCAAWBGAME-25DEC15NCATUGA-UGA,North Carolina A&T at Georgia Winner?,2025-12-15T18:19:43.500349+00:00,2025-12-15,2025-12-15T08:00:00-05:00,2025-12-15T13:01:00+00:00,0.9700,0.9900,ok,
KXNCAAWBGAME-25DEC15NCATUGA-NCAT,KXNCAAWBGAME-25DEC15NCATUGA-NCAT,North Carolina A&T at Georgia Winner?,2025-12-15T18:19:43.500349+00:00,2025-12-15,2025-12-15T08:00:00-05:00,2025-12-15T13:01:00+00:00,0.0200,0.0300,ok,
KXNCAAWBGAME-25DEC15MEMMURR-MURR,KXNCAAWBGAME-25DEC15MEMMURR-MURR,Memphis at Murray St. Winner?,2025-12-15T19:40:19.243014+00:00,2025-12-15,2025-12-15T08:00:00-05:00,2025-12-15T13:01:00+00:00,0.8700,0.9100,ok,
KXNCAAWBGAME-25DEC15MEMMURR-MEM,KXNCAAWBGAME-25DEC15MEMMURR-MEM,Memphis at Murray St. Winner?,2025-12-15T19:40:19.243014+00:00,2025-12-15,2025-12-15T08:00:00-05:00,2025-12-15T13:01:00+00:00,0.1100,0.1500,ok,
KXNCAAWBGAME-25DEC15TAMKUTSA-UTSA,KXNCAAWBGAME-25DEC15TAMKUTSA-UTSA,Texas A&M-Kingsville at UTSA Winner?,2025-12-15T19:34:47.300618+00:00,2025-12-15,2025-12-15T08:00:00-05:00,2025-12-15T13:05:00+00:00,0.9400,0.9500,ok,
KXNCAAWBGAME-25DEC15TAMKUTSA-TAMK,KXNCAAWBGAME-25DEC15TAMKUTSA-TAMK,Texas A&M-Kingsville at UTSA Winner?,2025-12-15T19:34:47.300618+00:00,2025-12-15,2025-12-15T08:00:00-05:00,2025-12-15T13:02:00+00:00,0.0700,0.0800,ok,
